game_id,win_char1,win_weapon1,win_lv1,win_leg1,win_tran1,win_char2,win_weapon2,win_lv2,win_leg2,win_tran2,win_char3,win_weapon3,win_lv3,win_leg3,win_tran3,lose_char1,lose_weapon1,lose_lv1,lose_leg1,lose_tran1,lose_char2,lose_weapon2,lose_lv2,lose_leg2,lose_tran2,lose_char3,lose_weapon3,lose_lv3,lose_leg3,lose_tran3
64488071,29,1,20,4,1,32,5,20,4,1,67,14,20,4,1,3,19,20,3,2,66,24,20,4,1,28,3,20,4,1
64490285,24,21,20,4,1,21,9,19,4,1,50,21,20,4,1,79,8,20,4,0,90,11,20,4,0,9,9,20,5,0
64609635,77,24,20,4,1,24,21,20,4,1,28,3,20,2,2,79,8,18,5,0,54,8,18,4,0,20,4,18,2,1
64608453,59,2,20,3,2,82,21,20,3,2,15,5,20,4,1,1,15,20,4,1,55,14,20,4,1,79,8,20,4,1
64546022,76,3,20,4,1,67,14,20,4,1,70,6,20,4,1,75,22,19,4,0,32,5,19,4,1,11,16,19,4,0
64567944,22,3,19,3,0,70,6,19,4,0,43,5,19,5,0,25,11,19,3,2,53,14,19,5,0,17,5,20,4,1
64577453,53,14,19,4,0,35,2,19,4,1,31,7,19,4,1,90,11,18,3,2,11,16,19,4,1,28,13,19,4,1
64576112,75,22,19,4,1,78,16,20,4,1,29,1,20,5,0,3,21,20,5,0,49,19,20,4,1,76,3,19,5,0
64602855,57,23,20,5,0,1,15,20,5,0,90,11,20,3,2,76,3,19,5,0,46,16,20,5,0,39,18,20,5,0
64615208,13,15,20,5,0,28,3,20,5,0,31,7,20,5,0,85,13,20,3,2,47,4,20,4,1,90,11,20,3,2
64612707,9,9,20,5,0,82,21,20,4,1,10,1,20,5,0,55,14,20,4,1,39,21,20,4,1,7,1,20,4,1
64603651,55,14,20,5,0,57,23,20,4,1,1,15,20,3,2,63,15,20,3,2,19,6,20,4,1,65,16,19,5,0
64594436,79,8,19,3,2,9,10,20,4,1,68,1,19,5,0,28,3,20,5,0,46,16,19,4,1,50,21,19,4,0
64593735,19,6,19,5,0,50,21,19,4,1,80,19,19,4,1,83,6,19,5,0,54,8,19,5,0,31,7,19,3,2
64601190,35,2,20,4,1,48,3,20,5,0,1,15,20,4,1,65,16,20,4,1,25,11,20,4,1,15,5,20,4,1
64603464,80,19,20,3,2,54,8,20,4,1,1,15,20,3,2,17,5,20,5,0,3,21,20,4,1,29,1,20,4,0
64606602,57,23,20,3,2,89,9,20,3,2,35,1,20,4,1,89,9,19,4,1,71,14,19,5,0,56,20,19,4,1
64613860,61,5,20,5,0,11,18,20,4,0,9,10,20,5,0,27,9,20,3,1,22,3,19,4,1,1,15,19,4,1
64607555,61,5,19,3,2,22,3,20,4,1,13,15,20,5,0,25,11,20,5,0,90,11,20,3,2,19,24,20,5,0
64611109,24,21,20,2,3,32,5,20,5,0,53,14,20,3,2,1,15,20,4,1,22,3,20,4,1,30,13,20,4,1
64611527,64,24,20,3,2,67,14,20,3,2,89,9,20,3,2,6,8,20,5,0,89,9,20,4,0,4,13,20,3,0
64609098,89,9,20,4,1,49,19,20,4,1,7,1,20,5,0,3,19,19,3,2,13,15,20,4,1,72,11,19,4,1
64625893,73,24,20,4,0,14,21,20,3,2,26,9,20,3,2,39,21,20,4,1,29,1,20,5,0,1,15,20,3,2
64621287,62,11,20,5,0,25,11,20,4,1,86,1,19,5,0,28,3,19,4,1,87,24,19,5,0,24,21,20,5,0
64627848,89,9,20,4,1,72,11,20,5,0,26,9,20,5,0,53,14,20,5,0,70,6,20,3,2,60,6,20,3,2
64633508,37,15,20,4,1,26,9,20,4,0,87,24,20,4,0,19,6,20,5,0,76,3,20,5,0,6,7,20,4,1
64624133,53,14,20,5,0,34,23,20,3,2,21,9,20,5,0,54,8,20,3,1,79,8,20,4,1,72,11,20,5,0
64619492,19,6,20,4,1,74,3,19,3,0,1,18,20,5,0,70,6,20,4,1,28,3,20,4,1,24,21,19,4,1
64633699,39,21,20,4,1,86,1,20,5,0,89,9,20,3,2,34,23,20,5,0,72,11,19,2,3,55,14,19,5,0
64618343,39,21,20,4,1,90,11,19,3,2,23,18,20,4,1,54,8,20,3,2,58,10,20,3,2,20,4,20,5,0
64593026,65,16,20,5,0,31,7,20,4,1,21,9,20,3,2,82,21,20,4,1,56,20,20,5,0,17,5,20,3,2
64592707,76,3,19,5,0,34,23,20,3,2,31,7,20,4,1,18,15,20,3,2,46,16,20,5,0,65,16,20,4,1
64630948,74,3,19,4,1,62,11,20,5,0,53,14,19,5,0,43,5,20,3,2,79,8,20,4,1,33,1,20,5,0
64616448,17,5,20,4,1,84,18,20,5,0,65,16,20,5,0,1,18,20,4,1,17,5,20,5,0,88,3,20,4,1
64615457,2,10,20,4,1,82,21,20,4,1,1,18,19,4,1,30,13,19,5,0,1,15,20,4,1,79,8,20,4,1
64620546,47,4,20,5,0,48,3,20,5,0,30,13,20,5,0,32,5,20,3,2,23,15,19,5,0,14,21,19,4,1
64629250,89,9,20,3,2,14,21,20,4,1,33,1,20,5,0,74,3,20,5,0,60,6,20,4,1,81,9,20,4,1
64613986,61,5,20,3,2,56,20,20,4,1,75,22,20,5,0,4,3,19,5,0,58,10,19,4,1,64,24,20,4,1
64623172,18,15,20,4,1,24,3,20,3,2,28,3,20,4,1,40,6,19,5,0,47,4,19,3,0,1,15,19,5,0
64617472,69,9,17,0,0,39,18,19,2,3,11,16,18,2,0,69,9,19,5,0,22,3,19,4,1,18,15,19,4,1
64619626,58,10,19,2,2,29,1,19,3,0,20,4,18,3,0,69,9,20,3,1,39,21,19,4,1,73,24,20,5,0
64630176,88,3,20,3,2,78,16,20,4,1,41,24,20,5,0,1,15,20,3,2,33,1,20,4,1,42,24,20,5,0
64627457,77,24,20,4,1,67,14,20,4,1,74,3,20,4,1,89,9,20,4,1,16,9,20,5,0,29,1,19,4,0
64634114,6,8,19,4,1,88,3,19,4,1,29,1,19,3,2,53,14,19,4,1,82,21,19,5,0,81,9,20,2,3
64631781,12,7,20,5,0,90,11,20,3,2,45,4,19,3,0,74,3,19,5,0,51,22,19,4,0,32,5,20,3,2
64614948,77,24,20,5,0,23,18,20,4,1,51,22,20,5,0,65,16,19,5,0,59,2,20,4,1,6,8,20,2,3
64624135,22,3,19,4,1,56,20,20,5,0,1,15,20,4,1,6,8,20,4,1,11,18,20,4,1,33,1,20,5,0
64596320,76,3,20,4,1,36,5,20,2,3,63,15,20,4,1,89,9,20,3,0,54,8,20,3,1,61,5,20,4,0
64633931,65,16,20,3,2,9,9,20,5,0,37,15,20,4,1,39,21,20,3,2,89,9,20,3,2,24,21,20,4,1
64620230,59,2,20,5,0,19,6,20,5,0,43,5,20,4,1,29,1,20,5,0,16,9,20,5,0,12,7,20,4,1
64615820,26,9,20,4,1,15,5,20,4,1,12,7,20,4,1,55,14,20,3,1,23,18,20,5,0,16,9,20,5,0
64627970,49,19,20,5,0,33,1,20,4,1,47,4,20,4,1,89,9,20,5,0,65,16,20,4,1,47,4,20,4,1
64632291,64,24,19,4,1,65,16,19,5,0,35,2,19,4,0,19,24,20,4,1,16,9,20,4,1,50,21,20,4,1
64608994,49,19,20,3,2,81,9,20,4,1,22,3,20,5,0,13,19,20,5,0,5,6,19,3,2,19,6,20,4,1
64614681,29,1,20,4,1,70,6,20,3,2,27,9,20,3,1,47,4,20,5,0,6,8,20,4,1,49,19,20,5,0
64617030,53,14,19,5,0,5,6,20,3,2,89,9,20,5,0,76,3,19,4,0,28,3,20,4,1,62,11,20,4,1
64597728,44,25,20,4,1,55,14,19,5,0,17,5,20,4,1,24,3,20,4,1,12,7,20,3,2,84,18,20,5,0
64634305,53,14,20,4,1,72,11,20,3,2,33,1,19,4,1,30,13,19,4,0,31,7,19,5,0,1,15,20,4,1
64596226,31,7,20,3,2,19,6,20,4,1,2,11,20,5,0,23,15,20,5,0,25,11,19,5,0,1,18,20,3,2
64631079,1,15,20,3,2,4,13,20,3,2,89,9,20,4,1,24,3,20,3,2,76,3,20,4,1,72,11,20,5,0
64635113,71,14,20,5,0,16,9,20,4,1,62,11,20,5,0,53,13,20,4,1,25,11,20,3,2,51,22,20,4,1
64628457,61,5,20,4,1,49,19,20,5,0,87,24,20,5,0,10,1,19,5,0,18,15,20,3,2,25,11,20,4,1
64632237,51,22,20,5,0,82,21,20,5,0,49,19,20,4,1,89,9,20,4,1,1,15,20,2,3,86,1,20,4,1
64616743,74,3,20,3,2,33,1,19,5,0,83,6,20,4,1,47,4,20,5,0,14,21,20,5,0,1,15,19,4,1
64638177,76,3,20,4,0,32,5,20,5,0,28,3,20,4,0,28,13,20,3,2,1,18,20,4,1,50,21,20,3,2
64639035,30,13,19,5,0,64,24,20,4,1,81,9,20,4,1,49,19,20,5,0,53,14,19,4,1,8,22,20,5,0
64645354,84,18,20,4,0,53,14,19,3,0,6,8,20,4,0,23,18,20,4,1,76,3,19,4,1,31,7,20,4,1
64591360,3,19,19,4,1,40,6,20,3,2,35,2,19,5,0,77,24,20,3,2,31,7,20,4,1,10,1,20,5,0
64639682,36,5,20,4,1,40,6,20,4,1,20,4,20,5,0,23,18,20,5,0,28,3,19,5,0,21,9,20,4,1
64641346,28,3,20,4,1,9,10,20,3,2,45,4,19,5,0,29,1,20,5,0,43,5,20,4,1,87,24,20,5,0
64627270,71,14,20,5,0,61,5,20,3,2,47,4,20,3,2,71,14,19,4,0,48,3,19,4,0,56,20,19,4,0
64602308,58,10,20,4,1,13,15,20,4,0,36,5,20,3,2,64,24,20,4,1,85,13,20,4,1,17,5,20,4,1
64642762,75,22,20,4,1,35,2,20,4,1,89,9,20,4,1,18,15,20,2,3,62,11,20,4,1,74,3,20,5,0
64642724,76,3,20,5,0,62,11,20,4,1,71,14,20,4,1,89,9,20,4,1,82,21,20,5,0,86,1,20,4,1
64644841,44,25,19,4,1,1,18,19,5,0,17,5,20,4,1,10,20,20,4,1,76,3,20,3,1,41,24,19,3,0
64636355,50,21,20,4,1,77,24,20,4,1,49,19,20,4,1,89,9,20,4,1,53,13,20,5,0,64,24,20,2,3
64626890,11,18,20,5,0,65,16,20,3,2,57,23,20,2,3,28,3,20,5,0,16,9,19,4,0,76,3,19,3,0
64643104,89,9,20,4,1,24,3,20,4,1,19,6,20,5,0,50,21,20,3,2,12,7,20,5,0,9,9,20,5,0
64643913,1,15,20,3,2,50,21,20,4,1,6,8,20,3,2,21,9,20,4,1,80,19,20,4,1,1,15,20,4,1
64635033,15,6,20,3,1,76,3,20,3,0,32,5,20,5,0,25,11,20,4,1,18,15,19,4,1,50,21,19,4,1
64647015,58,10,20,4,1,43,5,20,3,2,2,10,19,4,1,47,4,19,3,1,17,5,19,5,0,4,3,20,4,1
64645512,32,5,20,4,1,67,14,20,3,2,50,21,19,5,0,10,1,20,5,0,31,7,20,3,2,11,18,20,4,1
64643436,35,1,20,4,1,16,9,20,4,1,56,20,20,5,0,55,14,20,5,0,46,16,20,5,0,43,5,20,4,1
64657413,70,6,20,3,2,64,24,20,4,1,44,25,20,4,1,78,16,20,4,1,1,16,20,4,1,30,13,20,4,1
64659977,90,11,20,3,2,53,14,20,4,1,6,8,20,3,2,4,13,19,5,0,61,5,20,4,1,24,3,20,4,1
64656768,32,5,20,4,1,48,3,20,5,0,51,22,20,3,0,5,6,19,3,2,65,16,20,4,1,7,1,20,5,0
64654854,65,16,19,5,0,89,9,20,4,1,71,14,20,3,2,49,19,19,5,0,1,15,19,4,1,81,9,19,3,2
64661512,42,24,20,3,2,10,20,20,3,2,58,10,20,4,1,89,9,20,4,1,1,15,20,4,1,71,14,19,5,0
64657252,1,15,20,5,0,55,14,20,4,0,63,15,18,4,0,78,16,20,3,2,64,24,20,4,1,59,2,20,4,1
64661289,52,24,20,4,1,14,21,20,5,0,86,1,20,4,1,1,15,19,3,2,8,22,20,4,1,13,15,20,5,0
64575810,4,13,19,3,2,51,22,19,5,0,10,1,20,5,0,77,24,20,3,2,23,18,19,5,0,3,21,20,3,2
64649792,14,21,20,4,1,90,11,20,3,2,30,13,20,4,0,5,6,19,4,0,54,8,19,4,1,8,22,19,4,1
64651521,84,18,20,4,1,70,6,20,5,0,86,1,20,4,1,43,5,20,3,2,14,21,19,5,0,42,24,20,4,1
64651811,1,18,20,3,2,4,13,20,4,1,7,1,19,4,1,1,15,20,4,1,11,16,20,4,1,17,5,20,4,1
64658016,3,19,20,4,1,65,16,20,4,1,34,23,20,4,1,1,15,20,4,1,6,7,20,4,1,65,16,20,5,0
64651608,72,11,20,3,2,89,9,20,4,1,20,4,20,3,1,6,8,19,4,1,11,18,20,4,1,50,21,20,5,0
64659654,32,5,20,1,1,59,2,20,3,2,1,15,20,5,0,64,24,19,5,0,89,9,19,4,0,86,1,19,5,0
64653254,60,6,20,3,2,54,8,20,4,1,19,6,20,4,1,8,22,20,5,0,2,9,20,5,0,54,8,20,4,1
64650922,6,8,20,5,0,86,1,20,5,0,63,15,20,5,0,50,21,20,5,0,64,24,20,4,1,89,9,20,4,1
64655869,50,21,19,4,1,19,24,20,5,0,65,16,19,4,0,69,9,20,4,0,71,14,20,4,1,1,18,20,3,2
64660546,30,13,17,5,0,65,16,17,4,1,9,10,17,4,1,62,11,17,3,0,4,13,17,4,0,84,18,17,5,0
64624288,1,15,20,3,2,30,13,20,4,1,24,21,20,4,1,64,24,20,4,1,2,9,20,5,0,88,3,20,5,0
64595905,8,22,20,4,1,84,18,20,4,1,30,13,20,4,1,2,9,20,4,1,22,3,20,3,2,35,2,20,5,0
64641952,68,1,20,5,0,78,16,20,4,1,44,25,20,4,1,1,15,20,5,0,64,24,20,5,0,55,14,20,3,1
64616070,22,3,20,3,2,4,13,20,4,1,70,6,20,4,1,23,18,20,5,0,8,22,20,5,0,55,14,20,5,0
64632550,7,1,20,5,0,38,9,20,3,2,22,3,19,4,1,56,20,20,5,0,11,18,20,5,0,26,9,20,4,1
64652133,71,14,20,5,0,2,9,20,4,1,83,6,20,4,1,31,7,20,4,1,27,9,20,2,0,19,6,20,5,0
64651393,12,7,20,3,2,42,24,20,4,0,8,22,20,4,1,63,15,20,4,1,71,14,20,5,0,83,6,19,2,3
64650660,71,14,20,4,1,19,6,20,5,0,70,6,20,4,1,54,8,20,4,1,7,1,20,5,0,27,2,20,4,0
64625477,55,14,20,4,1,19,6,20,3,2,18,15,20,3,2,78,16,20,5,0,58,10,20,4,1,65,16,20,5,0
64648992,84,18,19,5,0,18,15,20,3,2,41,24,19,5,0,33,1,20,5,0,35,1,20,3,2,65,16,20,5,0
64648353,2,10,20,4,1,56,20,20,4,1,82,21,20,1,4,35,1,19,3,0,33,1,20,4,0,18,15,19,5,0
64649382,1,18,19,3,2,4,3,20,4,0,42,24,20,4,1,64,24,19,4,1,48,3,19,5,0,47,4,19,3,2
64634788,35,1,20,4,1,26,9,19,4,1,29,1,20,5,0,47,4,20,4,1,29,1,20,4,1,1,15,20,5,0
64578800,33,1,19,4,0,89,9,19,5,0,15,6,19,2,1,74,3,19,5,0,81,9,19,4,0,40,6,19,5,0
64628999,77,24,20,5,0,53,14,20,4,1,79,8,20,3,2,54,8,19,4,1,37,15,20,3,2,27,9,20,3,1
64653513,4,13,20,4,1,81,9,20,3,2,40,6,20,4,1,47,4,20,5,0,89,9,20,4,1,74,3,20,5,0
64638768,40,6,19,3,2,58,10,19,5,0,45,4,20,4,1,79,8,20,4,1,11,18,19,3,2,90,11,20,3,2
64632738,9,9,20,4,1,2,9,20,4,1,14,21,19,5,0,6,8,20,3,2,74,3,20,5,0,15,5,20,4,1
64638467,22,3,20,3,1,80,19,20,5,0,56,20,19,4,0,70,6,20,4,1,12,7,19,5,0,1,15,20,5,0
64646472,60,6,20,4,1,12,6,20,5,0,1,15,20,4,1,75,22,20,2,3,19,6,19,4,1,11,18,20,4,1
64654506,89,9,20,3,2,31,7,20,3,2,14,21,20,5,0,74,3,20,4,1,1,15,20,3,2,77,24,20,3,2
64652810,34,23,20,3,2,59,2,20,3,2,86,1,19,5,0,11,16,20,5,0,29,1,20,5,0,31,7,20,4,1
64653486,64,24,20,5,0,4,13,19,5,0,1,15,20,5,0,49,19,19,4,0,66,24,20,5,0,71,14,20,5,0
64577760,32,5,20,3,2,2,9,20,3,2,4,13,20,4,1,65,16,20,4,1,23,18,20,5,0,19,24,20,4,1
64623429,31,7,20,2,3,68,1,20,5,0,44,25,20,4,1,19,6,20,4,1,65,16,20,4,1,64,24,20,4,1
64637127,36,5,20,2,3,20,4,20,3,0,24,3,20,5,0,89,9,20,3,2,31,7,20,2,3,74,3,19,4,1
64632905,79,8,20,5,0,89,9,19,5,0,85,13,19,3,2,26,9,20,4,1,10,1,20,5,0,64,24,20,5,0
64523463,27,6,20,4,0,89,9,20,3,2,29,1,20,5,0,53,14,20,4,1,38,9,20,4,1,4,3,20,4,1
64563246,18,15,19,4,0,26,9,19,4,1,50,21,20,2,2,33,1,18,2,0,89,9,19,5,0,58,10,19,4,0
64652905,12,7,20,3,2,70,6,19,3,2,88,3,19,4,1,3,21,19,3,2,82,21,19,3,2,71,14,19,5,0
64658440,28,13,20,4,1,22,3,20,5,0,15,5,19,4,1,17,5,20,4,1,13,19,20,4,1,39,18,19,4,1
64661547,58,10,20,3,2,25,11,20,3,2,53,13,20,5,0,29,1,20,4,1,3,21,20,3,2,54,8,20,3,2
64659150,1,15,20,4,1,23,18,19,4,1,50,21,19,5,0,30,13,19,4,0,14,21,20,5,0,86,1,20,4,1
64657544,48,3,20,3,0,18,15,20,4,1,88,3,20,5,0,30,13,20,5,0,9,10,19,3,2,77,24,20,4,1
64653896,77,24,20,4,1,18,15,20,3,2,55,14,20,5,0,71,14,20,5,0,14,21,20,2,3,64,24,20,4,1
64653067,54,8,20,4,1,47,4,20,4,1,83,6,20,5,0,1,16,20,3,2,6,8,20,4,1,55,14,20,3,0
64640713,58,10,20,4,1,15,5,20,3,2,8,22,19,3,2,74,3,20,5,0,3,21,20,4,1,80,19,20,4,1
64598945,56,20,20,4,1,7,1,20,5,0,81,9,20,3,2,15,5,20,4,1,27,9,20,3,1,35,2,20,5,0
64592548,48,3,20,3,2,44,25,20,5,0,19,6,20,4,1,8,22,20,4,1,19,6,20,4,0,17,5,20,4,0
64655595,61,5,20,3,2,7,1,20,4,1,63,15,20,4,1,38,9,20,4,1,34,23,20,3,2,41,24,19,5,0
64658254,79,8,20,4,1,89,9,20,4,1,38,9,20,4,1,38,9,19,3,2,71,14,20,5,0,47,4,20,5,0
64613306,86,1,19,4,1,89,9,20,4,1,70,6,20,3,2,85,13,19,4,1,72,11,20,4,1,18,15,20,4,1
64606563,14,21,20,5,0,52,24,20,4,1,60,6,20,3,2,28,3,20,4,1,58,10,20,2,3,33,1,20,5,0
64614436,88,3,20,4,1,89,9,20,3,2,29,1,20,5,0,11,18,18,3,0,64,24,20,3,1,86,1,20,5,0
64650177,45,4,20,4,1,8,22,20,4,1,5,6,20,5,0,4,13,19,4,0,80,19,20,5,0,31,7,20,4,1
64649890,11,16,19,5,0,89,9,20,4,1,31,7,20,4,1,4,3,19,5,0,87,24,20,4,1,38,9,19,4,1
64649444,73,24,19,5,0,8,22,20,3,2,72,11,20,3,2,22,3,20,4,1,77,24,20,5,0,23,18,20,5,0
64656105,65,16,20,5,0,80,19,20,4,1,2,11,20,3,2,6,8,20,4,1,53,14,20,3,2,87,24,20,4,1
64657130,1,15,20,4,1,50,21,20,4,0,56,20,19,3,1,78,16,20,3,2,69,9,19,4,0,1,15,20,3,2
64657322,49,19,20,5,0,13,19,19,4,0,31,7,20,4,1,13,15,19,4,0,3,21,19,4,1,38,9,20,4,1
64654913,24,3,20,4,1,18,15,20,4,1,5,5,20,4,1,74,3,19,5,0,77,24,20,4,1,50,21,20,5,0
64656386,80,19,20,4,1,18,15,20,5,0,35,1,20,4,1,90,11,20,5,0,74,3,20,5,0,32,5,20,4,1
64653666,27,16,19,4,0,65,16,19,3,2,1,15,20,3,2,34,23,20,2,3,22,3,19,5,0,19,6,19,4,1
64637092,31,7,15,4,0,12,7,14,4,0,2,10,16,3,0,31,7,14,2,0,64,24,13,1,0,71,14,12,1,0
64656325,82,21,20,4,1,40,6,20,4,1,28,3,20,4,1,24,3,20,5,0,88,3,19,4,1,86,1,20,5,0
64655482,65,16,20,4,1,1,15,20,3,2,16,9,20,5,0,58,10,20,4,1,21,9,20,4,1,20,4,20,5,0
64504324,52,24,20,5,0,67,14,20,4,1,86,1,20,4,1,88,3,20,4,1,90,11,20,2,3,83,6,20,3,2
64476327,73,24,20,5,0,90,11,20,3,2,63,15,20,2,3,33,1,20,5,0,90,11,20,4,1,4,3,20,5,0
64568803,28,3,20,4,1,49,19,20,3,2,63,15,20,4,1,18,15,20,4,1,53,14,20,3,2,17,5,20,5,0
64567074,14,21,19,4,1,63,15,19,4,1,62,11,20,5,0,18,15,19,5,0,49,19,19,5,0,17,5,19,4,1
64591581,47,4,20,3,2,76,3,20,4,1,89,9,20,5,0,80,19,19,4,1,9,10,20,5,0,20,4,19,4,1
64593673,6,8,19,4,1,34,23,20,5,0,20,4,18,3,1,5,6,20,2,3,54,8,20,4,1,20,4,19,5,0
64643010,53,14,20,4,1,1,15,19,4,1,34,23,20,5,0,85,13,19,3,1,16,9,20,5,0,14,21,19,5,0
64647557,39,18,20,4,1,22,3,19,4,1,42,24,20,4,1,89,9,20,4,0,74,3,19,4,0,90,11,19,3,2
64647271,87,24,19,3,2,78,16,20,4,1,11,16,19,4,1,2,10,19,4,1,28,3,19,4,1,65,16,19,5,0
64644196,19,6,20,3,2,82,21,20,4,1,28,13,20,3,2,43,5,20,4,1,18,15,20,4,1,50,21,19,4,1
64639309,36,5,20,4,1,37,15,20,4,0,64,24,20,3,2,74,3,20,5,0,60,6,20,4,1,7,1,20,5,0
64644912,67,14,20,3,2,27,16,20,5,0,15,5,20,3,2,61,5,20,4,1,11,16,20,4,1,82,21,20,3,2
64660550,71,14,20,4,1,22,3,20,4,1,75,22,20,4,1,76,3,20,4,1,11,18,20,4,1,72,11,20,3,2
64582500,86,1,20,4,1,70,6,19,4,1,76,3,19,4,1,9,9,20,3,2,61,5,19,3,2,76,3,20,4,1
64522280,18,15,20,3,1,82,21,20,3,1,7,1,20,5,0,69,9,20,3,1,53,14,19,4,1,38,9,19,3,2
64659332,79,8,20,2,3,80,19,20,4,1,11,16,20,5,0,28,13,20,4,1,1,15,20,5,0,72,11,20,4,1
64658376,74,3,20,4,1,11,18,20,4,1,24,3,20,4,1,66,24,20,5,0,55,14,20,4,1,33,1,20,5,0
64652360,1,18,20,5,0,8,22,20,5,0,13,15,20,4,1,53,14,20,3,2,47,4,20,4,1,89,9,20,5,0
64647202,53,14,19,5,0,36,5,20,3,2,39,18,20,3,2,79,8,20,5,0,29,1,20,4,1,47,4,19,5,0
64431172,53,14,18,4,0,4,13,18,4,0,48,3,18,4,1,36,5,19,5,0,90,11,18,4,1,68,1,18,5,0
64578946,14,21,20,3,2,71,14,20,5,0,87,24,20,3,2,44,25,20,5,0,18,15,20,4,1,2,11,20,4,1
64634921,1,14,18,5,0,14,21,19,4,1,42,24,18,5,0,14,21,19,3,0,89,9,19,2,1,23,18,19,3,1
64629194,72,11,20,2,3,84,18,20,5,0,74,3,19,3,0,70,6,20,3,2,74,3,19,4,1,26,9,20,4,1
64661929,39,21,19,4,0,4,13,19,5,0,14,21,19,4,1,76,3,18,2,0,65,16,19,3,1,62,11,19,5,0
64659496,22,3,20,4,1,86,1,20,5,0,1,15,20,5,0,66,24,19,3,0,85,13,19,3,2,47,4,19,5,0
64621121,23,18,20,5,0,70,6,19,4,1,76,3,19,4,0,46,16,20,5,0,2,10,20,5,0,1,18,20,4,1
64661026,53,14,19,4,0,54,8,20,4,0,31,7,19,5,0,39,21,19,4,1,81,9,20,5,0,13,19,19,5,0
64659684,53,14,20,4,1,62,11,20,3,2,55,14,20,4,1,29,1,20,4,1,27,2,20,4,0,63,15,20,5,0
64658471,81,9,20,4,1,43,5,20,3,2,53,14,20,5,0,64,24,20,3,2,48,3,20,3,2,11,16,20,5,0
64654568,6,8,20,4,1,68,1,18,5,0,35,2,20,4,1,67,14,19,3,2,57,23,20,3,2,76,3,19,4,1
64489730,89,9,19,4,1,72,11,19,4,1,47,4,20,4,1,72,11,20,4,1,36,5,20,3,2,22,3,20,4,0
64563749,89,9,20,5,0,35,2,20,5,0,21,9,20,5,0,28,3,20,5,0,4,13,19,4,1,89,9,20,5,0
64646022,1,15,19,3,2,62,11,19,4,1,74,3,19,4,1,75,22,20,5,0,2,11,20,5,0,76,3,20,4,1
64628454,19,6,20,5,0,89,9,20,5,0,29,1,20,4,1,3,21,20,5,0,32,5,20,2,3,27,16,20,5,0
64657479,71,14,20,3,2,22,3,20,4,1,55,14,20,4,1,12,7,19,4,0,19,6,20,4,1,44,25,19,3,0
64644141,64,24,20,4,1,69,9,20,4,0,1,18,20,3,2,22,3,20,4,1,76,3,20,4,1,18,15,20,4,1
64619681,88,3,20,4,1,61,5,20,4,1,27,16,19,3,1,65,16,19,4,1,90,11,20,4,1,47,4,20,4,1
64625061,44,25,19,4,0,54,8,20,4,0,24,21,20,3,0,70,6,20,2,3,65,16,20,5,0,53,14,20,4,1
64656807,40,6,20,4,1,52,24,20,4,1,25,11,20,5,0,65,16,20,5,0,83,6,20,4,1,5,6,20,4,1
64648839,49,19,19,5,0,32,5,19,4,1,27,2,20,3,1,8,22,20,3,2,54,8,20,5,0,58,10,20,3,2
64624581,46,16,20,4,1,35,2,20,3,2,80,19,20,4,1,35,2,20,4,1,33,1,20,4,1,89,9,20,3,2
64653698,58,10,20,3,2,48,3,20,3,2,63,15,20,4,1,74,3,20,5,0,32,5,20,5,0,11,16,20,5,0
64649479,1,15,20,4,1,55,14,20,4,1,5,6,20,3,2,35,1,19,3,1,71,14,20,5,0,89,9,20,5,0
64648459,61,5,20,5,0,72,11,20,3,2,3,21,20,5,0,89,9,20,4,1,30,13,20,4,1,1,15,20,4,1
64649228,89,9,20,5,0,71,14,20,5,0,84,18,20,5,0,1,15,20,4,1,11,18,20,4,1,67,14,20,4,1
64631425,82,21,20,3,2,86,1,20,3,2,79,8,20,4,1,77,24,20,3,2,27,9,20,3,1,71,14,20,4,1
64638851,45,4,20,4,1,73,24,19,5,0,78,16,20,3,2,17,5,20,3,2,44,25,19,4,0,70,6,20,4,1
64617889,2,11,20,4,1,88,3,19,4,1,4,3,20,4,1,80,19,20,3,0,82,21,19,4,0,18,15,20,4,1
64661798,74,3,20,4,1,61,5,20,5,0,70,6,20,4,1,34,23,19,4,1,46,16,20,4,1,88,3,19,5,0
64643338,65,16,19,5,0,28,13,20,4,1,14,21,19,4,1,1,15,20,4,1,4,13,19,3,0,33,1,20,4,0
64638594,47,4,20,4,1,59,2,20,4,1,62,11,20,3,2,18,15,20,4,1,29,1,20,3,1,22,3,20,4,1
64653313,5,6,20,3,2,27,2,20,4,0,25,11,20,3,2,42,24,19,3,2,11,18,20,4,1,87,24,20,4,1
64651680,18,15,20,3,2,76,3,20,4,1,4,3,20,4,1,20,4,19,5,0,52,24,20,4,1,78,16,20,5,0
64643804,18,15,20,4,1,20,4,20,5,0,31,7,20,3,2,61,5,20,2,3,4,13,19,4,1,1,15,20,4,1
64636101,36,5,20,3,2,83,6,20,5,0,33,1,20,4,1,65,16,19,5,0,15,6,19,5,0,74,3,19,5,0
64616800,28,13,20,3,2,36,5,19,4,1,70,6,20,4,1,32,5,20,2,3,27,16,19,5,0,88,3,20,4,1
64621633,22,3,20,2,2,65,16,20,5,0,27,9,19,3,1,31,7,19,4,1,4,13,19,4,0,90,11,20,4,1
64661856,2,11,19,5,0,89,9,20,4,1,31,7,20,4,1,19,24,20,5,0,35,1,20,5,0,80,19,20,4,1
64654180,83,6,20,4,1,70,6,19,3,2,79,8,20,3,2,53,14,19,5,0,90,11,20,5,0,82,21,20,3,2
64530497,72,11,20,5,0,60,6,20,5,0,13,19,19,3,0,31,7,20,4,1,23,18,20,5,0,20,4,19,3,1
64638347,36,5,20,2,3,8,22,20,4,1,16,9,20,3,2,76,3,20,5,0,31,7,20,4,1,90,11,20,5,0
64639374,79,8,20,3,2,76,3,19,5,0,82,21,20,3,2,2,10,19,5,0,3,21,20,2,1,84,18,19,3,1
64644773,31,7,20,4,1,46,16,20,4,1,88,3,19,5,0,11,16,20,5,0,83,6,19,4,1,50,21,19,5,0
64645739,30,13,19,5,0,64,24,20,4,1,54,8,20,4,1,90,11,20,4,1,69,9,19,3,0,11,16,20,4,1
64654380,72,11,20,4,1,13,15,20,4,1,74,3,20,4,1,39,21,20,4,1,48,3,20,4,1,1,15,20,4,1
64655684,1,15,19,3,2,27,9,19,4,0,6,8,19,3,2,18,15,19,3,1,12,7,18,4,1,63,15,18,4,1
64629824,70,6,20,4,1,86,1,20,3,2,19,6,20,4,1,1,15,20,4,1,27,2,20,4,0,65,16,20,5,0
64601694,76,3,19,5,0,9,9,20,3,2,58,10,20,3,2,90,11,20,2,3,33,1,19,5,0,44,25,20,5,0
64610667,63,15,19,4,1,44,25,20,4,1,82,21,20,2,3,83,6,20,4,1,25,11,20,2,3,78,16,20,5,0
64571332,11,16,20,4,1,54,8,20,2,3,64,24,20,3,2,71,14,20,5,0,47,4,20,4,1,14,21,20,5,0
64647976,78,16,20,3,2,50,21,20,5,0,4,3,20,5,0,56,20,20,4,1,54,8,20,4,1,59,2,20,4,1
64647337,32,5,20,4,1,29,2,20,5,0,5,5,20,3,2,19,24,19,4,0,38,9,20,4,1,16,9,20,4,0
64652219,11,16,20,4,1,62,11,20,5,0,50,21,20,0,0,28,3,20,3,2,58,10,19,3,2,27,16,20,5,0
64656870,64,24,20,5,0,42,24,20,5,0,14,21,20,3,2,80,19,20,5,0,19,6,20,4,1,70,6,20,4,1
64584258,3,21,20,4,1,28,3,20,4,1,1,15,20,2,3,55,14,19,5,0,72,11,19,3,2,2,9,19,4,1
64580995,86,1,20,3,2,59,2,20,4,1,12,7,20,4,1,58,10,20,5,0,1,15,20,5,0,29,1,20,5,0
64582663,19,6,20,4,1,1,15,20,3,1,35,1,20,3,1,1,15,20,5,0,16,9,20,5,0,89,9,20,3,2
64658698,53,14,19,4,1,86,1,20,4,1,72,11,20,4,1,20,4,19,4,1,52,24,19,3,2,19,24,20,4,1
64655775,47,4,20,3,2,89,9,20,3,2,71,14,20,4,1,88,3,20,5,0,4,13,19,4,1,12,6,20,4,1
64648551,32,5,20,4,1,45,4,20,3,2,75,22,20,4,1,65,16,20,5,0,64,24,20,4,1,77,24,20,2,3
64656192,6,7,19,4,1,33,1,19,5,0,18,15,19,5,0,34,23,19,4,1,39,21,19,5,0,79,8,20,3,2
64653728,82,21,19,4,1,12,7,18,5,0,37,15,19,4,1,78,16,19,4,1,43,5,19,4,1,22,3,18,3,2
64654953,49,19,19,4,1,73,24,18,1,0,90,11,19,3,2,72,11,19,4,1,8,22,19,4,0,15,5,20,3,2
64657800,76,3,20,5,0,70,6,20,4,1,87,24,20,5,0,90,11,20,5,0,74,3,20,4,1,6,8,20,5,0
64622761,70,6,20,3,2,28,3,20,4,1,60,6,20,4,1,90,11,20,3,2,1,18,20,5,0,89,9,20,5,0
64645543,24,21,20,4,1,56,20,19,4,1,78,16,19,4,1,18,15,20,4,1,48,3,18,3,0,10,1,19,4,1
64645097,56,20,19,4,1,33,1,20,5,0,48,3,20,3,2,19,24,19,4,1,17,5,20,4,1,47,4,19,5,0
64660481,39,18,20,5,0,25,11,20,3,2,18,15,20,4,1,3,21,20,4,1,90,11,20,4,1,1,15,20,4,1
64637825,49,19,19,5,0,13,15,19,5,0,18,15,19,4,1,87,24,19,5,0,55,14,18,4,1,89,9,19,4,1
64636899,11,16,19,5,0,82,21,19,5,0,72,11,20,3,2,50,21,19,5,0,18,15,19,4,1,12,7,20,5,0
64627906,31,7,20,4,1,22,3,19,4,1,33,1,19,5,0,42,24,19,5,0,71,14,19,5,0,89,9,20,4,1
64659142,16,9,19,4,1,63,15,18,4,0,22,3,17,5,0,74,3,17,4,0,23,18,17,4,0,72,11,18,3,2
64662400,64,24,20,5,0,14,21,20,3,2,19,6,20,5,0,25,11,20,3,2,82,21,19,4,1,29,1,20,4,1
64605801,87,24,20,3,2,13,15,19,4,0,55,14,20,5,0,82,21,20,4,1,15,5,20,3,2,29,1,19,4,1
64651974,89,9,19,5,0,42,24,19,4,1,1,16,19,4,1,1,15,19,4,1,47,4,19,5,0,2,11,19,4,1
64656164,7,2,20,4,1,82,21,20,3,2,60,6,20,4,1,11,16,20,5,0,29,1,20,5,0,52,24,20,4,1
64661452,34,23,20,4,1,89,9,20,5,0,64,24,20,5,0,65,16,20,5,0,28,3,20,4,1,12,7,20,5,0
64608705,57,23,20,4,1,47,4,20,4,1,16,9,20,3,2,31,7,20,5,0,46,16,20,4,1,47,4,19,4,1
64650689,89,9,20,5,0,5,6,20,5,0,1,15,20,3,2,47,4,20,4,1,25,11,20,3,2,90,11,20,3,2
64659149,11,18,20,4,1,71,14,20,5,0,32,5,20,2,3,47,4,20,4,1,22,3,20,4,1,89,9,20,3,2
64640200,23,15,20,4,1,29,2,20,5,0,12,7,20,3,2,67,14,20,5,0,32,5,20,4,1,76,3,20,3,1
64642955,39,21,20,5,0,54,8,20,4,1,8,22,20,3,2,87,24,19,3,2,89,9,19,5,0,8,22,20,4,1
64649728,66,24,20,3,0,50,21,20,5,0,55,14,20,4,1,54,8,20,4,1,24,3,19,4,1,18,15,20,4,1
64662592,6,8,20,4,1,48,3,20,4,1,84,18,20,3,2,12,7,20,3,2,9,10,20,4,1,33,1,18,5,0
64629668,90,11,20,4,1,50,21,20,3,2,2,9,20,3,2,18,15,20,3,2,10,20,20,4,1,48,3,20,5,0
64656257,18,15,20,5,0,11,18,19,4,1,62,11,19,3,2,72,11,20,3,2,3,21,18,5,0,29,1,19,4,1
64661218,70,6,20,5,0,46,16,20,5,0,44,25,20,5,0,13,15,19,4,0,90,11,19,3,2,89,9,20,3,2
64660899,83,6,20,4,1,72,11,20,5,0,58,10,20,3,2,44,25,19,5,0,86,1,20,4,1,25,11,19,3,2
64605961,76,3,20,4,1,38,9,20,4,1,1,15,20,5,0,34,23,20,5,0,76,3,19,5,0,39,21,20,5,0
64654657,67,14,20,4,1,44,25,20,3,2,9,9,20,4,1,24,3,20,4,1,65,16,20,4,1,38,9,20,4,1
64635105,49,19,20,4,0,88,3,19,5,0,18,15,20,4,1,43,5,19,4,1,55,14,18,3,0,5,6,19,4,1
64637667,16,9,20,4,1,78,16,20,5,0,14,21,20,4,1,31,7,20,3,2,53,13,19,5,0,15,6,20,4,1
64636079,28,3,20,4,1,12,7,20,4,1,85,13,19,3,2,14,21,20,5,0,78,16,19,5,0,1,15,19,5,0
64661570,48,3,19,4,1,79,8,19,5,0,30,13,19,3,2,55,14,20,5,0,4,3,20,5,0,1,14,20,5,0
64657350,88,3,19,4,1,29,1,20,4,1,87,24,20,3,2,22,3,19,2,0,63,15,19,3,0,90,11,20,5,0
64579586,56,20,20,4,1,20,4,19,5,0,72,11,20,3,2,89,9,20,5,0,72,11,20,5,0,55,14,19,4,0
64564457,84,18,20,4,1,21,9,20,5,0,51,22,20,5,0,69,9,20,5,0,78,16,20,3,2,18,15,19,4,1
64661857,90,11,19,4,0,56,20,20,3,1,3,21,19,2,1,24,3,20,3,2,43,5,20,4,1,74,3,19,4,1
64658601,33,1,20,5,0,89,9,20,3,2,67,14,20,3,2,65,16,19,3,0,1,18,19,4,1,57,23,20,5,0
64658275,17,5,20,3,2,18,15,20,3,2,11,16,20,5,0,32,5,20,4,1,74,3,20,5,0,89,9,20,4,1
64528673,64,24,20,4,1,34,23,20,3,2,9,9,20,5,0,76,3,20,5,0,31,7,20,2,3,51,22,20,4,1
64525860,71,14,20,5,0,46,16,20,5,0,81,9,20,3,1,88,3,20,4,0,31,7,19,5,0,81,9,20,4,1
64525160,82,21,19,5,0,79,8,20,3,2,32,5,20,2,3,85,13,19,4,0,72,11,19,2,3,87,24,20,5,0
64660646,29,1,20,5,0,75,22,20,3,2,65,16,19,4,1,70,6,19,2,3,1,15,20,3,2,59,2,20,4,1
64659526,25,11,19,4,0,77,24,20,5,0,13,15,20,4,0,2,9,19,4,1,64,24,19,4,0,44,25,19,3,1
64514372,57,23,20,3,2,78,16,20,4,1,65,16,20,3,2,63,15,19,4,0,26,9,20,4,1,2,9,20,5,0
64658184,4,13,20,4,1,24,3,20,3,2,5,6,19,3,2,36,5,20,5,0,4,13,19,4,1,18,15,20,5,0
64635558,3,21,18,4,1,65,16,18,3,2,39,18,19,3,1,72,11,18,5,0,50,21,18,4,0,18,15,18,4,0
64633836,74,3,19,3,2,23,18,19,3,2,18,15,19,3,2,15,5,18,3,1,65,16,19,4,1,39,21,19,5,0
64628676,86,1,20,4,1,49,19,20,4,1,15,5,20,3,2,50,21,20,4,1,35,2,20,4,1,70,6,20,4,1
64647141,57,23,20,3,2,11,16,20,4,1,74,3,20,4,1,66,24,20,5,0,59,2,20,5,0,46,16,20,3,2
64452386,90,11,19,4,1,59,2,19,5,0,49,19,18,5,0,39,18,19,4,1,21,9,18,3,2,84,18,18,5,0
64504133,77,24,20,5,0,52,24,20,4,0,37,15,19,4,1,26,9,20,3,2,33,1,20,4,1,23,18,20,5,0
64510344,90,11,20,2,3,14,21,20,3,2,7,1,20,5,0,4,13,19,3,0,8,22,20,4,1,77,24,20,5,0
64657184,24,21,19,4,1,33,1,20,5,0,2,11,19,3,2,1,14,19,5,0,35,2,20,4,1,21,9,20,4,1
64659303,52,24,20,4,1,53,13,19,5,0,1,15,20,3,2,1,15,19,5,0,4,3,19,5,0,87,24,19,3,2
64661583,22,3,20,4,1,56,20,19,4,1,15,5,20,4,1,65,16,20,4,1,29,1,20,4,1,43,5,20,3,2
64637208,57,23,20,4,1,30,13,20,3,2,29,1,20,4,1,58,10,20,5,0,11,18,20,5,0,27,16,20,4,0
64638210,89,9,20,3,2,60,6,20,4,1,79,8,20,4,1,54,8,19,5,0,39,21,20,3,2,7,1,20,5,0
64657519,42,24,20,5,0,78,16,20,3,2,70,6,20,5,0,44,25,20,4,1,23,18,20,5,0,89,9,19,4,1
64634274,33,1,20,5,0,73,24,19,5,0,38,9,20,3,2,18,15,20,4,1,79,8,20,4,1,59,2,20,5,0
64637639,28,3,20,3,2,56,20,19,4,1,89,9,20,5,0,83,6,20,5,0,31,7,19,4,1,24,3,19,2,3
64609257,75,22,20,4,1,74,3,20,4,1,78,16,20,4,1,74,3,20,5,0,11,16,20,5,0,87,24,20,3,2
64659168,18,15,18,5,0,21,9,19,3,2,1,15,19,4,1,39,18,19,5,0,22,3,18,3,1,1,15,18,4,1
64660769,17,5,20,3,2,9,10,20,2,3,11,16,20,5,0,36,5,19,4,0,71,14,20,4,0,60,6,20,5,0
64631937,10,1,20,5,0,75,22,20,3,2,77,24,20,4,1,2,9,20,4,1,54,8,20,3,2,78,16,20,4,1
64660358,65,16,19,4,1,76,3,20,4,0,31,7,20,3,2,22,3,20,5,0,87,24,20,5,0,50,21,20,5,0
64635458,72,11,20,3,2,90,11,20,3,2,51,22,20,4,1,89,9,20,3,2,86,1,20,4,1,46,16,20,4,1
64630626,67,14,20,5,0,25,11,20,4,1,84,18,20,4,1,12,6,20,4,1,8,22,20,4,1,90,11,20,4,1
64626691,65,16,20,4,1,39,21,20,4,1,6,8,20,4,1,31,7,20,4,1,46,16,20,3,2,76,3,20,4,0
64662126,24,3,20,4,1,20,4,19,3,1,49,19,20,5,0,80,19,19,3,1,50,21,20,3,2,82,21,19,5,0
64659027,9,10,19,5,0,80,19,20,5,0,51,22,20,4,0,36,5,20,4,1,8,22,20,4,1,3,21,20,4,1
64655254,23,18,20,5,0,80,19,20,3,2,25,11,20,4,1,6,8,20,4,1,24,21,20,3,2,61,5,19,4,1
64660440,1,15,20,5,0,4,13,20,5,0,89,9,20,4,1,79,8,20,4,1,37,15,20,4,1,48,3,20,4,1
64662620,39,21,20,5,0,88,3,20,3,2,2,9,20,5,0,1,15,20,3,2,76,3,20,5,0,72,11,20,4,1
64642245,1,15,20,3,2,76,3,20,4,1,86,1,20,4,1,28,3,20,4,1,14,21,20,5,0,3,16,20,4,1
64645752,28,3,20,4,1,67,14,19,5,0,90,11,20,4,1,33,1,19,5,0,81,9,20,4,0,29,1,20,5,0
64645357,40,6,20,2,3,2,10,19,3,2,55,14,20,5,0,40,6,20,4,1,68,1,20,5,0,12,6,20,4,1
64643217,28,3,20,3,2,77,24,20,3,2,76,3,20,4,1,59,2,20,4,1,74,3,20,4,1,77,24,20,4,1
64644634,24,3,20,4,1,47,4,20,5,0,39,21,20,4,1,1,15,20,5,0,28,3,19,4,1,6,8,19,4,1
64646235,84,18,20,3,2,24,21,19,4,1,37,15,19,4,1,20,4,20,4,1,70,6,20,3,2,62,11,20,4,1
64641181,22,3,19,5,0,23,18,19,5,0,90,11,20,4,1,54,8,20,4,1,15,5,19,4,1,56,20,20,4,0
64648075,58,10,20,4,1,20,4,20,4,1,49,19,20,3,2,61,5,20,5,0,6,8,20,5,0,76,3,20,4,1
64647569,58,10,19,4,1,30,13,19,4,1,23,18,20,5,0,82,21,18,2,1,79,8,19,5,0,23,18,18,4,0
64618226,82,21,20,5,0,6,8,19,5,0,85,13,20,4,1,17,5,20,2,3,10,20,20,4,1,4,13,20,5,0
64647828,19,6,20,4,1,2,9,20,4,1,17,5,19,4,1,60,6,20,5,0,73,24,19,2,0,6,8,20,4,1
64616024,89,9,20,4,1,29,1,20,4,1,28,13,20,3,2,42,24,20,5,0,62,11,19,4,1,84,18,20,3,2
64648412,6,8,19,4,1,87,24,20,3,2,88,3,19,4,1,67,14,20,4,1,42,24,20,5,0,23,18,20,4,1
64575812,51,22,20,5,0,21,9,20,3,2,53,14,20,5,0,12,7,20,5,0,84,18,20,5,0,35,1,20,5,0
64654661,31,7,19,3,2,53,14,20,5,0,60,6,20,4,1,19,24,20,4,1,7,1,20,4,1,35,1,20,4,1
64579020,77,24,20,3,2,24,3,20,4,1,74,3,20,4,1,19,6,20,4,1,2,9,20,5,0,53,14,19,4,1
64654134,24,21,19,4,1,3,21,19,3,2,11,16,19,5,0,52,24,20,4,1,57,23,19,2,3,30,13,20,5,0
64648214,9,10,20,4,1,20,4,20,4,1,84,18,20,4,1,47,4,20,4,1,89,9,20,4,1,55,14,20,4,1
64580888,89,9,19,4,0,47,4,20,5,0,35,1,20,5,0,84,18,19,4,1,19,6,20,5,0,3,21,20,4,1
64653849,74,3,19,3,2,19,24,19,5,0,18,15,19,3,2,25,11,20,4,1,4,13,19,5,0,33,1,20,5,0
64656986,25,11,19,4,1,72,11,19,3,2,90,11,19,3,2,19,24,19,4,1,72,11,19,4,1,36,5,18,4,1
64635239,20,4,19,4,1,16,9,20,5,0,1,15,20,4,1,46,16,20,5,0,11,16,19,5,0,42,24,20,4,1
64636815,63,15,20,5,0,74,3,20,3,2,62,11,20,3,2,12,7,20,3,2,35,2,20,4,1,31,7,20,4,1
64632975,59,2,20,5,0,90,11,20,4,1,32,5,20,5,0,25,11,20,4,1,17,5,20,3,2,44,25,20,4,1
64645589,70,6,20,4,1,20,4,20,5,0,5,5,20,3,2,87,24,20,5,0,82,21,20,3,2,50,21,20,5,0
64639993,55,14,19,4,0,63,15,20,5,0,90,11,20,5,0,63,15,20,4,1,69,9,20,4,0,39,18,20,3,2
64639195,62,11,20,4,1,14,21,20,3,0,65,16,20,4,0,89,9,20,3,1,90,11,20,4,1,61,5,20,5,0
64653921,69,9,17,3,0,82,21,18,4,0,86,1,18,5,0,82,21,18,4,0,30,13,17,3,0,32,5,17,3,1
64661539,4,13,19,4,1,56,20,20,4,1,90,11,20,3,2,35,2,20,4,1,80,19,20,3,1,42,24,19,4,0
64654235,2,10,20,3,2,23,18,20,4,1,65,16,20,4,1,67,14,20,5,0,59,2,20,5,0,28,3,20,4,1
64653477,22,3,20,4,1,89,9,20,3,2,71,14,20,5,0,79,8,20,4,1,29,1,20,5,0,44,25,19,5,0
64652998,33,1,20,4,1,61,5,20,4,1,19,24,20,4,1,76,3,20,3,0,72,11,20,5,0,44,25,20,5,0
64662859,75,22,20,4,1,87,24,19,5,0,16,9,19,4,1,46,16,20,5,0,2,9,19,3,2,23,18,19,5,0
64662161,74,3,19,4,1,54,8,20,3,2,36,5,20,3,2,71,14,19,4,0,58,10,20,4,1,33,1,19,3,0
64660724,37,15,20,5,0,33,1,20,5,0,3,21,20,5,0,3,16,20,2,3,1,15,20,2,3,33,1,20,4,1
64659899,74,3,19,4,1,87,24,19,5,0,16,9,20,4,1,17,5,20,4,1,74,3,19,4,1,59,2,20,3,2
64660357,65,16,20,4,1,29,1,20,4,1,72,11,20,2,3,18,15,20,5,0,53,14,19,3,0,26,9,20,4,0
64659054,77,24,19,4,0,54,8,19,4,0,89,9,20,4,0,46,16,20,4,1,25,11,20,5,0,37,15,19,4,1
64661300,54,8,20,4,1,11,16,19,4,1,76,3,19,3,2,82,21,19,5,0,74,3,19,5,0,89,9,20,4,1
64644372,32,5,20,4,1,55,14,20,5,0,22,3,20,4,1,24,3,19,4,1,79,8,20,3,2,90,11,19,5,0
64662399,76,3,20,5,0,38,9,20,4,1,35,1,20,4,1,89,9,19,3,2,53,14,19,5,0,59,2,20,3,2
64591333,9,10,20,4,1,72,11,20,4,1,43,5,19,4,1,1,15,20,4,0,48,3,19,4,1,71,14,20,4,0
64638059,78,16,20,3,2,89,9,20,5,0,64,24,20,5,0,64,24,20,4,1,53,14,19,4,0,32,5,20,3,2
64632973,64,24,20,5,0,32,5,20,4,1,47,4,20,3,2,89,9,20,4,1,56,20,20,4,1,79,8,20,4,1
64631251,19,6,20,5,0,84,18,20,3,2,51,22,20,2,1,19,6,20,5,0,65,16,20,5,0,87,24,20,4,1
64590485,46,16,20,5,0,75,22,20,5,0,82,21,19,5,0,67,14,20,4,1,80,19,20,4,1,62,11,20,4,1
64639612,4,3,20,4,1,41,24,20,5,0,39,21,20,3,2,72,11,20,4,1,83,6,20,4,1,58,10,20,5,0
64589822,82,21,20,4,1,46,16,20,4,1,4,3,20,3,2,27,9,20,4,0,38,9,20,3,2,70,6,20,3,2
64457847,20,4,20,4,1,90,11,20,3,2,71,14,20,4,1,52,24,20,5,0,29,1,20,5,0,33,1,20,5,0
64458661,81,9,20,4,1,35,2,20,5,0,49,19,20,4,1,23,18,20,3,2,25,11,20,5,0,89,9,20,3,2
64465993,2,11,20,5,0,21,9,20,4,1,20,4,20,5,0,65,16,20,5,0,3,19,20,4,1,58,10,20,5,0
64459920,90,11,20,5,0,74,3,20,4,0,11,16,20,5,0,49,19,20,4,1,72,11,20,4,1,28,3,20,4,1
64462611,14,21,19,4,1,66,24,19,4,1,65,16,19,4,1,30,13,19,4,0,82,21,18,4,1,1,15,19,3,2
64456596,38,9,20,4,1,29,1,20,3,2,1,18,20,3,2,71,14,20,5,0,58,10,19,2,2,90,11,20,4,1
64461367,89,9,20,3,2,2,11,20,4,1,26,9,20,5,0,14,21,20,4,1,62,11,20,4,1,28,3,20,5,0
64454518,65,16,20,4,1,81,9,20,4,1,39,21,20,4,1,89,9,20,4,1,90,11,19,4,1,71,14,19,4,1
64467481,14,21,20,5,0,10,1,20,5,0,81,9,19,3,1,56,20,20,5,0,44,25,19,4,1,16,9,20,2,2
64586402,8,22,20,3,2,31,7,20,3,2,26,9,20,3,2,8,22,20,5,0,50,21,20,4,0,36,5,20,5,0
64585223,50,21,20,4,1,23,18,20,4,1,70,6,20,4,1,11,18,20,3,2,46,16,20,4,1,43,5,20,3,2
64590856,2,10,20,5,0,45,4,20,4,1,49,19,20,5,0,90,11,20,4,1,1,15,20,4,1,4,13,19,5,0
64579149,48,3,20,5,0,24,21,20,5,0,18,15,20,4,1,81,9,20,2,3,1,15,20,3,2,74,3,20,5,0
64582446,20,4,19,3,1,2,11,19,5,0,79,8,20,4,1,27,2,20,4,0,43,5,20,3,2,28,3,20,3,2
64581393,3,19,19,4,1,39,21,20,5,0,90,11,20,5,0,21,9,20,4,1,62,11,20,5,0,53,14,19,4,1
64580594,70,6,20,4,1,79,8,20,4,1,51,22,20,4,1,71,14,20,5,0,89,9,20,4,1,47,4,20,4,1
64587350,51,22,20,5,0,60,6,19,5,0,46,16,20,5,0,2,11,20,4,1,32,5,20,5,0,53,14,20,4,1
64584026,11,16,20,4,1,31,7,20,2,3,27,2,20,4,0,54,8,20,5,0,2,11,20,4,1,53,14,20,5,0
64642858,65,16,20,4,1,46,16,20,5,0,15,6,20,3,2,74,3,19,4,1,47,4,20,5,0,73,24,20,2,0
64644750,22,3,20,5,0,1,15,20,5,0,23,18,20,5,0,46,16,20,4,1,35,1,20,4,1,25,11,19,4,1
64635695,31,7,20,5,0,35,2,20,4,1,76,3,20,4,1,30,13,20,5,0,6,8,20,4,1,87,24,20,4,1
64637215,28,3,20,2,3,29,1,20,4,1,51,22,20,3,2,17,5,20,5,0,70,6,20,5,0,1,15,20,5,0
64616870,21,9,20,4,1,60,6,20,5,0,78,16,20,4,1,1,15,19,4,1,11,16,20,5,0,65,16,20,4,0
64617780,49,19,20,5,0,27,2,20,4,0,19,6,20,4,1,68,1,19,4,0,1,18,20,5,0,81,9,20,4,1
64626166,1,15,20,4,1,47,4,19,2,3,27,2,19,4,0,31,7,19,4,1,23,18,19,5,0,60,6,19,4,1
64629591,20,4,19,4,1,57,23,20,5,0,18,15,20,5,0,11,18,19,5,0,75,22,19,5,0,25,11,19,5,0
64622584,54,8,20,5,0,52,24,20,4,1,72,11,20,4,1,76,3,19,5,0,35,2,20,5,0,32,5,20,4,1
64627193,61,5,20,5,0,11,18,20,5,0,32,5,20,3,2,80,19,19,4,1,65,16,19,3,2,1,15,20,4,1
64620822,90,11,20,5,0,29,1,20,5,0,53,14,20,4,1,31,7,20,4,1,20,4,19,2,0,90,11,20,4,1
64615708,84,18,20,3,2,86,1,20,5,0,39,21,20,5,0,49,19,20,4,1,58,10,20,3,2,27,9,20,5,0
64619165,43,5,20,3,2,59,2,20,4,1,25,11,19,4,1,19,24,20,5,0,11,18,20,5,0,5,5,20,4,1
64656612,84,18,20,3,2,56,20,20,5,0,6,7,20,4,1,27,16,20,4,0,17,5,20,3,2,64,24,20,4,1
64658341,21,9,19,3,2,18,15,20,3,2,30,13,19,5,0,58,10,20,3,0,40,6,19,4,1,11,16,19,4,0
64662637,39,18,19,4,1,47,4,19,5,0,89,9,20,4,1,87,24,20,4,1,89,9,20,4,1,39,21,20,4,1
64656110,30,13,20,4,1,40,6,19,3,2,36,5,20,3,2,89,9,19,4,1,62,11,20,3,2,84,18,19,4,1
64660369,58,10,20,3,2,2,10,20,3,2,88,3,20,4,1,11,18,20,5,0,66,24,20,5,0,46,16,20,4,1
64661910,17,5,20,3,2,84,18,20,3,2,4,13,18,4,0,58,10,20,4,1,22,3,20,5,0,89,9,20,4,1
64656950,33,1,19,4,0,14,21,19,4,1,2,11,20,4,1,12,7,20,4,1,90,11,19,4,1,58,10,20,5,0
64663006,76,3,20,4,1,12,7,20,4,1,16,9,20,4,1,3,21,20,4,1,29,1,20,3,2,1,18,20,4,1
64659144,4,13,20,5,0,84,18,20,4,1,90,11,20,4,1,6,8,20,4,1,74,3,20,5,0,33,1,20,5,0
64647977,50,21,17,2,0,3,19,18,2,1,67,14,17,4,0,22,3,17,3,0,46,16,18,4,0,90,11,18,3,1
64660112,27,9,20,3,1,29,1,20,4,1,83,6,20,4,1,52,24,20,5,0,80,19,20,3,2,89,9,20,3,2
64647601,2,11,20,2,3,21,9,20,3,2,47,4,19,4,1,31,7,20,4,0,65,16,20,5,0,17,5,20,5,0
64647794,2,9,20,3,2,42,24,20,4,1,44,25,20,4,1,11,18,20,5,0,21,9,20,4,1,47,4,20,5,0
64645617,77,24,20,4,1,25,11,20,4,1,68,1,19,3,0,29,1,20,5,0,11,18,19,5,0,81,9,20,3,1
64646261,18,15,20,3,2,33,1,20,5,0,5,6,20,5,0,24,21,20,3,2,89,9,20,3,2,33,1,20,5,0
64646682,58,10,20,4,1,6,8,20,2,3,23,15,20,5,0,25,11,20,3,2,29,1,20,5,0,28,3,20,4,1
64647133,53,14,20,4,1,70,6,20,2,3,50,21,20,5,0,39,21,20,4,0,61,5,20,5,0,42,24,20,3,0
64540320,24,3,20,3,2,22,3,20,4,1,50,21,20,4,1,62,11,20,5,0,49,19,20,5,0,20,4,18,2,1
64634663,23,15,20,4,1,32,5,20,4,1,65,16,20,4,1,31,7,20,4,1,41,24,20,3,0,36,5,20,4,1
64548459,47,4,20,4,1,75,22,20,3,2,65,16,20,4,1,82,21,19,5,0,4,13,19,4,1,89,9,20,5,0
64547052,53,14,20,5,0,52,24,20,4,1,32,5,20,3,2,50,21,20,3,2,32,5,20,4,1,55,14,20,4,1
64615598,31,7,20,4,1,88,3,20,5,0,58,10,20,4,1,31,7,20,4,1,74,3,20,5,0,63,15,20,3,2
64541678,28,3,20,5,0,15,6,19,3,1,65,16,19,4,0,79,8,19,4,1,21,9,20,5,0,76,3,20,5,0
64613168,81,9,20,3,2,20,4,20,5,0,38,9,20,3,2,49,19,20,5,0,1,15,20,3,2,42,24,20,5,0
64610620,38,9,20,4,1,43,5,20,4,1,19,6,20,4,1,49,19,19,4,0,79,8,19,4,0,55,14,18,2,0
64540861,90,11,19,5,0,31,7,20,4,1,65,16,19,4,1,82,21,19,5,0,8,22,20,4,1,1,15,19,4,1
64659232,47,4,19,4,1,1,15,20,3,2,83,6,20,3,2,17,5,20,5,0,18,15,19,4,1,71,14,20,4,1
64660676,9,10,19,5,0,4,13,19,4,0,6,7,20,4,1,72,11,20,3,2,4,13,19,5,0,11,18,19,5,0
64654724,62,11,20,4,1,25,11,20,3,2,68,1,19,5,0,66,24,20,4,1,13,15,20,4,1,29,1,20,5,0
64655369,33,1,20,3,2,82,21,20,4,1,67,14,19,3,2,74,3,19,5,0,79,8,20,3,2,9,10,20,5,0
64658442,86,1,19,4,1,88,3,20,4,1,62,11,20,5,0,86,1,20,5,0,46,16,20,4,1,23,18,19,4,1
64660076,90,11,20,5,0,20,4,19,3,2,39,21,20,5,0,1,18,20,4,1,29,1,20,5,0,81,9,20,3,1
64657709,68,1,20,5,0,89,9,20,4,1,49,19,20,3,2,75,22,20,3,2,11,16,20,5,0,86,1,20,4,1
64656656,70,6,20,3,2,50,21,20,4,1,1,15,20,4,1,24,21,20,4,1,59,2,20,4,1,33,1,20,4,1
64655984,63,15,20,4,1,47,4,20,4,1,70,6,20,4,1,48,3,19,5,0,1,15,19,3,2,74,3,19,5,0
64648932,1,15,20,5,0,53,14,20,4,1,70,6,20,4,1,55,14,19,5,0,6,8,20,5,0,79,8,20,4,1
64647403,37,15,20,5,0,36,5,20,4,1,38,9,20,4,1,46,16,20,4,1,11,18,20,5,0,6,8,20,4,1
64648752,25,11,20,3,2,30,13,19,5,0,56,20,19,4,1,89,9,20,5,0,44,25,19,5,0,58,10,20,5,0
64647762,39,18,19,4,1,50,21,20,4,1,62,11,20,5,0,12,7,20,5,0,32,5,20,5,0,33,1,20,5,0
64647898,18,15,20,3,2,5,5,20,4,1,82,21,20,4,1,62,11,20,4,1,30,13,20,4,0,39,18,20,4,1
64606730,52,24,20,5,0,76,3,19,5,0,32,5,19,3,2,79,8,20,3,2,1,15,19,4,1,33,1,19,5,0
64619595,40,6,20,4,1,57,23,20,3,2,67,14,20,4,1,58,10,20,1,4,9,9,20,4,1,25,11,20,5,0
64613932,79,8,20,2,3,31,7,20,4,1,13,15,20,5,0,24,3,20,5,0,8,22,20,4,1,50,21,20,4,1
64611311,58,10,20,3,2,76,3,20,4,0,8,22,20,2,3,6,8,20,3,2,74,3,18,3,0,61,5,20,5,0
64617363,30,13,20,4,0,5,6,20,3,2,81,9,20,5,0,34,23,19,4,1,67,14,20,3,2,11,18,20,5,0
64607924,22,3,19,3,2,64,24,20,5,0,83,6,20,4,1,55,14,20,4,1,65,16,20,2,3,8,22,20,4,1
64609242,40,6,20,4,1,71,14,20,4,1,33,1,20,4,1,22,3,20,4,1,55,14,20,4,1,18,15,20,4,1
64504643,89,9,20,3,2,38,9,20,4,1,9,9,20,4,1,45,4,19,4,1,6,8,20,4,1,2,11,20,3,2
64554277,20,4,19,4,0,39,18,20,5,0,2,11,20,3,2,86,1,19,5,0,32,5,20,4,1,78,16,20,4,1
64574664,34,23,20,4,1,82,21,19,4,1,22,3,20,4,1,27,9,20,2,1,81,9,20,3,2,9,9,20,4,1
64570473,24,21,20,4,1,79,8,20,4,1,63,15,20,5,0,79,8,20,4,1,8,22,19,4,1,15,5,20,5,0
64508842,28,3,19,5,0,52,24,20,4,1,31,7,20,3,2,87,24,20,4,1,7,1,20,4,1,65,16,20,4,1
64568718,4,13,20,4,1,14,21,20,4,1,1,15,20,4,1,11,18,20,4,1,27,9,19,4,0,5,6,19,4,1
64641198,44,25,19,4,1,12,7,19,4,1,11,18,20,5,0,80,19,20,4,1,35,1,20,3,2,27,16,20,5,0
64510771,25,11,20,4,1,1,15,20,4,1,64,24,19,5,0,39,18,20,4,1,23,18,20,5,0,25,11,20,3,2
64505653,86,1,19,5,0,25,11,19,4,1,7,2,20,4,1,20,4,20,3,1,17,5,20,3,2,33,1,20,4,1
64608290,53,14,20,4,1,63,15,20,3,2,90,11,20,3,2,46,16,20,4,1,22,3,20,5,0,18,15,20,3,2
64604712,44,25,20,4,1,14,21,20,3,2,90,11,20,3,2,87,24,20,4,1,42,24,20,4,1,29,1,20,2,3
64607376,83,6,20,5,0,54,8,19,3,2,89,9,20,3,2,46,16,20,5,0,15,5,20,4,1,47,4,20,5,0
64653116,29,1,20,4,1,76,3,19,3,1,1,18,20,3,2,86,1,19,4,1,90,11,20,4,0,89,9,20,5,0
64606270,79,8,19,3,2,42,24,19,5,0,21,9,19,4,1,72,11,20,4,1,41,24,18,1,0,39,18,19,4,1
64654691,63,15,19,4,1,64,24,19,4,1,34,23,19,2,0,90,11,19,5,0,59,2,19,3,2,61,5,19,4,1
64620901,21,9,20,4,1,90,11,20,5,0,11,16,19,4,1,75,22,20,3,2,1,15,19,4,0,23,18,20,5,0
64618821,65,16,20,4,1,28,3,20,4,1,67,14,20,5,0,47,4,20,5,0,11,16,20,5,0,36,5,20,4,1
64619881,58,10,19,3,2,33,1,20,5,0,46,16,20,5,0,24,21,20,4,1,42,24,20,3,2,3,21,20,5,0
64566843,7,1,19,4,1,4,13,19,5,0,53,14,19,5,0,23,18,18,3,1,59,2,18,2,1,25,11,19,5,0
64655437,88,3,20,5,0,5,5,20,3,2,49,19,20,4,1,23,18,20,3,2,19,24,19,5,0,84,18,20,4,1
64464271,44,25,20,4,1,18,15,20,4,1,48,3,20,4,1,73,24,19,2,0,28,13,19,3,2,8,22,19,2,3
64570303,72,11,20,3,2,67,14,20,5,0,29,1,20,5,0,81,9,20,3,2,1,18,20,4,1,7,1,20,4,1
64654975,9,10,20,3,2,16,9,20,4,1,48,3,20,3,2,71,14,20,5,0,4,3,19,4,0,1,14,19,3,2
64423713,88,3,18,5,0,73,24,19,5,0,21,9,19,1,4,78,16,18,3,0,67,14,18,2,2,65,16,17,4,0
64430434,83,6,18,5,0,65,16,18,5,0,1,16,18,4,1,90,11,18,4,0,11,18,18,4,1,29,1,17,5,0
64410338,59,2,20,4,1,32,5,20,2,3,86,1,20,4,1,84,18,20,4,1,69,9,20,3,0,1,16,20,4,1
64431013,82,21,20,3,2,29,1,20,2,3,89,9,20,3,2,39,18,20,3,2,76,3,20,4,1,90,11,20,4,1
64462577,32,5,20,4,1,81,9,20,4,1,88,3,20,5,0,11,16,19,5,0,72,11,20,3,2,63,15,19,3,2
64506291,10,20,20,3,2,9,9,19,4,1,11,16,19,5,0,35,2,19,2,2,75,22,20,4,1,67,14,19,4,1
64531767,88,3,19,4,1,19,24,20,5,0,67,14,19,4,1,90,11,20,4,1,29,1,19,5,0,71,14,20,4,1
64433596,83,6,20,3,2,43,5,20,3,2,25,11,20,4,1,31,7,20,4,1,74,3,20,5,0,18,15,20,4,1
64428572,76,3,19,4,1,72,11,20,3,2,75,22,20,3,2,11,16,19,5,0,73,24,18,3,0,39,18,19,3,2
64637866,37,15,20,4,1,89,9,20,4,1,1,18,20,5,0,84,18,20,5,0,1,15,20,5,0,8,22,19,4,1
64643563,80,19,20,5,0,21,9,20,3,2,46,16,20,3,2,47,4,20,4,1,2,9,20,3,2,55,14,20,4,1
64636460,34,23,19,2,3,1,15,19,4,1,50,21,20,4,1,25,11,20,4,1,76,3,20,4,1,64,24,20,4,1
64645487,5,6,20,3,2,19,6,20,5,0,53,14,20,5,0,58,10,20,5,0,11,16,20,4,0,1,15,20,5,0
64641007,24,3,20,4,1,6,8,20,3,2,76,3,19,4,1,1,15,20,4,0,89,9,20,4,1,71,14,19,5,0
64655105,28,13,20,4,1,86,1,20,4,1,90,11,20,3,2,90,11,20,3,2,46,16,20,4,1,76,3,20,5,0
64663203,72,11,20,3,2,17,5,20,3,2,20,4,20,5,0,90,11,20,5,0,11,16,19,3,0,80,19,20,4,1
64662088,58,10,20,4,1,2,11,19,3,2,12,7,20,4,1,74,3,19,4,1,52,24,20,5,0,82,21,20,4,1
64660011,31,7,20,4,1,8,22,20,5,0,2,11,20,5,0,31,7,19,3,2,68,1,19,5,0,16,9,20,3,2
64658382,65,16,19,4,1,70,6,19,4,1,22,3,19,5,0,90,11,19,4,0,3,16,19,5,0,28,3,18,4,0
64655476,49,19,19,3,2,73,24,18,2,0,90,11,19,3,2,69,9,18,3,1,49,19,19,4,1,84,18,19,4,1
64661237,31,7,19,3,2,53,14,19,4,1,81,9,20,4,1,68,1,19,4,0,21,9,20,5,0,17,5,20,5,0
64657975,4,13,19,4,1,67,14,20,3,2,32,5,20,4,1,78,16,20,4,1,38,9,20,2,3,55,14,20,5,0
64660729,83,6,20,3,2,52,24,20,4,1,87,24,20,4,1,11,18,20,4,1,28,3,19,3,2,88,3,20,5,0
64659134,21,9,20,3,2,33,1,20,5,0,13,15,20,5,0,28,3,20,5,0,74,3,18,2,0,77,24,20,2,1
64629378,90,11,20,4,1,5,5,20,3,2,68,1,20,4,1,38,9,20,4,1,11,16,20,5,0,19,24,20,5,0
64634891,81,9,20,3,2,82,21,20,4,1,68,1,20,4,1,2,10,20,3,2,51,22,20,4,1,74,3,20,3,2
64636654,41,24,20,4,0,35,1,20,4,1,18,15,20,3,2,23,18,20,4,1,90,11,20,4,1,5,6,20,4,1
64661999,1,18,20,5,0,88,3,20,5,0,12,7,20,4,1,18,15,20,2,3,86,1,20,4,1,1,15,20,4,1
64663126,50,21,20,5,0,3,21,20,4,1,31,7,20,5,0,1,15,18,5,0,10,20,19,3,1,57,23,20,4,1
64625754,20,4,20,4,1,43,5,20,2,3,32,5,20,4,1,26,9,20,4,1,34,23,20,5,0,10,1,20,5,0
64645120,7,2,19,4,1,52,24,20,4,1,28,3,20,5,0,67,14,20,3,2,90,11,19,5,0,22,3,19,4,1
64647759,59,2,20,3,2,28,3,20,4,1,9,9,20,4,1,31,7,20,2,3,64,24,20,5,0,11,16,19,5,0
64648369,32,5,20,4,1,81,9,20,3,2,53,14,20,5,0,90,11,20,5,0,23,15,20,4,1,88,3,19,4,1
64646194,75,22,20,3,2,5,5,19,3,2,83,6,20,5,0,7,2,20,4,1,39,18,20,5,0,57,23,20,4,1
64645970,22,3,19,5,0,47,4,19,4,1,16,9,18,5,0,69,9,18,2,1,71,14,19,5,0,3,21,18,5,0
64644723,42,24,20,3,2,1,14,20,5,0,86,1,20,4,1,88,3,20,4,1,78,16,20,4,1,18,15,20,4,1
64645558,30,13,20,5,0,89,9,19,3,2,81,9,19,3,2,4,13,19,4,1,88,3,20,5,0,81,9,20,3,2
64647513,29,1,19,4,1,64,24,20,3,2,23,18,20,5,0,80,19,20,3,2,26,9,19,4,1,10,20,20,4,1
64648122,81,9,18,4,1,49,19,19,4,1,82,21,19,5,0,90,11,17,4,1,74,3,18,5,0,9,9,17,5,0
64648636,89,9,19,5,0,28,3,19,5,0,29,1,19,4,1,55,14,19,4,1,83,6,19,4,1,68,1,18,4,1
64652786,86,1,20,4,1,80,19,20,5,0,1,18,20,3,2,82,21,20,3,2,67,14,20,5,0,50,21,20,5,0
64652053,26,9,20,3,2,61,5,20,3,2,74,3,20,4,1,79,8,20,5,0,55,14,20,4,1,14,21,20,4,1
64650358,55,14,20,3,2,63,15,20,4,1,78,16,20,2,3,26,9,20,3,2,54,8,20,4,1,80,19,19,5,0
64651259,11,16,20,4,1,29,1,19,5,0,4,3,20,4,1,5,6,20,5,0,30,13,19,3,0,18,15,20,4,1
64650621,63,15,20,4,1,66,24,20,5,0,47,4,20,3,2,65,16,20,5,0,31,7,20,4,1,14,21,20,4,1
64542699,11,18,19,3,2,42,24,20,3,2,84,18,19,5,0,15,5,19,5,0,55,14,19,4,0,59,2,20,4,1
64545487,9,9,20,4,1,57,23,20,3,2,68,1,19,5,0,65,16,20,4,1,9,10,19,4,1,60,6,19,5,0
64659572,30,13,20,4,1,9,9,20,4,1,32,5,20,5,0,78,16,19,3,1,18,15,20,4,1,2,10,19,4,1
64660534,87,24,19,5,0,67,14,19,5,0,39,18,19,4,1,22,3,19,4,1,42,24,19,4,1,80,19,20,4,1
64658263,62,11,19,4,0,22,3,19,4,1,68,1,18,2,1,65,16,18,5,0,76,3,18,3,1,57,23,18,4,1
64544310,10,1,19,5,0,36,5,20,4,0,44,25,20,4,1,22,3,19,4,1,65,16,20,4,1,81,9,20,2,3
64661337,32,5,20,3,2,45,4,19,4,1,70,6,19,3,2,82,21,20,4,1,6,8,20,4,1,45,4,19,3,0
64543482,22,3,20,4,1,69,9,20,4,1,23,18,19,4,1,42,24,20,4,1,65,16,20,4,1,11,18,20,4,1
64658749,28,3,18,3,1,70,6,19,5,0,30,13,18,3,0,76,3,19,5,0,58,10,19,4,1,70,6,20,5,0
64534563,54,8,19,5,0,8,22,20,4,1,19,6,19,5,0,39,21,20,4,1,9,10,19,4,1,28,3,20,5,0
64595080,1,18,20,3,2,5,6,20,3,2,28,3,20,5,0,51,22,20,5,0,64,24,20,5,0,89,9,20,4,1
64534091,31,7,20,4,1,28,3,20,4,1,46,16,20,5,0,71,14,20,4,1,55,14,20,3,1,6,8,20,4,1
64575760,44,25,20,4,1,71,14,19,4,1,89,9,20,3,2,33,1,20,5,0,31,7,20,3,2,7,1,20,5,0
64593267,50,21,20,5,0,1,15,20,4,1,6,8,20,3,2,55,14,20,5,0,80,19,20,5,0,31,7,20,5,0
64594617,50,21,19,4,1,70,6,20,3,2,18,15,20,5,0,64,24,20,5,0,23,15,20,5,0,82,21,20,5,0
64577946,70,6,20,4,1,43,5,20,4,1,12,7,20,3,2,34,23,20,3,2,46,16,20,4,1,1,15,19,3,2
64644359,44,25,20,4,1,11,16,20,4,1,21,9,20,3,2,70,6,20,5,0,90,11,19,4,1,76,3,20,4,0
64645193,20,4,19,4,0,90,11,19,5,0,62,11,20,4,1,27,6,18,4,0,24,21,19,5,0,89,9,19,5,0
64644873,7,1,19,4,1,73,24,20,5,0,22,3,19,3,2,23,18,20,5,0,81,9,19,4,1,10,20,20,4,1
64645677,51,22,20,4,1,8,22,20,4,1,75,22,20,4,1,82,21,20,5,0,5,5,20,4,1,81,9,20,3,2
64646162,87,24,19,4,1,20,4,18,3,0,58,10,20,4,1,5,5,20,3,2,74,3,19,4,1,29,1,19,5,0
64643863,22,3,20,5,0,18,15,19,3,2,33,1,20,5,0,89,9,19,4,1,73,24,19,4,0,66,24,20,4,1
64647480,59,2,20,5,0,89,9,20,5,0,66,24,20,4,0,18,15,20,4,1,31,7,20,3,2,33,1,19,5,0
64650371,21,9,19,4,1,4,3,19,4,1,1,15,18,3,2,18,15,18,4,1,42,24,18,5,0,10,20,19,4,1
64652748,17,5,20,3,2,45,4,19,4,0,65,16,20,4,1,89,9,19,3,2,78,16,20,4,1,75,22,20,4,1
64650604,23,15,20,5,0,33,1,19,3,1,72,11,20,2,3,86,1,19,4,1,70,6,20,4,1,22,3,20,5,0
64651758,30,13,20,5,0,17,5,20,3,2,21,9,20,4,1,89,9,20,4,1,46,16,19,4,1,71,14,18,4,0
64652270,1,15,19,4,0,12,7,20,4,1,89,9,19,5,0,24,3,20,5,0,18,15,19,3,0,35,2,19,3,1
64650092,28,3,20,4,1,79,8,20,4,1,86,1,20,3,2,64,24,20,5,0,33,1,20,5,0,89,9,20,4,1
64651442,12,6,19,4,1,74,3,20,5,0,8,22,19,4,1,28,3,20,5,0,1,15,19,4,1,54,8,20,4,1
64653141,23,18,19,4,1,25,11,20,4,1,82,21,19,4,1,18,15,19,3,2,33,1,18,2,2,24,3,20,5,0
64652054,72,11,20,3,2,33,1,19,4,1,64,24,20,3,2,39,21,20,4,1,28,3,20,5,0,87,24,20,5,0
64650843,73,24,19,5,0,33,1,20,5,0,60,6,20,2,3,39,18,20,4,1,90,11,20,3,2,65,16,20,4,1
64618184,74,3,20,3,2,72,11,20,4,1,86,1,20,4,1,82,21,20,4,1,24,3,20,5,0,35,2,20,5,0
64594699,84,18,20,4,1,72,11,20,5,0,53,14,19,3,2,65,16,20,5,0,44,25,20,4,1,6,8,20,4,1
64595252,2,11,20,3,2,84,18,20,4,1,48,3,20,3,2,48,3,20,5,0,44,25,20,5,0,78,16,20,5,0
64594101,2,11,20,5,0,31,7,20,5,0,55,14,19,3,0,81,9,20,3,2,53,14,20,5,0,90,11,19,4,1
64594518,19,6,19,3,2,52,24,19,4,1,15,5,19,3,2,39,18,19,3,2,30,13,19,5,0,24,21,19,4,1
64616601,89,9,20,4,1,35,2,20,4,1,82,21,20,4,1,3,19,20,5,0,33,1,19,5,0,89,9,20,4,1
64663546,88,3,19,4,1,25,11,19,4,1,37,15,20,3,2,80,19,19,4,0,46,16,19,4,0,22,3,19,4,0
64595804,58,10,20,5,0,11,18,19,4,1,6,8,20,4,1,69,9,20,4,0,56,20,20,5,0,84,18,20,5,0
64643845,4,13,20,2,3,39,18,20,4,1,10,20,19,4,1,74,3,20,4,1,11,18,20,4,1,87,24,20,4,1
64659548,5,5,20,3,2,72,11,20,4,1,89,9,20,3,2,35,1,20,3,1,45,4,20,5,0,72,11,20,2,3
64644944,4,3,20,4,1,40,6,20,3,2,87,24,19,4,1,71,14,20,4,1,46,16,20,5,0,89,9,20,5,0
64643089,56,20,19,5,0,50,21,18,3,1,11,18,19,4,1,79,8,19,4,1,14,21,19,4,1,35,1,19,5,0
64645266,32,5,20,3,1,18,15,19,4,1,45,4,20,4,1,90,11,19,4,1,84,18,19,5,0,50,21,19,3,0
64642227,90,11,20,5,0,55,14,19,4,0,32,5,20,3,2,70,6,20,3,2,65,16,20,5,0,67,14,20,3,2
64644279,34,23,19,4,1,66,24,20,3,2,20,4,18,4,1,74,3,19,4,1,90,11,19,5,0,30,13,19,5,0
64660475,79,8,20,5,0,11,16,19,4,0,31,7,20,3,0,21,9,20,4,1,86,1,19,4,1,67,14,19,5,0
64662204,24,3,20,4,1,45,4,20,4,0,72,11,20,4,1,39,18,19,5,0,44,25,19,4,1,90,11,18,5,0
64663170,30,13,20,5,0,87,24,20,4,1,83,6,20,5,0,64,24,20,5,0,77,24,20,4,1,68,1,20,5,0
64657927,53,14,18,5,0,77,24,19,4,1,89,9,19,4,1,76,3,19,5,0,39,18,19,4,1,40,6,19,3,2
64658633,85,13,20,4,1,79,8,20,3,2,14,21,20,5,0,25,11,20,3,2,72,11,20,2,3,64,24,20,3,2
64662794,28,3,17,4,0,77,24,18,4,1,61,5,18,3,1,50,21,17,3,0,77,24,17,4,0,81,9,17,4,1
64656659,8,22,20,4,1,68,1,20,5,0,42,24,20,5,0,74,3,19,5,0,21,9,19,4,1,26,9,19,4,1
64659444,44,25,19,4,0,46,16,20,4,0,67,14,19,5,0,32,5,19,4,1,82,21,19,4,1,77,24,19,3,2
64657559,23,15,20,5,0,85,13,20,3,2,43,5,20,3,2,9,10,20,4,0,63,15,19,5,0,34,23,20,5,0
64660125,1,15,20,4,1,74,3,20,5,0,14,21,19,4,1,4,13,19,4,0,84,18,19,4,1,9,10,20,3,2
64648319,74,3,20,5,0,48,3,20,4,1,65,16,20,5,0,55,14,20,4,1,78,16,20,4,1,68,1,20,4,1
64646180,21,9,20,5,0,39,18,20,4,1,41,24,19,4,0,48,3,20,5,0,42,24,20,3,2,81,9,20,4,1
64646855,75,22,19,4,1,64,24,20,3,2,47,4,19,4,1,87,24,19,3,1,78,16,20,4,1,50,21,20,4,0
64662413,56,20,20,4,1,14,21,19,5,0,90,11,20,2,3,39,18,20,4,1,79,8,19,4,1,11,18,20,4,1
64645071,68,1,19,5,0,8,22,19,3,2,55,14,20,5,0,74,3,20,4,1,84,18,20,3,2,80,19,20,4,1
64643665,89,9,20,5,0,56,20,20,3,2,46,16,19,5,0,26,9,20,4,1,76,3,19,5,0,31,7,19,3,2
64645426,74,3,20,5,0,70,6,20,2,3,20,4,20,5,0,75,22,19,4,1,36,5,20,3,2,20,4,19,4,1
64663323,58,10,15,3,1,88,3,16,2,0,23,18,16,3,0,76,3,16,3,0,74,3,15,1,0,81,9,16,3,0
64645820,90,11,19,3,2,75,22,20,3,2,20,4,19,5,0,23,18,19,5,0,32,5,19,5,0,58,10,19,4,0
64646494,69,9,19,5,0,64,24,19,4,1,1,14,19,3,2,74,3,20,4,1,69,9,20,5,0,49,19,20,4,1
64647258,29,1,20,4,1,17,5,20,3,2,89,9,20,4,1,77,24,20,4,1,39,18,20,3,2,47,4,20,4,1
64649807,90,11,20,5,0,79,8,20,3,2,72,11,20,4,1,49,19,20,3,2,27,16,19,4,0,1,15,20,4,1
64649554,14,21,19,4,1,19,6,19,4,1,67,14,19,4,1,27,9,20,4,0,49,19,19,5,0,17,5,20,5,0
64649203,31,7,19,4,1,76,3,20,5,0,43,5,19,3,1,7,1,20,4,1,74,3,19,4,1,70,6,20,4,1
64649971,78,16,19,5,0,89,9,19,3,1,86,1,19,3,2,84,18,19,3,1,25,11,19,4,1,53,14,19,5,0
64648921,83,6,20,5,0,89,9,20,3,2,1,14,20,5,0,89,9,20,3,2,82,21,20,3,2,29,1,20,4,1
64649433,4,3,20,3,2,33,1,19,4,1,82,21,19,4,1,44,25,20,2,3,36,5,20,4,1,85,13,19,5,0
64607681,49,19,20,4,1,20,4,20,5,0,89,9,20,3,2,74,3,20,5,0,89,9,20,5,0,8,22,20,4,1
64606310,65,16,19,4,1,86,1,20,4,1,68,1,19,5,0,32,5,20,4,1,49,19,20,4,1,80,19,20,4,1
64605542,18,15,20,3,2,6,8,20,3,2,55,14,20,4,1,77,24,20,4,1,55,14,20,5,0,37,15,20,3,2
64609803,22,3,20,4,0,57,23,19,5,0,29,1,19,4,0,53,14,19,4,1,31,7,20,3,2,23,18,20,4,1
64643728,56,20,20,4,1,39,21,20,5,0,70,6,19,5,0,27,9,20,4,1,42,24,20,4,1,15,5,20,4,1
64642072,7,2,20,4,1,82,21,20,4,1,1,15,20,3,2,31,7,20,4,1,44,25,19,4,1,1,15,20,5,0
64622081,1,15,20,5,0,81,9,20,4,1,27,2,20,4,0,39,21,20,3,2,6,8,20,2,3,28,3,20,3,2
64623620,81,9,19,4,1,1,15,20,5,0,10,1,20,5,0,14,21,20,5,0,35,2,20,5,0,32,5,20,4,0
64620357,4,13,19,4,1,33,1,20,4,1,1,15,19,4,1,88,3,19,4,0,1,15,20,4,1,15,6,20,3,2
64537227,89,9,20,4,1,28,3,20,5,0,53,14,20,4,1,54,8,20,5,0,34,23,20,5,0,20,4,20,4,0
64628687,53,14,20,5,0,64,24,20,3,2,43,5,20,4,1,74,3,20,4,1,2,11,20,4,1,63,15,20,4,1
64618646,1,15,20,4,1,17,5,20,4,1,23,15,20,5,0,19,6,20,5,0,81,9,19,4,1,35,2,20,5,0
64629979,14,21,20,4,1,53,14,20,5,0,32,5,20,2,3,49,19,20,4,1,33,1,20,5,0,31,7,19,5,0
64294051,67,14,20,3,2,59,2,20,4,1,50,21,20,4,1,2,11,20,5,0,71,14,19,5,0,23,18,20,3,2
64231450,79,8,19,3,2,86,1,18,4,1,90,11,19,4,1,78,16,19,4,0,15,5,18,5,0,11,16,17,4,1
64110215,90,11,18,4,0,1,16,18,4,1,78,16,18,3,1,21,9,17,3,0,22,3,16,2,0,42,24,15,3,0
64109068,86,1,19,5,0,11,18,19,4,1,70,6,19,2,3,40,6,19,4,1,90,11,20,2,3,52,24,20,3,2
64551185,61,5,19,5,0,1,16,19,4,1,21,9,19,3,2,29,1,19,4,1,64,24,19,5,0,74,3,19,4,1
64279190,53,14,19,3,2,25,11,19,4,1,90,11,18,5,0,42,24,16,3,0,11,16,18,2,0,64,24,17,1,0
64225014,2,10,17,5,0,30,13,17,3,0,74,3,16,3,0,76,3,16,2,0,11,16,17,4,0,53,14,16,2,0
64644025,67,14,20,3,2,71,14,20,4,1,62,11,20,5,0,1,16,19,3,2,22,3,20,4,1,76,3,20,4,1
64438169,70,6,20,5,0,48,3,20,3,2,76,3,20,5,0,74,3,19,5,0,89,9,20,4,1,84,18,20,3,2
64573604,9,10,19,4,1,90,11,19,4,1,30,13,19,3,0,46,16,20,5,0,3,19,20,5,0,42,24,19,5,0
64637707,88,3,19,5,0,58,10,20,4,1,89,9,20,5,0,18,15,19,5,0,65,16,19,3,2,75,22,19,4,0
64646994,50,21,19,5,0,64,24,20,3,1,58,10,20,3,2,80,19,19,3,2,82,21,19,4,1,75,22,19,3,2
64647571,50,21,20,5,0,64,24,20,4,1,58,10,20,4,1,55,14,20,5,0,78,16,20,4,1,68,1,20,5,0
64646674,74,3,20,4,1,83,6,20,3,2,15,6,19,4,1,37,15,20,4,1,11,18,20,5,0,65,16,20,4,1
64647798,81,9,20,3,2,78,16,19,5,0,65,16,20,5,0,79,8,19,4,1,44,25,19,5,0,11,18,20,4,1
64591927,50,21,19,3,2,44,25,18,3,2,23,15,20,5,0,13,19,19,4,0,87,24,19,4,1,78,16,20,5,0
64647320,89,9,17,4,0,48,3,17,2,1,71,14,17,2,0,53,14,17,4,0,15,5,17,3,1,39,18,17,3,2
64636730,86,1,20,4,1,74,3,20,4,1,90,11,20,3,2,86,1,20,5,0,85,13,20,4,1,58,10,20,5,0
64662080,49,19,20,4,1,50,21,20,5,0,70,6,19,4,1,4,13,19,3,2,49,19,20,5,0,11,18,20,5,0
64658885,6,7,20,4,1,3,21,20,5,0,63,15,20,4,1,48,3,19,5,0,79,8,20,4,1,90,11,20,4,1
64663206,29,1,19,5,0,89,9,19,4,1,2,11,19,4,1,21,9,19,3,2,11,18,19,5,0,8,22,19,5,0
64661479,4,13,20,3,2,8,22,20,2,3,23,18,20,4,1,89,9,20,3,2,77,24,20,5,0,86,1,19,5,0
64660937,11,16,19,5,0,1,15,20,4,1,62,11,19,4,1,28,3,20,4,1,3,19,20,3,2,77,24,20,3,2
64658224,56,20,20,5,0,14,21,20,3,2,83,6,20,4,1,12,6,19,3,1,86,1,19,4,0,11,16,19,3,0
64662771,77,24,20,3,2,71,14,20,5,0,70,6,20,3,2,16,9,20,4,1,4,13,19,3,2,65,16,20,4,1
64657433,76,3,20,5,0,17,5,20,3,2,21,9,20,3,2,4,3,20,4,1,90,11,20,3,2,11,16,20,4,1
64660284,32,5,20,4,1,12,7,20,4,1,1,15,20,4,1,11,18,19,4,1,74,3,20,4,1,58,10,20,4,1
64625796,86,1,20,4,1,33,1,20,4,1,81,9,20,3,2,29,2,20,4,1,2,9,20,3,2,9,9,20,4,1
64605251,90,11,20,2,3,86,1,20,4,1,39,18,20,5,0,33,1,20,4,1,68,1,20,5,0,6,8,20,2,3
64602280,71,14,19,4,1,88,3,19,5,0,89,9,19,2,3,11,18,19,5,0,78,16,20,5,0,17,5,19,3,2
64603083,58,10,20,3,2,33,1,20,5,0,70,6,20,3,2,86,1,19,4,0,24,21,19,4,0,40,6,20,4,0
64601101,65,16,20,4,1,83,6,20,3,2,18,15,20,3,2,33,1,19,5,0,42,24,20,3,1,4,3,20,5,0
64603954,90,11,20,4,1,1,15,20,4,1,76,3,18,5,0,64,24,20,4,1,88,3,20,4,1,90,11,20,4,1
64606108,31,7,20,4,1,81,9,19,5,0,30,13,18,2,0,30,13,19,3,0,19,6,20,4,1,18,15,19,4,1
64656769,75,22,20,3,2,78,16,20,4,1,20,4,19,5,0,35,2,18,3,0,5,5,19,4,0,72,11,19,4,1
64500324,9,9,19,5,0,49,19,19,4,1,67,14,19,4,1,1,15,19,4,1,24,3,19,5,0,50,21,19,5,0
64659019,53,14,18,4,1,12,7,19,4,0,3,19,19,4,1,1,15,20,5,0,85,13,18,3,2,2,9,19,4,1
64660043,65,16,20,4,1,89,9,20,4,1,78,16,20,4,1,58,10,19,4,1,90,11,18,3,0,59,2,20,3,1
64502415,55,14,19,5,0,43,5,20,4,1,31,7,20,2,3,90,11,20,4,1,67,14,20,5,0,76,3,20,4,1
64656150,74,3,19,4,1,22,3,19,4,1,36,5,19,2,3,39,21,20,5,0,4,13,18,4,0,90,11,19,5,0
64501142,69,9,19,4,0,35,1,20,4,1,18,15,20,3,2,14,21,20,5,0,90,11,20,4,1,67,14,20,1,4
64657657,10,1,19,4,1,13,19,19,4,1,2,9,19,4,1,10,1,19,4,1,11,18,20,3,2,86,1,20,4,1
64658236,21,9,20,4,1,49,19,20,3,2,67,14,20,4,1,74,3,20,5,0,64,24,20,4,1,77,24,20,3,2
64639458,72,11,19,5,0,53,14,19,5,0,67,14,19,4,1,25,11,19,4,1,19,6,19,4,1,39,21,19,4,1
64645764,50,21,20,4,1,63,15,20,5,0,72,11,20,3,2,28,3,19,4,0,48,3,19,5,0,81,9,20,4,0
64644356,71,14,20,3,2,65,16,20,5,0,48,3,20,3,2,48,3,20,3,1,9,10,20,3,2,85,13,20,5,0
64643878,80,19,20,2,1,72,11,20,5,0,1,14,20,5,0,4,13,19,4,0,76,3,19,4,0,32,5,19,3,2
64640714,32,5,20,3,2,13,19,20,5,0,2,10,20,3,2,77,24,20,4,1,83,6,20,5,0,28,3,20,4,1
64641301,3,21,20,4,1,81,9,20,3,2,47,4,20,4,1,48,3,20,4,1,9,10,20,3,2,22,3,19,3,2
64645399,1,15,20,3,2,64,24,20,4,1,58,10,20,3,2,90,11,19,4,0,27,16,20,3,0,77,24,20,4,1
64642363,7,2,18,5,0,90,11,19,3,2,12,7,18,4,1,90,11,18,3,1,80,19,19,4,0,83,6,19,2,1
64633632,56,20,19,5,0,46,16,19,4,1,23,18,19,5,0,51,22,19,4,1,44,25,19,4,1,90,11,20,5,0
64594179,56,20,20,4,1,67,14,19,3,2,69,9,19,4,0,50,21,18,4,1,63,15,19,4,1,24,3,20,4,1
64632254,19,6,19,4,0,9,9,20,4,1,29,1,20,4,1,80,19,19,4,1,31,7,19,3,2,45,4,19,4,0
64594571,33,1,19,4,0,72,11,19,3,2,58,10,19,3,1,54,8,19,5,0,19,6,19,4,1,90,11,18,4,0
64624140,11,16,19,3,0,54,8,20,4,0,87,24,19,3,1,89,9,20,3,2,76,3,20,5,0,47,4,20,3,2
64629902,57,23,19,4,1,3,21,19,5,0,11,16,18,4,0,1,14,18,5,0,9,10,19,4,1,84,18,19,4,1
64626065,84,18,20,4,1,50,21,19,4,1,11,16,20,3,2,86,1,20,4,1,28,3,20,5,0,81,9,20,4,1
64628115,25,11,20,4,1,87,24,20,4,1,68,1,19,5,0,83,6,20,4,1,90,11,20,5,0,2,11,20,3,2
64662366,21,9,20,4,1,11,18,20,4,1,15,5,20,4,1,64,24,20,4,1,44,25,20,5,0,17,5,20,4,1
64546208,2,9,20,2,3,39,18,20,4,1,73,24,20,3,0,22,3,20,5,0,75,22,20,5,0,65,16,19,5,0
64404930,7,2,20,5,0,10,20,20,4,1,14,21,20,4,1,3,21,20,5,0,1,18,20,5,0,74,3,20,5,0
64445475,1,15,20,5,0,90,11,20,4,0,87,24,20,4,1,4,13,20,4,1,32,5,20,4,1,12,7,20,4,1
64661640,49,19,20,4,1,11,16,20,5,0,28,3,20,3,2,59,2,20,4,1,41,24,20,1,0,1,15,20,3,2
64541551,39,21,20,5,0,21,9,20,4,1,7,1,20,5,0,20,4,20,4,0,3,19,20,5,0,60,6,20,5,0
64442672,21,9,20,4,1,68,1,20,4,1,24,21,20,5,0,37,15,20,4,1,19,6,20,4,1,1,15,20,3,2
64495510,41,24,20,4,0,31,7,20,3,2,79,8,20,4,1,77,24,19,4,1,41,24,20,5,0,78,16,20,4,1
64547512,75,22,19,5,0,45,4,18,2,1,18,15,19,5,0,80,19,18,3,2,18,15,18,3,2,24,21,17,5,0
64641732,33,1,20,5,0,80,19,19,4,1,90,11,20,3,2,7,1,20,4,1,22,3,20,5,0,77,24,20,4,1
64644327,53,14,19,4,1,89,9,20,4,1,71,14,19,5,0,32,5,20,4,1,35,2,20,3,2,42,24,19,5,0
64642601,82,21,20,4,1,5,5,20,3,2,83,6,20,5,0,7,2,20,3,1,65,16,20,3,1,31,7,20,3,2
64641068,43,5,19,3,2,18,15,20,3,2,55,14,20,4,1,74,3,20,5,0,90,11,20,4,1,70,6,20,3,2
64643599,58,10,19,3,1,61,5,19,4,0,49,19,19,5,0,4,3,20,3,2,33,1,20,4,1,8,22,20,4,1
64644721,45,4,20,5,0,60,6,20,5,0,19,6,20,4,1,73,24,20,2,0,47,4,20,2,3,89,9,20,3,2
64636241,64,24,20,4,1,14,21,19,4,1,67,14,19,5,0,16,9,20,4,1,56,20,19,4,0,72,11,19,3,2
64645082,82,21,20,4,0,3,21,20,3,1,50,21,20,4,0,77,24,19,3,2,5,5,20,3,2,83,6,19,4,1
64646369,30,13,20,3,1,74,3,20,4,1,31,7,20,3,2,67,14,19,5,0,17,5,20,5,0,55,14,19,3,1
64644905,29,1,20,4,1,90,11,19,4,1,86,1,20,4,1,33,1,19,5,0,84,18,19,4,1,81,9,20,4,1
64646027,14,21,20,4,1,63,15,20,5,0,87,24,20,4,1,1,15,20,5,0,39,18,20,4,1,16,9,20,4,1
64648044,29,1,20,5,0,89,9,20,4,1,1,18,20,3,2,90,11,20,3,2,23,15,20,5,0,88,3,19,4,1
64647343,82,21,20,3,2,48,3,20,3,2,56,20,20,4,1,31,7,20,4,1,78,16,19,4,1,65,16,20,5,0
64645650,33,1,19,4,0,2,10,19,4,1,67,14,19,4,0,58,10,19,4,1,72,11,20,4,1,77,24,19,5,0
64646742,39,18,19,3,2,89,9,18,4,1,53,14,18,4,1,39,18,18,5,0,64,24,18,5,0,82,21,18,4,1
64645302,62,11,20,3,2,88,3,20,3,2,38,9,20,3,2,88,3,20,5,0,15,6,20,4,1,59,2,20,5,0
64647005,20,4,20,5,0,49,19,20,3,2,2,11,20,3,2,83,6,19,4,1,28,3,20,5,0,72,11,19,3,2
64654080,65,16,20,4,1,60,6,19,5,0,81,9,20,4,1,32,5,19,3,2,47,4,19,4,1,78,16,19,4,1
64657603,26,9,19,5,0,6,8,20,4,1,11,16,19,3,1,33,1,19,4,1,81,9,19,3,2,68,1,18,4,1
64653510,30,13,19,4,1,21,9,20,3,2,25,11,20,3,2,21,9,20,4,1,18,15,20,3,2,49,19,20,5,0
64656172,15,5,20,4,1,8,22,19,3,1,19,6,19,5,0,85,13,19,5,0,49,19,20,2,3,72,11,20,4,1
64658452,2,11,20,4,1,65,16,20,4,1,25,11,20,4,1,72,11,19,3,2,71,14,19,3,0,12,6,20,4,1
64653076,17,5,20,4,1,3,16,20,5,0,59,2,20,5,0,56,20,20,4,1,42,24,20,2,3,53,13,20,5,0
64653814,1,15,19,4,1,9,9,20,5,0,84,18,19,3,2,89,9,19,4,1,58,10,19,5,0,85,13,19,4,1
64652760,74,3,20,4,1,1,14,20,4,1,72,11,20,3,2,74,3,20,5,0,78,16,20,5,0,6,8,20,2,3
64657147,48,3,20,4,1,21,9,20,5,0,3,21,20,5,0,72,11,20,5,0,29,1,20,3,2,76,3,19,5,0
64658134,86,1,20,5,0,12,6,20,4,1,31,7,19,5,0,62,11,20,3,2,8,22,20,4,1,74,3,20,5,0
64662744,30,13,19,5,0,89,9,20,3,2,64,24,19,4,1,8,22,20,4,1,77,24,20,5,0,58,10,20,4,1
64659579,79,8,20,4,1,72,11,20,5,0,19,6,20,5,0,89,9,20,5,0,66,24,20,5,0,80,19,19,5,0
64656573,1,18,19,3,2,22,3,20,3,2,19,6,20,4,1,79,8,20,5,0,6,8,20,4,1,53,14,19,5,0
64657879,86,1,20,5,0,31,7,20,3,2,54,8,19,4,1,22,3,19,3,0,35,1,20,4,0,79,8,19,5,0
64660124,1,16,20,5,0,19,6,20,5,0,43,5,19,4,1,86,1,19,5,0,3,21,20,5,0,32,5,20,3,2
64657291,85,13,20,5,0,5,6,19,3,2,25,11,20,4,1,43,5,19,5,0,59,2,19,5,0,62,11,19,4,1
64656654,52,24,20,3,2,16,9,20,4,1,74,3,20,5,0,71,14,20,5,0,2,9,20,5,0,21,9,19,5,0
64658580,19,6,20,4,1,85,13,20,3,2,1,18,20,3,2,89,9,20,4,1,12,7,20,3,2,1,15,20,4,1
64639945,9,10,20,5,0,71,14,20,5,0,62,11,20,4,1,4,13,20,4,1,1,15,20,4,1,9,9,20,4,1
64662371,39,18,20,4,1,1,15,20,4,1,12,6,20,3,2,12,6,20,5,0,77,24,20,4,1,74,3,20,4,1
64663177,54,8,20,5,0,71,14,20,5,0,74,3,20,5,0,29,1,20,4,1,8,22,20,4,1,1,14,20,2,3
64661485,15,5,20,4,1,28,3,20,5,0,47,4,20,5,0,54,8,20,4,1,80,19,19,5,0,1,15,19,4,1
64659247,1,15,20,4,1,76,3,19,5,0,44,25,19,3,2,24,21,19,4,0,1,18,20,4,1,65,16,19,4,0
64660852,68,1,19,5,0,5,5,20,3,2,25,11,19,4,1,50,21,19,3,1,71,14,20,5,0,10,1,19,3,1
64657951,50,21,19,3,2,65,16,20,4,1,41,24,19,3,0,53,14,18,4,0,90,11,20,5,0,12,6,19,4,1
64546049,1,15,20,4,1,77,24,20,5,0,40,6,20,3,2,89,9,20,4,1,53,13,20,4,1,22,3,20,4,1
64551235,59,2,20,3,2,66,24,20,4,1,86,1,20,4,1,62,11,20,3,2,71,14,20,3,2,11,16,20,5,0
64549284,28,3,20,2,3,16,9,20,4,1,68,1,19,4,1,76,3,20,4,1,89,9,20,3,2,4,13,20,4,1
64547335,76,3,20,5,0,72,11,20,3,2,77,24,20,3,2,65,16,20,4,1,70,6,20,4,1,50,21,20,4,1
64492052,78,16,20,3,2,63,15,20,3,2,69,9,20,4,1,49,19,20,4,1,53,14,20,4,1,41,24,19,4,0
64552345,24,21,20,3,2,76,3,20,4,1,6,8,20,4,1,86,1,19,4,1,89,9,20,4,1,47,4,20,5,0
64549886,27,2,19,4,0,29,1,20,4,0,89,9,20,3,0,77,24,19,2,2,59,2,18,3,1,19,24,19,3,0
64663359,39,21,20,4,1,77,24,20,4,1,64,24,20,4,1,62,11,20,4,1,55,14,19,5,0,39,21,20,5,0
64658688,6,8,20,3,2,58,10,20,3,2,76,3,19,5,0,76,3,20,5,0,11,18,20,5,0,65,16,20,5,0
64534369,20,4,20,3,1,89,9,20,3,2,25,11,20,5,0,14,21,20,5,0,89,9,20,5,0,54,8,20,4,1
64657922,3,21,20,4,1,62,11,20,4,1,11,16,19,5,0,76,3,19,3,0,17,5,19,3,1,72,11,20,4,1
64470794,47,4,19,4,1,10,1,19,4,1,89,9,20,4,1,9,10,19,3,2,76,3,19,3,0,86,1,20,5,0
64469226,61,5,20,4,0,59,2,20,5,0,70,6,20,5,0,4,3,18,4,0,90,11,19,5,0,74,3,19,5,0
64484821,32,5,20,2,3,15,5,19,4,1,68,1,20,5,0,53,14,19,5,0,5,5,20,3,2,89,9,20,5,0
64662233,89,9,20,3,2,76,3,20,3,2,3,21,20,4,1,12,7,20,5,0,44,25,19,4,0,47,4,20,4,1
64534620,6,8,19,3,2,44,25,19,5,0,19,24,20,4,1,35,2,20,4,1,61,5,19,3,2,70,6,20,4,1
64485439,6,8,20,3,2,62,11,20,4,1,53,14,19,5,0,26,9,19,4,0,90,11,19,4,1,30,13,19,3,1
64634888,21,9,20,5,0,28,13,20,4,1,50,21,20,4,1,65,16,20,4,1,4,13,20,3,2,16,9,20,5,0
64645869,74,3,20,4,1,32,5,20,4,1,1,15,20,4,1,89,9,20,4,0,46,16,20,3,2,71,14,20,5,0
64663759,77,24,19,4,1,4,13,20,4,1,84,18,20,3,2,11,18,20,3,2,82,21,20,4,1,37,15,20,3,2
64631854,30,13,20,4,1,14,21,20,4,1,90,11,20,3,2,25,11,20,4,1,22,3,20,4,1,1,15,20,5,0
64645269,89,9,19,4,1,4,3,19,4,1,32,5,20,3,2,32,5,20,4,1,90,11,20,4,1,48,3,20,4,1
64644477,89,9,20,4,1,1,15,20,4,1,55,14,20,3,2,75,22,20,5,0,1,18,20,3,2,65,16,20,4,1
64639307,89,9,20,3,2,47,4,20,4,1,63,15,20,4,1,46,16,20,5,0,79,8,20,4,1,2,10,20,4,1
64658732,59,2,19,4,1,72,11,20,2,3,7,2,20,5,0,32,5,20,3,2,19,24,20,4,1,89,9,20,5,0
64660849,23,18,20,4,1,32,5,20,4,1,85,13,20,4,0,46,16,20,5,0,11,16,19,5,0,47,4,20,2,3
64636565,19,6,20,5,0,52,24,20,4,1,36,5,20,4,1,36,5,20,3,2,21,9,20,4,1,45,4,20,5,0
64488248,65,16,19,5,0,27,16,20,4,1,18,15,20,4,1,47,4,20,5,0,50,21,20,4,1,32,5,20,5,0
64658066,1,15,19,5,0,18,15,20,4,1,89,9,20,5,0,43,5,20,3,2,40,6,20,4,1,65,16,19,5,0
64656541,42,24,20,5,0,12,7,20,4,1,25,11,20,5,0,89,9,20,4,1,74,3,20,4,1,37,15,20,3,2
64660062,23,18,20,4,1,71,14,19,4,1,3,21,19,5,0,24,21,20,5,0,10,1,20,4,1,28,3,20,3,2
64644267,35,2,19,5,0,29,1,19,3,2,62,11,19,3,2,65,16,18,3,2,31,7,19,4,1,87,24,19,4,1
64659512,77,24,20,4,1,29,1,20,4,1,24,21,20,4,1,74,3,19,3,0,17,5,20,4,0,50,21,20,3,1
64657694,1,15,20,4,1,19,6,20,5,0,85,13,20,4,1,23,18,20,3,2,54,8,20,4,1,40,6,20,4,1
64536580,77,24,20,4,1,30,13,19,3,1,29,1,20,4,1,79,8,20,4,1,35,1,20,4,1,22,3,20,5,0
64500868,50,21,20,4,1,65,16,20,4,0,1,16,20,2,3,40,6,20,3,2,53,14,20,4,1,12,7,20,5,0
64538313,23,15,20,5,0,34,23,20,4,1,74,3,20,4,1,49,19,20,3,2,22,3,20,4,1,16,9,20,4,1
64549071,31,7,19,3,2,2,9,19,5,0,68,1,18,5,0,1,15,18,5,0,37,15,19,5,0,19,6,19,5,0
64550162,76,3,20,5,0,25,11,20,4,1,17,5,20,4,1,2,11,19,4,1,76,3,20,4,1,89,9,20,4,1
64547831,1,15,20,3,2,53,14,20,4,1,89,9,19,4,1,23,15,20,5,0,11,18,20,2,2,21,9,20,5,0
64537522,1,15,20,3,2,16,9,20,4,1,76,3,20,4,1,18,15,20,3,2,44,25,20,5,0,29,1,20,4,1
64663191,15,5,20,3,2,22,3,20,3,2,30,13,20,5,0,28,13,19,3,2,19,24,19,4,1,23,18,20,4,1
64660504,56,20,20,5,0,1,15,20,5,0,66,24,20,5,0,34,23,20,4,1,59,2,20,5,0,11,16,20,5,0
64654085,31,7,20,2,3,83,6,20,4,1,74,3,20,4,1,81,9,20,3,2,82,21,19,5,0,18,15,20,4,1
64653560,30,13,19,5,0,66,24,20,5,0,31,7,20,3,2,54,8,20,4,1,72,11,20,4,1,20,4,19,5,0
64660829,53,14,20,4,1,82,21,20,5,0,2,11,20,3,2,82,21,20,0,0,42,24,20,4,1,39,21,20,4,1
64631808,56,20,19,4,1,39,21,20,4,1,58,10,19,3,2,70,6,20,3,2,41,24,19,4,0,33,1,20,4,1
64627976,77,24,20,4,1,58,10,20,4,1,76,3,20,4,1,89,9,20,3,2,44,25,20,4,1,35,2,20,5,0
64623211,64,24,20,4,1,22,3,20,1,4,36,5,20,3,2,32,5,20,4,1,56,20,20,4,1,5,5,20,5,0
64629260,63,15,20,4,1,19,6,20,4,1,26,9,19,3,2,52,24,20,4,1,53,14,19,5,0,81,9,20,4,1
64626093,28,3,19,5,0,77,24,20,5,0,82,21,19,4,1,7,2,19,4,1,87,24,19,4,1,82,21,20,4,1
64624879,4,13,19,4,1,29,1,19,5,0,90,11,19,3,2,50,21,18,4,1,11,18,20,4,1,80,19,19,4,1
64633265,70,6,19,4,1,90,11,20,4,1,26,9,19,4,1,69,9,19,4,0,76,3,18,4,1,7,1,19,3,2
64634835,4,13,19,3,1,32,5,20,4,1,43,5,20,4,1,78,16,20,5,0,42,24,20,4,1,47,4,20,4,0
64620278,84,18,20,3,2,10,1,20,4,1,27,2,19,4,1,14,21,19,4,1,68,1,19,5,0,15,6,20,3,2
64630431,69,9,20,4,0,11,18,20,5,0,14,21,20,3,2,45,4,19,4,1,1,15,19,3,2,89,9,20,4,1
64578055,28,3,20,4,1,90,11,20,4,1,85,13,20,4,1,68,1,19,4,0,2,10,20,4,1,40,6,20,4,1
64579730,39,18,20,2,3,44,25,20,4,1,2,9,20,3,2,82,21,20,4,1,25,11,20,4,1,88,3,20,3,2
64581267,76,3,20,4,0,86,1,20,5,0,83,6,20,4,1,33,1,20,5,0,77,24,20,2,3,65,16,20,4,1
64584052,55,14,20,5,0,40,6,20,3,2,90,11,20,4,1,87,24,20,5,0,90,11,20,4,1,83,6,20,5,0
64582614,79,8,20,4,1,74,3,19,4,1,6,8,20,4,1,57,23,20,3,2,83,6,20,4,1,68,1,20,5,0
64580664,39,18,19,4,1,4,13,19,4,1,48,3,20,4,1,74,3,20,4,1,58,10,20,4,1,11,18,20,5,0
64663232,76,3,19,4,0,17,5,19,4,1,90,11,20,4,1,11,18,19,4,1,41,24,19,5,0,1,18,19,4,1
64663829,31,7,19,3,2,23,18,19,4,1,11,16,19,5,0,57,23,20,3,2,12,6,20,4,1,85,13,20,5,0
64660565,65,16,20,4,1,47,4,20,4,1,90,11,20,4,1,1,15,20,5,0,81,9,19,4,1,50,21,20,5,0
64662298,64,24,20,5,0,34,23,20,4,1,59,2,20,5,0,28,3,20,4,1,31,7,20,3,2,47,4,20,4,1
64664172,61,5,20,4,1,1,15,20,5,0,65,16,20,5,0,28,13,20,4,1,17,5,20,3,2,59,2,20,4,1
64661070,28,13,20,4,1,6,8,20,3,2,75,22,20,4,1,76,3,20,5,0,72,11,19,2,3,84,18,19,3,2
64657038,76,3,20,5,0,72,11,20,3,2,12,6,20,3,2,22,3,20,4,1,76,3,20,5,0,77,24,20,5,0
64660211,4,3,19,4,0,38,9,20,4,1,70,6,20,5,0,74,3,20,4,1,11,16,20,5,0,57,23,20,3,2
64653767,72,11,20,4,1,63,15,19,3,1,35,2,20,5,0,1,15,20,4,1,53,14,20,5,0,77,24,20,4,1
64654825,40,6,20,4,1,11,16,20,4,1,19,24,20,4,1,12,7,20,4,1,56,20,20,5,0,73,24,19,2,0
64637354,37,15,19,5,0,4,13,19,4,1,32,5,19,4,1,4,3,19,3,2,58,10,18,4,1,50,21,18,5,0
64654191,86,1,19,5,0,14,21,20,5,0,61,5,20,5,0,4,13,19,5,0,79,8,20,3,2,1,15,20,4,1
64635599,37,15,20,5,0,44,25,20,4,1,64,24,19,3,2,37,15,20,4,1,54,8,20,4,1,14,21,20,5,0
64655994,9,10,20,4,1,20,4,19,4,0,80,19,20,5,0,1,16,20,4,1,80,19,20,4,1,32,5,20,4,1
64624096,13,19,19,5,0,36,5,20,4,1,12,7,20,4,1,74,3,20,4,0,71,14,20,5,0,58,10,20,3,1
64636195,61,5,20,4,1,32,5,20,2,3,22,3,19,5,0,67,14,20,4,1,4,13,19,4,1,25,11,20,4,1
64637766,57,23,20,4,1,18,15,20,4,1,59,2,20,4,1,79,8,20,4,1,74,3,20,5,0,34,23,20,2,3
64630759,76,3,19,2,2,70,6,20,4,1,51,22,20,4,1,4,13,19,3,1,26,9,20,5,0,19,6,20,5,0
64626029,41,24,20,5,0,71,14,20,5,0,1,16,20,4,1,76,3,19,4,1,70,6,20,4,1,56,20,19,4,1
64634191,27,16,20,5,0,67,14,20,4,1,2,11,20,4,1,90,11,20,5,0,76,3,20,4,1,75,22,20,5,0
64628152,35,1,19,4,1,72,11,19,3,2,11,18,20,3,2,76,3,18,5,0,70,6,18,3,2,51,22,19,3,1
64629915,39,18,19,4,1,50,21,19,4,1,2,9,19,4,1,19,24,18,3,0,25,11,20,5,0,79,8,19,4,1
64639133,30,13,20,5,0,86,1,19,4,1,15,5,19,3,2,64,24,19,5,0,30,13,19,3,1,2,10,19,3,2
64656741,1,15,20,4,1,89,9,20,3,2,33,1,20,4,1,57,23,20,5,0,55,14,20,5,0,11,18,20,5,0
64656196,58,10,20,3,2,29,1,20,4,1,89,9,20,4,1,11,16,20,5,0,82,21,20,2,3,19,6,20,5,0
64659370,9,10,20,4,1,11,16,20,4,0,17,5,20,4,1,72,11,20,4,1,74,3,19,5,0,58,10,20,4,1
64661644,18,15,20,4,1,9,9,20,3,2,77,24,20,4,1,60,6,20,4,1,9,9,19,3,0,61,5,20,4,1
64657711,60,6,20,5,0,24,3,20,4,1,71,14,20,3,2,17,5,20,4,1,80,19,20,4,1,11,16,20,3,2
64657135,67,14,20,4,1,11,16,20,5,0,37,15,20,4,1,59,2,20,4,1,14,21,20,5,0,15,5,19,4,1
64638198,13,15,20,3,2,78,16,20,4,1,57,23,20,5,0,9,9,19,4,1,11,16,19,4,0,2,11,20,5,0
64642977,44,25,20,4,1,11,18,20,4,1,37,15,20,4,1,35,2,19,5,0,80,19,19,4,1,90,11,19,5,0
64638596,24,21,20,4,1,33,1,20,3,2,29,1,20,5,0,77,24,20,5,0,33,1,19,4,1,1,15,19,4,1
64641639,20,4,19,4,1,90,11,20,3,2,75,22,20,3,2,19,6,20,5,0,11,18,19,5,0,55,14,19,4,0
64640807,35,2,19,5,0,45,4,19,2,3,18,15,19,4,1,75,22,19,5,0,33,1,18,5,0,11,18,19,5,0
64661193,77,24,19,4,1,83,6,19,4,0,17,5,19,4,1,86,1,19,5,0,21,9,19,4,1,1,18,18,1,3
64642442,21,9,20,4,1,29,2,18,2,0,59,2,19,4,1,35,2,20,4,1,70,6,19,4,1,63,15,20,3,2
64639913,83,6,20,5,0,34,23,19,4,1,23,18,20,4,1,90,11,19,4,1,88,3,19,5,0,14,21,18,4,1
64662194,77,24,20,3,2,20,4,19,4,0,31,7,19,4,1,79,8,20,4,1,30,13,19,4,0,31,7,20,3,2
64637237,44,25,19,3,2,76,3,18,5,0,72,11,19,3,2,77,24,20,4,1,33,1,19,5,0,89,9,19,4,1
64643427,33,1,19,5,0,89,9,19,4,1,81,9,20,2,3,75,22,19,2,3,28,3,19,4,1,1,14,19,5,0
64642954,45,4,20,5,0,90,11,20,4,1,21,9,20,4,1,72,11,20,4,1,73,24,19,4,0,53,13,20,2,3
64641389,70,6,20,4,1,83,6,19,5,0,74,3,19,4,0,64,24,19,4,1,43,5,19,5,0,28,3,19,4,0
64640718,86,1,19,4,1,33,1,19,5,0,53,14,19,5,0,19,6,19,5,0,89,9,18,5,0,43,5,20,3,2
64639606,73,24,19,4,1,90,11,19,3,2,63,15,19,3,2,42,24,20,4,1,74,3,19,5,0,87,24,20,4,1
64622272,58,10,20,3,2,64,24,20,4,1,50,21,20,4,1,74,3,20,4,1,10,20,20,4,1,88,3,20,4,1
64581408,82,21,17,4,1,4,13,17,4,0,34,23,18,3,2,81,9,17,3,1,43,5,18,3,1,50,21,18,4,0
64580388,82,21,20,4,1,7,1,20,4,1,26,9,20,3,2,25,11,19,4,1,88,3,19,4,1,78,16,20,4,1
64582885,90,11,19,5,0,1,18,19,3,2,64,24,19,5,0,33,1,20,4,1,72,11,20,3,2,1,16,20,4,0
64584424,76,3,20,4,0,58,10,20,3,2,10,1,20,4,1,9,9,20,4,1,39,21,20,4,1,60,6,20,5,0
64621386,66,24,20,4,1,33,1,19,4,1,28,3,19,4,1,11,18,20,4,1,59,2,19,5,0,67,14,20,5,0
64624272,1,15,20,5,0,30,13,19,5,0,31,7,20,2,3,76,3,20,4,0,64,24,20,4,1,31,7,20,4,1
64578576,64,24,19,5,0,7,1,19,4,1,18,15,19,4,1,78,16,20,4,1,42,24,20,4,1,44,25,20,5,0
64626070,72,11,20,3,2,44,25,20,4,1,23,15,20,4,1,29,1,20,5,0,18,15,19,4,1,31,7,19,5,0
64583544,64,24,19,4,1,30,13,19,5,0,72,11,20,4,1,18,15,19,3,2,67,14,19,5,0,1,18,20,4,1
64638253,55,14,20,3,2,90,11,20,5,0,28,3,20,2,3,14,21,20,4,1,7,1,20,5,0,42,24,20,3,2
64644206,39,18,20,4,1,59,2,20,4,1,25,11,19,4,1,61,5,20,5,0,90,11,20,4,1,55,14,19,4,1
64640303,12,7,20,4,1,61,5,20,4,1,74,3,20,5,0,8,22,19,4,1,78,16,19,3,2,14,21,19,4,0
64641525,33,1,19,4,1,1,14,19,3,2,44,25,20,4,1,67,14,19,3,0,66,24,19,3,0,7,2,18,2,1
64642359,60,6,20,4,1,85,13,20,4,1,14,21,20,3,2,39,18,20,5,0,65,16,20,4,1,20,4,20,4,0
64643353,89,9,20,4,1,20,4,20,4,0,31,7,20,3,2,13,15,20,4,0,14,21,20,4,1,84,18,20,4,1
64636283,62,11,19,4,1,76,3,20,4,0,21,9,20,4,1,28,13,19,4,1,11,16,19,5,0,18,15,20,3,2
64644764,65,16,20,5,0,72,11,20,4,1,14,21,19,3,2,67,14,19,3,2,82,21,19,3,2,33,1,19,4,0
64648640,75,22,20,3,2,81,9,19,4,1,85,13,19,4,1,5,6,20,3,2,27,16,20,5,0,20,4,19,5,0
64649602,13,19,20,5,0,31,7,20,3,2,54,8,20,3,2,65,16,19,4,0,59,2,20,5,0,89,9,20,4,1
64648389,90,11,19,4,1,2,10,19,5,0,30,13,19,4,0,10,20,20,4,1,23,18,19,5,0,70,6,20,5,0
64648843,27,2,20,3,1,1,15,20,4,1,24,3,20,3,2,31,7,20,1,4,33,1,20,5,0,23,18,20,4,1
64649424,55,14,20,4,1,26,9,20,3,2,37,15,20,4,1,21,9,20,4,1,84,18,20,5,0,59,2,20,4,1
64648080,36,5,20,4,1,78,16,20,3,2,2,10,20,3,2,65,16,20,5,0,90,11,20,3,2,76,3,19,5,0
64650034,14,21,20,3,2,76,3,20,5,0,90,11,20,3,2,86,1,19,3,2,27,16,19,5,0,89,9,20,2,3
64649016,52,24,20,2,3,22,3,20,3,2,30,13,20,5,0,46,16,20,5,0,43,5,20,3,2,28,3,19,4,1
64649882,76,3,19,4,1,81,9,19,4,1,77,24,20,5,0,57,23,19,4,1,71,14,19,4,1,14,21,19,5,0
64578628,30,13,19,5,0,72,11,20,3,2,42,24,20,5,0,54,8,19,4,1,17,5,20,5,0,40,6,20,5,0
64584645,68,1,19,3,1,28,3,20,4,1,9,10,20,3,2,11,16,19,4,0,72,11,20,3,2,55,14,19,4,1
64580170,58,10,19,4,1,76,3,19,4,0,81,9,20,4,1,22,3,19,5,0,1,18,20,5,0,90,11,20,4,1
64582482,88,3,20,5,0,1,15,19,3,2,9,10,20,5,0,66,24,20,4,1,4,13,19,3,1,47,4,19,4,1
64581789,74,3,19,4,1,65,16,19,4,1,89,9,20,3,2,22,3,20,3,2,7,1,19,5,0,50,21,20,4,0
64641601,11,16,20,5,0,38,9,20,3,2,77,24,20,4,1,1,15,20,5,0,54,8,20,4,1,74,3,20,3,2
64648457,67,14,20,3,2,22,3,20,3,2,31,7,20,4,1,2,11,20,4,1,87,24,20,4,1,57,23,20,3,2
64638250,33,1,19,5,0,28,3,20,4,1,64,24,20,4,1,35,2,19,2,1,55,14,20,2,1,18,15,20,4,1
64640300,84,18,19,4,1,67,14,19,4,1,70,6,19,4,1,90,11,19,3,2,22,3,20,5,0,28,3,19,4,1
64647950,10,1,20,2,3,43,5,19,3,2,23,18,19,4,1,86,1,19,4,1,81,9,19,4,1,47,4,20,4,1
64639411,88,3,19,5,0,90,11,19,3,2,44,25,19,3,2,52,24,19,3,0,33,1,17,3,0,70,6,19,4,1
64648248,89,9,20,3,2,12,7,20,4,1,71,14,20,5,0,28,13,20,4,1,17,5,20,4,1,21,9,19,3,2
64645499,89,9,20,3,2,53,14,19,4,1,90,11,20,4,1,53,14,20,5,0,46,16,20,3,2,90,11,20,4,1
64640958,45,4,20,4,1,60,6,20,4,1,19,6,20,5,0,67,14,19,4,1,2,11,20,3,2,70,6,20,5,0
64617771,45,4,20,3,1,31,7,20,3,2,89,9,20,4,1,78,16,20,5,0,2,10,20,4,1,71,14,20,5,0
64430258,68,1,20,5,0,62,11,20,4,1,22,3,20,5,0,18,15,19,3,1,19,6,19,4,0,36,5,19,4,1
64619060,55,14,20,5,0,54,8,20,3,2,28,3,19,4,1,9,9,20,4,1,20,4,19,5,0,6,8,20,3,2
64407956,30,13,20,4,1,90,11,20,5,0,36,5,19,3,2,17,5,20,3,2,76,3,19,4,1,72,11,20,4,1
64409881,60,6,19,5,0,41,24,19,4,0,29,2,20,5,0,23,18,20,5,0,79,8,20,4,1,29,1,20,4,1
64664220,34,23,20,3,2,41,24,20,4,1,72,11,20,4,1,52,24,20,4,1,79,8,20,5,0,56,20,20,4,0
64644652,63,15,20,5,0,58,10,20,3,2,67,14,20,4,1,90,11,19,3,2,23,18,19,4,1,5,5,20,4,1
64646014,90,11,20,4,0,27,16,20,4,0,15,6,20,5,0,52,24,19,4,1,40,6,19,4,1,38,9,19,4,1
64641889,33,1,18,3,0,70,6,18,4,1,89,9,19,4,1,5,5,18,2,2,1,15,18,4,1,76,3,18,2,0
64643654,56,20,19,4,1,74,3,18,3,1,90,11,20,4,1,84,18,19,4,1,23,18,19,4,1,39,18,19,4,1
64646536,87,24,20,3,2,31,7,20,3,2,44,25,20,4,1,50,21,20,4,1,81,9,20,4,1,43,5,20,4,1
64645898,80,19,20,4,1,29,1,20,3,2,42,24,20,2,3,58,10,20,4,1,86,1,20,3,2,44,25,19,5,0
64647083,87,24,20,4,1,49,19,20,3,2,74,3,20,4,1,43,5,20,3,2,71,14,19,4,1,51,22,20,3,2
64644693,46,16,20,4,1,76,3,20,4,0,62,11,20,3,2,77,24,20,5,0,31,7,20,4,1,56,20,20,3,2
64644373,43,5,20,4,1,45,4,19,4,1,64,24,20,4,1,70,6,20,5,0,2,11,20,4,1,59,2,20,4,1
64640469,72,11,20,5,0,11,18,20,4,1,85,13,19,5,0,43,5,19,4,1,76,3,20,5,0,72,11,20,3,2
64645307,58,10,19,4,1,31,7,19,3,2,90,11,20,3,2,7,1,19,5,0,72,11,20,5,0,76,3,19,5,0
64656001,2,11,20,4,1,9,10,20,4,1,17,5,20,3,2,58,10,20,2,3,55,14,20,5,0,21,9,20,3,2
64657606,74,3,20,4,1,17,5,20,5,0,11,18,20,4,1,17,5,20,5,0,71,14,19,3,2,23,18,20,5,0
64658279,77,24,20,5,0,36,5,20,3,2,14,21,20,5,0,15,5,20,3,2,2,11,19,4,1,87,24,20,4,1
64645001,62,11,20,4,1,56,20,20,4,1,82,21,20,4,1,76,3,19,4,1,32,5,20,4,1,23,18,19,4,1
64655756,8,22,20,4,1,72,11,19,4,1,87,24,20,4,1,11,18,20,4,1,4,13,20,4,1,70,6,19,3,2
64658767,31,7,20,4,1,33,1,20,5,0,28,3,20,4,1,72,11,20,4,1,41,24,20,5,0,33,1,20,3,2
64659344,28,3,20,5,0,11,18,19,5,0,4,13,19,3,2,36,5,19,4,1,47,4,19,5,0,55,14,19,4,1
64644080,89,9,19,4,1,55,14,20,5,0,81,9,20,4,1,14,21,20,3,2,58,10,20,3,2,7,1,20,5,0
64654964,77,24,20,5,0,79,8,20,4,1,33,1,19,3,1,27,2,20,5,0,21,9,20,2,3,55,14,20,5,0
64661154,82,21,20,2,3,72,11,20,3,2,74,3,19,4,1,52,24,20,4,1,59,2,20,5,0,23,18,20,4,1
64659769,18,15,20,5,0,6,8,20,4,1,11,16,19,4,1,7,1,20,4,1,75,22,19,4,1,11,18,20,4,0
64663885,2,10,20,4,1,25,11,19,4,1,86,1,19,4,1,11,16,20,5,0,58,10,19,4,0,57,23,20,3,1
64662414,63,15,19,4,1,1,15,20,5,0,34,23,20,4,1,55,14,20,4,1,6,8,20,3,2,53,13,20,5,0
64663572,77,24,20,4,1,3,16,20,5,0,43,5,20,4,1,81,9,20,3,2,82,21,20,4,1,2,9,20,4,1
64658907,21,9,20,2,3,47,4,19,3,2,74,3,19,5,0,53,13,19,3,1,63,15,19,4,0,58,10,19,2,0
64662873,53,13,20,5,0,65,16,20,5,0,77,24,20,3,2,87,24,20,4,1,22,3,20,4,1,23,18,20,4,1
64660315,23,18,19,4,1,82,21,19,4,1,18,15,19,4,1,23,18,18,4,0,29,1,17,4,0,58,10,17,3,1
64635107,70,6,19,4,1,19,24,20,4,1,11,16,20,4,1,58,10,19,5,0,79,8,19,5,0,90,11,18,5,0
64637636,7,1,20,3,2,59,2,20,4,1,31,7,20,4,1,89,9,20,4,1,10,20,20,4,1,14,21,20,4,1
64636103,44,25,20,5,0,31,7,20,0,5,71,14,20,4,1,28,3,19,2,0,31,7,20,4,0,81,9,20,2,1
64620775,53,13,19,5,0,56,20,20,4,1,36,5,19,3,2,1,15,20,5,0,71,14,19,3,1,48,3,19,3,1
64623497,1,18,19,4,1,28,13,20,4,1,90,11,20,4,1,17,5,20,2,3,54,8,20,4,1,88,3,19,5,0
64638764,30,13,19,4,1,67,14,19,3,2,48,3,19,3,2,78,16,19,4,1,76,3,19,5,0,2,9,19,3,1
64621365,28,3,19,5,0,62,11,19,4,1,74,3,20,4,1,32,5,19,4,1,68,1,19,5,0,5,5,20,4,1
64636790,14,21,20,4,1,1,18,20,4,1,76,3,20,5,0,3,16,20,4,1,37,15,20,4,1,42,24,19,4,1
64491968,53,14,18,4,0,37,15,20,3,2,72,11,20,2,2,8,22,20,5,0,20,4,19,5,0,58,10,20,5,0
64492711,54,8,20,4,1,77,24,20,3,2,68,1,20,5,0,72,11,20,3,2,53,13,19,4,1,39,21,19,3,2
64503385,90,11,20,4,1,65,16,20,4,1,39,18,20,4,1,63,15,20,4,1,26,9,20,4,1,23,18,20,4,1
64506003,23,18,20,4,1,90,11,19,3,2,80,19,19,4,1,76,3,20,4,0,81,9,20,3,2,72,11,20,3,2
64663351,67,14,20,4,1,64,24,20,4,1,10,1,20,4,1,80,19,20,3,2,59,2,20,4,1,81,9,20,3,2
64493719,39,18,18,5,0,79,8,19,5,0,88,3,18,4,1,77,24,20,4,1,28,3,20,5,0,32,5,20,3,2
64505082,46,16,20,4,0,76,3,19,4,1,90,11,20,3,2,90,11,20,5,0,33,1,20,5,0,25,11,20,4,1
64464732,52,24,19,4,1,25,11,19,4,1,65,16,19,5,0,81,9,20,4,1,78,16,20,5,0,33,1,20,5,0
64662334,38,9,20,4,1,11,16,20,5,0,48,3,20,4,1,22,3,19,5,0,3,21,19,4,1,58,10,20,5,0
64649283,22,3,20,4,1,48,3,19,4,1,14,21,19,4,1,80,19,20,4,1,46,16,19,4,1,36,5,20,3,2
64648908,6,8,20,5,0,65,16,20,5,0,87,24,20,4,1,28,3,20,5,0,22,3,19,3,2,58,10,20,5,0
64660752,47,4,20,4,1,67,14,20,5,0,89,9,20,4,1,74,3,20,3,2,27,9,20,4,0,90,11,20,3,2
64649648,72,11,20,3,2,12,6,20,4,1,4,13,19,5,0,31,7,19,4,1,11,16,20,5,0,18,15,20,4,1
64652212,85,13,20,5,0,89,9,20,5,0,64,24,20,4,1,31,7,20,4,1,17,5,20,3,2,7,2,20,5,0
64649914,67,14,20,4,1,27,16,20,4,1,84,18,20,3,2,33,1,20,4,1,32,5,19,5,0,22,3,19,3,1
64662586,31,7,19,4,1,14,21,20,4,1,55,14,20,4,1,11,16,20,4,1,90,11,20,3,2,22,3,20,4,1
64651772,32,5,20,3,2,54,8,19,4,1,63,15,20,3,2,20,4,20,4,1,89,9,20,4,1,83,6,20,4,1
64649150,90,11,20,4,1,35,1,19,5,0,63,15,19,5,0,37,15,19,4,1,58,10,20,2,3,55,14,19,4,0
64656347,27,16,20,4,0,1,15,20,5,0,17,5,20,5,0,47,4,20,3,2,43,5,20,4,1,89,9,20,3,2
64654244,76,3,20,5,0,65,16,20,3,2,90,11,20,3,2,42,24,18,5,0,40,6,19,4,1,1,15,20,4,1
64659816,29,1,19,3,2,39,21,20,4,1,4,13,20,4,1,22,3,20,5,0,40,6,19,4,1,58,10,19,5,0
64644445,74,3,19,5,0,52,24,20,5,0,21,9,20,1,4,30,13,19,3,1,90,11,20,4,1,2,11,20,4,1
64653618,65,16,20,4,1,90,11,20,4,1,55,14,20,4,1,3,21,19,5,0,64,24,20,3,2,33,1,19,4,1
64643960,4,3,17,3,0,48,3,18,4,1,19,6,17,4,0,33,1,17,4,0,32,5,17,5,0,14,21,17,5,0
64652953,11,18,20,4,1,48,3,20,4,1,33,1,20,4,1,30,13,20,5,0,72,11,20,2,3,12,7,20,4,1
64656636,23,18,19,5,0,55,14,19,5,0,31,7,20,4,1,56,20,19,4,0,5,6,19,4,1,33,1,19,5,0
64653245,75,22,20,3,2,65,16,19,4,1,11,16,19,4,0,44,25,19,4,1,27,6,19,4,0,9,9,20,5,0
64618691,6,8,19,3,2,10,1,19,4,1,74,3,20,4,1,44,25,20,5,0,18,15,20,3,2,39,18,20,4,1
64587050,87,24,20,5,0,78,16,20,4,1,65,16,20,4,1,26,9,20,3,1,11,16,19,4,0,6,8,19,4,1
64655371,1,15,20,4,1,88,3,19,4,1,64,24,20,4,1,76,3,19,3,1,72,11,19,5,0,27,6,19,2,1
64619371,1,15,20,3,2,45,4,19,5,0,90,11,20,5,0,80,19,19,4,1,33,1,19,4,1,2,11,19,3,2
64655981,90,11,20,5,0,15,5,19,2,2,70,6,20,4,1,14,21,18,3,2,67,14,19,4,1,11,16,19,5,0
64587533,1,15,20,5,0,4,13,20,4,1,6,8,20,4,1,76,3,19,5,0,80,19,19,3,2,46,16,20,3,2
64621040,67,14,19,2,2,82,21,19,5,0,29,2,19,4,0,90,11,20,4,1,14,21,20,5,0,52,24,20,5,0
64638966,59,2,20,5,0,32,5,20,4,1,33,1,20,4,1,36,5,20,4,1,72,11,20,2,3,65,16,20,3,2
64654872,1,15,18,3,0,12,7,18,3,1,33,1,18,3,0,33,1,18,4,1,78,16,19,5,0,14,21,18,5,0
64586269,33,1,19,4,1,89,9,19,3,2,72,11,20,4,1,90,11,19,3,1,1,15,20,5,0,65,16,19,3,0
64650821,82,21,19,4,1,74,3,20,4,1,62,11,20,4,1,11,18,20,4,1,55,14,20,5,0,54,8,20,3,2
64650330,75,22,19,4,1,90,11,19,4,1,59,2,20,4,1,3,21,19,4,1,58,10,19,3,1,21,9,19,4,1
64650124,64,24,20,4,1,81,9,20,4,1,18,15,19,4,1,72,11,20,3,2,17,5,19,5,0,30,13,18,5,0
64649838,1,16,20,4,0,67,14,20,4,0,42,24,20,4,1,22,3,19,4,1,81,9,20,4,1,23,18,19,4,1
64649393,28,3,20,4,1,29,1,20,3,2,2,11,20,4,1,43,5,20,4,1,65,16,20,5,0,89,9,20,5,0
64650514,21,9,20,3,2,46,16,20,5,0,55,14,20,4,1,20,4,19,5,0,82,21,19,5,0,89,9,20,3,2
64649691,18,15,18,4,0,59,2,18,4,0,6,8,19,5,0,84,18,19,4,1,29,1,19,5,0,18,15,18,4,1
64651738,31,7,20,3,2,28,3,20,5,0,17,5,20,3,2,1,16,20,3,2,83,6,20,3,2,39,18,20,5,0
64651163,36,5,20,4,1,59,2,20,4,1,31,7,20,5,0,77,24,19,4,1,3,19,20,4,1,86,1,19,5,0
64651420,22,3,19,3,2,39,18,19,3,2,58,10,19,3,2,88,3,20,5,0,65,16,20,5,0,90,11,20,3,2
64640736,59,2,17,4,0,58,10,17,4,0,68,1,17,4,0,33,1,18,3,1,6,8,18,3,2,10,1,18,5,0
64640034,85,13,19,4,0,65,16,19,4,1,27,2,20,3,1,82,21,19,4,1,33,1,19,4,1,81,9,20,4,1
64638464,26,9,20,4,1,55,14,20,5,0,1,15,20,4,1,90,11,20,3,2,11,18,20,3,2,14,21,19,4,1
64636864,1,18,20,3,2,65,16,20,4,1,67,14,20,3,2,23,18,20,5,0,81,9,19,3,1,4,13,19,5,0
64633601,67,14,20,5,0,72,11,20,4,1,65,16,19,3,2,12,7,19,4,1,82,21,20,3,2,11,16,19,5,0
64642183,1,14,19,5,0,88,3,19,4,1,14,21,19,3,2,27,9,19,3,0,90,11,19,3,2,47,4,18,2,1
64639242,23,18,20,4,1,10,1,19,4,1,81,9,19,2,3,50,21,18,5,0,28,3,18,3,1,90,11,18,4,0
64634962,17,5,20,3,2,80,19,20,4,1,4,13,19,4,1,22,3,20,3,2,53,13,20,3,2,18,15,20,3,2
64642942,83,6,20,4,1,79,8,20,4,1,8,22,20,4,1,90,11,20,4,1,47,4,20,4,1,89,9,20,3,2
64656995,32,5,20,5,0,86,1,19,4,0,19,24,20,5,0,15,5,20,3,2,1,14,20,3,2,48,3,20,4,1
64644582,11,16,18,4,0,90,11,19,4,1,75,22,19,4,1,11,16,19,5,0,2,11,20,3,2,90,11,18,3,2
64642411,58,10,20,4,1,28,3,20,4,1,35,1,20,3,2,65,16,20,4,1,28,13,20,3,2,29,2,20,5,0
64644877,24,3,19,4,1,33,1,20,4,1,39,18,20,3,2,18,15,20,5,0,4,3,20,4,1,62,11,19,5,0
64645200,78,16,20,4,1,4,13,20,4,1,19,24,20,3,2,82,21,20,4,1,4,13,19,4,1,89,9,20,5,0
64643891,54,8,20,3,2,76,3,19,4,1,16,9,20,4,1,18,15,19,4,0,5,5,19,3,1,90,11,19,4,0
64641784,10,1,19,4,1,90,11,20,3,2,64,24,19,4,1,77,24,20,4,1,90,11,20,4,1,44,25,20,5,0
64657658,56,20,20,5,0,74,3,20,4,1,1,15,20,4,1,34,23,20,4,1,29,1,20,5,0,33,1,19,5,0
64647484,78,16,19,3,2,19,24,20,4,1,56,20,20,4,1,33,1,20,3,2,84,18,20,5,0,79,8,20,3,2
64655435,18,15,20,4,1,90,11,20,3,2,53,13,20,5,0,32,5,19,3,2,76,3,19,5,0,48,3,20,4,1
64661131,89,9,20,5,0,76,3,20,5,0,47,4,20,4,1,24,3,20,5,0,44,25,20,3,2,1,16,20,3,2
64655158,50,21,19,4,0,3,19,20,5,0,1,15,20,4,1,81,9,19,3,2,35,2,20,5,0,28,3,20,4,1
64652445,8,22,20,4,1,49,19,20,5,0,18,15,20,4,1,82,21,20,5,0,62,11,20,3,2,13,19,20,4,1
64654366,35,1,20,3,2,53,14,20,5,0,70,6,20,3,2,2,9,20,3,2,59,2,20,5,0,85,13,20,3,2
64639585,89,9,20,2,3,48,3,20,3,2,49,19,20,3,2,13,15,20,4,1,75,22,20,2,3,35,2,20,4,1
64576602,76,3,20,5,0,75,22,20,3,2,2,10,20,2,3,71,14,20,3,2,25,11,20,4,1,86,1,20,5,0
64573349,5,5,20,4,1,74,3,19,4,1,35,2,19,4,1,4,13,18,2,1,86,1,20,5,0,1,16,20,4,1
64574504,16,9,20,4,1,74,3,20,5,0,61,5,20,3,2,80,19,19,3,2,50,21,19,5,0,72,11,20,3,2
64636592,14,21,20,4,1,75,22,20,3,2,4,13,20,4,1,7,1,19,5,0,10,1,19,5,0,29,1,20,4,1
64638106,59,2,20,4,1,75,22,20,4,1,33,1,20,5,0,48,3,20,4,1,2,11,20,3,2,39,18,19,3,2
64633051,55,14,20,5,0,43,5,20,4,1,25,11,20,3,2,44,25,19,4,1,74,3,20,3,2,90,11,20,5,0
64631773,15,6,18,3,1,2,10,17,4,0,50,21,17,2,0,90,11,16,5,0,30,13,17,3,1,2,10,18,4,1
64630463,74,3,18,5,0,19,6,18,3,0,2,10,18,4,1,67,14,17,4,0,74,3,18,4,0,25,11,17,5,0
64660514,7,1,20,4,1,32,5,19,4,1,80,19,19,3,2,1,15,19,5,0,55,14,19,3,0,31,7,19,5,0
64656549,32,5,19,4,1,29,1,19,5,0,86,1,19,4,1,35,2,20,3,2,62,11,20,5,0,71,14,19,5,0
64659718,16,9,19,3,1,71,14,19,2,1,58,10,20,5,0,23,18,20,3,2,72,11,20,4,1,33,1,20,5,0
64655917,90,11,20,5,0,14,21,20,4,1,36,5,20,4,1,72,11,20,4,1,82,21,20,4,1,20,4,20,4,0
64655150,77,24,20,5,0,22,3,20,3,2,55,14,20,5,0,11,18,20,4,1,86,1,20,5,0,15,5,20,4,1
64658866,59,2,19,5,0,62,11,20,5,0,1,15,19,3,2,2,10,20,5,0,7,2,20,5,0,15,5,20,4,1
64654869,9,10,20,3,2,90,11,20,3,2,85,13,20,4,1,10,1,19,4,1,11,18,20,5,0,9,10,20,4,1
64658010,22,3,20,4,1,1,16,20,5,0,31,7,20,3,2,63,15,20,4,1,58,10,20,4,1,86,1,20,4,1
64657243,62,11,20,4,1,14,21,20,3,2,74,3,19,4,1,77,24,20,4,1,89,9,20,3,2,83,6,20,4,1
64655485,33,1,20,5,0,78,16,20,4,1,79,8,20,2,3,83,6,20,4,1,90,11,20,2,3,35,2,20,4,1
64640320,30,13,19,4,1,86,1,20,3,2,15,5,20,2,3,89,9,20,4,1,44,25,19,5,0,18,15,20,4,1
64643076,89,9,19,3,2,27,16,18,5,0,18,15,18,3,2,2,10,18,4,1,29,1,18,2,2,84,18,18,3,0
64645766,53,13,20,4,1,39,21,19,3,2,90,11,19,3,2,31,7,19,5,0,87,24,19,4,1,71,14,20,3,2
64643817,75,22,20,5,0,23,18,20,3,2,52,24,20,5,0,23,18,20,4,1,46,16,20,4,1,18,15,20,3,2
64645197,44,25,20,4,1,11,16,19,4,1,89,9,19,4,1,76,3,19,5,0,2,11,20,3,2,90,11,20,3,2
64646103,63,15,20,4,1,21,9,20,3,2,18,15,20,4,1,70,6,20,3,2,53,13,20,4,1,65,16,20,5,0
64642040,58,10,20,4,1,26,9,20,3,2,76,3,20,5,0,18,15,20,3,2,83,6,20,4,1,64,24,20,4,1
64641207,1,15,20,3,2,75,22,20,4,1,33,1,20,4,1,67,14,19,5,0,82,21,19,4,1,11,16,20,5,0
64653089,17,5,20,4,1,48,3,20,4,1,74,3,20,5,0,10,1,20,4,1,49,19,20,3,2,15,5,19,4,1
64664131,77,24,20,5,0,53,14,18,4,0,86,1,19,5,0,76,3,20,4,1,62,11,18,4,1,33,1,18,5,0
64653352,43,5,20,3,2,10,1,20,4,1,47,4,20,5,0,78,16,20,5,0,7,1,20,5,0,70,6,20,4,1
64640463,9,10,20,3,2,50,21,19,4,1,83,6,19,5,0,29,1,20,5,0,67,14,19,5,0,21,9,20,5,0
64652629,31,7,20,4,1,26,9,20,5,0,75,22,20,3,0,10,1,19,3,0,86,1,19,3,0,83,6,19,4,0
64651832,18,15,20,3,2,15,5,20,3,2,27,9,20,4,0,17,5,20,4,1,29,1,19,5,0,11,18,20,3,2
64641531,49,19,20,5,0,61,5,20,5,0,53,14,19,4,1,6,8,20,4,1,35,2,20,5,0,89,9,20,4,1
64656221,68,1,19,4,1,89,9,20,3,2,39,21,20,5,0,32,5,20,3,2,37,15,19,5,0,65,16,19,4,1
64656991,11,18,20,3,2,56,20,20,5,0,29,1,20,2,3,89,9,19,3,2,33,1,19,4,1,37,15,18,4,1
64641504,83,6,20,4,1,78,16,20,4,1,81,9,20,3,2,44,25,20,4,1,88,3,19,4,1,70,6,20,3,2
64642529,28,3,19,5,0,18,15,19,4,1,14,21,19,4,1,1,18,20,3,2,90,11,19,4,1,46,16,20,3,1
64640198,36,5,20,4,1,39,18,20,2,3,28,3,20,3,2,83,6,20,4,1,78,16,20,3,2,81,9,20,4,1
64638888,74,3,20,3,2,28,3,19,3,2,65,16,20,3,2,83,6,20,4,1,23,18,20,5,0,19,6,19,5,0
64645547,83,6,20,3,2,67,14,20,2,3,82,21,20,4,1,33,1,20,5,0,78,16,20,4,1,81,9,19,4,1
64644332,70,6,20,3,2,76,3,20,4,1,29,1,20,4,1,31,7,19,4,1,43,5,19,4,1,68,1,18,2,1
64643158,33,1,18,4,1,28,3,19,5,0,81,9,19,4,1,80,19,19,2,2,32,5,19,4,1,1,18,19,5,0
64637942,23,18,20,4,1,76,3,19,5,0,70,6,20,3,2,64,24,17,4,1,77,24,19,5,0,26,9,18,4,1
64643935,4,3,20,5,0,5,6,19,5,0,10,1,19,3,2,40,6,20,3,2,7,2,20,4,1,1,15,19,4,1
64662475,11,16,20,5,0,15,5,20,4,1,78,16,20,4,1,55,14,20,5,0,74,3,20,5,0,31,7,20,4,1
64664493,58,10,20,3,2,19,24,20,5,0,88,3,20,4,1,53,14,20,5,0,84,18,20,3,2,21,9,20,4,1
64663375,50,21,19,4,1,7,1,20,5,0,28,3,20,3,2,56,20,20,5,0,70,6,20,5,0,28,3,20,4,1
64660656,72,11,20,4,1,58,10,20,4,1,19,24,20,4,1,90,11,20,5,0,89,9,20,5,0,61,5,20,5,0
64641772,77,24,20,4,1,72,11,20,4,1,28,13,20,3,2,18,15,20,3,2,76,3,20,5,0,8,22,20,4,1
64642482,4,13,20,3,2,39,18,20,4,1,89,9,20,4,1,28,3,20,4,1,90,11,20,4,1,1,18,19,4,1
64656503,27,16,20,4,1,3,21,20,4,1,1,18,20,3,2,68,1,19,5,0,1,15,19,5,0,21,9,20,2,3
64662831,36,5,20,3,2,88,3,20,5,0,24,21,20,5,0,29,1,20,4,1,1,15,20,4,1,12,7,19,4,1
64642211,3,16,20,4,1,1,15,20,5,0,65,16,19,4,0,6,8,20,2,3,33,1,20,5,0,2,9,20,4,1
64664006,1,15,20,5,0,11,16,20,4,1,48,3,20,3,2,15,5,19,4,0,25,11,20,5,0,19,6,19,4,0
64649072,61,5,20,3,2,19,6,20,5,0,65,16,20,5,0,79,8,20,4,1,1,15,20,5,0,74,3,20,3,2
64656954,25,11,20,4,1,5,6,19,5,0,89,9,20,4,1,86,1,20,4,1,31,7,20,2,3,13,19,20,5,0
64592961,80,19,20,3,0,39,21,20,5,0,4,3,20,5,0,4,13,19,3,2,74,3,20,5,0,9,10,20,5,0
64549477,14,21,19,4,1,59,2,19,4,1,80,19,19,4,1,81,9,19,4,1,47,4,19,4,1,46,16,20,4,1
64550726,12,7,20,4,1,1,15,20,3,2,4,13,20,3,2,80,19,20,4,1,21,9,20,3,2,53,14,20,5,0
64593583,25,11,20,4,1,23,15,20,3,2,64,24,20,3,2,66,24,20,5,0,10,1,20,4,1,32,5,20,4,1
64641297,76,3,20,3,2,72,11,19,3,2,22,3,20,4,1,9,10,20,4,1,11,16,19,5,0,79,8,20,4,1
64548151,1,15,20,3,2,81,9,20,4,1,68,1,19,5,0,47,4,19,3,2,26,9,20,3,2,53,14,20,5,0
64653971,7,2,20,4,1,28,3,20,4,1,62,11,20,5,0,77,24,20,3,2,58,10,20,3,2,50,21,20,4,1
64654998,63,15,20,4,1,78,16,20,4,1,41,24,19,5,0,78,16,20,4,1,60,6,20,4,1,59,2,20,5,0
64653497,50,21,20,3,1,10,1,20,4,1,5,6,20,4,1,64,24,20,3,2,37,15,20,5,0,80,19,19,4,1
64657563,62,11,20,3,2,20,4,20,5,0,72,11,20,4,1,72,11,20,4,1,13,19,20,3,0,54,8,20,4,1
64640651,90,11,20,5,0,8,22,20,4,1,59,2,20,4,1,56,20,19,3,2,39,18,20,4,1,76,3,20,2,1
64632588,48,3,20,4,1,33,1,20,4,1,40,6,20,4,1,1,15,20,2,3,16,9,20,5,0,88,3,19,3,2
64630520,52,24,20,2,3,4,3,20,4,1,63,15,20,4,1,5,6,20,4,1,80,19,19,4,1,90,11,20,4,1
64657631,67,14,20,5,0,61,5,20,4,1,1,18,20,4,1,34,23,20,3,2,76,3,19,4,0,23,18,20,5,0
64604224,16,9,20,3,2,18,15,20,3,2,11,16,20,5,0,18,15,20,5,0,60,6,20,4,1,76,3,20,5,0
64598716,12,6,19,3,2,1,18,20,4,1,68,1,19,5,0,76,3,20,5,0,1,15,20,3,2,86,1,20,5,0
64601098,11,16,20,5,0,75,22,20,3,2,25,11,20,3,2,17,5,20,4,1,4,13,20,5,0,12,7,20,5,0
64659886,8,22,20,4,1,31,7,20,3,2,15,5,20,4,1,49,19,20,5,0,73,24,20,4,0,8,22,20,3,2
64601680,38,9,20,3,2,22,3,20,4,1,51,22,20,4,1,14,21,20,4,1,89,9,20,3,2,74,3,20,5,0
64599644,76,3,20,4,1,21,9,20,5,0,2,9,20,5,0,81,9,20,4,1,71,14,20,4,1,89,9,20,5,0
64659888,79,8,20,3,2,23,18,20,5,0,47,4,19,5,0,1,18,20,4,1,50,21,20,4,1,29,1,20,5,0
64659024,65,16,20,5,0,47,4,20,3,2,12,7,19,4,1,9,10,20,3,2,68,1,19,5,0,1,15,19,4,1
64655805,45,4,20,4,1,1,15,20,4,1,24,21,20,3,2,83,6,20,4,1,70,6,20,4,1,77,24,19,4,1
64640106,63,15,20,4,1,54,8,20,4,1,82,21,20,5,0,89,9,20,4,1,55,14,20,5,0,74,3,20,4,1
64641753,62,11,20,3,2,46,16,20,4,1,65,16,20,4,1,64,24,19,5,0,45,4,20,4,1,36,5,20,4,1
64645049,72,11,20,4,1,53,14,20,3,2,82,21,20,4,1,30,13,19,3,1,79,8,20,4,1,70,6,20,4,1
64589666,32,5,20,4,1,1,15,20,4,1,14,21,20,4,1,82,21,20,5,0,4,13,20,4,1,17,5,20,4,1
64608204,57,23,20,4,1,12,7,20,3,2,50,21,20,4,1,79,8,19,4,0,76,3,19,5,0,48,3,20,3,1
64590155,64,24,20,4,1,25,11,20,4,1,39,21,20,5,0,58,10,20,4,1,74,3,19,5,0,19,6,20,4,1
64589002,45,4,20,4,1,87,24,20,3,2,31,7,20,4,1,31,7,20,4,1,33,1,20,5,0,78,16,20,4,1
64609524,4,3,20,4,1,15,6,20,3,2,64,24,20,5,0,4,13,19,5,0,1,15,19,5,0,89,9,19,4,1
64590421,36,5,20,4,1,47,4,20,4,1,78,16,20,4,1,2,11,20,3,2,21,9,20,3,2,55,14,19,4,0
64588029,49,19,20,4,1,37,15,20,4,1,15,6,20,4,1,31,7,20,3,2,26,9,20,4,0,76,3,20,5,0
64654709,58,10,20,4,1,8,22,20,3,2,90,11,20,4,1,20,4,19,5,0,5,6,20,3,2,83,6,19,5,0
64655352,24,21,20,4,1,50,21,20,5,0,1,15,20,4,1,77,24,20,4,1,80,19,20,4,1,1,16,20,4,1
64654249,6,8,20,3,2,79,8,20,3,2,7,1,20,4,1,67,14,20,5,0,36,5,20,4,1,19,6,20,5,0
64654605,38,9,20,4,1,71,14,20,4,1,41,24,20,5,0,8,22,20,4,1,48,3,20,4,1,87,24,20,4,1
64652701,81,9,20,4,1,13,19,20,3,0,19,24,20,4,1,58,10,20,5,0,1,18,20,5,0,53,14,20,4,1
64654103,24,21,20,5,0,38,9,20,4,1,88,3,19,4,1,76,3,19,4,1,1,15,20,5,0,62,11,20,4,1
64653401,1,15,20,5,0,28,3,20,5,0,19,6,20,4,1,71,14,20,5,0,19,24,20,4,1,44,25,20,4,1
64663511,79,8,20,4,1,61,5,20,4,1,3,21,20,5,0,18,15,20,3,2,49,19,20,4,1,2,9,20,4,1
64632982,33,1,20,5,0,25,11,20,3,2,90,11,20,5,0,33,1,20,4,1,24,21,20,3,2,1,18,20,3,2
64624698,64,24,20,5,0,62,11,20,5,0,63,15,20,4,1,23,18,20,5,0,1,15,20,4,1,43,5,20,4,1
64496194,16,9,20,5,0,36,5,20,4,1,8,22,20,5,0,78,16,20,3,2,41,24,20,3,0,65,16,20,5,0
64495300,63,15,20,4,0,79,8,20,5,0,38,9,20,3,2,87,24,20,4,1,17,5,20,4,1,8,22,19,4,1
64662674,6,7,20,4,1,24,21,20,4,1,33,1,20,5,0,37,15,20,3,2,76,3,20,4,1,84,18,20,4,1
64663604,31,7,20,3,2,77,24,20,5,0,53,14,19,5,0,33,1,20,3,2,3,21,20,4,1,70,6,20,4,1
64497012,53,14,20,5,0,84,18,20,5,0,33,1,20,5,0,14,21,19,4,1,32,5,20,4,1,28,3,20,5,0
64498198,66,24,20,5,0,31,7,20,3,2,84,18,20,4,1,71,14,20,5,0,89,9,20,4,1,63,15,20,4,1
64499514,50,21,18,5,0,39,18,18,4,1,82,21,19,3,2,87,24,19,4,1,89,9,20,3,2,43,5,19,4,1
64588106,63,15,20,4,1,67,14,20,4,1,41,24,20,5,0,80,19,20,4,1,33,1,20,4,1,78,16,20,3,2
64661198,80,19,20,4,1,2,11,20,2,3,88,3,19,4,1,43,5,20,3,2,88,3,20,4,1,49,19,20,4,1
64586543,47,4,20,4,1,23,18,20,5,0,51,22,20,4,1,52,24,20,5,0,54,8,20,4,1,1,15,20,5,0
64587156,87,24,20,4,1,22,3,19,4,1,16,9,20,3,2,64,24,20,4,1,77,24,19,5,0,51,22,20,5,0
64585334,52,24,20,4,1,25,11,20,4,1,51,22,20,5,0,89,9,20,4,1,53,14,20,5,0,87,24,20,4,1
64660345,3,21,19,4,1,70,6,20,5,0,42,24,20,4,1,19,24,19,3,1,79,8,19,5,0,89,9,19,5,0
64583931,52,24,20,5,0,16,9,20,4,1,51,22,19,4,1,2,9,20,4,1,8,22,20,4,1,87,24,20,4,1
64651072,9,10,20,3,2,26,9,20,4,1,1,15,20,3,2,1,15,19,4,1,59,2,19,4,1,37,15,20,5,0
64648338,55,14,20,5,0,89,9,20,3,2,17,5,19,3,2,40,6,19,4,0,34,23,20,5,0,77,24,19,4,0
64664662,3,21,20,4,1,77,24,20,5,0,71,14,20,5,0,53,14,19,4,0,89,9,20,4,1,31,7,20,4,1
64537466,1,15,20,3,2,11,16,20,5,0,90,11,20,4,1,24,3,20,4,1,25,11,20,5,0,12,7,20,3,2
64637054,80,19,20,3,2,67,14,19,3,2,33,1,19,4,1,81,9,20,4,1,65,16,19,5,0,89,9,19,5,0
64640644,68,1,19,5,0,58,10,20,5,0,90,11,20,4,1,50,21,18,4,0,77,24,18,4,0,11,18,18,3,1
64665030,33,1,19,4,1,65,16,20,4,1,7,2,19,4,1,2,11,19,5,0,90,11,19,4,1,50,21,19,4,0
64660877,82,21,20,3,2,81,9,20,2,3,53,14,20,5,0,89,9,19,5,0,11,16,19,5,0,77,24,20,4,1
64641423,78,16,20,4,1,81,9,20,4,1,89,9,20,3,2,35,1,20,4,1,31,7,20,3,2,21,9,20,4,1
64639474,89,9,20,4,1,9,10,20,3,2,53,14,19,4,1,29,1,19,4,1,42,24,20,4,1,33,1,19,5,0
64659923,39,21,20,4,1,6,8,20,3,2,53,14,20,5,0,72,11,20,4,1,1,15,20,4,1,39,21,19,5,0
64661687,54,8,20,3,2,11,16,20,5,0,77,24,20,3,2,86,1,20,5,0,76,3,20,5,0,42,24,19,3,0
64663962,4,3,19,5,0,7,1,19,5,0,72,11,19,3,2,89,9,20,4,1,39,21,20,4,1,50,21,19,5,0
64642043,18,15,20,4,1,47,4,20,4,1,11,16,20,5,0,9,10,20,4,1,39,21,20,5,0,22,3,20,4,1
64647699,6,7,20,2,2,90,11,20,5,0,47,4,20,5,0,42,24,19,5,0,46,16,20,4,1,16,9,20,4,1
64648119,37,15,20,5,0,11,18,20,4,1,14,21,20,5,0,32,5,20,5,0,75,22,20,4,1,50,21,20,3,2
64646391,79,8,20,3,2,39,18,20,4,1,18,15,20,4,1,17,5,20,4,0,1,15,20,5,0,29,1,20,4,0
64646846,80,19,20,4,1,82,21,20,3,2,50,21,20,4,1,5,6,20,3,2,55,14,20,4,1,17,5,20,4,1
64566402,19,6,20,4,1,8,22,20,5,0,90,11,20,5,0,65,16,20,4,1,19,6,20,5,0,8,22,20,4,1
64656268,81,9,20,5,0,65,16,20,4,1,1,15,20,5,0,79,8,20,4,1,5,6,20,4,1,10,1,20,5,0
64568531,10,20,20,5,0,81,9,20,4,1,33,1,20,4,1,65,16,20,4,1,55,14,19,5,0,24,3,20,4,1
64618424,63,15,20,5,0,64,24,20,5,0,31,7,20,4,1,47,4,20,4,1,78,16,20,4,1,87,24,20,5,0
64650993,87,24,20,4,1,1,15,20,3,2,8,22,20,4,1,89,9,20,5,0,53,14,20,5,0,58,10,20,4,1
64649181,84,18,20,3,2,14,21,20,3,2,17,5,20,4,1,59,2,19,3,0,64,24,19,4,1,24,21,20,3,1
64623976,70,6,20,3,2,2,11,20,4,1,76,3,20,4,0,17,5,20,4,1,39,21,20,3,1,23,15,20,4,1
64634190,34,23,20,4,1,76,3,19,4,1,62,11,19,4,1,56,20,20,5,0,17,5,20,5,0,22,3,20,5,0
64621720,15,5,20,3,2,16,9,20,5,0,22,3,20,3,2,46,16,20,5,0,13,15,20,3,0,81,9,19,5,0
64627099,68,1,20,5,0,70,6,20,1,4,12,7,20,4,1,34,23,20,3,2,1,15,20,5,0,30,13,20,4,1
64655979,59,2,20,4,1,53,14,19,5,0,31,7,20,4,1,22,3,19,4,0,14,21,19,4,1,2,9,20,5,0
64655301,31,7,19,4,1,53,14,19,4,1,60,6,20,3,2,35,1,20,5,0,60,6,19,5,0,1,15,19,4,1
64655893,74,3,19,4,1,76,3,19,3,2,9,10,19,4,1,31,7,19,3,1,26,9,19,4,1,89,9,19,2,2
64622487,11,16,20,4,1,44,25,19,4,1,32,5,20,4,1,44,25,19,4,1,35,1,19,4,1,77,24,19,4,1
64625592,72,11,20,4,1,48,3,20,4,1,27,16,20,4,0,61,5,20,5,0,76,3,20,3,2,65,16,19,3,1
64628924,72,11,20,4,1,51,22,20,3,1,81,9,19,4,1,76,3,20,4,1,83,6,19,5,0,31,7,20,2,3
64657857,70,6,20,4,1,30,13,20,5,0,90,11,20,3,2,76,3,20,4,1,70,6,20,5,0,63,15,20,4,1
64659274,14,21,20,5,0,65,16,20,5,0,58,10,20,4,1,79,8,19,5,0,31,7,20,4,1,45,4,18,2,0
64661100,44,25,20,3,2,72,11,19,5,0,61,5,20,4,1,90,11,20,5,0,15,6,20,4,1,53,14,19,4,1
64662287,75,22,20,4,1,7,2,20,5,0,70,6,20,4,1,12,7,20,4,1,11,16,20,5,0,53,14,19,5,0
64657199,17,5,20,5,0,28,13,19,4,0,23,18,19,5,0,39,18,19,5,0,73,24,19,4,0,86,1,20,4,1
64659676,72,11,20,4,1,80,19,20,4,0,4,13,19,4,1,26,9,20,4,1,46,16,20,3,2,39,18,20,5,0
64658815,11,16,20,4,1,56,20,20,3,2,83,6,20,5,0,48,3,20,4,1,26,9,20,5,0,59,2,20,5,0
64619076,5,5,19,4,1,58,10,20,5,0,65,16,20,4,1,19,6,20,5,0,27,2,20,4,0,53,14,20,5,0
64625895,18,15,20,3,2,4,13,20,4,1,82,21,20,3,2,74,3,20,4,1,9,10,20,5,0,1,15,20,5,0
64620946,4,13,18,4,1,74,3,19,4,1,81,9,20,4,1,89,9,20,5,0,47,4,20,5,0,65,16,19,5,0
64629363,48,3,20,5,0,61,5,20,5,0,28,3,20,5,0,74,3,20,5,0,72,11,20,4,1,67,14,20,5,0
64623415,19,6,20,4,1,10,20,20,3,2,88,3,20,3,2,39,21,19,5,0,79,8,19,4,1,35,2,19,5,0
64627582,33,1,20,3,2,42,24,20,5,0,89,9,20,4,1,76,3,20,4,1,90,11,20,4,1,65,16,20,3,2
64659555,25,11,20,5,0,74,3,20,5,0,19,6,20,5,0,46,16,20,4,0,70,6,20,5,0,85,13,20,3,1
64656967,49,19,20,2,3,27,16,19,4,0,23,18,19,3,2,33,1,14,2,0,2,9,16,4,0,80,19,14,0,0
64655275,30,13,19,5,0,31,7,20,4,1,2,9,20,3,2,81,9,19,3,2,67,14,19,3,1,1,18,19,5,0
64655759,17,5,20,3,2,14,21,19,4,1,1,14,20,4,1,62,11,19,3,1,37,15,19,4,0,50,21,19,2,1
64656336,74,3,19,5,0,67,14,19,2,2,26,9,19,5,0,36,5,18,3,2,47,4,18,3,0,23,18,19,4,1
64658037,17,5,19,3,2,76,3,19,5,0,3,21,19,4,1,48,3,19,4,1,40,6,19,3,1,23,18,19,5,0
64655517,72,11,19,4,1,88,3,19,3,0,89,9,18,5,0,72,11,19,4,1,46,16,19,5,0,90,11,19,3,2
64654463,63,15,19,4,1,82,21,20,4,1,70,6,20,3,2,37,15,20,4,1,14,21,19,5,0,49,19,20,5,0
64609506,48,3,20,5,0,1,15,20,5,0,2,10,20,4,1,28,13,20,3,2,88,3,19,5,0,54,8,19,4,1
64617443,87,24,20,4,1,83,6,20,4,1,9,10,20,4,1,30,13,20,4,1,58,10,20,3,2,17,5,20,4,1
64610343,5,5,20,4,1,83,6,20,4,0,9,10,20,4,1,78,16,20,4,1,28,3,19,4,1,18,15,20,4,1
64640045,31,7,20,4,1,42,24,20,5,0,3,21,20,4,1,31,7,20,3,2,76,3,20,5,0,18,15,20,4,1
64615919,81,9,20,3,2,83,6,20,5,0,88,3,19,4,1,46,16,20,5,0,28,3,20,5,0,90,11,19,3,2
64618896,83,6,20,5,0,28,3,20,4,1,33,1,20,4,1,4,3,20,5,0,2,10,20,4,1,37,15,20,4,1
64606869,15,5,19,3,2,72,11,20,4,1,33,1,19,5,0,55,14,19,4,1,58,10,20,4,1,28,3,20,4,1
64640919,4,13,20,4,0,17,5,20,4,1,89,9,20,4,1,2,10,20,5,0,4,13,19,3,0,83,6,20,5,0
64638138,46,16,20,4,1,83,6,19,5,0,25,11,20,4,1,87,24,19,5,0,70,6,19,5,0,43,5,20,3,2
64615452,28,3,19,5,0,26,9,20,4,1,49,19,20,4,1,24,3,20,4,1,76,3,19,4,1,86,1,20,5,0
64611013,90,11,19,4,1,35,1,20,4,1,47,4,19,3,2,23,15,20,5,0,63,15,20,4,1,66,24,19,4,1
64609637,89,9,20,5,0,33,1,20,4,1,13,15,20,3,1,63,15,20,5,0,35,1,20,4,1,75,22,20,4,1
64658728,22,3,19,5,0,14,21,18,4,1,21,9,18,4,1,61,5,19,4,1,33,1,19,4,1,17,5,19,4,0
64661516,76,3,20,4,0,49,19,20,5,0,62,11,20,4,0,7,2,20,4,1,90,11,20,5,0,82,21,20,3,2
64661871,35,1,20,5,0,28,3,19,5,0,79,8,20,4,1,77,24,20,5,0,29,1,19,4,1,11,16,19,5,0
64659699,90,11,19,4,1,24,3,19,4,1,33,1,19,4,1,17,5,20,4,1,47,4,19,4,1,89,9,19,4,1
64619318,88,3,19,4,1,34,23,19,4,1,35,1,19,5,0,61,5,19,4,1,22,3,19,4,1,23,15,19,4,1
64620984,58,10,19,4,1,86,1,19,4,1,14,21,19,5,0,25,11,19,4,1,22,3,19,3,2,18,15,19,4,1
64654689,6,8,20,2,3,42,24,20,4,1,23,18,20,4,1,32,5,20,4,1,12,7,20,4,1,76,3,19,4,1
64657894,27,6,19,3,1,33,1,19,4,1,2,11,20,5,0,80,19,19,3,1,18,15,19,5,0,22,3,19,4,0
64654182,71,14,20,4,0,8,22,20,3,2,2,11,20,4,1,23,18,19,5,0,17,5,20,4,1,28,3,20,4,0
64656648,46,16,20,4,1,32,5,20,3,2,90,11,20,4,1,24,21,20,5,0,53,13,19,4,0,19,24,20,5,0
64653227,40,6,20,2,3,34,23,19,3,2,68,1,19,5,0,56,20,20,5,0,89,9,19,5,0,2,11,20,4,1
64655762,7,1,20,5,0,89,9,20,3,2,74,3,20,4,1,81,9,20,4,1,56,20,19,5,0,3,19,20,4,1
64652885,28,3,20,4,1,72,11,20,5,0,46,16,19,4,0,70,6,19,4,1,90,11,19,4,1,79,8,19,4,1
64657240,3,21,18,4,1,42,24,19,5,0,22,3,18,4,0,10,1,19,4,1,31,7,19,3,2,88,3,19,5,0
64656154,16,9,20,3,2,85,13,20,4,1,90,11,19,4,1,42,24,20,4,1,44,25,20,5,0,90,11,20,4,1
64628100,49,19,20,4,1,81,9,20,3,2,50,21,20,4,1,77,24,20,5,0,11,18,20,5,0,1,15,20,4,1
64612752,89,9,20,4,1,76,3,20,4,1,9,10,20,4,1,16,9,20,4,1,57,23,20,3,2,8,22,20,4,1
64613787,28,3,20,4,1,50,21,20,4,1,17,5,20,4,1,23,18,19,4,1,25,11,19,5,0,12,7,19,4,1
64621621,27,9,20,4,0,35,2,20,4,1,31,7,20,4,1,81,9,18,4,0,7,1,19,5,0,37,15,19,5,0
64626617,16,9,20,4,1,75,22,20,4,1,53,14,20,4,1,76,3,20,5,0,58,10,20,4,1,18,15,20,3,2
64625211,74,3,20,4,1,17,5,20,3,2,1,15,20,4,1,61,5,20,3,2,1,15,19,4,1,29,1,20,5,0
64660614,29,1,20,4,1,6,7,19,4,1,35,2,20,5,0,18,15,20,4,1,58,10,20,4,1,63,15,20,5,0
64658713,28,3,18,5,0,70,6,18,5,0,50,21,18,5,0,33,1,18,5,0,17,5,17,4,1,37,15,18,5,0
64658346,47,4,20,4,1,78,16,19,3,2,54,8,19,4,1,90,11,20,5,0,44,25,20,4,0,33,1,19,5,0
64659342,70,6,19,4,1,11,16,20,5,0,17,5,20,5,0,89,9,20,5,0,33,1,20,5,0,48,3,19,4,1
64657582,48,3,20,4,1,74,3,19,5,0,24,3,20,5,0,19,24,19,5,0,10,20,19,4,1,21,9,20,4,1
64661656,44,25,19,3,2,33,1,20,5,0,70,6,20,4,1,33,1,20,5,0,75,22,20,3,2,1,15,20,3,2
64662009,47,4,20,4,1,1,15,20,4,1,6,7,20,5,0,55,14,19,5,0,54,8,19,4,1,1,15,19,4,1
64662587,12,7,20,4,1,22,3,20,4,1,74,3,20,5,0,72,11,20,3,2,22,3,20,4,1,30,13,20,4,1
64636658,89,9,20,3,2,1,14,19,5,0,80,19,20,4,1,3,21,20,5,0,30,13,19,4,1,43,5,20,4,1
64635798,46,16,20,4,1,35,1,20,3,2,27,9,20,4,1,90,11,20,5,0,72,11,20,4,1,85,13,19,2,1
64638136,42,24,20,4,1,3,21,19,3,2,11,16,19,4,1,86,1,19,4,1,42,24,19,5,0,72,11,20,2,3
64634490,61,5,20,5,0,83,6,20,5,0,70,6,20,2,3,74,3,20,5,0,22,3,20,5,0,89,9,20,3,2
64623452,70,6,20,3,2,11,16,20,5,0,50,21,20,4,1,87,24,20,5,0,89,9,19,4,1,74,3,19,4,0
64655330,63,15,19,4,1,11,16,19,5,0,72,11,20,5,0,29,2,19,5,0,89,9,19,4,1,81,9,19,5,0
64631363,80,19,20,4,1,31,7,20,3,2,87,24,20,4,1,90,11,20,1,4,39,21,20,3,2,33,1,20,4,1
64655844,90,11,19,3,2,53,14,19,4,1,71,14,19,5,0,46,16,20,4,1,18,15,19,5,0,23,18,19,4,1
64656455,81,9,20,4,1,4,3,20,5,0,3,21,20,5,0,72,11,20,3,2,55,14,19,4,0,23,18,20,3,2
64654738,90,11,19,3,2,81,9,19,3,2,4,3,20,4,1,23,18,20,3,2,17,5,19,5,0,11,16,19,4,1
64618112,55,14,20,4,1,31,7,20,4,1,19,24,20,5,0,90,11,20,5,0,63,15,20,5,0,35,2,20,4,0
64624035,77,24,20,4,1,85,13,19,5,0,75,22,20,4,1,22,3,20,4,1,29,2,19,4,1,32,5,20,3,2
64664389,74,3,20,5,0,24,3,20,3,2,70,6,20,3,2,73,24,19,4,1,2,10,20,4,1,10,1,20,4,1
64621992,74,3,20,4,1,10,1,19,3,2,77,24,20,3,2,67,14,19,4,0,76,3,18,2,0,43,5,18,4,0
64663567,84,18,20,4,1,58,10,19,4,1,36,5,19,2,3,81,9,19,5,0,72,11,19,4,1,76,3,19,4,1
64496826,57,23,20,2,3,46,16,19,4,1,37,15,20,4,1,67,14,20,5,0,28,3,20,3,2,75,22,20,5,0
64546019,87,24,19,3,2,54,8,19,4,1,11,16,19,5,0,1,14,19,5,0,40,6,20,5,0,29,1,20,4,1
64538374,49,19,19,4,1,78,16,19,4,1,27,9,19,4,0,71,14,19,5,0,2,9,20,5,0,26,9,20,3,1
64658409,86,1,20,5,0,70,6,20,3,2,11,16,19,5,0,85,13,19,2,1,72,11,20,4,0,89,9,19,4,0
64547118,50,21,20,5,0,59,2,19,5,0,27,6,20,5,0,32,5,20,0,5,24,21,20,4,1,30,13,20,5,0
64489850,89,9,19,4,1,35,2,19,4,0,44,25,19,4,1,42,24,19,4,1,44,25,19,5,0,58,10,19,4,1
64656885,14,21,19,5,0,66,24,20,4,1,46,16,20,4,0,88,3,20,4,1,50,21,19,2,1,31,7,20,3,2
64549975,16,9,19,4,1,4,3,19,3,2,74,3,19,3,2,47,4,19,5,0,48,3,19,5,0,36,5,19,3,2
64548600,35,2,20,3,2,88,3,20,4,1,63,15,20,4,1,27,2,20,4,0,59,2,20,3,2,25,11,20,4,1
64537690,30,13,19,3,1,22,3,20,4,1,2,11,19,4,1,61,5,19,3,2,59,2,20,4,1,29,1,20,3,2
64645747,80,19,20,4,1,46,16,20,2,3,67,14,20,5,0,67,14,20,5,0,56,20,20,5,0,28,3,20,5,0
64644395,52,24,20,4,1,90,11,20,5,0,89,9,20,4,1,69,9,20,5,0,44,25,19,3,1,2,9,20,3,2
64643619,23,18,20,5,0,67,14,20,4,1,2,11,20,4,1,80,19,20,3,2,88,3,20,5,0,21,9,20,4,1
64642707,67,14,20,4,1,14,21,20,4,1,66,24,19,5,0,30,13,20,5,0,19,6,19,4,1,48,3,19,3,2
64641556,55,14,20,3,2,74,3,20,4,1,63,15,19,4,1,35,2,20,4,1,39,21,20,5,0,17,5,20,4,1
64637621,21,9,20,4,1,59,2,20,3,2,39,18,20,4,1,64,24,20,4,1,28,3,20,5,0,14,21,19,4,1
64668105,37,15,19,5,0,28,3,19,3,1,70,6,19,4,1,47,4,19,3,2,21,9,19,4,1,60,6,19,5,0
64666822,50,21,20,4,1,70,6,20,4,1,90,11,20,4,1,74,3,20,5,0,63,15,20,3,2,70,6,20,3,2
64665997,50,21,20,4,1,18,15,20,3,2,84,18,20,4,1,20,4,19,3,1,70,6,20,4,1,71,14,20,5,0
64664757,36,5,20,3,2,19,24,19,5,0,8,22,20,4,1,76,3,20,5,0,89,9,20,3,2,14,21,20,4,1
64658960,76,3,19,5,0,9,9,20,3,2,80,19,20,4,1,42,24,20,4,1,59,2,19,5,0,56,20,19,4,1
64651929,78,16,20,4,1,21,9,20,3,2,42,24,20,4,1,43,5,20,5,0,47,4,19,4,1,80,19,20,4,1
64651576,80,19,19,4,1,2,11,20,4,1,18,15,20,2,3,33,1,19,4,1,36,5,19,4,1,23,18,20,5,0
64651224,9,10,20,3,2,30,13,20,4,1,72,11,20,3,2,28,3,20,4,1,90,11,20,5,0,33,1,20,4,1
64663292,86,1,19,4,0,66,24,20,5,0,59,2,20,4,0,54,8,20,3,2,55,14,20,4,1,46,16,20,4,1
64662556,81,9,20,4,1,35,1,20,3,2,24,3,20,3,2,17,5,20,4,1,71,14,19,3,1,25,11,20,5,0
64667022,19,6,20,4,1,22,3,20,5,0,6,8,20,4,1,74,3,20,5,0,21,9,20,3,2,23,15,20,5,0
64666090,61,5,20,4,1,20,4,20,5,0,36,5,20,3,2,55,14,20,4,0,65,16,20,5,0,1,18,20,4,1
64664946,59,2,20,5,0,60,6,20,4,1,43,5,19,1,4,12,6,19,4,1,72,11,20,4,1,65,16,20,4,1
64664622,22,3,19,3,2,4,3,19,4,1,1,15,19,5,0,76,3,19,5,0,32,5,18,4,1,89,9,18,4,1
64663120,21,9,19,3,2,29,1,18,4,1,33,1,18,4,0,28,3,17,4,1,31,7,18,5,0,78,16,17,5,0
64659568,74,3,18,5,0,61,5,19,4,1,19,6,19,5,0,82,21,19,4,1,69,9,18,4,1,24,3,19,4,1
64658772,1,15,18,5,0,33,1,18,3,2,39,18,19,5,0,24,3,19,5,0,81,9,18,3,1,74,3,18,3,1
64657801,1,15,20,3,2,81,9,20,4,1,38,9,20,4,1,1,15,20,3,2,58,10,20,3,2,39,21,20,5,0
64657283,26,9,19,4,1,47,4,19,3,2,89,9,19,2,3,44,25,20,4,1,23,18,20,3,2,89,9,20,5,0
64656553,54,8,19,3,2,87,24,20,4,1,18,15,20,4,1,43,5,19,4,1,24,21,20,3,0,39,21,19,3,0
64655636,18,15,20,5,0,14,21,19,5,0,47,4,19,4,1,48,3,19,4,0,85,13,20,3,0,35,2,19,4,0
64633790,14,21,20,4,1,27,16,20,4,0,84,18,20,4,1,30,13,20,4,1,32,5,20,4,1,1,15,20,5,0
64617977,23,18,20,4,1,17,5,20,5,0,64,24,19,5,0,74,3,20,5,0,70,6,20,4,1,75,22,20,4,1
64560864,40,6,20,3,2,23,18,20,4,1,17,5,20,3,2,65,16,20,5,0,19,6,20,3,0,86,1,20,3,0
64559652,25,11,20,4,1,89,9,20,5,0,29,2,20,5,0,18,15,20,4,1,28,3,20,4,1,48,3,20,4,1
64558079,26,9,20,4,1,20,4,20,4,1,58,10,20,3,2,55,14,20,4,1,25,11,20,5,0,58,10,20,3,2
64556599,36,5,19,3,2,48,3,19,5,0,1,18,20,4,1,70,6,20,4,1,45,4,19,4,1,90,11,20,4,1
64648608,19,24,20,5,0,89,9,20,5,0,17,5,19,3,2,16,9,20,3,2,46,16,20,4,1,14,21,20,4,1
64646930,73,24,20,4,0,46,16,20,4,1,38,9,20,4,1,11,18,20,5,0,29,1,20,5,0,6,8,19,5,0
64616763,1,15,20,5,0,74,3,20,4,1,31,7,20,4,1,76,3,20,3,2,89,9,20,4,1,54,8,19,4,1
64598979,65,16,20,4,1,89,9,20,5,0,80,19,20,4,1,50,21,20,4,1,54,8,20,5,0,61,5,20,4,1
64596915,11,16,20,5,0,9,10,20,4,1,1,15,20,4,1,23,18,20,4,1,54,8,20,4,1,10,1,20,5,0
64537625,32,5,20,4,1,54,8,20,3,2,13,15,20,3,1,46,16,20,4,1,76,3,19,4,1,54,8,20,5,0
64411682,11,18,20,4,1,70,6,20,3,2,1,15,20,5,0,50,21,20,4,1,89,9,20,3,2,54,8,20,3,2
64318466,1,15,20,5,0,45,4,19,5,0,3,21,20,5,0,23,15,20,4,1,77,24,20,4,1,50,21,20,3,2
64311781,25,11,20,4,1,19,6,20,4,1,18,15,20,4,1,1,15,20,4,1,54,8,20,3,2,10,1,19,5,0
64270519,54,8,20,4,1,21,9,19,4,1,53,14,19,4,1,1,18,19,3,1,71,14,19,5,0,2,11,19,4,0
64656596,4,3,18,5,0,89,9,18,4,1,44,25,18,4,1,82,21,19,4,1,70,6,18,4,1,50,21,17,3,2
64655865,22,3,20,4,1,31,7,20,3,2,10,20,20,4,1,2,10,19,4,1,55,14,19,3,0,46,16,20,5,0
64586298,24,21,20,4,1,85,13,19,4,1,65,16,20,4,1,72,11,20,4,1,35,1,20,3,2,53,14,20,5,0
64585006,59,2,20,4,1,36,5,19,4,1,32,5,20,4,1,74,3,20,4,1,62,11,20,4,1,35,1,19,4,1
64584128,89,9,20,4,1,81,9,20,4,1,68,1,20,4,1,61,5,20,4,1,24,3,20,5,0,1,15,20,5,0
64577041,70,6,20,4,1,27,16,19,4,0,50,21,19,5,0,58,10,20,4,1,72,11,20,5,0,20,4,19,5,0
64592824,65,16,20,3,2,84,18,20,3,2,66,24,20,5,0,62,11,20,4,1,23,18,20,4,1,78,16,20,5,0
64592365,1,15,20,4,1,50,21,20,5,0,79,8,20,3,2,25,11,20,4,1,90,11,20,4,1,83,6,20,5,0
64591210,1,16,19,4,1,89,9,20,5,0,53,14,20,5,0,81,9,19,3,0,74,3,19,5,0,42,24,20,4,1
64590980,64,24,20,3,2,57,23,20,4,1,22,3,20,3,2,27,9,19,4,0,65,16,20,5,0,36,5,20,4,1
64522782,55,14,19,4,1,1,14,19,5,0,89,9,20,4,1,65,16,20,4,1,74,3,19,4,1,70,6,20,4,1
64521075,45,4,20,5,0,60,6,20,3,2,19,6,20,4,1,33,1,20,5,0,3,21,20,5,0,72,11,20,4,1
64519273,21,9,20,4,1,1,15,19,4,1,50,21,20,4,1,29,1,19,4,1,4,3,19,2,3,87,24,20,4,1
64435672,23,18,19,5,0,39,18,20,5,0,71,14,20,5,0,32,5,20,5,0,65,16,19,4,1,59,2,20,4,1
64551699,46,16,20,4,1,44,25,20,3,2,56,20,20,5,0,39,21,20,5,0,23,18,20,5,0,44,25,20,4,1
64550374,12,7,20,5,0,76,3,19,5,0,2,10,20,2,3,32,5,20,5,0,44,25,20,5,0,37,15,20,5,0
64549637,71,14,20,5,0,6,8,20,4,1,51,22,20,4,1,6,8,20,4,1,36,5,20,3,2,85,13,20,2,3
64547522,3,19,20,3,2,4,13,20,4,1,70,6,20,3,2,1,15,20,4,1,50,21,20,5,0,56,20,19,4,1
64546188,90,11,20,5,0,1,18,20,5,0,51,22,20,4,1,76,3,20,5,0,48,3,20,5,0,1,16,20,4,1
64545660,71,14,20,4,1,64,24,20,3,2,25,11,20,3,2,2,11,20,4,1,11,16,20,4,1,39,21,20,4,1
64544358,2,11,20,5,0,44,25,19,5,0,39,21,20,5,0,9,10,20,4,1,85,13,20,4,1,89,9,20,5,0
64542816,29,1,20,4,1,50,21,20,5,0,28,3,20,4,1,88,3,20,4,1,67,14,19,3,2,48,3,20,5,0
64541785,89,9,20,5,0,77,24,20,4,1,2,11,20,5,0,58,10,19,4,0,70,6,19,5,0,85,13,19,4,0
64667247,65,16,20,4,1,61,5,20,4,1,76,3,20,4,1,21,9,20,4,1,88,3,20,5,0,80,19,20,5,0
64665468,47,4,20,5,0,1,15,20,4,1,90,11,19,3,2,33,1,20,4,1,82,21,20,3,2,76,3,20,4,1
64576435,62,11,20,5,0,1,18,20,4,1,29,1,19,5,0,75,22,20,5,0,46,16,19,4,1,8,22,20,5,0
64494193,27,9,20,4,0,79,8,20,3,2,57,23,20,4,1,72,11,20,5,0,76,3,20,5,0,21,9,20,5,0
64493375,17,5,20,3,2,31,7,20,2,3,68,1,20,5,0,22,3,20,4,1,11,18,20,5,0,18,15,20,4,1
64492891,31,7,20,3,2,75,22,20,4,1,20,4,20,5,0,47,4,20,4,1,3,21,20,4,1,89,9,20,3,2
64492558,65,16,20,4,1,19,6,19,3,2,1,15,20,2,3,86,1,20,5,0,58,10,20,5,0,47,4,20,5,0
64491792,79,8,19,5,0,55,14,19,4,1,2,9,20,4,1,72,11,20,5,0,1,15,19,5,0,80,19,20,4,1
64490803,27,2,20,4,0,79,8,20,4,1,33,1,20,4,1,33,1,20,5,0,70,6,20,5,0,80,19,20,3,2
64480096,55,14,20,5,0,62,11,20,3,2,78,16,20,3,2,34,23,20,5,0,58,10,20,5,0,65,16,19,5,0
64479876,31,7,20,4,1,89,9,20,5,0,35,2,20,4,1,11,18,20,5,0,50,21,20,4,0,31,7,20,4,1
64661835,37,15,20,5,0,5,5,20,4,1,3,19,20,4,0,90,11,20,4,1,12,7,20,3,2,14,21,20,5,0
64661353,59,2,20,4,1,2,9,20,3,2,11,18,20,4,1,77,24,20,4,1,33,1,19,5,0,39,21,19,4,1
64659640,22,3,20,5,0,18,15,20,4,1,58,10,20,4,1,10,1,20,5,0,70,6,20,5,0,14,21,20,4,0
64658862,34,23,20,4,1,57,23,20,3,2,86,1,19,4,1,58,10,19,4,1,74,3,19,4,1,86,1,19,4,1
64658325,31,7,19,3,2,30,13,19,4,1,16,9,20,4,1,89,9,19,4,1,27,6,18,3,0,71,14,19,5,0
64657358,58,10,20,3,2,8,22,20,4,1,1,15,20,4,1,89,9,20,5,0,90,11,20,4,1,53,14,19,4,1
64642117,30,13,19,2,0,1,16,19,4,1,87,24,19,4,0,45,4,19,4,1,60,6,19,3,2,19,6,20,3,2
64641188,4,13,18,4,1,57,23,19,3,2,86,1,19,4,1,78,16,19,3,2,5,5,18,4,1,82,21,19,4,1
64624440,15,5,19,3,1,32,5,19,4,1,50,21,19,4,1,33,1,19,4,1,48,3,20,3,2,1,15,20,3,2
64667919,29,2,20,5,0,90,11,20,2,3,65,16,19,4,1,86,1,20,5,0,28,3,19,2,3,23,18,19,3,2
64666576,77,24,19,4,0,2,9,20,3,2,23,18,20,5,0,60,6,19,5,0,56,20,20,4,1,32,5,19,4,1
64664413,88,3,20,5,0,38,9,20,4,1,15,5,20,5,0,1,18,20,2,3,22,3,20,2,3,41,24,19,5,0
64667569,31,7,20,3,2,89,9,20,4,1,53,14,20,5,0,4,13,20,4,1,10,20,20,4,1,41,24,20,5,0
64666495,81,9,19,3,1,22,3,20,4,1,28,3,19,5,0,26,9,19,4,1,17,5,20,4,1,2,9,20,5,0
64665318,56,20,20,3,2,62,11,20,5,0,39,21,20,5,0,28,13,19,4,1,2,9,20,4,1,90,11,20,4,1
64639864,25,11,19,3,2,90,11,20,4,1,36,5,20,4,1,72,11,20,4,1,29,1,20,5,0,36,5,20,3,2
64635967,24,3,20,4,1,38,9,20,4,1,15,5,20,4,1,68,1,20,4,1,83,6,20,5,0,84,18,19,3,2
64668719,14,21,19,4,1,55,14,19,5,0,31,7,20,2,3,27,9,19,3,1,63,15,20,4,1,72,11,19,4,1
64667349,74,3,20,4,1,46,16,20,4,1,12,7,20,5,0,62,11,20,4,1,65,16,19,3,2,55,14,20,4,1
64666284,78,16,20,5,0,3,21,20,3,2,38,9,20,3,2,89,9,20,5,0,33,1,20,5,0,37,15,20,4,1
64665351,77,24,20,4,1,1,15,20,4,1,68,1,20,5,0,79,8,19,3,2,24,3,20,5,0,28,3,20,4,1
64632755,74,3,20,4,1,76,3,19,4,0,25,11,20,5,0,7,1,19,5,0,38,9,20,5,0,9,9,20,5,0
64631047,86,1,18,5,0,33,1,18,3,1,17,5,18,3,2,17,5,17,3,0,53,13,17,2,0,47,4,18,4,0
64629240,13,15,19,5,0,90,11,20,3,2,2,11,20,3,2,58,10,19,3,1,74,3,19,4,0,18,15,20,5,0
64627663,88,3,19,4,1,77,24,19,4,1,65,16,20,4,1,59,2,20,4,1,7,1,20,4,1,9,9,20,5,0
64625651,68,1,20,4,1,81,9,20,3,2,64,24,20,3,2,77,24,20,3,2,67,14,20,5,0,4,13,19,5,0
64646752,2,10,20,3,2,11,18,20,4,1,80,19,20,4,1,55,14,20,5,0,82,21,20,4,1,89,9,20,5,0
64646365,29,1,20,5,0,30,13,20,5,0,9,10,20,2,3,65,16,20,4,1,66,24,20,4,1,67,14,20,4,1
64646107,72,11,19,3,2,76,3,19,4,1,67,14,19,4,1,31,7,19,4,1,27,2,19,4,0,17,5,19,2,3
64645147,56,20,20,5,0,46,16,20,3,2,43,5,19,3,2,4,3,19,4,1,84,18,20,5,0,14,21,19,4,1
64644058,3,21,20,4,1,68,1,19,5,0,81,9,19,3,2,17,5,20,4,1,44,25,20,5,0,49,19,20,3,2
64641535,89,9,19,3,2,39,18,20,3,2,33,1,19,5,0,19,6,19,5,0,83,6,19,5,0,6,7,19,5,0
64640567,12,7,20,3,2,74,3,20,4,1,28,3,20,4,1,44,25,20,4,1,39,18,19,5,0,58,10,20,4,1
64666166,7,2,20,5,0,36,5,20,4,1,76,3,19,5,0,12,6,20,3,2,10,1,20,3,2,63,15,20,4,1
64664970,4,13,19,3,2,1,15,19,5,0,12,6,19,4,1,1,15,20,5,0,57,23,20,4,1,4,13,20,3,2
64638695,55,14,19,3,1,62,11,19,4,1,67,14,19,4,1,4,13,19,4,1,28,3,19,5,0,66,24,20,4,1
64602618,21,9,20,4,1,3,19,20,3,2,59,2,20,5,0,65,16,20,4,0,4,13,19,2,0,81,9,20,4,1
64593846,87,24,20,5,0,26,9,20,5,0,8,22,20,3,2,11,16,20,4,1,28,3,19,5,0,82,21,20,3,2
64488264,72,11,20,3,2,78,16,20,4,1,30,13,20,5,0,74,3,19,4,1,90,11,20,4,1,48,3,20,3,2
64440257,90,11,18,3,2,18,15,20,3,2,27,9,19,5,0,42,24,17,2,1,19,24,17,5,0,67,14,18,4,0
64430699,3,16,20,5,0,59,2,19,4,1,44,25,20,3,2,84,18,19,4,1,90,11,18,3,2,82,21,19,3,2
64424264,59,2,19,4,0,19,24,19,5,0,18,15,19,4,1,18,15,19,5,0,90,11,19,3,2,7,2,18,4,1
64404089,69,9,19,3,1,84,18,20,3,2,63,15,19,4,1,67,14,19,4,1,78,16,20,4,1,55,14,20,4,1
64400706,36,5,20,3,2,51,22,20,5,0,20,4,19,4,1,11,16,19,4,1,38,9,19,4,1,50,21,19,3,2
64393608,4,13,19,4,0,49,19,19,5,0,23,18,19,3,2,7,2,18,4,1,82,21,18,5,0,48,3,19,4,1
64641388,14,21,20,4,1,23,18,20,4,1,81,9,20,3,2,2,10,20,4,1,73,24,19,4,0,38,9,20,4,1
64627473,4,13,20,4,1,65,16,20,4,1,1,15,20,4,1,33,1,20,4,1,82,21,20,4,1,89,9,20,3,2
64594044,63,15,20,3,2,21,9,20,3,2,87,24,20,3,2,70,6,20,3,2,80,19,19,4,1,23,18,20,5,0
64593438,70,6,20,2,3,82,21,20,4,1,50,21,20,2,3,77,24,20,5,0,89,9,20,4,1,71,14,20,5,0
64593117,4,3,20,5,0,26,9,20,5,0,32,5,20,5,0,3,19,20,3,2,75,22,20,4,1,83,6,20,4,1
64592139,3,21,19,5,0,74,3,19,4,1,23,18,20,5,0,31,7,19,4,1,70,6,18,3,2,4,13,18,3,1
64591916,37,15,20,3,1,1,15,20,3,2,57,23,20,5,0,56,20,20,4,1,21,9,19,5,0,24,3,20,4,1
64659207,25,11,20,5,0,72,11,20,3,2,90,11,20,3,2,40,6,20,4,1,89,9,20,4,1,35,2,20,5,0
64658660,63,15,19,3,0,11,16,19,3,0,25,11,19,4,1,65,16,18,3,0,49,19,19,3,0,61,5,19,4,0
64654441,83,6,19,5,0,53,14,19,3,0,66,24,20,5,0,25,11,20,4,1,76,3,19,4,1,72,11,20,4,1
64644894,14,21,19,4,0,33,1,19,5,0,75,22,19,4,1,87,24,18,4,1,22,3,18,4,1,86,1,18,4,1
64644173,90,11,20,3,2,4,13,19,4,1,34,23,20,4,1,90,11,19,4,1,89,9,19,4,1,40,6,19,5,0
64643361,1,18,19,4,1,35,1,19,4,1,34,23,19,4,1,11,18,19,3,2,86,1,18,5,0,22,3,18,4,1
64642884,37,15,20,5,0,12,7,20,5,0,26,9,20,4,1,81,9,20,3,2,23,15,20,4,1,63,15,20,3,2
64620475,43,5,19,4,1,38,9,19,4,1,19,6,19,5,0,72,11,20,4,1,39,18,20,4,1,20,4,19,4,1
64619169,75,22,20,3,2,31,7,19,3,2,76,3,20,4,0,17,5,20,3,2,14,21,20,3,2,33,1,20,5,0
64611842,48,3,19,4,1,53,14,19,5,0,11,18,20,4,1,32,5,19,4,1,71,14,18,4,0,89,9,19,3,1
64610916,65,16,20,4,1,55,14,19,5,0,39,18,20,5,0,58,10,20,4,1,74,3,19,4,1,25,11,19,5,0
64609930,29,1,20,5,0,35,1,19,4,1,89,9,20,3,2,77,24,20,5,0,26,9,20,5,0,55,14,19,3,0
64653595,55,14,20,4,1,35,1,20,3,2,49,19,20,3,2,88,3,20,5,0,3,19,20,4,1,81,9,20,3,2
64642715,11,16,19,4,1,90,11,20,5,0,86,1,20,5,0,89,9,20,3,2,83,6,20,4,1,33,1,20,3,0
64641649,61,5,20,4,1,32,5,20,2,3,20,4,20,5,0,14,21,18,4,0,20,4,18,4,0,90,11,17,5,0
64640704,26,9,20,4,1,78,16,20,3,2,56,20,19,4,1,33,1,20,5,0,70,6,20,4,0,42,24,20,5,0
64640146,11,16,18,4,1,39,18,18,5,0,62,11,19,4,0,50,21,18,5,0,64,24,19,5,0,70,6,18,3,2
64638985,27,9,20,4,0,40,6,20,3,2,23,18,20,4,1,62,11,20,3,2,46,16,20,4,1,1,14,19,4,1
64589497,14,21,19,5,0,48,3,19,4,1,2,10,19,4,1,65,16,18,4,1,22,3,18,2,2,3,16,19,3,2
64588807,87,24,20,2,3,1,15,20,3,2,33,1,20,4,1,89,9,20,3,2,78,16,20,4,1,85,13,20,4,0
64588077,35,2,20,5,0,89,9,20,5,0,63,15,19,3,2,28,3,20,4,1,75,22,20,3,2,88,3,20,4,1
64587502,90,11,19,2,3,58,10,20,3,2,55,14,19,5,0,1,18,19,4,1,36,5,19,4,1,86,1,20,5,0
64663692,69,9,19,3,0,71,14,19,5,0,49,19,20,3,2,81,9,20,3,2,11,16,19,4,1,35,2,19,3,2
64662949,4,3,19,3,2,63,15,20,5,0,22,3,19,4,1,31,7,20,4,1,10,20,20,3,2,1,15,20,5,0
64635452,59,2,20,5,0,81,9,19,2,3,53,14,20,5,0,84,18,20,4,1,12,7,20,4,1,11,16,20,3,1
64633232,28,3,19,4,1,90,11,19,4,1,59,2,19,5,0,67,14,19,5,0,62,11,19,3,2,71,14,19,4,1
64631553,4,13,18,3,2,20,4,17,2,1,2,9,18,4,1,18,15,17,3,0,82,21,17,5,0,90,11,17,3,0
64586618,72,11,20,3,2,81,9,19,3,2,20,4,18,5,0,39,18,18,3,0,88,3,18,5,0,14,21,18,2,1
64585944,64,24,20,4,1,22,3,20,5,0,72,11,20,5,0,46,16,20,3,2,4,13,20,3,2,81,9,20,4,1
64585121,82,21,20,5,0,67,14,20,5,0,89,9,20,4,1,54,8,20,4,1,84,18,19,5,0,22,3,19,5,0
64584243,65,16,18,3,0,70,6,18,3,0,40,6,17,5,0,72,11,18,2,3,86,1,18,4,0,23,18,18,3,2
64665126,54,8,20,4,1,31,7,20,3,2,65,16,20,4,1,28,3,19,4,1,87,24,20,4,1,23,18,20,5,0
64664483,34,23,20,2,3,74,3,20,5,0,70,6,20,3,2,74,3,20,4,1,58,10,20,3,2,88,3,20,4,1
64658489,74,3,20,4,1,1,15,19,4,1,10,1,19,5,0,77,24,20,4,1,20,4,19,3,0,72,11,20,4,1
64657654,80,19,20,4,1,33,1,19,4,0,89,9,20,4,1,89,9,20,5,0,20,4,20,4,1,6,8,20,3,2
64655648,20,4,19,5,0,79,8,20,5,0,64,24,20,4,1,87,24,20,4,1,1,15,20,4,1,72,11,20,4,1
64654387,19,6,20,4,1,71,14,20,3,2,37,15,19,3,2,34,23,20,4,1,11,18,20,4,1,1,15,20,3,2
64646068,35,1,19,5,0,90,11,19,4,1,31,7,19,3,2,35,2,19,3,2,25,11,19,3,2,90,11,19,4,1
64645518,33,1,20,5,0,72,11,20,2,3,74,3,20,5,0,90,11,20,5,0,29,1,19,4,1,59,2,19,5,0
64645235,11,18,20,4,1,24,3,20,2,3,88,3,19,5,0,4,13,19,4,1,88,3,19,3,1,55,14,19,4,0
64644524,46,16,19,3,2,67,14,19,4,1,80,19,18,3,2,4,13,19,4,1,74,3,19,5,0,90,11,19,5,0
64611664,73,24,19,4,0,1,15,19,3,2,82,21,20,4,1,28,13,18,3,0,1,15,18,3,1,89,9,19,4,0
64611066,50,21,19,3,2,1,15,19,3,2,90,11,19,3,2,10,20,18,3,0,69,9,18,3,0,61,5,18,4,0
64609485,43,5,20,2,3,55,14,19,5,0,22,3,19,5,0,82,21,20,4,1,21,9,20,4,1,7,1,19,5,0
64608173,64,24,20,5,0,27,6,20,3,1,31,7,20,3,2,72,11,20,4,0,1,15,20,4,0,86,1,19,2,1
64607168,28,3,19,4,1,29,1,20,3,2,9,9,20,4,1,81,9,20,4,1,89,9,20,5,0,33,1,19,5,0
64621395,73,24,20,4,1,38,9,20,3,2,90,11,20,4,1,18,15,20,3,2,61,5,20,4,1,50,21,20,4,1
64616353,82,21,19,5,0,44,25,19,4,1,5,5,19,4,1,40,6,20,4,1,53,13,19,3,0,61,5,20,4,1
64615290,25,11,20,3,2,61,5,20,4,1,46,16,20,4,1,47,4,20,4,1,70,6,20,3,2,46,16,20,5,0
64612921,11,18,20,5,0,71,14,20,4,1,89,9,20,3,2,31,7,20,4,1,50,21,20,5,0,18,15,20,4,1
64603832,61,5,20,4,1,19,6,19,5,0,11,18,20,5,0,11,18,20,3,2,17,5,19,4,1,68,1,19,3,1
64602596,66,24,20,4,0,87,24,19,4,0,64,24,20,3,2,45,4,19,4,1,9,10,19,4,1,80,19,19,4,1
64601779,86,1,20,5,0,75,22,20,4,1,67,14,20,3,2,30,13,20,3,0,70,6,20,4,1,68,1,20,5,0
64600954,64,24,19,4,1,76,3,19,5,0,11,18,19,4,1,86,1,20,4,1,32,5,20,3,2,82,21,20,4,1
64643484,9,10,19,4,1,50,21,20,4,1,88,3,20,4,1,59,2,20,5,0,56,20,20,4,1,90,11,20,4,1
64660000,73,24,20,5,0,23,18,20,3,2,22,3,20,4,1,11,18,20,3,2,62,11,20,4,1,47,4,20,4,1
64638917,42,24,20,5,0,18,15,20,5,0,1,15,20,4,1,89,9,19,4,1,90,11,19,3,2,33,1,19,3,2
64636686,17,5,19,4,1,1,15,19,4,1,85,13,20,4,1,27,9,19,4,0,5,5,19,4,1,10,20,20,4,1
64606327,74,3,20,4,1,90,11,20,2,3,89,9,20,4,1,74,3,19,5,0,9,10,20,4,1,5,5,19,4,1
64554773,53,14,19,4,0,44,25,20,3,2,12,7,20,3,2,11,18,19,4,1,85,13,19,4,1,70,6,19,3,2
64495171,18,15,19,3,2,88,3,19,5,0,35,2,20,4,1,74,3,19,5,0,59,2,20,4,1,90,11,19,4,1
64485708,35,2,19,5,0,40,6,19,3,2,1,15,19,4,1,4,3,19,5,0,18,15,19,4,1,67,14,19,5,0
64433664,89,9,19,3,2,27,9,18,4,0,71,14,18,5,0,22,3,18,4,0,15,5,16,4,0,72,11,17,3,0
64594124,35,1,20,4,1,10,20,20,3,2,78,16,19,4,1,79,8,19,5,0,15,6,19,3,2,37,15,19,5,0
64533751,72,11,20,3,2,70,6,20,3,2,4,13,20,4,1,74,3,20,5,0,90,11,20,4,1,64,24,19,3,2
64503488,6,8,20,4,1,17,5,19,3,2,88,3,19,5,0,81,9,19,3,1,30,13,19,2,1,39,18,20,5,0
64502721,27,9,19,4,1,8,22,20,3,2,76,3,19,4,0,72,11,19,3,2,89,9,19,3,2,20,4,19,4,0
64501949,21,9,19,4,1,72,11,20,4,1,43,5,19,4,1,74,3,20,5,0,1,15,20,4,1,81,9,19,3,2
64495517,84,18,20,3,2,72,11,20,4,1,42,24,20,5,0,47,4,20,4,0,25,11,19,4,0,14,21,19,5,0
64434757,90,11,19,5,0,31,7,20,3,2,23,15,20,4,1,46,16,19,4,1,81,9,19,3,2,18,15,20,5,0
64434608,24,3,17,5,0,90,11,18,4,1,76,3,18,5,0,72,11,17,4,1,28,3,17,5,0,90,11,18,5,0
64398717,2,9,20,4,1,22,3,19,4,1,71,14,19,4,1,73,24,18,2,0,18,15,20,4,1,78,16,20,3,2
64591455,79,8,18,3,0,46,16,18,3,0,22,3,18,3,0,39,18,19,4,1,69,9,18,4,0,18,15,18,3,2
64540531,30,13,20,5,0,5,5,20,4,1,81,9,20,4,1,13,19,20,3,1,48,3,20,1,4,82,21,20,3,2
64454368,90,11,20,3,2,24,3,20,3,2,11,16,20,5,0,39,18,19,3,2,74,3,20,5,0,77,24,20,3,2
64385759,4,13,18,4,1,17,5,18,5,0,25,11,18,5,0,18,15,18,4,1,3,21,18,4,1,31,7,17,4,1
64383255,87,24,19,4,1,90,11,19,5,0,26,9,20,3,2,41,24,20,2,1,90,11,20,3,2,39,18,19,3,2
64377886,7,1,20,3,2,4,13,20,3,2,19,24,20,4,1,47,4,20,4,0,90,11,20,4,1,89,9,20,4,1
64364842,65,16,20,4,1,12,7,20,4,1,9,9,20,4,1,64,24,19,3,2,89,9,19,4,1,33,1,20,4,1
64354839,83,6,20,5,0,4,3,20,4,1,11,16,20,5,0,55,14,20,5,0,90,11,20,3,2,24,3,19,3,2
64351847,17,5,19,4,1,58,10,18,4,0,72,11,19,5,0,48,3,17,4,0,90,11,17,4,0,89,9,17,4,1
64605107,81,9,20,5,0,79,8,20,4,1,74,3,20,4,1,86,1,20,3,2,46,16,20,4,1,25,11,20,4,1
64603977,31,7,19,3,2,88,3,19,3,1,87,24,19,5,0,88,3,19,5,0,84,18,19,5,0,12,7,19,3,2
64587500,79,8,20,4,1,18,15,20,4,1,88,3,20,4,1,21,9,20,4,1,66,24,20,5,0,22,3,20,5,0
64586044,82,21,19,4,1,69,9,19,4,1,7,2,20,5,0,64,24,19,4,1,12,7,20,4,1,26,9,20,4,1
64584482,64,24,20,4,1,12,7,20,5,0,39,18,19,4,1,78,16,20,4,1,28,3,19,4,1,70,6,19,3,2
64563659,45,4,19,3,2,90,11,19,2,3,11,16,20,5,0,74,3,18,4,1,52,24,19,3,1,49,19,19,5,0
64561915,90,11,20,3,2,29,1,20,4,1,46,16,20,3,2,90,11,20,5,0,11,16,20,4,1,36,5,20,4,1
64560801,19,6,20,5,0,57,23,20,3,2,44,25,20,5,0,4,3,18,5,0,12,7,20,4,1,90,11,19,5,0
64559605,12,7,18,5,0,76,3,18,4,0,1,15,18,4,1,86,1,18,3,1,33,1,18,3,0,90,11,18,3,1
64558860,8,22,19,4,1,11,18,19,5,0,5,6,19,3,2,71,14,19,5,0,37,15,19,4,1,58,10,20,4,1
64601090,63,15,19,4,1,72,11,19,2,3,85,13,18,3,1,90,11,19,4,1,74,3,18,5,0,24,3,19,3,2
64594123,29,1,19,5,0,17,5,19,3,2,35,1,20,4,1,90,11,19,4,0,74,3,19,5,0,27,9,20,5,0
64563858,58,10,20,4,1,74,3,20,5,0,47,4,20,3,2,23,18,19,3,2,61,5,19,3,1,44,25,19,5,0
64553937,47,4,19,5,0,4,13,19,3,1,75,22,20,3,2,29,1,20,4,1,59,2,20,5,0,44,25,18,4,1
64530274,82,21,19,4,1,74,3,19,4,1,9,10,19,2,3,36,5,19,4,1,59,2,19,4,1,90,11,19,4,1
64500129,48,3,20,5,0,89,9,20,3,2,53,14,20,4,1,62,11,20,4,1,47,4,19,5,0,10,20,20,4,1
64487811,4,3,19,4,1,18,15,18,4,1,23,18,19,4,0,58,10,19,4,1,74,3,19,4,1,33,1,19,3,2
64443504,55,14,19,5,0,39,21,19,4,1,21,9,19,4,1,66,24,19,5,0,79,8,19,4,1,90,11,18,3,1
64440830,58,10,19,3,2,18,15,19,2,2,4,13,19,4,0,61,5,19,5,0,78,16,19,3,2,90,11,19,5,0
64660659,1,15,19,4,1,11,18,20,3,2,39,21,19,3,2,68,1,19,3,0,70,6,19,4,1,58,10,20,3,2
64660249,72,11,20,3,2,64,24,20,4,1,76,3,19,4,1,47,4,20,4,0,89,9,20,5,0,23,18,19,5,0
64659724,47,4,19,4,0,65,16,19,4,0,89,9,19,4,1,54,8,19,4,0,1,15,19,4,1,4,13,18,4,1
64658371,25,11,20,3,2,23,18,20,4,1,4,3,20,5,0,83,6,20,4,1,15,6,20,5,0,31,7,20,3,2
64658049,25,11,20,5,0,11,16,20,4,1,21,9,20,4,1,26,9,20,4,1,47,4,20,4,1,89,9,20,3,2
64657176,20,4,19,4,1,72,11,20,3,2,84,18,20,4,1,82,21,20,3,2,69,9,20,4,0,11,16,20,3,2
64656565,44,25,19,5,0,34,23,19,3,2,11,18,19,4,1,34,23,20,3,2,23,18,19,4,1,22,3,19,5,0
64656119,76,3,18,3,1,81,9,19,4,1,33,1,18,4,1,76,3,18,4,1,90,11,19,3,2,83,6,18,4,1
64655653,11,16,20,4,1,75,22,20,3,2,56,20,20,4,1,90,11,20,3,2,89,9,20,5,0,53,14,20,5,0
64669419,19,6,20,5,0,50,21,20,4,1,67,14,20,5,0,79,8,20,4,1,2,9,20,5,0,10,1,19,5,0
64668159,78,16,20,5,0,31,7,20,4,1,90,11,20,4,1,21,9,20,3,2,1,14,20,4,1,12,7,20,5,0
64667513,33,1,19,5,0,39,21,20,5,0,89,9,20,3,2,77,24,20,3,2,16,9,20,3,2,13,15,20,4,0
64666073,87,24,20,3,1,1,15,19,4,1,12,7,20,5,0,5,5,20,4,1,90,11,20,4,1,37,15,19,4,1
64665386,42,24,20,4,1,29,1,20,4,1,1,18,20,4,1,10,1,20,5,0,81,9,20,4,1,39,18,20,4,1
64664330,31,7,19,3,2,33,1,20,3,2,7,1,20,4,1,42,24,20,5,0,24,21,20,3,2,1,15,20,4,1
64668212,11,16,20,5,0,5,6,20,3,2,70,6,20,4,1,62,11,20,4,1,47,4,19,4,1,55,14,20,3,2
64651160,55,14,20,5,0,2,11,20,5,0,31,7,20,3,2,2,9,20,5,0,39,18,20,4,1,55,14,20,3,2
64608877,49,19,20,4,1,76,3,20,5,0,32,5,20,4,1,49,19,20,5,0,17,5,20,3,2,7,1,19,5,0
64607387,31,7,20,4,1,76,3,20,5,0,80,19,20,4,1,38,9,20,4,1,22,3,20,4,1,87,24,20,5,0
64595635,84,18,20,4,1,28,3,20,4,1,65,16,20,4,1,23,15,20,3,1,13,15,19,2,0,32,5,19,4,1
64595312,32,5,20,3,2,74,3,20,5,0,36,5,20,4,1,39,21,20,4,0,12,7,20,5,0,86,1,19,4,0
64669919,76,3,18,4,0,89,9,20,1,4,72,11,19,5,0,13,19,19,5,0,72,11,20,4,1,65,16,19,4,1
64669111,19,6,20,3,2,74,3,20,3,2,31,7,20,2,3,7,1,20,4,1,10,1,19,4,1,90,11,19,3,2
64647315,76,3,19,3,2,90,11,20,3,2,57,23,20,3,2,18,15,18,4,0,33,1,18,4,1,71,14,19,5,0
64645702,79,8,20,5,0,58,10,20,5,0,89,9,20,3,1,76,3,19,4,0,79,8,20,4,1,19,24,20,4,1
64645348,16,9,19,3,2,86,1,19,5,0,10,20,19,4,1,56,20,19,4,1,90,11,20,3,2,35,1,20,5,0
64644655,74,3,19,4,1,66,24,20,3,2,84,18,20,3,2,76,3,19,5,0,42,24,20,3,2,12,7,19,5,0
64643382,2,10,20,5,0,52,24,20,4,1,4,13,19,4,1,86,1,19,4,1,33,1,19,4,1,90,11,19,5,0
64642533,49,19,19,3,1,79,8,18,4,1,82,21,18,3,1,47,4,19,5,0,76,3,17,3,1,6,8,19,4,0
64641773,29,1,19,4,1,62,11,19,4,0,44,25,18,4,1,33,1,18,4,0,27,16,19,5,0,52,24,18,4,1
64639642,52,24,19,4,1,90,11,20,4,1,46,16,19,4,1,35,2,20,5,0,42,24,19,4,1,90,11,19,5,0
64618127,53,14,19,5,0,7,2,20,4,1,28,3,20,3,2,11,18,19,4,1,33,1,19,4,1,31,7,19,3,2
64493705,3,21,19,4,1,1,18,19,4,1,72,11,19,5,0,74,3,19,4,1,10,20,19,2,3,86,1,19,4,1
64493110,48,3,19,4,1,1,15,20,2,3,61,5,20,4,1,1,18,19,3,0,28,3,20,4,1,2,9,19,4,1
64667054,19,24,20,4,1,20,4,20,4,0,31,7,19,3,2,29,1,20,4,1,53,13,20,4,1,89,9,20,3,2
64665933,78,16,20,4,1,83,6,20,4,1,50,21,19,5,0,61,5,20,4,0,46,16,20,4,0,18,15,19,4,0
64665352,21,9,20,4,1,86,1,20,4,0,46,16,19,4,1,67,14,19,4,1,27,6,19,2,2,7,1,20,4,1
64664718,66,24,19,4,1,2,9,19,4,1,31,7,20,3,2,18,15,19,5,0,21,9,19,5,0,89,9,18,3,0
64664044,11,18,19,5,0,50,21,19,4,1,89,9,19,3,2,2,9,19,4,1,90,11,19,4,1,74,3,19,4,1
64663419,16,9,20,4,1,10,20,20,3,2,76,3,20,4,1,21,9,20,3,2,65,16,20,4,1,74,3,20,4,1
64662770,73,24,20,5,0,35,2,20,4,1,32,5,20,4,1,31,7,19,4,1,76,3,20,3,0,63,15,19,2,1
64662336,42,24,20,4,1,70,6,20,3,2,30,13,18,3,2,14,21,19,4,1,62,11,20,5,0,22,3,19,5,0
64661097,70,6,20,3,2,11,16,19,5,0,37,15,19,3,2,42,24,20,3,0,27,2,16,2,1,33,1,17,2,0
64635865,32,5,20,3,2,71,14,19,5,0,89,9,20,3,2,53,14,20,5,0,46,16,20,5,0,31,7,20,3,2
64573821,80,19,20,4,1,9,9,20,5,0,22,3,20,5,0,58,10,19,4,1,53,14,19,2,0,89,9,19,4,0
64571054,3,21,20,5,0,87,24,19,4,1,35,1,19,5,0,71,14,20,4,1,89,9,20,4,1,15,5,20,4,1
64569077,44,25,20,4,1,22,3,20,5,0,32,5,20,4,1,74,3,20,5,0,47,4,20,5,0,89,9,20,5,0
64567023,78,16,20,3,2,25,11,20,3,2,80,19,19,5,0,74,3,20,5,0,77,24,20,5,0,23,18,20,5,0
64565149,79,8,20,4,1,49,19,20,4,1,22,3,20,5,0,65,16,19,5,0,89,9,19,4,1,29,1,19,5,0
64563014,25,11,20,4,1,78,16,20,5,0,82,21,20,4,1,43,5,20,4,1,48,3,20,4,1,76,3,20,3,0
64577215,23,18,20,3,2,60,6,19,4,1,15,5,19,3,2,53,14,19,4,1,65,16,20,4,1,48,3,19,5,0
64576086,82,21,19,4,1,35,2,19,4,1,67,14,19,4,1,23,15,20,4,1,90,11,19,4,1,68,1,19,4,0
64573098,4,13,19,3,0,31,7,20,5,0,89,9,20,3,2,66,24,20,4,0,84,18,20,4,0,47,4,20,3,0
64571243,47,4,19,3,1,21,9,19,4,1,87,24,20,3,1,30,13,19,4,1,9,10,20,3,2,90,11,19,3,2
64670707,33,1,20,5,0,47,4,20,4,1,5,6,20,5,0,51,22,20,4,1,28,3,20,4,1,31,7,20,4,1
64668994,84,18,20,4,1,34,23,20,5,0,76,3,20,3,1,51,22,20,4,1,76,3,19,5,0,31,7,20,3,2
64668873,81,9,19,4,1,7,1,19,4,1,79,8,20,3,2,61,5,20,5,0,52,24,19,4,1,59,2,19,4,1
64656703,41,24,20,5,0,14,21,20,3,2,38,9,20,3,2,89,9,20,3,2,48,3,19,5,0,18,15,19,5,0
64616563,82,21,19,4,1,48,3,19,4,0,60,6,19,2,3,65,16,19,5,0,29,1,19,5,0,67,14,18,3,0
64615287,44,25,20,5,0,6,8,20,3,2,17,5,20,4,1,19,6,20,5,0,90,11,20,3,2,5,5,20,4,1
64614577,74,3,20,3,2,38,9,20,5,0,72,11,20,2,3,2,10,20,4,1,60,6,20,4,1,4,13,19,5,0
64598285,47,4,19,4,0,70,6,19,3,2,23,15,19,4,1,11,16,20,4,0,89,9,20,4,1,81,9,19,5,0
64644835,48,3,20,4,1,33,1,20,4,1,1,18,20,4,1,67,14,19,3,2,3,19,20,3,2,16,9,19,5,0
64644487,67,14,20,2,3,32,5,20,4,1,73,24,19,3,2,4,3,19,4,1,85,13,20,4,1,70,6,20,3,2
64643802,74,3,18,4,1,58,10,19,3,2,26,9,19,4,1,29,1,20,5,0,47,4,20,4,1,42,24,20,4,1
64587970,5,5,20,4,1,22,3,20,3,2,4,3,20,4,1,45,4,20,4,0,90,11,20,3,2,54,8,19,3,2
64587097,17,5,20,4,1,3,21,20,4,0,20,4,19,3,0,6,8,19,3,2,13,19,20,5,0,67,14,20,4,0
64586578,35,2,20,4,1,40,6,20,5,0,46,16,20,3,2,28,3,20,4,1,89,9,20,4,1,65,16,20,4,1
64585314,48,3,19,4,1,39,21,20,4,1,23,18,20,3,2,73,24,18,4,0,39,18,20,4,1,18,15,20,4,1
64584666,18,15,20,3,2,70,6,19,4,1,4,3,20,5,0,75,22,20,3,2,86,1,19,5,0,80,19,18,4,1
64670110,90,11,20,4,1,22,3,19,4,1,7,1,19,4,1,27,16,20,3,1,67,14,20,4,1,46,16,20,4,1
64669134,51,22,20,4,1,83,6,20,3,2,25,11,20,3,2,64,24,19,3,2,39,18,20,3,2,30,13,19,5,0
64660813,30,13,19,5,0,70,6,20,4,1,81,9,20,3,2,23,15,20,3,2,89,9,19,4,1,22,3,19,2,3
64660173,74,3,20,5,0,82,21,20,3,2,89,9,20,4,1,90,11,19,4,1,72,11,20,4,1,65,16,20,5,0
64659310,23,18,19,5,0,31,7,19,4,1,11,18,20,5,0,67,14,19,5,0,66,24,20,4,1,1,18,19,5,0
64658391,65,16,19,4,1,4,13,20,4,1,5,5,20,4,1,33,1,19,5,0,90,11,19,5,0,17,5,19,5,0
64657685,70,6,19,4,1,1,15,18,3,1,86,1,18,5,0,80,19,19,4,1,49,19,19,4,1,58,10,19,4,1
64642700,72,11,20,5,0,65,16,20,4,1,9,9,20,5,0,11,18,19,4,1,39,18,20,4,1,89,9,19,4,1
64641555,48,3,20,4,1,28,13,20,5,0,11,16,20,5,0,61,5,20,4,1,23,18,20,5,0,56,20,20,4,1
64640430,72,11,20,4,1,87,24,20,4,1,79,8,20,5,0,81,9,20,4,1,1,15,20,4,1,33,1,20,5,0
64645287,1,15,19,3,2,70,6,20,5,0,53,14,19,5,0,88,3,19,4,0,21,9,19,4,1,44,25,18,4,0
64644843,52,24,19,5,0,33,1,18,3,1,35,1,19,5,0,65,16,18,3,1,2,10,19,5,0,19,6,19,4,1
64644479,39,21,19,5,0,1,15,19,3,2,89,9,19,4,1,59,2,20,5,0,46,16,19,3,2,90,11,20,3,2
64643803,31,7,20,4,0,65,16,20,5,0,90,11,20,5,0,47,4,20,5,0,33,1,20,4,1,89,9,20,3,1
64642890,60,6,20,5,0,59,2,20,4,1,14,21,19,4,1,89,9,20,5,0,7,2,20,4,1,18,15,20,4,1
64642454,19,6,20,5,0,4,13,19,4,1,1,18,20,3,2,42,24,19,2,3,31,7,20,2,3,53,14,19,5,0
64483897,82,21,20,4,1,68,1,20,5,0,28,3,20,4,1,60,6,19,5,0,6,8,20,4,1,50,21,20,4,1
64483646,82,21,19,3,2,26,9,19,4,1,19,6,20,4,1,22,3,19,5,0,21,9,19,3,2,20,4,19,5,0
64483356,65,16,17,2,0,82,21,17,3,1,2,9,17,3,0,78,16,16,3,0,22,3,17,5,0,89,9,17,4,0
64585389,90,11,20,3,2,76,3,20,4,1,3,19,20,0,0,59,2,20,5,0,30,13,19,2,1,75,22,20,5,0
64584088,64,24,19,4,1,22,3,19,5,0,81,9,19,4,1,60,6,19,4,1,51,22,19,5,0,39,18,19,4,1
64582709,35,2,20,4,1,67,14,20,3,2,26,9,20,4,1,46,16,20,4,1,48,3,20,5,0,50,21,20,5,0
64581221,29,2,20,5,0,89,9,20,5,0,39,21,20,4,1,11,16,20,5,0,42,24,19,4,1,25,11,20,3,2
64659011,72,11,20,3,2,7,1,20,4,1,53,14,20,5,0,61,5,20,4,1,14,21,20,4,1,11,16,20,4,1
64658237,26,9,19,4,1,35,1,19,5,0,58,10,20,4,1,45,4,19,5,0,81,9,20,4,1,31,7,20,2,3
64656400,1,15,20,4,1,86,1,20,4,1,9,9,20,4,1,67,14,19,4,1,44,25,20,5,0,74,3,20,3,2
64655908,33,1,19,4,1,56,20,20,3,2,24,3,20,3,2,14,21,20,5,0,83,6,20,4,1,59,2,20,5,0
64655000,84,18,20,3,2,49,19,20,4,1,90,11,20,4,1,70,6,20,4,1,83,6,19,4,1,17,5,20,3,2
64611319,85,13,20,4,1,1,15,20,2,3,18,15,20,4,1,39,18,20,4,1,76,3,19,3,1,72,11,19,3,2
64610762,55,14,18,4,0,44,25,18,4,1,70,6,18,4,0,31,7,18,4,1,41,24,16,1,0,22,3,18,3,2
64609312,49,19,20,4,1,38,9,20,2,3,85,13,20,3,2,20,4,20,4,1,26,9,20,4,1,90,11,20,4,1
64607826,79,8,20,4,1,22,3,20,3,2,84,18,20,4,1,49,19,20,3,2,9,10,19,3,2,85,13,20,3,2
64666945,53,14,19,4,1,4,13,19,3,1,6,8,20,3,2,47,4,19,2,1,27,9,20,4,0,90,11,20,4,1
64652927,77,24,20,5,0,1,15,20,4,1,85,13,20,3,2,72,11,20,5,0,18,15,20,3,2,12,7,20,4,1
64652668,86,1,20,5,0,18,15,19,4,1,82,21,20,4,1,79,8,19,4,1,2,11,20,5,0,61,5,19,4,1
64651684,18,15,19,5,0,29,1,19,5,0,84,18,19,5,0,87,24,19,3,2,90,11,19,4,1,27,16,19,4,0
64651355,81,9,19,3,2,86,1,19,5,0,1,14,20,5,0,78,16,20,4,1,31,7,20,4,1,24,21,20,4,1
64610594,54,8,19,5,0,22,3,18,5,0,5,5,19,3,2,49,19,19,4,1,69,9,19,4,1,78,16,19,3,2
64601040,45,4,19,5,0,90,11,20,3,2,71,14,20,4,1,59,2,19,3,2,72,11,20,3,2,7,2,20,4,1
64600439,65,16,19,5,0,58,10,19,3,2,78,16,20,3,2,72,11,19,3,2,65,16,20,4,1,76,3,19,5,0
64592945,55,14,20,4,1,37,15,20,5,0,72,11,20,3,2,88,3,20,4,1,90,11,20,4,1,7,1,20,4,1
64661546,83,6,19,4,1,68,1,19,4,1,1,18,19,3,2,90,11,19,5,0,82,21,19,4,0,12,7,20,5,0
64660603,65,16,20,5,0,74,3,20,5,0,12,7,20,5,0,33,1,20,5,0,90,11,20,4,1,89,9,20,3,2
64660324,17,5,18,5,0,11,16,17,4,0,72,11,18,3,1,4,13,17,3,1,26,9,17,4,0,25,11,18,5,0
64658457,70,6,19,3,2,88,3,20,5,0,22,3,19,4,1,64,24,20,5,0,22,3,19,4,1,39,18,19,3,2
64656852,12,6,20,3,2,72,11,20,3,2,4,3,20,5,0,63,15,20,4,1,13,19,19,4,0,58,10,19,4,1
64655939,80,19,20,4,1,89,9,20,4,1,23,18,20,5,0,43,5,20,5,0,30,13,19,5,0,32,5,20,4,1
64652436,78,16,20,3,2,29,1,20,3,2,12,7,20,3,2,54,8,18,3,0,33,1,17,2,1,9,9,18,4,1
64652080,55,14,19,4,1,31,7,18,3,1,81,9,19,3,1,7,1,18,4,1,53,14,17,3,1,4,13,18,3,0
64663070,19,24,20,4,1,50,21,20,4,1,90,11,19,2,3,39,21,20,3,0,90,11,20,4,0,76,3,20,3,0
64652102,60,6,20,4,1,89,9,20,3,2,79,8,20,4,1,55,14,20,4,1,89,9,20,3,2,1,15,20,4,1
64481043,44,25,19,3,2,18,15,20,3,2,83,6,20,4,1,39,18,19,3,2,1,15,20,4,1,67,14,19,5,0
64466882,18,15,20,3,2,6,8,20,3,2,88,3,20,5,0,2,11,20,4,1,11,18,20,4,1,27,6,20,4,0
64435851,29,1,20,3,2,64,24,20,4,1,18,15,20,3,2,90,11,19,4,1,60,6,19,5,0,1,14,19,5,0
64428841,32,5,18,5,0,37,15,18,5,0,81,9,20,4,1,11,18,20,3,2,31,7,19,2,3,68,1,19,3,1
64397128,90,11,18,4,0,56,20,18,4,1,18,15,19,5,0,68,1,17,4,0,48,3,18,4,0,18,15,18,3,1
64386141,39,18,19,4,1,81,9,18,2,2,41,24,17,1,0,90,11,19,3,2,24,21,18,5,0,1,14,19,4,1
64379627,2,9,20,3,2,3,19,20,3,2,59,2,20,4,1,72,11,19,4,1,31,7,20,3,2,18,15,20,4,1
64660108,28,3,20,4,1,90,11,20,3,2,29,1,20,4,1,64,24,20,5,0,55,14,20,5,0,21,9,20,3,2
64659063,74,3,20,4,1,58,10,20,4,1,77,24,19,4,1,21,9,20,4,1,67,14,20,5,0,15,6,20,4,1
64658607,27,16,19,4,1,31,7,20,3,2,59,2,20,4,1,35,2,20,4,1,76,3,20,5,0,21,9,20,3,2
64658317,14,21,20,4,1,42,24,19,5,0,50,21,19,4,1,28,3,20,2,3,32,5,20,4,1,46,16,20,3,1
64657855,39,18,20,3,2,59,2,20,4,1,62,11,20,4,1,19,6,20,3,2,76,3,20,5,0,1,16,20,4,1
64657422,4,13,19,3,2,74,3,19,3,2,35,1,20,4,1,87,24,19,3,1,29,1,20,5,0,47,4,20,5,0
64657026,59,2,18,5,0,39,18,19,4,0,11,16,18,4,1,22,3,18,5,0,18,15,18,4,0,58,10,18,4,1
64409691,57,23,20,3,2,48,3,20,4,1,39,18,20,4,1,72,11,20,5,0,58,10,20,3,2,4,3,19,5,0
64644289,81,9,19,4,1,90,11,19,3,2,68,1,18,4,0,47,4,18,4,1,17,5,19,3,1,86,1,19,4,1
64643706,28,3,19,3,1,17,5,19,4,1,25,11,20,5,0,72,11,19,0,5,76,3,19,5,0,83,6,18,5,0
64589114,52,24,19,3,2,90,11,20,4,1,76,3,19,5,0,90,11,19,5,0,33,1,19,5,0,67,14,19,5,0
64588779,52,24,17,3,1,40,6,17,4,1,3,19,18,3,2,59,2,17,5,0,6,8,17,3,1,2,9,18,3,0
64587372,18,15,19,4,1,74,3,19,5,0,70,6,18,5,0,49,19,18,4,0,89,9,18,3,2,7,2,19,5,0
64586330,77,24,19,5,0,2,9,20,4,1,5,5,20,4,1,78,16,19,4,1,26,9,20,4,1,21,9,20,2,3
64572196,20,4,18,2,1,67,14,19,4,0,44,25,19,2,3,8,22,18,4,0,7,2,19,4,0,19,6,19,5,0
64570254,30,13,20,5,0,77,24,19,3,2,67,14,20,2,3,68,1,20,4,1,81,9,20,3,2,86,1,20,4,1
64567896,82,21,18,3,1,81,9,19,4,1,74,3,19,3,0,82,21,19,4,1,25,11,19,4,1,88,3,19,5,0
64635883,11,18,18,5,0,33,1,18,4,0,31,7,18,4,1,28,3,18,5,0,79,8,18,5,0,38,9,18,4,1
64627888,70,6,20,4,1,68,1,19,5,0,58,10,20,4,1,76,3,19,5,0,58,10,20,4,1,1,15,19,4,1
64626060,86,1,19,4,1,45,4,19,5,0,90,11,20,4,1,50,21,19,5,0,78,16,20,4,1,2,9,20,3,2
64623881,46,16,20,3,2,11,16,19,5,0,52,24,20,3,2,58,10,20,4,1,30,13,19,4,0,2,10,20,3,2
64666085,17,5,20,3,2,3,21,19,4,1,86,1,20,4,1,31,7,19,2,3,9,9,19,3,2,85,13,19,4,1
64665178,1,15,17,3,1,7,1,17,4,1,26,9,17,4,1,74,3,16,4,0,70,6,16,4,0,58,10,17,4,0
64664556,47,4,19,4,1,82,21,19,4,1,89,9,19,4,1,3,16,19,3,2,31,7,19,4,1,86,1,19,3,2
64663876,28,3,20,4,1,86,1,19,5,0,83,6,20,2,3,71,14,19,3,2,22,3,20,4,1,15,6,19,3,2
64615953,21,9,20,4,1,62,11,20,4,1,35,1,20,4,0,39,18,20,5,0,66,24,20,3,2,29,1,20,5,0
64611986,90,11,19,4,1,35,2,19,5,0,28,3,19,3,2,74,3,20,5,0,58,10,19,3,2,7,1,20,4,1
64610685,78,16,20,5,0,89,9,19,4,1,76,3,20,4,0,76,3,20,4,1,19,24,20,5,0,70,6,20,5,0
64610055,15,6,19,4,1,80,19,19,4,1,64,24,20,3,2,83,6,19,5,0,53,14,19,5,0,86,1,19,4,1
64608267,89,9,20,3,2,53,14,20,5,0,20,4,20,5,0,7,2,20,4,1,65,16,20,4,1,58,10,20,2,3
64670775,50,21,19,4,1,67,14,19,4,1,37,15,20,4,1,90,11,20,4,1,27,2,19,4,0,42,24,19,5,0
64613852,72,11,19,3,2,23,18,19,4,1,22,3,18,5,0,18,15,19,4,1,59,2,18,5,0,90,11,19,4,1
64612544,70,6,20,4,1,82,21,20,3,2,47,4,20,5,0,65,16,20,5,0,76,3,20,4,1,90,11,20,4,1
64610013,25,11,20,2,3,44,25,20,4,1,66,24,20,5,0,21,9,19,3,2,55,14,20,4,0,5,6,19,4,1
64609285,21,9,20,2,3,48,3,19,4,1,42,24,20,3,2,72,11,19,5,0,48,3,20,4,0,33,1,19,4,0
64605518,28,3,20,3,2,68,1,19,5,0,75,22,20,4,1,61,5,20,5,0,76,3,19,5,0,65,16,20,4,1
64604426,70,6,20,4,1,1,14,19,3,1,4,13,19,4,1,33,1,20,4,1,24,3,20,3,2,1,15,20,4,1
64603164,11,18,20,5,0,22,3,19,5,0,58,10,19,4,1,2,11,20,4,1,85,13,18,4,1,61,5,20,4,1
64602530,14,21,20,4,1,1,15,20,4,1,44,25,20,4,1,85,13,19,4,1,27,6,19,3,1,81,9,19,3,2
64664031,9,10,19,3,2,56,20,20,4,1,27,9,20,3,2,16,9,20,5,0,60,6,19,5,0,74,3,19,4,1
64663370,89,9,20,4,1,18,15,20,4,1,82,21,20,4,1,84,18,19,4,1,68,1,19,4,1,81,9,19,4,1
64661665,12,7,20,4,1,45,4,19,4,1,14,21,19,4,1,43,5,20,5,0,76,3,19,4,0,7,1,19,3,2
64658029,33,1,19,5,0,86,1,20,5,0,89,9,20,4,1,37,15,20,5,0,21,9,19,4,0,89,9,20,3,1
64657482,22,3,19,5,0,43,5,20,3,2,18,15,19,3,2,2,11,20,5,0,65,16,20,5,0,3,21,19,5,0
64656494,7,1,20,4,1,82,21,20,4,1,79,8,20,3,2,28,3,20,5,0,1,15,19,5,0,50,21,19,4,1
64655832,50,21,20,4,1,62,11,20,4,0,21,9,19,4,1,34,23,19,3,2,74,3,19,4,1,15,6,19,4,1
64655262,39,21,19,4,0,9,10,20,4,0,89,9,19,2,2,27,2,19,4,0,77,24,19,4,1,86,1,19,4,1
64654300,88,3,20,5,0,4,13,20,4,1,16,9,20,4,1,90,11,19,3,2,32,5,20,4,1,74,3,20,5,0
64653204,64,24,19,5,0,82,21,18,4,1,66,24,19,3,2,1,14,17,3,1,26,9,17,3,0,81,9,16,3,0
64651861,77,24,20,2,3,48,3,20,3,2,73,24,20,5,0,35,2,20,4,1,14,21,20,5,0,34,23,20,4,0
64653823,39,21,20,4,1,42,24,20,4,1,90,11,20,4,1,1,18,20,4,1,33,1,20,5,0,80,19,20,4,1
64652937,22,3,20,5,0,31,7,20,4,1,73,24,19,3,0,11,18,20,4,1,19,6,20,4,1,2,11,20,4,1
64586389,64,24,20,4,1,12,7,20,5,0,14,21,20,4,1,15,5,20,4,1,74,3,20,3,2,7,1,20,3,2
64484560,42,24,20,4,1,47,4,20,5,0,64,24,20,4,1,2,11,20,4,1,24,3,20,5,0,59,2,20,4,1
64484141,47,4,20,4,1,43,5,20,4,1,50,21,20,5,0,57,23,20,3,2,55,14,20,4,1,75,22,20,5,0
64406192,42,24,20,5,0,90,11,19,2,3,64,24,20,5,0,4,13,19,4,1,77,24,19,4,1,22,3,20,4,1
64404932,4,13,19,4,1,28,3,20,3,2,3,19,20,4,1,50,21,19,4,0,42,24,20,5,0,90,11,20,5,0
64404524,7,2,20,2,3,90,11,19,3,2,39,18,20,4,1,23,18,20,5,0,14,21,19,5,0,89,9,20,5,0
64363635,42,24,19,4,1,74,3,19,3,2,10,20,20,3,2,8,22,20,5,0,78,16,19,4,1,11,16,19,5,0
64671329,37,15,20,4,1,26,9,20,4,1,43,5,20,4,1,76,3,19,3,1,6,8,20,3,1,46,16,19,4,1
64664989,65,16,20,5,0,31,7,20,3,2,55,14,19,4,1,18,15,20,2,3,55,14,20,5,0,46,16,20,5,0
64664199,44,25,19,3,1,29,1,20,2,1,60,6,19,5,0,23,18,19,4,1,48,3,20,5,0,29,1,20,4,1
64663591,69,9,20,5,0,25,11,19,3,2,88,3,20,4,1,59,2,20,4,1,54,8,20,4,1,22,3,20,4,1
64662925,74,3,19,3,2,18,15,20,4,1,89,9,20,3,2,77,24,19,3,2,36,5,19,5,0,53,14,19,4,0
64662404,9,10,20,3,2,27,2,19,3,1,33,1,20,4,1,53,14,19,5,0,46,16,20,4,0,81,9,19,3,2
64661906,44,25,20,5,0,12,7,19,5,0,64,24,19,4,1,84,18,20,2,3,35,2,20,3,2,1,16,20,4,1
64661308,7,1,19,4,1,4,3,18,5,0,24,21,18,4,1,43,5,17,1,1,81,9,17,2,2,71,14,18,4,0
64634218,72,11,20,4,1,20,4,20,4,1,89,9,20,3,2,1,18,19,3,1,22,3,19,5,0,17,5,18,3,0
64632666,31,7,20,3,2,44,25,20,4,1,85,13,19,3,2,30,13,20,5,0,6,8,20,4,1,75,22,20,4,1
64630843,79,8,20,3,2,55,14,20,3,2,80,19,20,3,2,33,1,20,5,0,90,11,19,4,0,78,16,20,4,1
64628561,49,19,20,4,1,4,13,20,5,0,37,15,20,4,1,71,14,19,4,1,89,9,20,4,1,42,24,19,5,0
64626496,49,19,20,4,1,2,9,20,5,0,65,16,20,5,0,60,6,20,4,1,30,13,20,5,0,31,7,20,3,2
64624479,52,24,20,4,1,26,9,19,5,0,58,10,20,4,1,7,1,20,5,0,87,24,20,4,1,47,4,19,4,1
64622986,54,8,19,5,0,39,18,19,4,1,47,4,19,3,2,49,19,19,3,2,41,24,19,3,1,21,9,19,4,1
64569232,49,19,20,2,3,68,1,20,4,1,81,9,19,3,2,81,9,17,3,0,28,3,20,3,0,63,15,20,4,0
64567345,11,18,20,5,0,18,15,20,4,1,46,16,19,3,2,79,8,18,5,0,12,6,20,5,0,1,15,20,4,1
64565599,49,19,20,3,2,81,9,19,4,1,88,3,20,4,1,49,19,20,5,0,90,11,20,3,2,80,19,19,3,1
64661067,75,22,20,4,1,82,21,19,4,1,17,5,19,3,2,28,3,18,3,1,43,5,18,4,0,83,6,18,4,0
64655624,1,16,19,4,1,76,3,19,4,1,81,9,19,3,2,77,24,19,5,0,49,19,19,5,0,29,2,19,4,1
64655236,72,11,19,3,2,22,3,18,4,1,83,6,19,3,2,40,6,17,4,0,17,5,18,4,1,58,10,17,5,0
64651498,1,15,19,4,1,75,22,20,3,2,33,1,20,4,1,76,3,20,5,0,12,7,20,4,1,2,11,20,4,1
64651234,11,16,19,5,0,77,24,20,4,1,71,14,20,3,2,29,1,19,5,0,6,8,19,4,1,47,4,19,5,0
64643274,63,15,20,4,1,39,18,19,3,2,73,24,19,4,0,6,7,20,3,2,55,14,19,4,0,77,24,20,4,1
64642081,67,14,20,3,2,73,24,19,4,0,75,22,20,4,1,32,5,20,5,0,5,5,20,3,2,82,21,20,3,2
64667852,88,3,20,5,0,85,13,20,4,1,75,22,20,3,2,63,15,20,4,1,30,13,20,4,1,47,4,20,3,2
64666472,2,11,20,4,1,85,13,19,3,1,74,3,19,4,1,82,21,20,5,0,74,3,20,5,0,64,24,20,5,0
64665371,33,1,19,5,0,84,18,19,5,0,90,11,19,4,1,74,3,19,5,0,33,1,19,5,0,81,9,19,4,0
64606092,64,24,19,5,0,66,24,19,5,0,72,11,19,5,0,2,11,19,4,1,28,13,18,5,0,85,13,19,4,1
64604548,39,18,19,5,0,11,16,19,5,0,90,11,20,5,0,64,24,20,5,0,7,2,20,0,5,79,8,20,5,0
64601868,90,11,20,4,1,85,13,20,4,0,61,5,19,5,0,27,9,20,2,2,79,8,20,3,2,46,16,20,4,1
63926902,82,21,19,4,1,31,7,20,3,2,74,3,18,5,0,72,11,20,3,2,29,1,20,5,0,50,21,19,3,2
63356180,11,16,19,4,1,58,10,19,5,0,36,5,20,3,2,83,6,20,4,1,77,24,20,4,1,82,21,19,3,2
64670076,86,1,19,4,1,52,24,20,5,0,28,13,20,2,3,28,3,19,4,1,50,21,20,4,0,25,11,20,5,0
64668739,2,10,20,3,2,73,24,18,4,0,59,2,19,5,0,25,11,20,5,0,33,1,18,3,0,90,11,19,5,0
64640974,15,5,20,4,1,43,5,20,2,3,21,9,19,4,1,33,1,20,5,0,43,5,20,4,1,2,10,20,3,2
64588234,58,10,19,4,1,74,3,19,5,0,42,24,19,5,0,59,2,19,4,1,74,3,19,5,0,62,11,19,3,2
64587566,27,16,20,4,0,54,8,20,4,1,39,18,20,4,1,87,24,20,4,1,1,18,20,5,0,10,1,20,5,0
64585575,45,4,19,5,0,33,1,19,4,1,90,11,20,3,2,53,14,19,4,1,87,24,19,4,1,47,4,19,3,2
64584789,86,1,20,4,1,22,3,20,3,2,42,24,19,5,0,74,3,19,4,0,87,24,20,3,1,18,15,20,5,0
64583735,34,23,20,4,1,25,11,20,5,0,14,21,20,4,1,72,11,19,4,1,81,9,20,4,1,59,2,19,5,0
64666433,68,1,20,3,1,2,9,20,4,1,78,16,20,3,2,31,7,20,3,1,70,6,20,4,0,50,21,20,5,0
64665904,55,14,20,4,1,54,8,19,2,3,29,1,20,3,2,3,19,20,3,2,21,9,20,5,0,42,24,20,4,1
64664569,78,16,20,4,1,11,16,19,4,0,32,5,20,5,0,58,10,20,4,1,50,21,20,5,0,39,21,20,4,1
64663810,70,6,20,4,1,80,19,20,4,1,86,1,20,4,1,33,1,20,4,1,65,16,20,5,0,77,24,20,3,2
64662860,23,15,20,3,2,56,20,20,3,2,28,3,20,3,2,19,6,20,4,1,11,16,20,5,0,77,24,20,3,2
64661819,23,15,20,3,2,18,15,20,3,2,44,25,20,5,0,1,16,20,3,2,84,18,20,4,1,17,5,20,4,1
64557780,86,1,19,4,1,11,16,19,4,0,10,1,19,5,0,11,16,19,3,1,90,11,20,4,1,86,1,20,5,0
64557102,58,10,19,4,1,10,1,19,4,1,78,16,19,5,0,87,24,19,5,0,76,3,20,3,1,46,16,19,4,1
64555736,29,1,19,4,1,65,16,19,4,1,23,15,19,3,2,76,3,18,3,0,62,11,19,3,2,36,5,18,4,1
64670755,2,10,19,5,0,90,11,19,5,0,20,4,19,5,0,74,3,19,4,0,83,6,19,4,0,84,18,20,4,0
64669452,90,11,19,2,1,35,1,18,3,1,77,24,19,4,0,72,11,19,4,0,78,16,17,4,1,30,13,18,2,0
64668701,90,11,19,4,1,82,21,19,4,0,85,13,18,3,0,31,7,20,4,0,35,2,20,3,1,59,2,19,3,2
64668055,11,16,18,4,0,72,11,18,3,2,88,3,18,5,0,7,1,18,4,1,8,22,19,3,2,33,1,18,4,0
64666944,59,2,19,5,0,2,10,18,3,2,42,24,19,5,0,18,15,19,3,2,25,11,19,5,0,47,4,19,5,0
64634306,15,6,19,3,2,11,18,19,4,1,53,13,19,3,1,2,11,19,3,2,86,1,19,4,0,65,16,18,4,1
64633366,88,3,19,5,0,85,13,19,4,1,67,14,20,3,2,72,11,20,4,1,75,22,20,5,0,71,14,19,4,1
64631884,55,14,19,5,0,2,11,20,3,2,39,18,20,3,2,26,9,18,3,0,85,13,18,3,0,90,11,18,4,1
64630308,74,3,18,4,1,59,2,19,4,1,4,13,18,4,1,74,3,18,5,0,78,16,19,4,1,90,11,19,2,1
64628846,17,5,20,4,1,76,3,19,5,0,28,3,20,3,2,4,13,19,4,1,72,11,20,4,1,74,3,20,4,1
64644316,36,5,20,3,2,55,14,20,5,0,33,1,20,4,1,2,10,18,3,1,74,3,19,3,0,19,6,20,5,0
64642343,47,4,20,4,1,44,25,20,4,1,9,9,20,5,0,58,10,19,4,1,89,9,20,5,0,44,25,20,5,0
64641058,79,8,19,5,0,30,13,19,5,0,25,11,19,4,1,90,11,19,4,0,33,1,19,5,0,28,3,20,5,0
64639849,1,15,20,3,2,71,14,20,3,2,53,14,20,5,0,1,18,20,4,1,11,18,20,5,0,81,9,20,4,1
64638904,45,4,20,3,2,82,21,19,4,1,90,11,19,3,2,61,5,20,3,1,32,5,19,5,0,74,3,19,3,0
64637300,2,10,19,4,1,20,4,20,4,1,69,9,20,3,2,28,3,19,5,0,70,6,19,5,0,4,3,19,5,0
64636118,42,24,20,5,0,90,11,19,4,1,68,1,19,4,0,50,21,20,5,0,82,21,19,5,0,40,6,20,4,1
64633560,81,9,20,3,2,68,1,19,4,1,86,1,20,5,0,53,14,19,5,0,25,11,20,4,1,10,20,19,4,1
64498055,54,8,20,2,3,32,5,20,3,2,30,13,20,4,1,11,18,20,4,1,77,24,20,5,0,16,9,20,3,2
64497552,1,18,20,3,2,18,15,20,3,2,55,14,20,5,0,68,1,20,5,0,90,11,20,4,1,9,10,20,4,1
64496498,70,6,20,4,1,11,16,20,5,0,81,9,20,4,1,48,3,20,4,1,39,18,19,4,1,67,14,20,4,1
64559088,57,23,20,4,1,24,3,20,3,2,33,1,19,5,0,86,1,20,3,0,28,3,20,4,1,22,3,19,3,0
64557718,32,5,20,4,1,86,1,20,4,1,50,21,20,3,2,22,3,20,5,0,20,4,20,4,1,31,7,20,3,2
64556481,18,15,19,3,2,53,14,19,5,0,31,7,20,5,0,26,9,19,4,1,44,25,20,4,0,64,24,19,5,0
64555393,57,23,20,5,0,39,18,20,3,2,7,1,19,4,1,28,3,19,4,1,45,4,19,5,0,49,19,19,4,1
64554133,47,4,20,3,2,51,22,20,4,1,2,9,20,5,0,49,19,20,5,0,89,9,20,5,0,1,15,20,3,2
64553475,89,9,20,3,2,70,6,20,4,1,24,21,20,4,1,81,9,20,4,1,76,3,20,5,0,22,3,20,5,0
64552870,44,25,20,4,1,1,15,20,4,1,89,9,20,3,2,47,4,19,4,1,89,9,20,5,0,25,11,20,3,2
64551973,81,9,20,4,1,44,25,19,3,2,11,18,20,5,0,49,19,20,5,0,48,3,20,5,0,4,13,19,4,1
64618806,56,20,20,4,1,1,18,20,4,1,11,18,20,4,1,72,11,20,4,1,88,3,19,5,0,74,3,19,5,0
64618153,76,3,20,5,0,60,6,20,4,1,54,8,20,4,1,86,1,20,4,1,30,13,20,3,1,70,6,20,3,2
64616682,68,1,19,3,1,73,24,20,4,1,39,18,19,4,1,2,10,20,4,1,76,3,19,4,1,50,21,20,3,2
64615368,11,16,20,3,2,4,13,20,3,2,82,21,20,3,2,15,6,20,5,0,28,3,19,5,0,7,1,20,5,0
64614817,4,13,20,4,1,49,19,20,5,0,2,11,20,4,1,88,3,20,5,0,4,13,20,4,1,39,18,20,4,1
64614021,18,15,19,5,0,47,4,20,5,0,89,9,19,4,1,90,11,19,5,0,18,15,19,5,0,7,1,18,4,1
64612267,14,21,20,4,1,74,3,20,4,1,31,7,20,3,2,44,25,20,5,0,89,9,20,4,1,73,24,20,4,0
64609900,82,21,20,3,2,90,11,20,4,1,65,16,20,4,1,65,16,20,5,0,40,6,20,3,2,76,3,20,4,0
64481938,2,10,18,5,0,88,3,17,5,0,81,9,18,4,1,1,16,19,4,1,10,1,18,5,0,37,15,19,5,0
64409810,90,11,19,3,2,89,9,19,5,0,24,21,18,4,1,7,1,18,5,0,30,13,17,1,0,35,1,18,5,0
64405633,77,24,17,4,0,80,19,17,4,0,90,11,17,4,1,4,3,16,5,0,2,11,16,4,0,28,13,16,3,0
64396247,35,1,19,5,0,18,15,20,4,1,60,6,19,4,1,30,13,19,4,1,90,11,19,3,2,26,9,19,5,0
64384962,9,10,18,5,0,46,16,18,4,0,11,16,18,5,0,44,25,17,5,0,64,24,18,5,0,15,5,17,3,1
64384376,70,6,18,4,1,18,15,17,4,0,80,19,17,3,1,90,11,17,5,0,12,7,18,5,0,50,21,17,4,0
64383885,59,2,19,2,3,27,6,18,4,0,6,8,19,3,2,15,5,17,3,0,73,24,17,2,0,28,3,18,4,1
64367647,90,11,17,4,0,67,14,18,5,0,28,3,18,5,0,64,24,16,3,0,78,16,16,3,0,42,24,16,3,1
64366701,20,4,18,5,0,89,9,19,4,1,16,9,19,4,1,22,3,19,5,0,90,11,19,4,1,53,14,19,4,0
64647117,87,24,20,3,2,90,11,20,4,1,33,1,20,5,0,64,24,19,5,0,89,9,20,3,2,33,1,20,5,0
64646618,12,7,20,4,1,7,2,19,5,0,70,6,20,4,1,70,6,20,4,1,12,6,20,5,0,48,3,19,4,1
64646370,5,6,20,5,0,27,6,19,4,0,26,9,20,3,2,84,18,20,3,2,73,24,19,0,0,28,3,20,3,2
64646036,90,11,20,4,1,23,18,19,3,2,46,16,19,4,1,47,4,19,4,0,89,9,20,5,0,10,1,20,5,0
64645660,6,7,20,3,2,11,16,20,5,0,14,21,20,4,1,33,1,19,5,0,80,19,19,3,2,36,5,20,4,1
64645420,65,16,20,5,0,33,1,19,3,1,48,3,19,4,1,30,13,19,4,1,23,18,19,5,0,9,10,19,2,3
64644329,72,11,19,4,1,29,1,19,5,0,4,3,19,4,1,90,11,19,5,0,42,24,19,5,0,3,21,19,3,1
64643781,75,22,20,3,2,53,13,20,5,0,82,21,20,5,0,77,24,20,5,0,74,3,19,5,0,84,18,20,3,2
64643021,79,8,20,4,1,72,11,20,3,2,19,24,20,4,1,88,3,19,4,1,29,1,19,3,2,43,5,20,3,2
64637198,23,18,20,4,1,45,4,19,4,0,75,22,20,4,1,34,23,19,4,1,59,2,19,4,1,50,21,19,5,0
64636314,34,23,20,4,1,82,21,20,3,2,28,3,20,4,1,71,14,19,5,0,48,3,19,4,1,89,9,19,4,0
64634398,18,15,19,3,2,85,13,20,4,1,70,6,20,3,2,90,11,20,5,0,84,18,20,5,0,1,15,20,5,0
64633188,2,11,20,5,0,89,9,20,3,2,24,3,20,5,0,28,3,19,5,0,21,9,19,4,1,37,15,20,4,1
64631622,86,1,19,2,3,55,14,20,5,0,2,10,20,2,3,11,18,19,5,0,90,11,19,4,0,1,16,19,4,1
64534005,2,9,20,4,1,86,1,20,5,0,90,11,20,4,1,14,21,20,4,1,80,19,20,4,1,65,16,20,4,1
64496701,48,3,20,4,1,55,14,19,5,0,18,15,20,4,1,81,9,20,4,1,1,15,20,4,1,64,24,20,5,0
64495890,86,1,20,5,0,17,5,19,4,1,84,18,20,4,1,7,1,19,5,0,47,4,20,3,0,28,3,20,4,0
64491477,11,18,20,5,0,19,6,20,4,1,78,16,20,3,2,44,25,20,4,0,72,11,20,5,0,30,13,20,3,0
64489019,81,9,20,4,1,68,1,19,4,0,6,8,20,4,1,72,11,20,5,0,27,6,20,4,0,19,6,20,4,1
64488130,44,25,20,4,1,58,10,20,3,2,72,11,20,2,3,27,9,20,4,0,38,9,20,3,2,71,14,20,5,0
64482028,18,15,20,3,2,28,3,20,3,2,25,11,20,5,0,44,25,20,4,1,16,9,20,3,2,34,23,20,4,1
64481687,90,11,20,4,1,75,22,20,5,0,27,16,20,5,0,89,9,20,3,2,39,18,19,5,0,37,15,20,3,2
64486551,14,21,20,4,1,33,1,20,3,2,82,21,20,3,2,58,10,19,4,0,1,15,19,5,0,50,21,20,2,0
64458092,55,14,18,0,0,59,2,18,5,0,1,16,18,5,0,22,3,18,4,0,17,5,18,4,1,35,2,17,2,1
64442515,57,23,19,3,2,56,20,19,4,1,4,3,19,5,0,90,11,19,5,0,47,4,20,4,1,3,16,20,3,2
64432716,49,19,19,5,0,80,19,18,4,1,6,8,19,4,1,72,11,19,4,1,27,16,18,5,0,18,15,18,4,1
64430878,23,18,20,4,1,22,3,20,3,2,59,2,20,2,3,81,9,20,5,0,85,13,20,4,1,46,16,20,4,1
64430184,77,24,20,2,3,33,1,20,3,2,55,14,20,4,1,90,11,20,4,1,29,1,20,4,1,78,16,19,4,1
64377549,18,15,18,5,0,22,3,18,5,0,2,11,19,4,1,90,11,18,5,0,84,18,19,5,0,44,25,18,4,0
64375192,64,24,20,4,1,90,11,19,3,2,47,4,20,4,1,68,1,20,5,0,87,24,20,5,0,90,11,20,2,3
64671347,80,19,20,4,1,4,13,20,4,1,88,3,20,4,1,30,13,19,5,0,6,7,20,4,1,21,9,20,4,1
64641685,39,21,20,3,2,76,3,20,4,1,9,9,20,4,1,18,15,20,4,1,80,19,20,3,2,4,13,20,4,1
64640389,23,18,20,5,0,24,3,20,5,0,58,10,19,4,1,18,15,20,5,0,63,15,20,5,0,55,14,20,5,0
64636317,39,21,20,4,1,87,24,20,3,2,22,3,20,4,1,53,13,20,4,1,14,21,20,4,1,6,8,20,5,0
64645385,16,9,18,5,0,22,3,17,3,1,54,8,18,3,1,1,15,18,2,2,45,4,17,3,0,18,15,18,5,0
64541136,9,10,20,4,1,71,14,20,4,1,82,21,19,4,1,61,5,20,3,2,28,3,20,2,3,74,3,20,4,1
64494982,44,25,20,4,1,24,21,20,4,0,46,16,20,4,1,73,24,19,5,0,74,3,20,3,2,78,16,19,3,2
64444509,44,25,20,4,1,2,9,20,4,1,18,15,20,4,1,19,24,20,4,1,24,3,20,3,2,65,16,20,4,1
64437266,12,6,19,3,2,35,1,19,5,0,11,16,18,5,0,12,7,17,4,1,65,16,18,3,2,44,25,19,5,0
64423795,11,16,17,4,1,18,15,18,4,1,89,9,17,5,0,28,3,17,5,0,60,6,17,5,0,89,9,16,4,0
64642936,64,24,20,5,0,71,14,20,5,0,90,11,20,5,0,90,11,20,3,2,82,21,20,4,1,78,16,20,3,2
64642283,86,1,17,3,0,29,1,16,4,0,66,24,16,2,0,76,3,17,3,0,64,24,17,5,0,90,11,16,2,2
64641657,90,11,16,4,0,30,13,15,2,0,11,18,15,2,0,44,25,15,2,1,35,2,17,5,0,2,9,16,3,0
64640309,5,6,20,2,3,22,3,19,3,2,76,3,20,5,0,90,11,20,4,0,53,14,19,2,0,16,9,20,4,1
64639656,81,9,20,3,2,65,16,19,5,0,48,3,20,5,0,90,11,19,4,1,28,3,20,4,1,67,14,19,4,1
64638854,76,3,19,5,0,43,5,20,2,3,82,21,20,4,1,15,6,19,5,0,76,3,19,2,0,17,5,19,4,0
64554360,43,5,17,4,0,22,3,18,4,1,71,14,17,3,0,13,15,17,3,0,21,9,18,3,1,74,3,18,4,0
64553886,85,13,20,5,0,72,11,20,3,1,77,24,20,4,1,36,5,20,0,5,29,1,20,4,1,44,25,19,5,0
64524052,59,2,17,3,0,14,21,18,3,0,75,22,18,3,0,64,24,18,4,0,2,10,18,3,2,3,21,18,3,1
64665487,70,6,19,4,1,53,14,18,4,1,1,18,19,4,1,72,11,18,4,1,55,14,18,5,0,48,3,18,4,1
64663185,56,20,19,3,2,29,1,19,3,2,16,9,19,4,1,14,21,19,4,0,47,4,19,1,1,90,11,20,4,1
64662909,30,13,19,4,0,25,11,19,4,1,29,1,20,4,1,67,14,20,5,0,6,8,20,3,2,63,15,19,4,1
64626758,62,11,19,4,1,87,24,20,4,1,85,13,19,3,1,82,21,20,5,0,64,24,20,4,1,60,6,19,3,2
64617814,53,14,20,3,2,79,8,19,5,0,21,9,20,4,1,45,4,19,4,1,90,11,20,5,0,75,22,19,4,1
64615557,4,13,18,3,1,2,10,19,5,0,48,3,19,4,1,22,3,18,5,0,81,9,18,4,1,48,3,18,4,0
64614533,85,13,19,3,2,2,10,20,3,2,66,24,20,4,1,24,21,20,3,2,11,18,20,5,0,7,1,20,2,1
64610139,3,16,19,5,0,23,18,19,4,1,87,24,19,4,1,31,7,20,4,1,65,16,20,3,2,48,3,19,5,0
64671320,78,16,18,4,1,42,24,18,4,1,4,13,18,3,2,58,10,17,3,1,42,24,18,4,0,74,3,18,4,0
64662528,2,11,20,3,2,90,11,20,5,0,25,11,20,3,2,70,6,19,3,0,11,16,19,3,1,53,14,18,4,0
64649896,18,15,19,5,0,74,3,19,4,0,31,7,19,5,0,70,6,19,2,2,68,1,18,3,0,44,25,19,4,1
64530331,22,3,20,4,1,77,24,20,4,1,67,14,20,4,1,55,14,20,5,0,64,24,20,4,1,52,24,20,4,1
64500542,88,3,19,4,0,33,1,19,4,1,89,9,20,4,1,88,3,18,3,0,90,11,19,4,0,44,25,19,4,0
64435521,85,13,20,3,2,90,11,20,3,2,89,9,20,5,0,53,14,19,5,0,43,5,20,3,2,90,11,20,3,2
64420051,73,24,20,5,0,49,19,20,3,2,90,11,20,5,0,9,10,20,1,4,42,24,20,4,1,3,19,20,4,1
64418326,8,22,19,4,1,4,13,19,4,1,89,9,19,5,0,79,8,19,4,1,51,22,18,4,1,71,14,19,5,0
64413418,18,15,19,2,3,68,1,18,0,0,58,10,19,0,0,18,15,18,4,0,72,11,19,4,0,64,24,18,3,0
64392883,7,1,20,5,0,61,5,19,4,1,72,11,20,4,1,76,3,19,3,0,36,5,20,4,0,19,24,20,5,0
64663022,34,23,20,4,1,58,10,19,5,0,11,16,19,5,0,78,16,20,3,2,50,21,20,3,2,2,11,20,5,0
64661881,34,23,20,4,1,11,18,20,4,1,1,15,19,3,2,81,9,20,3,2,20,4,19,4,1,79,8,19,3,2
64645177,68,1,18,4,0,34,23,19,5,0,72,11,19,3,2,59,2,19,4,1,29,1,19,4,1,53,14,19,5,0
64644637,72,11,20,4,1,11,18,19,5,0,86,1,19,4,1,89,9,20,5,0,29,1,19,4,1,58,10,20,4,1
64644177,81,9,20,4,1,70,6,20,4,1,1,14,19,4,1,23,18,20,5,0,29,1,20,4,1,15,6,19,5,0
64634988,67,14,20,5,0,17,5,20,4,1,74,3,19,4,1,77,24,20,2,3,65,16,20,4,1,88,3,19,5,0
64632011,60,6,20,5,0,49,19,20,5,0,89,9,20,4,1,26,9,20,5,0,85,13,20,5,0,31,7,20,2,3
64630779,75,22,20,4,1,39,18,20,4,1,53,13,19,5,0,31,7,20,3,1,33,1,19,5,0,90,11,20,3,2
64557171,47,4,19,3,1,54,8,19,4,1,45,4,18,5,0,4,13,19,3,2,89,9,19,3,2,48,3,19,4,1
64671002,1,15,19,5,0,89,9,19,2,3,64,24,19,4,1,76,3,18,4,1,77,24,19,4,1,7,1,18,5,0
64669567,1,15,17,5,0,7,2,17,3,0,64,24,17,3,0,53,13,17,3,0,7,2,17,3,1,47,4,17,5,0
64668555,67,14,20,3,2,65,16,19,5,0,35,1,20,4,1,1,15,20,3,2,57,23,20,4,1,33,1,19,4,1
64666376,33,1,20,4,0,89,9,20,4,1,12,7,20,5,0,9,10,20,4,1,89,9,20,2,3,68,1,19,4,1
64665267,16,9,19,4,1,12,7,19,4,1,74,3,19,4,0,45,4,19,4,1,67,14,19,3,2,82,21,19,3,2
64664600,22,3,20,4,1,75,22,20,3,2,49,19,20,3,2,79,8,20,4,1,37,15,20,4,1,4,3,19,5,0
64662903,23,18,20,4,1,11,18,20,4,1,75,22,20,5,0,89,9,20,4,1,37,15,20,4,1,53,14,20,5,0
64661876,53,13,20,4,1,58,10,20,4,1,11,18,20,5,0,1,15,20,4,1,52,24,20,2,1,82,21,20,4,1
64661086,5,5,19,4,1,83,6,19,5,0,82,21,20,4,1,67,14,19,5,0,77,24,19,4,1,64,24,19,3,1
64670935,89,9,17,3,1,68,1,18,4,0,22,3,17,4,0,37,15,18,5,0,77,24,18,5,0,29,1,18,4,1
64669365,44,25,19,3,2,78,16,19,4,1,30,13,18,4,0,90,11,19,4,1,77,24,19,3,2,20,4,19,5,0
64667378,3,19,20,5,0,19,6,20,3,2,83,6,20,4,1,36,5,18,3,0,76,3,18,2,0,89,9,18,3,0
64644120,19,24,20,3,2,59,2,20,4,1,29,1,20,2,3,62,11,20,5,0,10,1,20,4,1,17,5,20,4,1
64643508,3,21,20,5,0,79,8,20,3,2,21,9,20,4,1,39,21,20,3,2,90,11,20,3,2,76,3,19,5,0
64567951,42,24,20,3,2,1,18,20,3,1,72,11,20,4,1,4,13,20,4,0,17,5,20,4,1,61,5,20,5,0
64432017,75,22,20,3,2,78,16,20,2,3,72,11,20,4,1,55,14,19,5,0,17,5,20,4,1,31,7,20,2,3
64431305,1,16,20,3,2,79,8,20,4,1,64,24,20,4,1,81,9,20,3,2,37,15,20,3,2,53,13,20,4,1
64430583,39,18,20,4,1,90,11,20,5,0,67,14,20,5,0,29,1,20,5,0,25,11,20,4,1,18,15,20,4,1
64648316,39,21,20,3,2,73,24,19,5,0,46,16,20,3,2,54,8,20,5,0,16,9,20,3,2,22,3,20,4,1
64648194,2,11,20,4,1,14,21,20,4,1,11,16,19,4,0,64,24,20,3,2,22,3,20,5,0,1,18,20,4,1
64647921,7,1,19,4,1,60,6,19,4,1,83,6,19,5,0,30,13,17,3,0,87,24,18,5,0,62,11,18,4,0
64647697,37,15,20,4,1,76,3,20,4,1,82,21,20,3,2,67,14,19,4,1,83,6,20,5,0,74,3,19,5,0
64647452,90,11,20,3,2,46,16,20,4,1,50,21,20,5,0,84,18,20,4,1,28,13,20,4,1,18,15,20,3,2
64647004,84,18,19,5,0,90,11,20,5,0,22,3,20,5,0,90,11,19,4,1,15,6,20,4,1,55,14,20,4,1
64668115,37,15,20,5,0,31,7,20,2,3,76,3,20,5,0,81,9,20,5,0,78,16,19,3,2,80,19,20,5,0
64666861,44,25,19,4,1,48,3,19,3,2,90,11,19,4,1,19,6,19,4,1,15,5,19,5,0,72,11,19,5,0
64665431,82,21,20,4,1,17,5,20,4,1,59,2,20,5,0,18,15,19,4,1,90,11,19,3,2,48,3,19,2,2
64664751,18,15,20,3,2,90,11,20,4,1,11,16,20,5,0,60,6,20,4,1,71,14,19,4,1,51,22,20,3,2
64662682,42,24,18,5,0,29,1,19,3,0,39,18,19,5,0,12,6,19,4,1,84,18,18,5,0,33,1,19,4,1
64662099,25,11,20,5,0,23,18,20,5,0,17,5,20,4,1,39,18,19,4,1,23,18,20,4,1,70,6,19,4,1
64657783,89,9,20,4,1,18,15,20,4,1,81,9,20,5,0,90,11,19,4,1,86,1,20,4,1,76,3,18,5,0
64655507,90,11,20,4,1,22,3,19,5,0,59,2,20,4,1,62,11,20,3,2,53,14,19,5,0,89,9,20,4,1
64655007,88,3,19,4,1,86,1,19,4,1,90,11,20,4,1,33,1,19,5,0,21,9,20,3,2,22,3,20,4,0
64654468,6,7,18,3,1,59,2,19,5,0,48,3,19,4,1,40,6,18,3,1,2,9,18,4,0,33,1,17,1,2
64611210,57,23,20,3,2,34,23,20,5,0,25,11,20,4,1,72,11,20,4,1,55,14,19,5,0,58,10,20,4,1
64604728,70,6,20,5,0,4,13,19,4,1,18,15,20,4,1,37,15,20,4,0,15,5,20,3,1,87,24,19,5,0
64602156,31,7,20,4,1,19,6,20,3,2,63,15,20,4,1,19,6,20,4,1,40,6,20,5,0,24,21,20,5,0
64599260,11,18,20,5,0,78,16,20,4,1,50,21,20,5,0,43,5,20,4,1,87,24,20,5,0,76,3,19,5,0
64597877,73,24,20,4,0,39,21,20,4,1,65,16,20,4,1,1,18,19,3,2,31,7,20,4,1,11,18,20,4,1
64666298,69,9,19,4,0,65,16,20,5,0,49,19,19,4,1,23,18,19,4,1,78,16,20,5,0,70,6,19,4,1
64665029,18,15,20,3,2,46,16,19,4,1,33,1,19,5,0,7,1,20,3,2,70,6,20,5,0,11,16,20,4,1
64663009,19,6,20,3,2,77,24,20,5,0,22,3,20,2,1,21,9,20,4,1,27,2,20,3,1,82,21,20,4,1
64662512,18,15,19,4,1,88,3,19,4,1,60,6,19,4,1,49,19,20,5,0,21,9,20,5,0,58,10,20,5,0
64662008,76,3,19,5,0,22,3,19,3,2,17,5,19,4,1,46,16,19,5,0,72,11,19,4,1,2,11,19,4,1
64661502,14,21,19,5,0,40,6,20,4,1,64,24,20,3,2,56,20,20,5,0,7,2,19,5,0,70,6,19,5,0
64660438,1,18,19,4,1,83,6,19,5,0,78,16,19,4,1,26,9,18,3,0,22,3,19,4,1,78,16,19,3,2
64659794,8,22,20,3,2,76,3,19,4,1,90,11,20,4,1,9,9,20,5,0,37,15,20,4,1,3,21,20,4,1
64640918,32,5,20,4,1,49,19,20,4,1,60,6,20,5,0,4,13,19,4,1,78,16,20,3,2,11,18,20,5,0
64638786,56,20,19,5,0,54,8,19,5,0,14,21,20,4,1,36,5,20,4,1,24,3,19,4,1,30,13,19,5,0
64614235,49,19,20,5,0,32,5,20,4,1,30,13,20,3,1,39,18,19,5,0,73,24,20,5,0,6,8,20,5,0
64611767,10,1,20,4,1,49,19,20,3,2,9,9,20,2,3,44,25,20,5,0,21,9,20,5,0,58,10,20,4,1
64564563,49,19,20,4,1,76,3,20,5,0,18,15,20,4,1,81,9,19,4,1,88,3,20,4,1,72,11,20,3,2
64563468,56,20,20,5,0,11,18,20,5,0,62,11,20,3,2,53,14,20,5,0,1,18,20,4,1,89,9,20,5,0
64664867,87,24,19,3,2,81,9,19,4,1,70,6,19,5,0,90,11,17,4,1,65,16,18,5,0,18,15,18,4,1
64642909,74,3,20,3,2,55,14,19,4,1,23,18,20,3,2,83,6,20,5,0,2,11,20,4,1,72,11,19,3,2
64610715,11,18,19,5,0,71,14,20,4,1,59,2,20,3,2,46,16,20,3,2,32,5,20,3,2,4,3,20,4,1
64592591,22,3,18,5,0,9,10,18,4,1,71,14,18,5,0,89,9,19,4,1,60,6,18,4,1,86,1,18,5,0
64496563,4,13,19,3,2,82,21,19,4,1,39,18,19,5,0,19,24,19,4,1,55,14,19,4,1,78,16,19,5,0
64492392,15,6,18,4,1,49,19,19,4,1,64,24,19,4,1,80,19,19,3,2,19,6,17,4,0,47,4,19,5,0
64452347,64,24,20,4,1,15,6,20,4,1,4,13,20,5,0,53,14,20,4,0,72,11,19,3,2,26,9,20,3,1
64424622,35,1,20,3,2,32,5,20,3,2,90,11,20,4,1,77,24,20,5,0,38,9,19,4,1,20,4,19,5,0
64401501,16,9,19,4,1,3,19,19,5,0,90,11,19,4,1,22,3,19,5,0,90,11,19,4,1,69,9,18,2,0
64635930,63,15,20,5,0,31,7,20,4,1,1,16,19,4,1,74,3,18,4,1,31,7,18,4,0,76,3,19,3,0
64634420,12,7,19,4,0,30,13,18,2,0,58,10,19,4,1,64,24,19,5,0,81,9,19,2,2,59,2,18,4,1
64630514,76,3,16,2,0,67,14,17,5,0,24,3,16,5,0,90,11,17,5,0,74,3,17,4,0,1,15,16,3,1
64628936,81,9,20,2,3,27,9,20,3,1,56,20,20,3,0,16,9,20,5,0,72,11,19,5,0,20,4,19,5,0
64627640,55,14,19,4,0,24,21,19,3,2,9,9,20,2,3,4,3,18,5,0,15,5,19,4,1,78,16,19,5,0
64625646,85,13,20,4,1,56,20,20,3,2,75,22,20,3,2,53,13,19,5,0,81,9,20,3,2,12,7,20,4,1
64623096,33,1,20,4,1,71,14,19,5,0,72,11,20,3,2,89,9,19,5,0,76,3,19,4,1,35,2,19,5,0
64621867,4,3,20,5,0,30,13,20,4,1,9,9,20,2,3,28,13,20,5,0,54,8,19,3,2,37,15,20,4,1
64620801,75,22,19,5,0,82,21,19,3,2,39,18,20,4,1,60,6,20,5,0,70,6,20,3,2,1,16,19,3,1
64640852,43,5,19,2,3,71,14,19,4,1,4,13,19,5,0,2,10,19,4,1,80,19,20,4,1,74,3,19,4,1
64638010,29,1,20,3,2,3,21,20,3,2,4,13,19,4,1,80,19,19,4,1,66,24,20,4,1,50,21,20,4,1
64634312,61,5,20,5,0,32,5,20,2,3,53,14,20,4,1,72,11,20,4,1,42,24,20,5,0,68,1,19,5,0
64631964,35,1,20,5,0,41,24,20,4,0,6,8,20,4,1,30,13,20,4,1,32,5,20,4,1,1,14,20,4,1
64630048,30,13,19,4,0,32,5,20,3,2,74,3,19,4,1,28,3,19,3,2,21,9,19,3,2,12,6,19,5,0
64629088,74,3,20,4,1,76,3,19,5,0,49,19,20,3,2,81,9,20,4,1,29,1,20,5,0,22,3,20,4,1
64663577,64,24,19,5,0,53,14,20,5,0,22,3,20,5,0,2,11,20,4,1,1,15,20,2,3,11,18,20,5,0
64663038,27,2,20,4,0,49,19,20,3,2,5,5,20,3,2,86,1,20,5,0,39,21,20,4,1,81,9,20,4,1
64662654,6,8,20,3,2,19,24,20,4,1,88,3,20,5,0,68,1,19,5,0,62,11,20,3,2,49,19,20,4,1
64659588,18,15,20,3,2,63,15,20,4,1,73,24,20,5,0,15,6,19,5,0,1,15,20,4,1,10,1,20,5,0
64646090,72,11,19,5,0,50,21,19,3,1,82,21,20,5,0,42,24,19,4,1,28,3,19,5,0,44,25,19,4,1
64643825,27,2,20,4,0,76,3,20,4,1,28,3,20,3,2,42,24,20,3,0,64,24,20,5,0,59,2,19,4,1
64672373,74,3,20,3,2,58,10,20,4,1,86,1,19,4,1,33,1,19,4,1,42,24,20,3,2,2,10,18,5,0
64671058,29,1,20,4,1,9,9,20,5,0,50,21,20,5,0,7,1,20,3,2,46,16,20,4,1,64,24,19,4,1
64668825,1,18,20,3,2,29,1,20,4,1,37,15,20,4,1,86,1,20,5,0,18,15,20,4,1,89,9,20,5,0
64667388,78,16,20,4,1,70,6,20,3,2,86,1,19,5,0,64,24,19,4,1,30,13,19,4,1,90,11,20,3,2
64666555,49,19,20,5,0,18,15,20,5,0,2,10,20,5,0,6,8,19,3,2,79,8,19,3,1,11,18,19,3,0
64665326,18,15,20,4,1,42,24,19,4,1,68,1,19,4,1,1,14,19,5,0,82,21,17,3,0,70,6,19,4,1
64664575,31,7,18,3,2,76,3,17,5,0,67,14,18,5,0,33,1,19,5,0,90,11,19,5,0,39,18,19,5,0
64663804,51,22,20,5,0,33,1,20,5,0,72,11,20,3,2,39,18,20,4,1,88,3,20,5,0,90,11,20,4,1
64662815,13,19,19,5,0,90,11,19,3,2,86,1,19,4,1,28,3,19,3,2,11,18,19,5,0,77,24,20,3,2
64660753,78,16,20,5,0,69,9,19,5,0,7,1,20,4,1,72,11,20,3,2,20,4,20,4,1,15,5,20,4,1
64659671,8,22,20,4,1,36,5,20,4,1,90,11,20,4,1,77,24,20,4,1,28,3,20,3,2,39,18,20,2,3
64658545,47,4,20,5,0,64,24,20,5,0,89,9,20,3,2,9,10,19,4,1,11,18,19,4,1,55,14,19,4,1
64657731,4,3,19,3,2,23,18,20,3,2,89,9,19,4,1,82,21,20,3,2,72,11,20,3,2,11,16,19,5,0
64657352,70,6,20,3,2,37,15,19,4,1,42,24,19,4,1,15,6,19,4,1,30,13,18,5,0,74,3,19,5,0
64157213,49,19,20,4,1,61,5,20,4,1,56,20,20,4,1,67,14,20,5,0,79,8,20,4,1,89,9,20,4,1
64155407,17,5,20,4,1,28,3,20,3,2,8,22,20,4,1,82,21,19,5,0,65,16,20,4,1,31,7,20,4,1
64154465,89,9,20,3,2,22,3,20,3,2,47,4,20,3,2,85,13,19,3,1,31,7,20,4,1,75,22,19,5,0
64153015,23,18,19,5,0,1,16,19,4,1,72,11,20,5,0,19,24,20,3,2,64,24,20,4,1,78,16,20,4,1
64560191,44,25,19,3,2,22,3,20,3,2,12,7,20,4,1,67,14,19,4,1,30,13,18,5,0,72,11,19,5,0
64558828,44,25,19,3,2,14,21,19,4,1,77,24,19,4,1,65,16,19,4,1,87,24,20,4,1,29,1,20,4,1
64557963,89,9,19,4,1,28,3,19,5,0,47,4,19,3,1,88,3,19,4,1,15,6,19,5,0,29,1,19,3,1
64556766,89,9,19,2,3,55,14,18,2,0,31,7,20,3,2,11,16,18,2,0,87,24,19,4,0,29,1,19,2,1
64556312,79,8,20,4,1,71,14,19,3,2,29,1,20,5,0,78,16,19,4,0,88,3,19,4,0,21,9,18,4,1
64555434,50,21,19,4,1,16,9,20,4,1,1,15,20,4,1,78,16,19,5,0,20,4,19,5,0,81,9,19,4,1
64554967,56,20,20,4,0,74,3,19,4,1,72,11,20,4,1,42,24,20,4,1,74,3,20,5,0,47,4,20,4,1
64553121,56,20,19,4,1,90,11,19,5,0,43,5,19,4,1,81,9,18,4,0,67,14,19,3,1,71,14,17,0,2
64519748,19,6,19,4,1,58,10,19,4,1,65,16,19,4,1,81,9,19,4,1,76,3,19,4,0,77,24,19,4,1
64645080,31,7,19,4,1,40,6,19,2,3,13,15,18,3,0,89,9,18,5,0,76,3,18,5,0,12,7,18,3,2
64644639,82,21,18,3,2,6,8,18,4,1,4,13,18,4,0,46,16,18,3,1,85,13,17,4,0,84,18,19,5,0
64245588,1,15,19,4,1,53,14,20,5,0,72,11,20,5,0,58,10,20,4,0,22,3,20,5,0,65,16,19,4,0
64245006,61,5,19,3,2,33,1,18,4,0,31,7,18,3,2,26,9,17,2,1,90,11,18,3,1,67,14,18,2,0
63998454,89,9,20,4,1,17,5,20,4,0,11,16,20,5,0,20,4,19,4,0,18,15,20,3,1,89,9,20,5,0
63996639,88,3,19,5,0,28,3,19,4,1,75,22,19,4,1,82,21,20,2,3,79,8,20,4,1,22,3,20,5,0
63995654,28,13,19,5,0,10,20,19,4,1,26,9,19,4,1,88,3,18,2,1,18,15,19,3,1,15,6,19,4,0
63994337,72,11,20,4,1,33,1,20,5,0,14,21,20,5,0,50,21,20,5,0,75,22,20,5,0,61,5,20,3,2
63960156,63,15,19,3,0,72,11,18,3,0,65,16,19,3,0,86,1,18,3,0,24,3,19,3,1,85,13,18,1,1
64672155,75,22,20,4,1,20,4,19,5,0,90,11,20,5,0,64,24,20,4,1,25,11,20,4,1,82,21,20,5,0
64670246,4,3,20,4,1,18,15,20,4,1,14,21,20,4,1,17,5,19,5,0,76,3,19,4,1,64,24,19,5,0
64656823,18,15,19,4,1,70,6,20,4,1,76,3,19,5,0,17,5,19,4,1,82,21,19,5,0,85,13,19,5,0
64656144,10,1,19,5,0,12,7,19,5,0,72,11,20,4,1,31,7,20,2,3,74,3,19,5,0,64,24,19,3,1
64655614,87,24,19,4,1,60,6,20,4,1,29,1,20,5,0,23,18,20,4,1,55,14,19,3,0,17,5,20,3,1
64654935,42,24,20,4,1,4,13,20,4,0,70,6,20,4,1,72,11,20,2,3,20,4,19,5,0,75,22,20,5,0
64641991,64,24,20,4,1,6,8,20,3,2,76,3,19,5,0,78,16,19,4,1,50,21,20,5,0,72,11,20,3,2
64640640,89,9,19,4,1,15,5,18,4,0,80,19,19,5,0,70,6,19,3,1,58,10,20,5,0,74,3,20,4,0
64639904,72,11,20,4,1,23,18,20,3,2,85,13,19,4,1,76,3,19,5,0,90,11,19,5,0,16,9,20,3,2
64666700,4,3,18,5,0,1,15,19,4,1,90,11,19,3,2,58,10,19,3,2,15,6,19,3,1,87,24,19,4,0
64666095,30,13,19,5,0,28,3,19,2,3,36,5,19,5,0,59,2,20,5,0,70,6,19,4,1,28,3,20,4,1
64664847,67,14,20,5,0,37,15,20,4,1,90,11,20,4,1,90,11,20,2,3,76,3,19,5,0,11,18,20,4,1
64656340,7,1,19,4,1,1,15,20,3,2,42,24,20,3,2,65,16,20,5,0,33,1,19,3,2,81,9,20,4,1
64655615,3,16,19,3,2,37,15,20,4,1,62,11,20,4,1,86,1,19,5,0,19,24,19,5,0,23,18,19,5,0
64655213,23,18,20,4,1,33,1,20,5,0,7,1,20,4,1,84,18,20,3,1,9,9,20,5,0,27,9,20,4,0
64499131,21,9,19,4,1,76,3,20,5,0,58,10,20,3,2,27,6,20,4,0,11,18,20,4,1,57,23,20,4,0
64498464,84,18,20,3,2,14,21,20,4,1,90,11,20,4,1,67,14,19,5,0,58,10,20,5,0,65,16,20,3,1
64671323,62,11,20,4,1,20,4,19,5,0,74,3,19,4,1,90,11,20,4,1,4,13,20,4,1,69,9,20,5,0
64669470,88,3,19,4,1,90,11,20,4,1,83,6,20,4,1,59,2,20,4,1,90,11,20,4,1,58,10,20,4,1
64668127,71,14,20,5,0,75,22,20,4,1,83,6,20,3,2,87,24,20,5,0,90,11,20,4,1,58,10,20,4,1
64667125,78,16,20,3,2,90,11,19,3,2,11,16,20,5,0,20,4,19,4,1,31,7,19,5,0,59,2,19,5,0
64592709,59,2,20,4,1,25,11,20,4,1,2,9,19,3,2,88,3,20,5,0,83,6,20,3,2,76,3,20,3,2
64592546,85,13,17,4,1,9,10,18,5,0,87,24,18,5,0,19,6,18,5,0,6,7,18,5,0,38,9,18,4,1
64592326,66,24,19,4,1,86,1,19,3,2,71,14,19,4,1,1,15,20,3,2,65,16,19,5,0,55,14,19,4,1
64592129,35,2,20,5,0,53,13,19,4,1,22,3,20,3,2,63,15,20,5,0,67,14,20,3,2,16,9,20,4,1
64591894,82,21,20,3,2,17,5,20,3,2,85,13,20,3,2,35,1,20,4,1,70,6,19,5,0,4,13,19,4,1
64591549,59,2,18,4,0,72,11,19,4,1,2,9,19,4,1,60,6,18,3,2,57,23,19,4,1,29,1,18,4,0
64642685,68,1,19,5,0,4,13,19,3,2,17,5,20,4,1,36,5,20,3,2,50,21,20,5,0,29,1,20,5,0
64641366,9,9,20,3,2,28,3,20,4,1,37,15,20,4,1,44,25,20,4,1,66,24,20,5,0,65,16,20,5,0
64639131,28,13,20,2,3,88,3,20,4,1,61,5,19,3,2,85,13,19,4,0,90,11,20,4,1,26,9,19,4,0
64637958,72,11,20,3,2,35,2,20,4,1,74,3,20,3,2,64,24,20,4,1,88,3,19,5,0,65,16,20,5,0
64471591,21,9,20,3,2,80,19,20,4,1,44,25,20,4,1,1,15,20,4,1,22,3,20,2,3,89,9,20,3,2
64470831,68,1,19,3,2,31,7,19,4,1,19,24,20,4,1,90,11,20,5,0,28,3,19,4,1,13,15,19,2,1
64610480,89,9,20,4,1,24,3,20,3,2,29,1,19,5,0,76,3,19,5,0,29,1,19,4,1,31,7,19,3,2
64519033,11,18,18,4,1,2,9,19,4,1,28,3,18,5,0,72,11,18,4,1,11,18,19,3,2,33,1,18,5,0
64497490,18,15,17,2,1,25,11,17,4,0,80,19,16,3,0,61,5,17,4,0,7,1,18,5,0,63,15,17,4,0
64488263,30,13,20,5,0,1,15,20,4,1,90,11,20,3,2,73,24,19,3,0,18,15,19,3,2,77,24,20,4,1
64483801,58,10,19,4,1,2,10,19,4,0,53,14,18,2,2,18,15,17,3,0,80,19,17,4,0,37,15,18,3,0
64482347,63,15,20,4,1,39,21,20,4,1,69,9,20,5,0,76,3,20,5,0,57,23,20,4,1,90,11,20,3,2
64424341,26,9,17,5,0,6,8,18,4,1,11,16,17,5,0,42,24,17,3,0,18,15,16,2,0,71,14,17,3,0
64412162,52,24,18,4,0,88,3,18,4,0,49,19,18,4,0,36,5,19,4,1,82,21,17,4,1,18,15,18,5,0
64389802,83,6,19,5,0,25,11,19,4,1,52,24,19,3,2,28,3,19,5,0,11,16,20,5,0,44,25,19,5,0
64612996,61,5,20,5,0,11,16,20,5,0,75,22,20,3,2,14,21,20,3,2,70,6,19,3,2,64,24,20,3,2
64593792,27,6,19,4,0,74,3,20,4,1,18,15,19,4,1,56,20,19,4,1,17,5,20,3,2,63,15,19,3,2
64558476,53,13,20,4,1,44,25,20,4,1,1,18,20,3,2,89,9,20,4,1,67,14,20,4,1,33,1,20,5,0
64524342,15,6,20,3,2,89,9,20,4,1,88,3,20,4,1,1,15,19,4,1,11,18,19,5,0,18,15,20,2,3
64504452,17,5,20,3,2,86,1,20,3,2,33,1,20,2,3,33,1,20,5,0,42,24,20,4,1,56,20,20,4,1
64491137,62,11,18,4,0,1,16,19,4,1,59,2,19,4,1,80,19,18,4,1,90,11,18,4,1,27,16,18,4,0
64438087,42,24,20,3,2,29,1,20,3,2,89,9,20,4,1,35,1,20,5,0,4,3,20,4,1,18,15,20,5,0
64436348,64,24,20,3,2,72,11,19,4,1,53,13,20,4,1,45,4,19,4,1,17,5,20,5,0,3,21,19,4,1
64416144,90,11,16,5,0,55,14,17,4,1,18,15,17,3,0,87,24,17,4,0,90,11,17,4,0,12,7,17,3,0
64586203,46,16,20,4,1,29,1,20,5,0,89,9,20,4,1,89,9,20,4,1,53,14,20,5,0,16,9,20,3,2
64583676,1,15,20,4,1,36,5,20,4,1,8,22,20,5,0,65,16,20,4,1,77,24,20,4,1,35,2,20,5,0
64523946,57,23,20,4,1,58,10,20,4,1,64,24,20,4,1,1,15,20,4,1,48,3,20,4,1,39,21,20,4,1
64522514,50,21,20,4,1,65,16,20,4,1,70,6,20,5,0,87,24,19,5,0,29,2,18,4,0,25,11,19,4,1
64520715,1,15,20,3,2,89,9,20,3,2,53,14,20,5,0,47,4,20,4,1,11,18,20,4,1,89,9,20,3,2
64518990,1,15,20,4,1,63,15,20,4,1,82,21,20,4,1,18,15,20,4,1,13,19,19,5,0,2,9,20,5,0
64483053,45,4,19,3,0,80,19,20,4,0,49,19,19,4,1,31,7,20,4,1,61,5,20,3,2,22,3,20,5,0
64639177,19,24,20,4,1,39,18,19,4,1,88,3,20,4,1,74,3,19,5,0,22,3,20,4,0,90,11,20,5,0
64638500,15,6,20,3,2,4,3,20,5,0,7,1,20,4,1,90,11,19,4,0,86,1,19,5,0,59,2,19,5,0
64637589,72,11,19,3,2,78,16,19,3,0,27,9,19,4,0,76,3,18,4,0,11,16,18,4,0,25,11,18,3,2
64580891,77,24,20,4,1,16,9,19,3,2,80,19,20,4,1,14,21,19,4,0,44,25,19,5,0,22,3,20,5,0
64580000,89,9,19,5,0,37,15,19,5,0,18,15,19,3,2,58,10,19,3,2,47,4,19,4,1,15,5,18,4,1
64578231,77,24,20,4,1,87,24,19,4,1,15,6,20,4,1,7,2,19,4,1,86,1,20,5,0,54,8,20,5,0
64526659,67,14,20,5,0,64,24,20,5,0,44,25,20,4,0,52,24,20,4,1,3,21,20,4,1,35,1,19,4,1
64525918,67,14,19,3,2,74,3,20,4,1,24,3,20,3,2,35,2,20,5,0,80,19,20,4,1,54,8,20,4,1
64524632,11,18,20,4,1,55,14,19,4,1,90,11,19,5,0,90,11,19,5,0,65,16,19,5,0,64,24,18,3,1
64673303,23,18,20,3,2,11,18,20,4,1,17,5,20,4,1,58,10,20,4,0,48,3,20,5,0,56,20,20,3,2
64671389,75,22,20,3,2,11,16,20,4,1,17,5,20,4,1,76,3,20,5,0,25,11,20,5,0,17,5,20,5,0
64669711,27,9,20,4,0,22,3,20,4,1,32,5,20,4,1,78,16,19,4,1,28,3,20,4,1,72,11,20,4,1
64609224,18,15,19,3,2,71,14,19,4,1,17,5,20,5,0,75,22,19,4,0,22,3,19,2,1,78,16,19,3,0
64608068,18,15,19,4,1,23,18,20,4,1,28,3,20,3,2,7,1,19,3,0,61,5,20,3,0,31,7,18,4,0
64606811,59,2,20,3,2,29,1,20,4,1,52,24,20,5,0,68,1,19,5,0,84,18,20,5,0,81,9,20,4,1
64605888,14,21,19,4,1,75,22,19,3,2,33,1,19,4,1,20,4,18,4,0,23,18,19,5,0,2,11,19,5,0
64605190,67,14,20,1,4,75,22,20,5,0,74,3,19,3,1,14,21,20,4,0,26,9,19,4,0,88,3,19,4,0
64603795,67,14,19,4,1,70,6,19,4,1,3,19,19,5,0,90,11,19,5,0,74,3,19,4,0,72,11,19,4,1
64539794,84,18,20,4,1,85,13,20,3,2,81,9,20,4,1,55,14,19,4,1,70,6,20,5,0,26,9,20,5,0
64539190,18,15,20,4,1,33,1,19,3,2,12,7,19,4,1,3,19,19,4,0,35,2,20,2,2,81,9,20,4,0
64538410,25,11,19,5,0,72,11,20,3,2,53,14,19,4,1,2,11,20,5,0,43,5,20,4,1,9,10,20,3,2
64417206,58,10,20,5,0,18,15,19,4,1,89,9,19,5,0,61,5,19,2,1,49,19,19,5,0,2,9,19,4,0
64413773,43,5,20,4,1,18,15,20,4,1,26,9,20,4,1,58,10,20,4,1,35,1,20,4,1,11,18,20,3,2
64395761,6,8,20,4,1,4,13,19,5,0,8,22,20,5,0,30,13,19,4,0,63,15,20,4,1,52,24,20,4,1
64259797,31,7,20,2,3,26,9,19,4,1,64,24,20,4,1,86,1,20,5,0,27,2,19,4,0,58,10,20,3,2
64258124,1,15,20,4,1,50,21,19,4,1,9,9,19,4,1,43,5,20,5,0,55,14,19,5,0,1,15,20,4,1
64254761,55,14,19,4,0,28,3,20,5,0,15,5,20,3,2,65,16,19,4,1,28,3,20,3,2,2,9,20,4,1
64660941,28,3,20,3,2,65,16,19,4,0,72,11,19,3,2,39,21,19,4,1,78,16,19,5,0,23,18,18,4,1
64660088,79,8,19,3,2,72,11,20,3,2,30,13,18,5,0,55,14,18,3,0,17,5,19,4,0,28,3,19,5,0
64659325,61,5,20,4,1,13,19,19,3,0,42,24,20,4,1,35,2,19,2,0,82,21,19,5,0,72,11,19,3,1
64658961,17,5,19,3,2,30,13,19,4,0,90,11,19,3,2,70,6,20,4,1,82,21,19,4,0,88,3,19,5,0
64658572,34,23,19,4,1,89,9,19,4,1,74,3,19,5,0,83,6,19,5,0,9,10,19,4,1,90,11,20,4,1
64657835,78,16,19,3,1,45,4,19,5,0,31,7,19,4,1,67,14,19,3,1,86,1,19,4,1,42,24,19,4,1
64657401,82,21,18,5,0,80,19,18,3,1,14,21,18,4,0,64,24,18,5,0,40,6,18,3,2,16,9,17,2,2
64656824,10,20,17,3,0,72,11,19,4,1,86,1,18,3,2,33,1,17,2,0,67,14,18,4,0,72,11,19,4,1
64655537,60,6,19,5,0,88,3,19,5,0,90,11,20,3,2,10,1,19,4,1,13,15,20,2,3,80,19,20,3,2
64646798,50,21,20,5,0,1,15,20,3,2,19,6,20,4,1,6,8,20,3,2,82,21,20,4,1,37,15,20,4,1
64646574,46,16,19,3,2,78,16,20,4,1,11,16,20,5,0,76,3,19,2,0,89,9,20,5,0,71,14,20,5,0
64630727,3,21,20,4,1,2,10,20,3,2,44,25,20,5,0,37,15,20,4,1,62,11,20,5,0,88,3,20,4,1
64601803,67,14,19,3,1,22,3,20,4,0,66,24,20,4,1,51,22,20,5,0,34,23,20,3,2,24,3,20,4,1
64593541,79,8,20,5,0,67,14,20,3,2,46,16,19,3,2,27,16,18,4,0,51,22,20,5,0,18,15,20,4,1
64587049,27,9,20,4,0,60,6,20,4,1,90,11,20,4,1,27,16,20,4,0,9,10,20,3,2,35,2,20,5,0
64526710,77,24,20,2,3,65,16,20,3,2,78,16,20,2,3,3,19,20,4,1,1,18,19,5,0,71,14,20,5,0
64432869,20,4,19,3,2,11,18,20,4,1,90,11,19,3,2,26,9,19,4,1,90,11,19,3,2,30,13,19,4,0
64429941,90,11,20,2,3,89,9,20,3,2,22,3,20,3,2,15,5,19,3,0,53,14,17,3,1,22,3,19,4,1
64421488,30,13,17,4,0,86,1,17,4,0,5,5,18,3,1,6,8,17,3,0,35,2,17,2,1,47,4,18,4,1
64647163,4,13,19,3,2,56,20,20,4,1,17,5,20,4,1,5,5,20,4,1,35,1,20,4,1,32,5,20,5,0
64640459,53,14,20,4,1,34,23,20,4,1,50,21,20,5,0,13,19,19,2,0,29,1,19,4,0,6,8,20,3,1
64638935,7,1,20,4,1,1,16,20,5,0,37,15,20,5,0,13,19,20,4,0,54,8,19,4,1,6,8,20,5,0
64607518,24,21,19,3,2,90,11,19,5,0,33,1,19,5,0,2,11,18,4,1,46,16,19,4,1,63,15,19,5,0
64606582,77,24,20,4,1,53,13,20,5,0,62,11,20,4,1,66,24,20,5,0,8,22,19,4,1,6,7,20,3,2
64604109,86,1,20,4,1,11,16,19,5,0,72,11,19,4,1,85,13,18,3,1,87,24,18,3,1,23,18,19,4,0
64364910,90,11,20,5,0,11,16,19,5,0,49,19,20,5,0,64,24,19,5,0,54,8,19,4,1,90,11,19,4,1
64363672,90,11,20,4,1,88,3,19,4,1,89,9,20,5,0,90,11,19,2,0,84,18,19,3,0,44,25,18,1,0
64361836,53,14,19,4,1,77,24,19,4,1,25,11,20,3,2,89,9,19,4,1,33,1,19,5,0,81,9,19,3,2
64360984,90,11,19,4,1,4,3,19,3,2,59,2,19,3,1,49,19,19,5,0,78,16,19,3,2,90,11,18,4,1
64318783,76,3,19,5,0,72,11,19,4,1,82,21,19,3,2,35,2,19,5,0,76,3,19,3,1,67,14,19,4,1
64673451,53,14,19,4,1,26,9,20,5,0,72,11,20,3,2,26,9,19,5,0,10,1,20,5,0,65,16,20,3,1
64671956,33,1,20,4,1,76,3,20,4,1,70,6,20,3,2,81,9,19,2,3,68,1,19,4,1,10,1,20,3,1
64670812,90,11,20,4,1,35,2,20,4,1,80,19,20,4,1,78,16,19,4,1,29,1,18,4,1,40,6,19,3,2
64669831,7,1,20,5,0,39,18,20,3,2,69,9,20,5,0,84,18,20,4,1,70,6,19,3,2,85,13,19,5,0
64668886,60,6,19,4,1,86,1,19,3,2,23,15,19,4,1,90,11,20,5,0,22,3,19,4,1,29,1,20,5,0
64667755,35,1,20,3,2,67,14,20,3,2,51,22,20,4,1,90,11,19,3,2,14,21,19,4,1,77,24,19,5,0
64666411,35,1,19,3,2,67,14,20,2,3,66,24,20,4,1,86,1,19,5,0,72,11,19,5,0,74,3,20,4,1
64665127,88,3,19,4,1,85,13,19,3,2,17,5,19,4,1,44,25,19,5,0,72,11,20,5,0,7,1,18,2,3
64664070,60,6,19,5,0,58,10,20,4,1,74,3,19,5,0,25,11,19,3,2,11,16,19,5,0,29,1,19,5,0
64657696,27,2,19,4,0,76,3,19,3,1,70,6,19,3,2,81,9,19,4,1,74,3,18,5,0,37,15,19,3,2
64657063,8,22,19,5,0,11,16,19,3,0,87,24,19,5,0,61,5,19,3,2,83,6,19,5,0,44,25,19,5,0
64656332,77,24,20,5,0,47,4,20,3,1,89,9,20,4,1,14,21,19,4,1,23,18,20,4,1,74,3,19,4,1
64655698,72,11,20,4,1,19,24,19,5,0,18,15,20,2,3,40,6,20,4,1,47,4,20,4,1,89,9,20,3,2
64613214,90,11,19,5,0,4,13,18,2,0,53,14,18,5,0,48,3,20,3,2,33,1,20,3,2,11,18,19,4,1
64609601,47,4,20,4,1,89,9,20,5,0,72,11,20,4,1,49,19,20,4,0,65,16,20,4,1,81,9,20,3,2
64608318,2,11,20,3,2,27,16,20,4,0,47,4,20,5,0,11,18,20,4,0,18,15,19,4,1,73,24,19,3,0
64611866,76,3,20,4,1,54,8,20,4,1,80,19,20,3,2,40,6,20,3,2,74,3,20,5,0,1,15,20,4,1
64610833,5,6,19,3,2,72,11,19,4,1,68,1,19,4,1,1,15,19,3,2,10,20,19,4,1,23,18,19,4,1
64606855,29,1,20,4,1,28,3,20,4,1,54,8,20,3,2,47,4,20,4,1,80,19,20,3,2,76,3,20,4,0
64604812,54,8,19,5,0,17,5,19,4,1,2,10,19,5,0,80,19,19,4,1,47,4,19,3,2,1,16,20,4,1
64602926,54,8,20,5,0,65,16,19,4,1,72,11,20,3,2,24,21,20,5,0,89,9,20,4,1,22,3,20,5,0
64659250,70,6,20,3,2,88,3,20,5,0,59,2,19,5,0,73,24,20,4,1,1,15,20,3,2,39,21,20,4,1
64530837,74,3,19,4,1,64,24,19,4,1,72,11,20,5,0,22,3,19,4,1,29,1,20,4,1,90,11,19,4,1
64530446,73,24,19,3,0,74,3,18,4,1,70,6,19,3,2,31,7,20,5,0,90,11,20,4,1,65,16,20,3,2
64530022,82,21,19,5,0,53,13,19,4,1,34,23,18,4,1,78,16,19,4,1,88,3,19,4,1,72,11,19,4,1
64529545,45,4,18,4,0,72,11,19,4,1,35,2,18,4,1,85,13,18,4,1,33,1,18,3,0,72,11,18,4,1
64529116,33,1,20,4,1,75,22,20,4,1,74,3,19,5,0,30,13,19,1,0,6,8,20,3,1,90,11,20,4,1
64528803,48,3,19,5,0,4,3,19,4,1,7,1,19,4,1,55,14,19,5,0,70,6,19,4,1,52,24,19,4,1
64528440,76,3,19,5,0,1,15,20,4,1,5,6,20,3,2,76,3,19,3,1,18,15,20,4,1,81,9,20,4,1
64527585,20,4,19,4,1,83,6,20,5,0,84,18,20,4,1,77,24,19,3,2,88,3,20,4,1,72,11,20,3,2
64648610,25,11,20,4,1,18,15,20,4,1,88,3,19,5,0,75,22,20,3,2,20,4,19,5,0,72,11,20,4,1
64648340,10,1,20,4,1,66,24,20,5,0,88,3,19,4,1,83,6,20,3,2,33,1,20,5,0,70,6,20,4,1
64648062,35,1,20,3,2,34,23,20,5,0,1,15,19,4,1,63,15,20,4,1,70,6,20,3,2,88,3,20,5,0
64647655,17,5,20,5,0,88,3,19,4,1,82,21,20,5,0,33,1,19,5,0,25,11,20,3,2,2,11,20,3,2
64647311,11,16,19,5,0,21,9,19,4,1,65,16,19,4,1,67,14,19,4,1,25,11,19,5,0,53,14,19,5,0
64646917,86,1,19,4,1,1,14,19,4,1,17,5,19,4,1,74,3,19,5,0,25,11,20,4,1,79,8,20,4,1
64646422,28,3,19,5,0,89,9,20,4,1,50,21,19,3,1,22,3,19,4,1,55,14,19,4,1,8,22,19,3,2
64591123,84,18,20,3,2,44,25,20,5,0,88,3,20,5,0,58,10,17,3,0,24,21,17,5,0,89,9,19,5,0
64524717,20,4,19,3,2,72,11,20,5,0,46,16,20,4,1,63,15,20,4,1,23,18,19,5,0,89,9,20,4,1
64655460,41,24,20,3,0,49,19,20,5,0,12,7,20,4,0,27,16,20,4,1,9,9,20,4,1,84,18,20,3,2
64654997,28,3,20,5,0,86,1,20,4,1,25,11,20,2,3,89,9,20,4,1,22,3,20,4,1,88,3,20,5,0
64649217,85,13,20,5,0,77,24,20,4,1,9,10,20,4,1,83,6,20,2,3,86,1,20,5,0,65,16,20,5,0
64649059,70,6,19,3,2,17,5,20,4,1,76,3,19,5,0,34,23,20,5,0,19,6,19,3,0,36,5,20,3,1
64648733,55,14,20,4,0,62,11,19,5,0,9,10,20,2,3,70,6,20,4,1,90,11,20,5,0,33,1,19,5,0
64648511,35,2,19,5,0,75,22,19,3,2,89,9,20,3,2,70,6,20,4,1,19,24,20,5,0,49,19,19,5,0
64648270,86,1,19,4,1,14,21,19,5,0,62,11,18,5,0,55,14,18,5,0,12,7,18,4,1,72,11,19,3,2
64647671,79,8,20,3,2,9,9,20,5,0,90,11,20,2,3,86,1,19,3,2,49,19,20,4,1,72,11,19,4,1
64647365,61,5,20,4,1,70,6,20,4,1,23,18,20,4,1,3,21,20,4,1,30,13,19,5,0,72,11,20,5,0
64673381,73,24,20,5,0,49,19,20,4,1,22,3,20,5,0,17,5,20,5,0,74,3,20,4,1,49,19,20,4,1
64671880,53,14,20,5,0,65,16,20,3,2,31,7,20,3,2,23,18,20,5,0,16,9,19,4,1,6,8,19,4,1
64670867,49,19,20,4,1,54,8,20,4,1,11,16,19,5,0,27,16,20,2,2,64,24,20,2,3,76,3,20,4,1
64670084,32,5,20,4,1,82,21,20,4,1,33,1,20,4,1,46,16,20,5,0,68,1,19,4,1,81,9,20,4,1
64668622,72,11,20,4,1,4,13,19,4,1,15,6,20,4,1,67,14,19,5,0,57,23,20,3,2,19,24,19,5,0
64668089,71,14,20,5,0,1,18,20,4,1,17,5,20,4,1,46,16,20,4,1,88,3,20,4,1,60,6,20,4,1
64667356,89,9,20,4,1,33,1,20,5,0,72,11,20,4,1,67,14,20,5,0,2,11,19,4,1,35,2,19,5,0
64666455,1,18,19,4,1,9,9,20,3,2,88,3,19,5,0,23,15,19,5,0,22,3,19,3,2,6,8,19,4,1
64665378,65,16,19,4,1,86,1,19,4,1,8,22,20,4,1,71,14,20,4,1,2,11,20,4,1,80,19,20,4,1
64664191,43,5,19,4,1,49,19,20,5,0,7,1,19,4,1,64,24,19,5,0,23,18,19,4,0,42,24,20,4,0
64674643,25,11,20,4,1,4,13,19,3,2,46,16,20,4,1,64,24,20,5,0,38,9,20,4,1,88,3,20,4,1
64672726,29,1,20,3,2,4,13,20,5,0,43,5,20,4,1,43,5,20,4,1,3,21,20,4,1,16,9,20,4,1
64589279,20,4,20,4,1,17,5,19,4,1,9,10,20,4,1,29,1,20,4,1,72,11,20,4,1,7,1,18,4,1
64588377,44,25,20,5,0,59,2,20,3,2,90,11,20,3,2,67,14,20,4,1,84,18,20,5,0,25,11,20,4,1
64587883,87,24,20,3,2,80,19,20,4,1,44,25,19,4,1,61,5,20,4,1,87,24,20,5,0,54,8,20,5,0
64586965,31,7,19,4,1,17,5,19,4,1,68,1,18,3,0,29,1,19,4,1,4,13,19,4,0,31,7,19,3,2
64586419,50,21,20,4,1,42,24,20,5,0,28,3,20,3,2,84,18,20,3,2,31,7,20,4,1,76,3,20,5,0
64585123,29,1,20,4,1,4,13,20,4,1,21,9,19,3,2,77,24,20,4,0,26,9,19,5,0,74,3,19,4,1
64461119,18,15,20,4,1,11,16,19,4,1,58,10,20,4,1,75,22,20,3,2,29,1,20,4,1,18,15,20,4,1
64677398,9,10,20,4,1,90,11,20,3,2,53,14,19,4,1,22,3,19,3,1,89,9,20,5,0,28,13,20,3,1
64675505,4,13,20,4,1,82,21,20,4,1,31,7,20,3,2,58,10,19,3,1,2,9,19,4,0,90,11,20,5,0
64674366,29,1,20,3,2,55,14,19,3,2,51,22,19,5,0,29,1,20,5,0,86,1,20,5,0,25,11,19,5,0
64672757,11,18,19,3,2,81,9,20,4,1,83,6,20,4,1,74,3,20,4,1,28,3,20,4,1,62,11,20,2,3
64671771,24,21,19,4,1,67,14,20,4,1,78,16,20,4,1,55,14,20,5,0,31,7,20,3,2,24,3,19,4,1
64670099,84,18,19,5,0,31,7,20,3,0,33,1,20,2,1,72,11,20,2,3,20,4,20,4,1,80,19,20,3,2
64668654,70,6,20,3,2,11,16,20,4,1,7,1,20,4,1,82,21,20,5,0,2,11,20,4,1,25,11,19,4,1
64667754,29,1,20,4,1,33,1,20,4,1,21,9,20,2,3,74,3,20,5,0,9,9,20,5,0,29,1,20,4,1
64666587,87,24,19,5,0,70,6,19,4,1,21,9,19,5,0,25,11,19,4,1,28,3,19,5,0,39,21,20,4,1
64665332,72,11,20,2,3,27,9,19,4,1,85,13,19,4,1,13,15,20,5,0,77,24,19,3,2,53,14,20,5,0
64620476,90,11,20,3,2,54,8,20,4,1,50,21,20,5,0,84,18,20,5,0,77,24,20,4,1,76,3,20,5,0
64616653,58,10,20,4,1,89,9,19,5,0,85,13,19,4,1,59,2,20,4,1,80,19,20,3,2,6,7,19,3,2
64592374,64,24,20,4,1,43,5,20,3,2,14,21,19,4,1,86,1,20,3,2,67,14,20,5,0,79,8,20,4,1
64592054,62,11,20,4,1,74,3,20,5,0,50,21,20,4,1,56,20,20,4,1,67,14,20,3,2,6,8,20,4,1
64591834,3,21,20,3,2,11,16,20,4,1,31,7,20,3,2,4,13,19,3,2,11,18,19,5,0,21,9,19,4,1
64590720,64,24,20,4,1,58,10,20,4,1,62,11,20,4,1,28,3,20,3,2,39,18,20,4,1,75,22,19,4,1
64590293,30,13,20,4,1,49,19,20,5,0,54,8,20,2,2,11,18,20,4,0,77,24,20,4,1,1,15,20,4,1
64590013,17,5,19,3,2,76,3,19,4,1,31,7,19,3,2,63,15,20,3,2,1,15,20,5,0,70,6,20,5,0
64672425,21,9,20,3,2,6,7,20,4,1,11,16,20,3,2,86,1,19,4,1,11,18,19,4,1,63,15,20,5,0
64671281,4,13,20,4,1,35,1,20,5,0,48,3,20,4,1,24,3,20,3,2,64,24,20,4,1,46,16,20,4,1
64670433,18,15,20,4,1,75,22,20,3,1,55,14,19,4,1,42,24,20,4,0,27,9,19,4,0,72,11,20,2,3
63052115,82,21,19,5,0,42,24,19,4,1,11,16,19,4,1,89,9,19,4,1,53,13,19,4,1,25,11,20,4,1
64668061,22,3,19,4,1,31,7,20,2,3,65,16,20,4,1,26,9,19,3,2,74,3,19,5,0,87,24,20,5,0
64667297,2,11,19,4,1,86,1,19,5,0,7,1,19,5,0,28,3,19,4,1,56,20,19,5,0,19,24,19,2,3
64665536,55,14,20,5,0,18,15,20,4,1,9,10,19,4,1,53,14,19,2,3,88,3,19,4,1,66,24,19,4,1
64663566,31,7,20,4,1,90,11,20,4,1,65,16,20,5,0,2,10,20,4,1,33,1,19,5,0,58,10,19,4,1
64662864,44,25,19,4,1,78,16,20,3,1,89,9,20,3,1,17,5,19,4,1,89,9,19,3,2,1,14,18,5,0
64662176,76,3,20,3,2,65,16,20,4,1,10,20,20,5,0,87,24,20,3,2,9,10,20,4,1,27,16,20,4,0
64661333,33,1,20,5,0,70,6,20,4,1,49,19,20,3,2,19,6,20,4,1,78,16,20,5,0,29,1,20,3,2
64654743,86,1,19,3,2,55,14,19,5,0,84,18,19,4,1,81,9,19,2,3,47,4,19,5,0,29,1,20,4,1
64358747,39,18,20,4,1,50,21,18,3,2,23,18,18,5,0,81,9,17,2,0,1,14,19,3,2,90,11,18,4,1
64670508,53,14,19,5,0,31,7,19,3,2,3,19,19,3,2,90,11,20,4,1,12,6,20,5,0,88,3,19,5,0
64667496,90,11,20,3,0,67,14,20,5,0,14,21,20,5,0,19,6,20,5,0,86,1,20,3,1,23,15,19,4,1
64666608,78,16,19,4,1,81,9,19,3,2,11,18,19,3,2,17,5,19,4,1,59,2,19,4,1,56,20,20,5,0
64666010,62,11,19,3,2,87,24,19,5,0,76,3,19,4,1,22,3,19,3,2,4,3,19,4,1,72,11,18,4,0
64665459,5,5,20,3,2,7,1,19,4,1,65,16,19,4,1,32,5,20,2,3,74,3,20,5,0,1,14,20,5,0
64629285,34,23,20,3,2,27,16,20,4,0,84,18,20,3,2,88,3,20,4,1,72,11,20,2,3,11,16,20,5,0
64627372,4,13,19,4,1,42,24,19,4,1,70,6,20,4,1,21,9,20,3,2,29,2,20,4,1,35,1,20,5,0
64625868,34,23,19,4,1,22,3,19,3,2,44,25,19,3,1,4,3,19,4,1,31,7,18,4,1,20,4,19,2,1
64621173,70,6,19,4,1,29,1,20,4,1,59,2,20,2,3,69,9,19,4,1,7,1,19,4,1,6,7,20,5,0
64630334,1,15,20,4,1,89,9,20,4,1,33,1,20,4,1,74,3,20,4,1,1,15,19,4,1,42,24,20,4,1
64622392,90,11,20,4,1,63,15,20,3,2,7,1,20,5,0,1,15,20,5,0,18,15,20,4,1,86,1,20,5,0
64620928,90,11,19,4,1,1,15,18,4,1,22,3,17,4,0,46,16,19,3,0,18,15,19,5,0,60,6,19,4,1
64565163,1,15,20,4,1,32,5,20,4,1,19,24,20,5,0,2,9,20,4,1,58,10,20,4,1,89,9,20,4,1
64646444,25,11,20,3,2,20,4,20,5,0,23,18,20,2,3,44,25,19,5,0,58,10,20,5,0,56,20,19,5,0
64645296,18,15,19,4,1,86,1,19,5,0,88,3,19,4,1,20,4,18,5,0,17,5,19,4,1,7,1,18,3,1
64613425,2,10,20,3,2,59,2,20,4,1,23,18,20,3,2,74,3,20,5,0,7,1,19,0,3,72,11,20,5,0
64612323,67,14,19,4,1,79,8,19,4,1,12,7,19,3,2,1,15,19,3,1,75,22,19,4,0,53,14,18,3,0
64611285,90,11,20,4,1,33,1,19,4,1,3,21,18,5,0,54,8,20,4,1,59,2,20,4,1,77,24,20,4,1
64609788,21,9,20,3,2,53,14,20,5,0,75,22,20,3,2,78,16,20,4,1,29,1,20,4,1,85,13,19,3,1
64556532,4,3,20,4,1,81,9,20,3,2,88,3,19,5,0,30,13,19,2,0,2,11,20,3,0,21,9,20,4,0
64555609,79,8,20,3,2,37,15,20,4,1,85,13,20,3,1,4,13,19,3,0,33,1,19,4,0,70,6,20,5,0
64412951,28,3,20,5,0,90,11,20,5,0,55,14,20,5,0,58,10,20,4,1,23,18,20,4,1,55,14,20,5,0
64678843,52,24,20,4,1,32,5,20,5,0,33,1,20,5,0,42,24,19,5,0,83,6,19,4,1,33,1,19,4,1
64677856,46,16,20,5,0,25,11,20,4,1,74,3,20,4,1,82,21,20,5,0,72,11,20,3,2,1,15,20,5,0
64676936,25,11,20,4,1,80,19,20,4,0,60,6,20,4,1,29,1,19,4,1,76,3,19,5,0,31,7,20,3,2
64675317,78,16,19,2,3,63,15,20,3,2,2,10,20,3,2,20,4,20,5,0,6,7,20,3,2,62,11,20,4,1
64673762,77,24,19,3,2,90,11,19,4,1,30,13,19,4,1,14,21,19,5,0,4,13,19,3,0,81,9,20,3,1
64672652,76,3,18,3,1,90,11,20,4,1,25,11,19,5,0,35,2,19,5,0,72,11,19,2,2,15,5,20,4,1
64671861,81,9,20,3,2,65,16,20,4,1,1,15,20,3,2,55,14,19,4,0,17,5,20,4,1,23,18,19,4,1
64670806,28,3,19,5,0,76,3,19,5,0,78,16,19,4,1,62,11,19,5,0,63,15,20,5,0,76,3,20,5,0
64669038,4,13,18,4,1,72,11,20,4,1,79,8,20,5,0,74,3,19,4,0,7,1,19,4,0,6,7,20,3,2
64634206,19,6,20,3,2,58,10,20,4,1,12,7,19,3,2,77,24,20,5,0,74,3,20,5,0,17,5,20,5,0
64678840,57,23,19,4,1,23,18,20,3,2,63,15,20,4,1,19,6,20,4,1,11,16,20,5,0,48,3,20,2,3
64677067,89,9,20,3,2,74,3,19,5,0,49,19,19,5,0,78,16,20,4,1,74,3,19,3,2,81,9,20,3,2
64675077,60,6,18,3,0,46,16,18,4,0,39,18,19,4,1,90,11,19,3,2,74,3,18,4,0,11,16,18,5,0
64673221,90,11,20,4,1,74,3,18,4,0,56,20,19,4,0,81,9,19,2,3,86,1,19,4,1,82,21,20,5,0
64671585,72,11,18,3,2,74,3,17,3,0,44,25,18,4,0,65,16,16,3,0,85,13,16,3,0,6,8,16,2,1
64670042,72,11,19,2,3,74,3,18,3,0,29,1,18,4,0,78,16,18,4,0,9,10,18,4,0,4,13,18,4,0
64667664,89,9,20,3,2,47,4,20,3,2,11,18,20,5,0,1,14,20,3,1,89,9,20,5,0,20,4,19,4,0
64666671,67,14,19,5,0,32,5,19,5,0,58,10,19,3,2,90,11,20,3,2,7,1,19,5,0,88,3,19,4,1
64665906,55,14,19,4,1,31,7,19,4,1,15,6,20,4,1,90,11,19,4,0,83,6,16,2,0,11,18,20,5,0
64631698,14,21,20,4,1,25,11,20,3,2,33,1,20,4,1,6,8,20,4,1,87,24,20,4,1,59,2,20,5,0
64574398,45,4,20,3,1,36,5,20,4,1,43,5,20,3,2,82,21,20,4,1,62,11,20,4,1,4,13,20,4,1
64572878,2,9,20,5,0,61,5,20,4,1,67,14,20,3,2,23,18,19,5,0,4,13,20,4,1,21,9,20,4,0
64571537,82,21,20,4,1,19,6,20,4,1,9,9,20,4,1,17,5,20,3,2,14,21,20,3,2,19,24,20,5,0
64569513,6,8,19,4,1,29,1,20,5,0,50,21,20,3,2,52,24,20,5,0,4,13,19,4,1,29,1,20,5,0
64566399,38,9,20,4,1,7,1,20,5,0,52,24,20,4,1,15,5,20,4,1,86,1,20,3,2,65,16,20,3,2
64564758,26,9,20,4,1,4,13,19,4,0,25,11,20,5,0,61,5,20,4,1,24,21,20,4,1,53,14,19,4,1
64563308,50,21,20,4,1,31,7,20,3,2,23,18,20,3,2,53,14,20,5,0,23,18,20,4,1,79,8,20,3,2
64561774,1,15,20,4,1,31,7,20,4,1,45,4,20,4,1,22,3,20,5,0,67,14,20,5,0,83,6,20,5,0
64559917,28,3,20,4,1,17,5,20,4,1,46,16,20,4,1,62,11,20,5,0,3,19,20,3,2,4,13,20,4,1
64563470,7,1,19,5,0,81,9,19,4,1,18,15,19,5,0,64,24,19,3,2,76,3,19,5,0,15,6,19,3,2
64562286,58,10,19,4,1,4,13,19,4,1,27,9,19,3,1,65,16,19,5,0,14,21,19,5,0,31,7,20,3,2
64560482,11,18,20,3,2,67,14,19,4,1,35,2,20,4,1,37,15,19,5,0,83,6,20,5,0,35,2,19,5,0
64557459,3,21,20,5,0,53,14,20,5,0,31,7,20,4,1,31,7,19,3,2,67,14,20,5,0,56,20,20,4,1
64547096,53,14,19,5,0,5,5,20,4,1,22,3,20,5,0,54,8,20,2,2,17,5,19,3,2,37,15,19,5,0
64546514,78,16,19,4,1,67,14,18,5,0,40,6,17,4,1,88,3,18,5,0,85,13,18,5,0,90,11,18,3,2
64545888,72,11,19,3,2,48,3,19,3,2,44,25,19,4,1,50,21,18,2,1,10,20,18,4,0,11,18,18,5,0
64679209,16,9,20,4,1,17,5,20,2,3,33,1,20,5,0,64,24,19,3,1,67,14,19,5,0,78,16,20,5,0
64674570,17,5,18,3,1,61,5,17,3,0,18,15,17,3,0,23,18,18,4,0,80,19,18,4,1,25,11,18,3,2
64673008,76,3,20,5,0,83,6,20,4,1,81,9,19,2,3,22,3,19,4,1,78,16,20,5,0,3,21,19,4,1
64670992,77,24,20,3,2,61,5,20,5,0,44,25,20,5,0,80,19,20,4,1,17,5,20,4,1,50,21,20,4,1
64669238,7,1,20,5,0,82,21,20,5,0,62,11,20,4,1,17,5,20,3,2,65,16,20,4,1,18,15,20,4,1
64665998,77,24,20,4,1,47,4,20,5,0,39,18,20,5,0,23,18,19,5,0,18,15,20,4,1,70,6,20,5,0
64664938,73,24,19,4,0,70,6,20,4,1,78,16,19,3,2,33,1,19,5,0,70,6,20,4,1,22,3,20,4,1
64663687,30,13,19,4,1,90,11,19,4,1,9,10,19,4,1,14,21,19,4,1,55,14,19,5,0,75,22,19,3,2
64662908,30,13,20,4,1,46,16,20,4,1,9,10,20,2,3,7,1,20,4,1,32,5,20,3,2,44,25,19,4,1
64662120,82,21,20,3,2,78,16,19,4,1,29,1,20,4,1,37,15,20,5,0,28,3,19,5,0,6,8,19,3,2
64671201,65,16,20,5,0,20,4,20,5,0,6,8,20,4,1,23,18,20,4,1,31,7,20,3,2,53,14,20,4,1
64669918,28,3,20,5,0,76,3,20,5,0,32,5,20,4,1,80,19,19,5,0,89,9,20,4,1,47,4,20,4,1
64667129,30,13,19,3,2,11,16,19,2,3,28,3,20,3,2,1,15,20,5,0,11,16,19,5,0,70,6,19,3,2
64665797,30,13,20,5,0,44,25,20,5,0,82,21,20,4,1,57,23,20,4,1,90,11,20,5,0,89,9,20,4,1
64614004,4,3,19,3,1,81,9,19,5,0,33,1,19,4,1,78,16,20,5,0,28,3,20,4,1,52,24,20,5,0
64612579,33,1,20,5,0,77,24,20,4,1,14,21,20,3,2,42,24,19,3,2,82,21,20,4,1,29,1,20,5,0
64509104,36,5,19,4,1,28,3,19,4,1,70,6,20,4,1,72,11,20,4,1,30,13,18,4,0,83,6,19,5,0
64506696,79,8,20,2,3,53,14,19,4,1,6,8,19,4,1,86,1,20,4,0,11,16,20,3,2,21,9,19,4,0
64505555,90,11,20,3,2,80,19,20,3,2,59,2,20,5,0,23,18,19,5,0,72,11,19,4,1,53,14,18,5,0
64673601,57,23,20,4,1,46,16,20,5,0,32,5,20,4,1,1,16,20,3,0,89,9,20,3,0,71,14,20,3,1
64672639,25,11,20,5,0,39,18,20,4,1,46,16,20,4,1,81,9,20,3,2,71,14,20,3,2,12,6,20,4,1
64669339,23,18,19,4,1,28,3,20,2,3,76,3,19,5,0,89,9,20,4,1,46,16,20,5,0,90,11,20,5,0
64667752,65,16,20,5,0,76,3,20,5,0,77,24,20,5,0,20,4,19,4,0,28,3,20,1,4,90,11,20,4,1
64493107,30,13,20,5,0,18,15,20,3,2,24,3,20,3,2,1,18,19,5,0,86,1,20,3,1,24,3,20,5,0
64492375,20,4,18,2,1,61,5,19,5,0,6,8,19,4,1,89,9,19,2,3,28,3,19,4,1,30,13,19,3,2
64672595,82,21,19,4,1,18,15,20,4,1,14,21,20,4,1,33,1,20,4,1,38,9,19,5,0,73,24,19,4,0
64671068,90,11,20,3,2,18,15,20,5,0,11,18,19,5,0,37,15,19,5,0,25,11,20,3,2,16,9,19,4,1
64669997,70,6,20,3,2,28,13,20,5,0,29,1,20,5,0,84,18,20,5,0,89,9,20,3,2,39,18,20,3,2
64669069,2,11,19,3,2,87,24,19,3,2,11,16,18,5,0,27,16,19,4,1,77,24,19,3,2,60,6,18,4,1
64667867,77,24,19,3,2,76,3,19,4,1,29,1,20,5,0,31,7,20,4,1,90,11,20,4,1,7,1,20,5,0
64665558,26,9,18,4,1,85,13,19,4,0,54,8,19,2,3,76,3,19,5,0,42,24,19,4,1,22,3,19,4,1
64664840,53,14,20,4,1,29,1,20,5,0,75,22,20,4,0,27,2,19,3,1,11,18,20,5,0,25,11,20,4,1
64664132,75,22,19,3,2,67,14,20,4,1,28,3,20,3,1,88,3,20,3,2,63,15,19,5,0,43,5,19,5,0
64663347,7,1,19,5,0,78,16,19,4,1,72,11,20,4,1,78,16,20,4,1,54,8,20,4,1,75,22,20,4,1
64662299,74,3,20,4,1,29,1,20,4,1,79,8,20,3,2,18,15,19,4,1,32,5,19,5,0,44,25,19,4,1
64661602,53,14,19,5,0,75,22,20,4,1,21,9,20,3,2,11,18,20,5,0,79,8,20,4,1,29,1,20,4,1
64661119,12,7,20,4,1,64,24,20,4,1,44,25,20,3,2,44,25,19,4,1,70,6,20,5,0,25,11,20,5,0
64647943,29,1,20,4,1,89,9,20,4,1,2,9,20,4,1,46,16,20,5,0,76,3,19,4,0,75,22,20,4,1
64647632,46,16,19,5,0,12,6,19,4,1,86,1,19,3,1,1,15,20,4,1,37,15,20,3,1,17,5,20,4,1
64646567,89,9,19,4,0,84,18,19,3,2,74,3,19,4,1,50,21,18,4,1,1,15,19,4,1,32,5,19,3,2
64646052,33,1,20,4,1,84,18,20,5,0,72,11,20,5,0,65,16,20,3,2,11,18,20,2,3,47,4,20,3,2
64679285,28,3,19,4,1,74,3,20,4,1,17,5,19,3,2,74,3,20,5,0,11,18,20,4,1,90,11,20,4,1
64677308,89,9,20,3,2,29,1,20,2,3,14,21,20,3,2,32,5,19,4,0,44,25,19,3,0,52,24,18,3,0
64675540,28,3,20,5,0,13,15,19,2,0,43,5,20,3,2,43,5,20,4,1,90,11,20,4,1,7,1,20,5,0
64665575,88,3,19,4,1,33,1,20,5,0,48,3,20,3,2,89,9,20,4,1,85,13,20,4,1,18,15,20,5,0
64664583,18,15,20,4,1,44,25,20,5,0,82,21,19,3,2,37,15,20,4,1,1,15,20,4,1,3,19,20,5,0
64664097,35,2,20,4,1,55,14,20,5,0,90,11,20,3,2,3,19,20,3,2,2,11,20,4,1,90,11,20,3,2
64663631,39,18,20,2,3,76,3,20,5,0,27,6,20,2,2,23,18,19,5,0,82,21,20,4,1,1,14,19,5,0
64637036,59,2,18,4,1,15,6,18,5,0,78,16,19,3,2,9,10,17,3,2,55,14,17,3,0,27,6,18,4,0
64635901,15,6,19,2,2,82,21,19,3,0,3,19,19,5,0,46,16,19,3,0,87,24,18,3,0,81,9,19,3,1
64663189,86,1,19,4,1,18,15,20,2,3,4,13,20,4,1,20,4,19,5,0,1,15,19,2,2,16,9,20,3,2
64654925,23,18,19,4,1,74,3,19,4,1,72,11,19,3,2,59,2,20,5,0,89,9,19,5,0,67,14,19,2,3
64654340,53,13,19,5,0,15,5,20,3,2,35,1,20,2,3,46,16,20,4,1,65,16,20,5,0,2,11,20,5,0
64551931,4,3,19,3,2,27,16,19,4,1,77,24,20,3,2,23,18,20,3,2,61,5,19,4,1,25,11,19,4,1
64550841,4,13,19,3,1,22,3,19,4,1,48,3,19,4,1,90,11,19,3,1,25,11,19,4,1,4,13,18,2,0
64549841,39,21,19,5,0,11,18,19,3,2,77,24,19,4,1,90,11,19,5,0,71,14,19,4,0,80,19,19,2,0
64548532,39,18,20,3,1,69,9,19,3,0,71,14,20,4,1,64,24,20,5,0,39,18,20,4,1,73,24,19,5,0
64547433,40,6,19,4,1,27,16,20,4,0,64,24,20,5,0,74,3,19,4,1,33,1,20,5,0,90,11,20,3,2
64679853,14,21,19,4,1,85,13,19,4,0,6,8,20,4,1,89,9,20,4,1,53,14,19,5,0,28,3,20,4,1
64678360,13,19,19,5,0,89,9,20,3,2,7,1,20,4,1,9,9,20,5,0,74,3,20,5,0,84,18,20,4,1
64677215,72,11,20,3,2,74,3,20,5,0,32,5,19,4,1,14,21,19,4,1,82,21,20,5,0,58,10,20,5,0
64654636,24,3,20,5,0,33,1,19,4,1,68,1,19,3,2,1,16,20,4,1,82,21,20,4,1,64,24,20,4,1
64654092,31,7,20,3,2,49,19,20,4,1,20,4,19,4,1,21,9,20,2,3,74,3,19,3,2,47,4,19,4,1
64653716,76,3,19,4,0,18,15,19,5,0,81,9,19,4,1,82,21,19,4,0,48,3,19,3,1,70,6,20,4,1
64633384,21,9,20,3,2,17,5,20,4,1,4,13,20,3,2,53,14,19,4,1,33,1,20,4,0,68,1,19,5,0
64631556,88,3,18,3,2,70,6,18,3,2,66,24,18,4,0,21,9,18,3,2,42,24,18,4,1,73,24,18,5,0
64630117,72,11,20,3,2,84,18,19,5,0,55,14,19,5,0,23,15,18,3,2,68,1,18,2,0,72,11,19,4,1
64676320,88,3,19,5,0,44,25,19,3,2,81,9,19,4,1,21,9,19,3,2,3,16,19,5,0,42,24,19,4,1
64675299,22,3,19,4,1,4,13,18,4,0,9,10,19,4,1,90,11,17,4,0,42,24,18,4,0,11,18,18,4,1
64674087,75,22,20,2,3,33,1,19,5,0,31,7,19,4,1,72,11,19,3,0,18,15,19,4,1,20,4,19,4,1
64671277,1,15,19,4,1,15,5,19,5,0,11,16,20,4,1,74,3,19,5,0,89,9,19,3,2,90,11,20,4,1
64669930,54,8,20,3,2,68,1,20,5,0,2,11,20,3,2,44,25,19,4,1,89,9,19,3,2,17,5,20,3,2
64669073,2,11,19,5,0,45,4,19,4,1,31,7,19,4,1,28,3,19,3,2,14,21,18,5,0,89,9,20,4,1
64668383,18,15,19,4,1,55,14,19,3,2,39,21,18,4,1,30,13,19,4,0,86,1,19,4,1,58,10,19,4,1
64661776,24,21,20,5,0,28,13,20,3,2,71,14,19,4,1,7,1,20,5,0,90,11,20,3,2,27,2,19,4,0
64661261,4,13,18,2,3,18,15,18,5,0,82,21,19,3,2,82,21,19,5,0,2,11,19,3,2,29,1,18,4,0
64660791,12,7,19,4,1,7,1,18,5,0,9,10,19,4,1,83,6,18,4,1,67,14,19,4,0,84,18,19,4,1
64639728,53,14,18,4,1,72,11,19,4,1,20,4,18,3,1,22,3,19,5,0,67,14,18,5,0,90,11,18,4,1
64638619,20,4,19,5,0,82,21,19,4,1,31,7,19,3,2,75,22,19,5,0,67,14,20,4,1,31,7,19,4,1
64637997,72,11,19,3,2,10,1,19,3,2,1,15,19,3,2,20,4,18,5,0,5,6,19,3,2,25,11,20,5,0
64636316,6,8,20,4,1,3,21,19,2,3,59,2,20,4,1,72,11,19,4,1,28,3,19,3,2,39,18,19,5,0
64578412,30,13,16,2,0,24,21,17,4,0,72,11,18,3,2,63,15,18,5,0,89,9,17,4,0,42,24,18,5,0
64577442,34,23,19,3,2,85,13,19,4,0,29,1,20,4,1,47,4,19,4,1,8,22,19,4,1,28,3,19,4,1
64572066,86,1,20,4,1,28,13,20,5,0,18,15,20,3,2,33,1,20,5,0,1,15,20,4,1,86,1,20,5,0
64569400,74,3,20,4,1,90,11,20,3,2,33,1,19,4,1,19,24,20,4,1,39,18,19,4,1,9,10,19,5,0
64568266,1,15,20,4,1,58,10,20,3,2,16,9,20,5,0,17,5,20,4,1,82,21,20,4,1,14,21,19,4,1
64675568,53,14,20,5,0,77,24,20,4,1,74,3,20,4,1,29,1,20,5,0,76,3,19,3,1,70,6,19,5,0
64674394,70,6,20,3,2,23,15,20,4,1,59,2,20,4,1,22,3,20,5,0,74,3,19,3,1,2,9,19,4,0
64673663,9,10,20,3,2,74,3,20,5,0,28,3,20,4,1,11,16,20,5,0,21,9,20,4,1,82,21,19,3,2
64671677,79,8,19,4,0,53,14,18,4,0,85,13,19,5,0,75,22,20,4,1,13,15,19,3,0,65,16,19,5,0
64670714,77,24,19,4,1,58,10,20,4,1,64,24,20,5,0,11,18,19,4,0,15,5,19,2,2,68,1,18,5,0
64669445,85,13,19,5,0,78,16,20,5,0,64,24,19,4,1,88,3,18,4,1,34,23,19,3,2,72,11,19,4,1
64667975,26,9,20,4,1,63,15,20,5,0,33,1,20,5,0,20,4,19,4,0,79,8,19,3,2,90,11,20,3,2
64666668,29,1,19,3,2,76,3,19,5,0,90,11,19,3,2,19,6,19,4,1,16,9,19,5,0,50,21,19,4,0
64668296,4,3,20,4,1,56,20,20,4,1,25,11,20,4,1,3,21,20,4,0,81,9,20,5,0,57,23,19,4,1
64667720,89,9,19,4,1,82,21,19,4,1,61,5,20,5,0,27,16,19,4,1,23,18,19,4,1,89,9,20,3,2
64666501,30,13,20,4,0,89,9,19,3,2,32,5,20,3,2,46,16,20,5,0,68,1,19,4,1,90,11,20,4,1
64613746,7,1,20,5,0,65,16,20,4,1,33,1,20,5,0,32,5,20,4,1,84,18,20,4,1,1,15,20,4,1
64613102,72,11,19,3,1,70,6,19,3,2,50,21,18,2,1,90,11,19,4,1,58,10,18,5,0,11,18,19,5,0
64611705,31,7,20,4,1,85,13,19,3,2,54,8,20,4,1,76,3,20,5,0,28,13,20,5,0,87,24,19,4,1
64609247,17,5,20,3,2,76,3,20,4,1,10,20,20,3,2,55,14,19,4,0,72,11,20,5,0,3,21,19,4,0
64618570,69,9,19,4,0,77,24,20,5,0,23,18,19,5,0,54,8,19,5,0,68,1,19,5,0,90,11,20,4,1
64617103,21,9,19,3,2,75,22,19,3,2,76,3,19,5,0,90,11,20,5,0,82,21,19,4,1,28,3,19,4,1
64616560,1,15,20,4,1,83,6,20,5,0,78,16,20,4,1,48,3,20,5,0,1,15,20,4,1,11,18,19,4,1
64586377,77,24,20,3,2,29,1,20,3,2,10,1,20,4,1,70,6,20,4,1,18,15,20,4,1,1,15,20,3,2
64585703,65,16,20,4,1,1,15,20,4,1,81,9,20,3,2,82,21,19,5,0,67,14,20,3,2,25,11,20,5,0
64584693,59,2,20,5,0,17,5,20,4,1,67,14,20,3,2,90,11,20,4,1,1,15,20,4,1,65,16,20,4,1
64583672,42,24,20,4,1,28,3,20,5,0,81,9,20,4,1,49,19,20,4,1,14,21,20,5,0,19,24,20,2,3
64582208,76,3,20,4,0,75,22,20,5,0,70,6,20,4,1,10,20,19,4,1,65,16,20,5,0,42,24,20,2,3
64580500,49,19,20,4,0,86,1,18,4,0,69,9,19,4,0,67,14,20,3,2,33,1,19,5,0,81,9,19,4,1
64679911,67,14,20,4,1,68,1,19,5,0,17,5,20,4,1,30,13,20,5,0,80,19,20,4,1,90,11,20,3,2
64678323,82,21,20,4,1,70,6,20,3,2,34,23,20,2,3,78,16,20,4,0,50,21,20,5,0,72,11,20,4,1
64677162,24,21,20,3,2,25,11,19,3,2,30,13,20,5,0,12,7,20,5,0,53,14,19,5,0,72,11,20,4,1
64676210,47,4,19,4,1,45,4,19,5,0,89,9,19,4,1,13,19,19,4,0,28,3,19,5,0,1,15,19,3,1
64674531,15,6,19,3,2,56,20,19,5,0,74,3,20,5,0,65,16,19,5,0,81,9,20,2,3,68,1,19,5,0
64671939,36,5,20,4,1,75,22,20,4,1,76,3,20,4,0,86,1,20,5,0,3,21,20,2,3,90,11,20,4,1
64642303,10,20,20,4,0,79,8,20,3,1,49,19,20,5,0,74,3,20,4,1,28,3,20,4,1,22,3,20,5,0
64640900,18,15,20,4,1,39,18,19,3,2,76,3,19,4,0,28,3,20,2,3,89,9,19,5,0,82,21,20,4,1
64676590,2,9,20,3,2,90,11,20,4,1,7,1,20,5,0,82,21,20,4,1,15,5,20,3,2,65,16,20,5,0
64675240,6,8,20,2,3,90,11,19,3,2,4,13,19,2,3,18,15,18,3,0,4,13,18,2,0,89,9,19,4,0
64673296,72,11,20,3,2,40,6,20,3,2,7,1,20,5,0,86,1,20,4,1,83,6,20,3,2,4,13,19,4,1
64672673,20,4,14,2,0,83,6,14,4,0,11,18,15,3,0,7,1,14,3,0,38,9,14,2,0,2,9,14,3,0
64670743,65,16,19,4,1,90,11,20,3,2,3,21,19,5,0,33,1,19,5,0,42,24,19,4,0,77,24,19,3,2
64669206,25,11,20,3,2,90,11,20,3,2,74,3,19,5,0,79,8,19,5,0,35,1,20,3,2,2,10,19,5,0
64667934,62,11,19,3,2,90,11,19,3,2,7,1,19,5,0,19,6,20,3,1,81,9,19,4,1,4,13,18,4,0
64666899,37,15,19,4,1,40,6,18,5,0,4,13,18,5,0,49,19,19,3,1,78,16,19,4,1,42,24,18,4,0
64665850,72,11,19,4,1,42,24,18,5,0,29,1,19,3,1,11,18,18,2,1,43,5,18,4,0,7,1,17,3,1
64642731,28,3,20,4,1,30,13,19,4,1,17,5,20,4,1,7,1,20,3,1,14,21,20,4,1,38,9,19,3,1
64650915,14,21,19,3,2,43,5,19,3,2,68,1,19,5,0,64,24,20,5,0,40,6,18,4,1,27,2,19,4,0
64650717,51,22,19,5,0,75,22,20,3,2,72,11,20,4,1,33,1,20,4,1,74,3,19,4,1,72,11,20,3,2
64635765,55,14,19,5,0,71,14,19,3,1,90,11,19,3,2,49,19,19,4,0,90,11,20,5,0,22,3,19,3,1
64634151,88,3,19,4,1,90,11,20,2,3,63,15,19,4,1,76,3,19,5,0,26,9,20,5,0,58,10,20,5,0
64625318,28,3,19,4,0,77,24,20,4,1,29,1,20,5,0,14,21,19,4,1,88,3,19,2,2,2,9,19,3,2
64623444,82,21,20,5,0,11,18,19,5,0,9,9,20,4,1,2,11,19,4,1,88,3,20,4,1,72,11,20,4,1
64621373,72,11,19,4,1,89,9,19,4,0,65,16,19,4,1,28,3,20,5,0,11,18,20,5,0,9,9,20,4,1
64619711,72,11,20,4,1,71,14,20,4,1,36,5,20,3,2,11,18,20,4,1,55,14,19,4,1,75,22,20,4,1
64615591,77,24,20,3,2,23,18,19,4,1,4,13,20,4,1,71,14,19,4,1,4,13,18,3,1,83,6,19,4,1
64668801,79,8,20,5,0,43,5,20,4,1,55,14,20,5,0,65,16,20,4,1,72,11,20,4,1,74,3,20,4,1
64667501,78,16,19,4,1,53,14,18,3,1,17,5,19,3,2,37,15,19,5,0,89,9,19,4,1,90,11,18,4,0
64666793,54,8,20,4,1,25,11,20,5,0,15,6,19,5,0,55,14,20,5,0,79,8,19,2,3,57,23,20,3,2
64665936,4,3,19,4,1,77,24,19,5,0,78,16,20,3,2,45,4,18,3,0,72,11,20,4,1,86,1,19,4,0
63930152,70,6,19,3,2,88,3,18,4,1,4,3,19,4,1,15,5,18,4,0,65,16,18,2,0,76,3,19,2,1
63925621,63,15,20,4,1,52,24,20,5,0,65,16,20,5,0,33,1,20,4,1,72,11,20,5,0,55,14,19,3,0
63925376,75,22,20,2,3,66,24,20,5,0,50,21,19,3,2,49,19,19,4,1,23,18,19,4,1,82,21,20,4,1
63924898,2,10,19,3,2,30,13,19,5,0,87,24,19,4,0,53,14,19,2,2,18,15,19,4,0,6,8,19,3,2
63924109,80,19,20,4,1,81,9,20,4,1,35,1,19,4,1,22,3,20,4,1,10,1,19,5,0,65,16,20,5,0
64679446,64,24,19,5,0,35,2,19,4,1,33,1,18,4,1,4,13,19,4,1,3,16,20,2,3,42,24,19,5,0
64678078,25,11,20,3,2,56,20,20,4,1,63,15,19,5,0,7,2,20,3,2,47,4,20,4,1,17,5,20,4,1
64676357,80,19,20,5,0,79,8,20,5,0,42,24,20,3,2,90,11,19,4,1,46,16,20,5,0,22,3,19,5,0
64662454,28,3,20,4,1,1,15,20,3,2,5,6,19,5,0,65,16,20,4,1,81,9,20,3,2,39,18,20,4,1
64661698,67,14,19,5,0,42,24,19,3,2,28,3,18,5,0,2,11,18,4,1,72,11,19,3,2,19,6,18,3,1
64641117,32,5,20,4,1,81,9,20,5,0,68,1,19,5,0,23,18,19,4,1,74,3,20,4,1,81,9,19,3,2
64639786,2,10,19,3,2,67,14,19,4,1,20,4,18,5,0,23,18,19,4,1,57,23,19,5,0,50,21,19,3,0
64638997,89,9,20,3,2,8,22,20,4,1,72,11,19,4,1,24,3,18,4,0,51,22,18,4,0,2,9,20,4,1
64634493,1,16,18,3,2,59,2,18,4,0,9,10,17,5,0,67,14,18,5,0,2,10,19,5,0,41,24,18,3,0
64676041,18,15,19,4,1,1,15,20,4,1,83,6,20,5,0,90,11,20,3,2,71,14,20,5,0,4,13,20,4,1
64674842,88,3,20,5,0,78,16,20,3,2,64,24,20,4,1,83,6,20,4,1,20,4,20,3,2,72,11,20,4,1
64672959,64,24,20,3,2,22,3,20,5,0,72,11,20,4,1,39,21,19,3,2,28,3,20,5,0,22,3,20,5,0
64671295,72,11,20,4,1,55,14,20,4,1,82,21,19,4,1,72,11,20,1,4,74,3,20,4,1,65,16,20,4,1
64670130,19,24,20,3,2,31,7,20,4,1,85,13,20,4,1,12,6,20,4,1,53,14,20,4,1,89,9,19,4,1
64668314,65,16,20,4,1,89,9,20,4,1,54,8,20,4,1,86,1,20,5,0,58,10,20,5,0,35,2,20,4,1
64666375,79,8,20,4,1,78,16,20,4,1,17,5,20,4,1,48,3,20,3,2,1,14,19,5,0,18,15,20,4,1
64665853,89,9,20,4,1,33,1,20,4,1,74,3,20,4,1,48,3,20,4,1,90,11,20,4,1,1,15,20,5,0
64665132,24,3,19,3,2,74,3,19,5,0,43,5,20,4,1,90,11,20,4,1,83,6,20,5,0,2,9,20,4,1
64679771,6,8,20,3,2,22,3,19,4,1,29,1,20,5,0,68,1,19,3,0,43,5,20,4,0,52,24,20,3,0
64678061,58,10,19,3,1,89,9,19,4,0,49,19,19,5,0,2,10,19,4,0,89,9,20,5,0,8,22,19,4,1
64638022,57,23,20,3,2,16,9,20,4,1,65,16,20,5,0,31,7,20,4,1,89,9,20,0,0,43,5,19,3,1
64636404,86,1,20,4,1,23,18,20,3,2,82,21,20,4,1,6,8,19,4,1,11,16,19,4,0,34,23,19,5,0
64584238,72,11,20,4,1,14,21,20,4,1,29,1,20,3,2,81,9,20,4,1,61,5,20,4,1,46,16,20,4,1
64583633,72,11,20,3,2,90,11,20,5,0,29,1,20,4,1,44,25,19,5,0,90,11,20,3,2,77,24,20,5,0
64582720,90,11,20,4,1,65,16,19,5,0,14,21,19,5,0,86,1,20,4,1,83,6,19,4,1,89,9,19,3,2
64581738,8,22,20,2,3,21,9,20,4,1,10,1,20,5,0,21,9,20,5,0,4,13,20,5,0,81,9,20,4,1
64580774,87,24,20,4,1,55,14,19,4,1,90,11,20,5,0,39,18,20,4,1,46,16,20,4,1,3,21,20,5,0
64676665,85,13,20,3,2,53,13,20,4,1,68,1,19,4,0,81,9,20,4,1,18,15,20,2,3,39,18,20,4,1
64675093,78,16,20,5,0,56,20,20,4,1,61,5,20,4,1,58,10,20,4,1,8,22,20,4,1,30,13,19,2,1
64671018,45,4,19,3,1,34,23,19,4,1,40,6,20,4,1,28,13,20,2,3,90,11,20,4,1,83,6,20,5,0
64667386,28,3,20,5,0,90,11,20,3,2,33,1,20,4,1,4,3,20,4,1,88,3,19,5,0,43,5,19,3,2
64666842,53,14,19,4,1,72,11,20,3,2,74,3,20,5,0,89,9,20,5,0,63,15,20,3,0,88,3,20,4,0
64646657,79,8,20,3,2,54,8,19,3,2,30,13,19,5,0,86,1,18,4,1,3,21,18,4,0,90,11,19,4,1
64646378,49,19,20,5,0,46,16,20,5,0,31,7,20,4,1,21,9,19,3,2,59,2,19,4,1,50,21,20,3,2
64646066,13,19,20,5,0,23,18,20,1,4,53,13,20,4,1,36,5,20,3,2,21,9,20,3,2,33,1,20,4,1
64588857,52,24,20,4,1,54,8,20,3,2,48,3,20,5,0,46,16,20,4,1,25,11,20,4,1,33,1,20,5,0
64499873,33,1,19,3,2,29,1,20,5,0,75,22,20,3,2,2,11,20,5,0,89,9,20,4,1,50,21,20,4,1
64498769,53,14,19,5,0,3,21,20,3,2,62,11,19,4,0,69,9,19,4,0,67,14,19,4,1,43,5,19,3,2
64498034,76,3,19,3,2,6,8,20,3,2,10,1,20,4,1,49,19,20,5,0,90,11,19,4,1,89,9,20,4,1
64397530,86,1,19,5,0,24,21,20,3,2,29,1,19,4,0,61,5,20,4,1,89,9,20,4,1,57,23,19,4,1
64396688,55,14,20,5,0,25,11,20,5,0,79,8,20,4,1,23,18,20,4,1,90,11,20,5,0,57,23,20,4,0
64660328,56,20,20,4,1,33,1,19,4,1,81,9,20,4,1,74,3,20,4,1,23,18,20,3,2,19,6,20,4,1
64453619,64,24,20,4,1,11,16,19,5,0,17,5,20,4,1,57,23,20,3,2,48,3,20,5,0,90,11,20,3,2
64439013,67,14,20,3,2,90,11,19,5,0,60,6,20,4,1,14,21,19,4,0,18,15,19,4,0,87,24,18,3,0
64429469,18,15,20,4,1,44,25,20,4,1,89,9,20,4,1,1,18,20,3,2,4,13,20,5,0,32,5,20,5,0
64425608,89,9,18,4,0,35,1,18,3,0,54,8,18,5,0,36,5,18,3,2,29,1,18,4,1,86,1,18,5,0
64422114,46,16,19,4,1,90,11,19,4,1,65,16,19,4,1,90,11,19,5,0,76,3,20,5,0,11,18,19,4,1
64420312,6,8,19,2,3,73,24,19,4,0,63,15,19,4,1,30,13,18,2,0,72,11,15,1,0,67,14,16,2,0
64401096,53,13,18,3,1,1,15,18,4,0,87,24,18,4,0,18,15,18,4,1,11,18,19,4,1,3,19,19,4,1
64394354,38,9,19,2,3,55,14,18,5,0,18,15,19,4,1,33,1,19,4,1,35,2,19,4,1,90,11,19,4,1
64644935,23,18,18,5,0,24,3,19,5,0,61,5,19,4,1,89,9,18,5,0,7,2,18,4,1,47,4,19,4,1
64644104,46,16,19,4,1,51,22,20,5,0,2,11,20,3,2,61,5,19,4,0,58,10,19,4,1,29,1,20,5,0
64643380,52,24,20,4,1,53,14,20,5,0,82,21,20,4,1,74,3,20,4,1,46,16,20,3,2,89,9,20,3,2
64642414,7,2,19,5,0,59,2,19,5,0,89,9,20,4,0,85,13,20,5,0,16,9,20,3,2,67,14,20,4,1
64641283,72,11,20,4,1,68,1,20,2,0,7,1,20,5,0,78,16,20,4,1,57,23,20,4,1,89,9,20,1,4
64640809,90,11,19,3,2,28,3,19,5,0,59,2,19,4,1,25,11,18,3,2,71,14,18,4,0,18,15,19,4,1
64632804,23,18,19,4,1,4,3,20,3,2,29,1,19,3,2,65,16,18,5,0,7,1,19,5,0,72,11,19,3,2
64631100,4,13,19,5,0,79,8,20,3,2,31,7,20,3,2,28,3,19,4,0,18,15,20,5,0,63,15,20,4,0
64652729,27,9,20,4,0,79,8,20,2,3,46,16,20,4,1,33,1,19,4,0,28,3,19,5,0,89,9,19,4,1
64652437,70,6,20,3,2,46,16,20,4,1,61,5,20,3,2,74,3,20,4,1,82,21,20,5,0,33,1,20,4,1
64652011,33,1,19,3,2,38,9,19,3,2,34,23,19,4,1,22,3,18,5,0,49,19,18,4,1,14,21,18,4,1
64651713,80,19,20,3,2,22,3,20,4,1,61,5,20,0,5,39,18,20,5,0,42,24,20,5,0,36,5,19,4,1
64648781,18,15,19,3,2,33,1,19,4,0,21,9,18,5,0,9,10,19,5,0,38,9,19,4,1,81,9,19,4,1
64648671,56,20,20,5,0,2,11,20,3,2,39,21,20,4,1,42,24,20,4,1,43,5,20,3,2,89,9,20,4,1
64648493,67,14,19,4,1,89,9,20,4,1,29,1,20,5,0,1,15,19,3,2,21,9,20,3,2,75,22,20,4,1
64560865,61,5,20,2,3,83,6,20,3,2,4,13,20,5,0,44,25,20,4,1,4,13,20,4,1,43,5,20,5,0
64679129,75,22,19,4,1,11,16,19,3,2,82,21,19,3,2,61,5,18,4,1,71,14,19,5,0,25,11,19,3,2
64677997,10,1,17,4,1,33,1,17,4,0,75,22,18,5,0,25,11,19,3,2,30,13,18,4,0,75,22,18,5,0
64676452,2,10,19,4,1,55,14,18,2,0,16,9,19,5,0,6,8,19,4,1,47,4,19,4,1,86,1,19,5,0
64675103,80,19,17,3,2,74,3,18,4,1,25,11,19,5,0,74,3,19,4,1,70,6,19,3,2,78,16,19,4,1
64673095,6,8,20,4,1,25,11,20,5,0,65,16,20,5,0,11,18,20,3,2,82,21,20,3,2,86,1,19,5,0
64671866,64,24,20,4,1,9,9,20,4,1,85,13,20,4,1,30,13,19,5,0,11,16,19,5,0,90,11,19,3,2
64652740,10,1,17,4,0,21,9,17,3,1,60,6,18,5,0,65,16,18,5,0,78,16,18,4,1,90,11,18,5,0
64652589,46,16,18,5,0,30,13,18,2,0,40,6,19,4,1,65,16,19,5,0,34,23,19,3,2,21,9,19,3,2
64652143,30,13,20,5,0,89,9,19,4,1,17,5,20,4,1,25,11,20,5,0,82,21,19,4,0,85,13,20,4,0
64651802,81,9,19,3,2,18,15,19,3,2,74,3,18,5,0,74,3,19,5,0,90,11,19,5,0,1,15,18,4,1
64336243,18,15,19,3,2,52,24,18,4,1,80,19,19,3,2,19,24,19,4,0,18,15,19,4,0,71,14,20,4,0
64289360,67,14,18,5,0,12,7,19,4,1,29,1,19,5,0,22,3,18,5,0,18,15,18,4,1,72,11,19,5,0
64284913,55,14,15,3,0,31,7,16,4,0,18,15,16,3,1,90,11,16,3,0,1,15,16,5,0,78,16,15,1,0
64186386,11,18,18,4,1,72,11,18,3,2,74,3,18,4,1,71,14,17,3,0,42,24,16,2,0,28,3,18,4,0
64110811,82,21,19,4,1,72,11,18,4,0,90,11,19,2,3,42,24,18,4,1,64,24,18,3,0,11,16,18,4,1
64110209,2,11,19,4,1,48,3,20,3,2,18,15,19,3,2,64,24,18,5,0,22,3,18,3,0,67,14,19,4,0
64106871,9,9,19,4,1,18,15,19,5,0,1,15,19,3,2,11,16,19,3,0,15,5,19,3,0,64,24,18,4,0
64105045,68,1,17,2,1,90,11,18,4,1,40,6,18,4,1,65,16,16,5,0,72,11,17,4,0,31,7,16,5,0
63971283,22,3,18,4,1,21,9,19,4,1,88,3,18,4,1,61,5,19,4,1,76,3,18,5,0,38,9,19,4,1
64555273,67,14,18,4,1,81,9,17,3,1,48,3,18,2,1,26,9,17,5,0,74,3,18,5,0,90,11,17,2,0
64498935,82,21,17,4,0,90,11,17,5,0,18,15,17,4,1,75,22,18,4,1,22,3,17,5,0,1,15,16,2,0
64498001,21,9,20,4,1,78,16,20,3,2,55,14,19,5,0,88,3,20,4,0,63,15,19,4,1,29,1,19,4,1
64493767,21,9,20,4,1,55,14,20,4,1,14,21,20,5,0,39,18,19,5,0,41,24,19,1,0,46,16,19,3,2
64401773,62,11,20,5,0,67,14,20,4,1,63,15,20,4,1,21,9,20,4,1,78,16,20,3,2,80,19,19,4,1
64381181,74,3,20,4,1,64,24,20,5,0,37,15,20,4,1,72,11,19,4,1,65,16,19,5,0,63,15,19,4,1
64356978,58,10,19,5,0,70,6,19,3,2,1,15,19,3,2,82,21,19,4,0,88,3,19,4,1,89,9,18,4,0
64069282,90,11,17,4,0,74,3,18,3,0,70,6,17,4,0,90,11,18,4,0,73,24,17,4,0,28,13,18,5,0
64675447,50,21,18,3,0,66,24,19,4,1,72,11,19,3,2,70,6,19,3,2,50,21,18,5,0,11,18,19,5,0
64674249,65,16,20,4,1,71,14,20,4,1,70,6,19,3,2,88,3,19,5,0,65,16,19,3,1,90,11,20,4,1
64671247,5,6,20,4,1,1,15,20,2,3,13,15,20,5,0,72,11,19,3,2,45,4,19,3,0,66,24,19,2,1
64670288,85,13,20,3,1,15,6,19,3,2,1,15,19,4,0,65,16,19,5,0,90,11,20,3,2,23,18,20,4,0
64669175,53,14,19,4,1,83,6,20,5,0,90,11,20,5,0,58,10,20,3,2,33,1,20,5,0,4,13,20,4,0
64668370,46,16,16,4,0,31,7,15,4,0,78,16,16,4,0,29,1,15,4,0,72,11,16,5,0,1,15,16,2,0
64667669,30,13,19,4,0,17,5,20,4,1,44,25,20,3,1,8,22,20,3,2,23,18,19,4,1,82,21,19,5,0
64624138,76,3,19,4,1,86,1,19,3,2,72,11,19,5,0,76,3,19,4,0,1,18,19,3,2,78,16,19,3,1
64623040,55,14,19,4,1,90,11,20,4,1,1,15,19,4,1,18,15,19,4,1,90,11,19,3,2,27,16,19,4,0
64650109,65,16,20,5,0,30,13,19,3,1,90,11,20,4,1,66,24,19,4,0,12,6,20,4,1,11,16,20,4,1
64648985,17,5,19,5,0,68,1,19,3,1,6,8,20,3,2,17,5,20,4,1,8,22,20,4,1,64,24,20,5,0
64651884,82,21,20,4,1,74,3,19,4,1,88,3,20,4,1,39,18,20,3,2,45,4,20,4,1,73,24,19,5,0
64651621,64,24,19,4,1,28,3,19,3,2,33,1,19,5,0,35,1,19,4,1,49,19,19,3,1,18,15,20,5,0
64610091,75,22,20,4,1,33,1,19,3,2,42,24,20,5,0,31,7,20,4,1,79,8,19,4,1,76,3,19,5,0
64609116,45,4,19,4,1,35,2,20,4,1,77,24,19,5,0,21,9,20,2,2,68,1,18,3,0,34,23,19,3,2
63709623,55,14,19,5,0,56,20,20,4,1,70,6,20,4,1,66,24,19,4,1,28,13,19,4,1,71,14,19,4,1
64679567,26,9,20,4,1,64,24,19,4,1,78,16,20,4,1,22,3,19,4,1,13,19,19,5,0,12,7,20,4,1
64677819,53,14,19,5,0,36,5,20,4,1,89,9,20,5,0,74,3,19,5,0,33,1,19,4,1,77,24,20,3,2
64675927,51,22,20,4,1,58,10,20,4,1,74,3,20,4,1,28,13,20,3,2,64,24,20,4,1,82,21,20,5,0
64675222,70,6,20,3,2,33,1,20,5,0,82,21,20,4,1,54,8,19,4,1,20,4,20,3,1,87,24,20,4,1
64673366,27,9,20,4,1,5,5,20,2,3,64,24,20,4,1,28,13,20,4,1,47,4,20,4,1,78,16,20,3,1
64672221,79,8,20,4,1,4,3,20,3,2,18,15,20,4,1,53,14,20,5,0,90,11,20,4,1,29,1,19,4,1
64671202,32,5,20,2,3,21,9,20,3,2,11,18,20,4,1,17,5,20,4,1,85,13,18,2,1,90,11,20,5,0
64670329,39,21,20,4,1,43,5,20,2,3,1,15,20,4,1,90,11,20,5,0,74,3,19,5,0,55,14,20,4,1
64669414,67,14,18,4,1,90,11,19,4,1,23,18,18,3,2,74,3,18,5,0,24,3,18,5,0,42,24,17,3,2
64613290,11,16,20,5,0,73,24,19,3,0,9,10,20,1,4,28,13,20,4,1,88,3,19,5,0,75,22,20,4,1
64603198,90,11,20,4,1,65,16,20,3,2,85,13,20,4,1,74,3,20,5,0,62,11,20,4,1,78,16,20,3,2
64602253,54,8,20,4,1,15,5,20,3,1,19,24,20,3,2,77,24,20,5,0,11,16,19,3,1,89,9,20,4,1
64598365,65,16,20,3,2,6,8,20,1,4,33,1,20,5,0,80,19,20,4,1,1,15,20,4,1,76,3,19,5,0
64555745,33,1,20,4,0,12,7,20,5,0,78,16,20,5,0,39,18,20,2,3,28,3,20,3,2,73,24,20,4,0
64554375,76,3,20,5,0,3,19,20,3,2,38,9,20,3,2,27,16,20,4,1,89,9,20,3,2,1,15,20,4,1
64553728,18,15,20,4,1,32,5,20,3,2,53,14,19,5,0,33,1,20,5,0,11,16,19,5,0,26,9,20,3,2
64680139,11,18,19,4,0,22,3,20,4,1,59,2,20,5,0,2,10,20,4,1,68,1,19,4,1,19,6,19,5,0
64678246,72,11,20,1,4,74,3,20,4,1,33,1,20,4,1,73,24,20,5,0,59,2,20,5,0,1,15,20,4,1
64676309,55,14,19,3,2,25,11,19,3,2,74,3,19,5,0,88,3,19,3,0,59,2,19,4,0,58,10,20,4,1
64663848,68,1,20,5,0,81,9,20,3,2,43,5,19,4,1,90,11,20,4,1,59,2,20,4,1,67,14,20,5,0
64662217,76,3,20,4,1,59,2,20,4,1,36,5,20,2,3,82,21,20,4,1,62,11,20,3,2,29,1,20,4,1
64661277,13,19,19,5,0,90,11,19,4,1,11,16,19,4,1,21,9,20,5,0,90,11,19,3,2,33,1,19,4,1
64660597,75,22,20,4,1,65,16,19,4,1,49,19,20,5,0,5,5,19,4,1,84,18,19,3,2,11,18,19,4,1
64659743,53,14,19,3,2,90,11,19,4,1,31,7,20,4,1,3,19,19,5,0,80,19,20,5,0,72,11,20,3,2
64664338,20,4,20,3,2,72,11,20,4,1,43,5,19,4,1,33,1,19,5,0,29,1,19,5,0,84,18,19,3,2
64663376,80,19,19,4,1,82,21,19,4,1,89,9,19,4,1,22,3,19,3,2,21,9,19,3,2,53,13,19,4,1
64662559,34,23,20,5,0,5,5,20,5,0,89,9,20,5,0,14,21,20,5,0,88,3,20,5,0,87,24,20,5,0
64574979,23,18,18,3,1,11,18,19,4,0,86,1,19,3,0,8,22,19,4,1,3,21,19,5,0,47,4,19,5,0
64572992,1,15,20,4,1,22,3,20,3,2,63,15,19,5,0,90,11,19,4,1,14,21,19,5,0,23,18,20,4,1
64571719,55,14,19,3,2,87,24,19,4,1,88,3,19,2,3,76,3,18,2,0,42,24,19,5,0,9,10,19,5,0
64569950,20,4,19,4,0,7,1,20,5,0,61,5,20,5,0,75,22,20,4,1,88,3,19,5,0,66,24,20,3,1
64568889,89,9,19,5,0,67,14,19,5,0,33,1,19,5,0,82,21,20,3,2,6,8,20,3,2,53,14,19,4,1
64679706,56,20,20,4,1,33,1,20,4,1,70,6,20,4,1,6,8,20,4,1,68,1,19,5,0,79,8,20,4,1
64677878,61,5,20,5,0,89,9,20,4,1,14,21,20,5,0,74,3,19,4,1,3,21,20,4,1,12,7,20,4,1
64676691,33,1,20,4,1,24,3,19,4,1,4,13,19,4,1,24,3,20,5,0,16,9,20,4,0,10,1,20,4,1
64674432,47,4,20,4,1,79,8,20,3,2,67,14,20,4,1,52,24,20,4,1,60,6,20,4,1,76,3,19,1,1
64671802,79,8,20,3,2,29,2,20,4,1,25,11,20,3,2,30,13,20,4,0,72,11,20,5,0,1,15,20,4,1
64669921,22,3,20,4,1,18,15,20,4,1,56,20,20,5,0,11,18,20,3,2,62,11,20,3,2,53,14,20,5,0
64614984,44,25,19,5,0,1,15,20,5,0,57,23,20,3,2,11,16,20,4,1,65,16,20,4,0,48,3,20,4,1
64567187,31,7,19,3,2,82,21,20,4,1,74,3,20,4,1,82,21,20,4,1,18,15,20,4,1,72,11,20,3,2
64678810,75,22,20,4,1,30,13,19,4,1,83,6,20,4,1,81,9,20,3,2,31,7,20,5,0,44,25,19,5,0
64677785,79,8,18,4,1,38,9,18,4,1,83,6,18,3,2,18,15,19,3,1,70,6,18,4,1,39,18,19,4,1
64676589,81,9,20,4,1,70,6,20,3,2,65,16,20,5,0,67,14,20,5,0,26,9,20,5,0,66,24,20,4,1
64634970,13,19,19,4,1,24,21,20,4,1,28,3,20,5,0,33,1,19,5,0,78,16,19,5,0,24,21,19,4,1
64633140,80,19,19,3,2,67,14,18,4,1,4,13,19,4,1,12,6,19,4,0,90,11,19,4,0,53,14,18,4,0
64630367,39,21,20,4,1,33,1,19,5,0,89,9,20,3,2,82,21,19,4,0,58,10,19,5,0,47,4,19,4,1
64628880,67,14,18,5,0,90,11,18,4,1,53,14,17,4,0,90,11,15,2,1,89,9,17,2,2,4,13,18,4,0
64627569,58,10,19,5,0,17,5,19,5,0,82,21,19,5,0,82,21,20,4,1,81,9,19,4,1,76,3,19,4,1
64625408,12,7,19,4,1,70,6,20,4,1,53,14,19,5,0,39,18,20,5,0,21,9,20,3,2,33,1,20,5,0
64678339,72,11,20,4,1,44,25,19,5,0,7,1,19,5,0,72,11,19,3,2,4,13,19,4,0,75,22,19,2,2
64677424,2,9,19,4,1,31,7,20,3,2,26,9,19,2,3,2,11,19,5,0,18,15,19,5,0,76,3,18,3,0
64675674,33,1,20,5,0,78,16,20,4,1,81,9,20,3,2,88,3,20,4,0,79,8,20,4,0,15,6,20,5,0
64673610,78,16,20,4,1,33,1,20,5,0,5,5,20,2,3,59,2,20,4,1,89,9,20,5,0,39,18,19,5,0
64671927,65,16,19,5,0,87,24,19,5,0,40,6,20,4,1,11,18,19,4,1,67,14,19,5,0,89,9,20,5,0
64669998,19,24,20,4,1,88,3,20,4,1,31,7,20,4,1,63,15,19,5,0,81,9,20,4,1,42,24,19,4,1
64668913,30,13,18,4,0,90,11,19,3,2,7,1,19,2,3,65,16,19,5,0,29,1,19,3,1,81,9,20,3,2
64667320,52,24,19,3,2,65,16,20,5,0,7,1,20,4,1,58,10,19,4,0,56,20,19,5,0,45,4,18,4,0
64608878,90,11,20,2,3,85,13,18,4,0,84,18,19,4,1,39,18,19,4,1,42,24,18,3,2,2,11,19,4,1
64622695,18,15,20,4,1,25,11,20,5,0,1,14,19,4,1,23,18,20,4,1,65,16,20,4,1,83,6,20,5,0
64584944,70,6,19,4,0,46,16,20,4,1,44,25,19,5,0,29,1,19,5,0,22,3,19,4,0,23,18,20,3,2
64584123,56,20,19,4,1,10,1,20,4,1,89,9,20,4,1,33,1,20,2,0,70,6,20,3,2,49,19,19,5,0
64583322,14,21,20,4,1,41,24,19,3,1,39,18,19,3,2,11,18,18,3,0,1,15,19,5,0,4,3,19,5,0
64582046,66,24,18,4,1,72,11,19,4,1,68,1,18,4,0,32,5,18,3,2,90,11,19,3,2,30,13,18,5,0
64580817,4,13,18,4,0,72,11,18,3,2,12,6,18,5,0,80,19,17,4,0,90,11,17,4,0,28,3,17,3,0
64579445,33,1,19,5,0,70,6,20,4,1,45,4,20,4,1,4,3,20,5,0,88,3,20,5,0,90,11,20,4,1
64578267,67,14,19,4,1,82,21,20,4,1,4,13,19,4,1,19,24,20,5,0,55,14,19,4,0,90,11,20,4,1
64576805,62,11,20,4,1,74,3,20,5,0,19,6,20,4,1,42,24,20,3,2,44,25,20,5,0,23,18,20,4,1
64678457,27,6,20,4,1,23,18,20,3,2,74,3,19,3,2,23,18,20,5,0,44,25,19,5,0,70,6,20,4,1
64676303,23,18,20,4,1,1,15,20,3,2,22,3,20,4,1,78,16,20,4,1,23,18,20,4,1,29,1,20,5,0
64675158,76,3,20,5,0,82,21,20,3,2,90,11,20,3,2,11,18,20,5,0,5,5,20,4,1,90,11,20,5,0
64673846,84,18,20,3,2,4,13,20,4,1,9,10,20,2,3,82,21,18,3,0,22,3,19,1,0,58,10,19,3,0
64671825,42,24,20,4,1,18,15,20,4,1,22,3,20,4,1,90,11,20,5,0,71,14,19,4,1,84,18,19,5,0
64669801,90,11,20,4,1,1,15,20,4,1,45,4,19,4,1,1,15,20,5,0,42,24,20,4,1,57,23,20,4,1
64667456,50,21,19,4,1,61,5,19,5,0,81,9,20,3,2,18,15,20,5,0,1,15,20,5,0,90,11,20,4,1
64665833,63,15,20,4,1,70,6,20,4,1,89,9,20,4,1,2,11,19,4,1,33,1,19,3,2,1,15,19,4,1
64594834,28,3,19,4,1,19,6,19,4,1,62,11,19,5,0,70,6,19,3,2,89,9,18,4,0,76,3,18,2,0
64594427,20,4,20,4,1,23,15,20,4,1,1,15,20,3,2,9,10,20,3,2,79,8,20,3,2,53,14,20,5,0
64593707,33,1,19,4,1,67,14,18,4,0,32,5,18,3,0,81,9,18,3,1,30,13,18,3,0,17,5,19,4,0
64592700,53,14,19,5,0,4,3,20,3,2,18,15,19,4,1,43,5,20,5,0,90,11,20,4,1,47,4,20,5,0
64535048,17,5,20,4,1,20,4,18,5,0,62,11,20,3,2,69,9,19,4,0,11,16,19,4,1,71,14,20,4,1
64534429,76,3,19,5,0,29,1,20,5,0,90,11,19,3,2,28,3,20,4,1,19,24,18,4,0,11,16,19,5,0
64534047,21,9,18,3,2,72,11,18,4,1,45,4,18,3,0,18,15,18,4,1,84,18,18,5,0,81,9,18,4,1
64533726,75,22,20,4,1,88,3,20,5,0,33,1,20,5,0,90,11,19,5,0,82,21,20,4,1,29,1,18,4,1
64532905,50,21,17,4,0,21,9,18,2,3,14,21,18,4,0,31,7,17,2,1,78,16,17,3,0,18,15,17,5,0
64666909,90,11,19,4,1,28,3,19,4,1,22,3,19,4,1,28,13,20,5,0,17,5,19,2,3,1,15,19,4,1
64423512,74,3,20,4,1,37,15,20,4,1,90,11,20,4,1,71,14,20,4,1,14,21,19,4,1,69,9,20,5,0
64422704,21,9,20,4,1,86,1,20,4,1,22,3,19,4,1,44,25,20,5,0,46,16,20,5,0,70,6,20,3,2
63353178,52,24,19,4,1,78,16,20,2,3,33,1,19,5,0,1,18,19,4,0,50,21,19,3,1,2,9,20,3,2
63352804,14,21,20,4,1,89,9,20,3,2,1,16,20,4,1,72,11,20,2,3,83,6,19,3,2,46,16,20,4,1
63316208,43,5,19,4,1,55,14,18,3,1,62,11,19,4,1,22,3,18,3,1,72,11,18,3,1,88,3,18,2,1
63315821,53,14,18,5,0,42,24,17,4,1,2,11,18,4,1,64,24,17,4,1,72,11,18,3,2,57,23,18,4,1
63293166,82,21,18,5,0,42,24,19,3,2,3,19,19,5,0,53,14,19,4,1,23,15,19,4,1,67,14,19,4,1
63290649,11,16,20,4,1,49,19,20,4,1,89,9,20,4,1,48,3,20,4,1,65,16,20,5,0,50,21,20,4,1
64678090,36,5,19,3,2,46,16,20,5,0,86,1,20,5,0,60,6,19,5,0,36,5,19,4,1,55,14,18,3,0
64676234,90,11,20,3,2,32,5,20,4,1,73,24,20,4,0,70,6,20,5,0,55,14,20,4,0,89,9,19,4,1
64657127,11,16,19,5,0,47,4,20,3,2,66,24,20,5,0,19,24,19,4,0,44,25,19,4,1,74,3,19,3,2
64656664,72,11,20,3,2,71,14,20,3,2,27,16,20,4,0,81,9,18,4,1,36,5,20,5,0,76,3,19,3,0
64655449,1,15,19,3,2,77,24,20,3,2,11,16,19,3,2,63,15,20,5,0,11,16,19,5,0,17,5,20,5,0
64660041,44,25,19,4,1,56,20,20,5,0,90,11,20,3,2,20,4,19,5,0,2,11,19,3,2,81,9,19,4,1
64659171,81,9,20,4,1,88,3,20,4,1,11,18,20,4,1,42,24,20,4,1,10,1,19,5,0,72,11,20,3,2
64658869,58,10,20,3,2,20,4,20,4,1,84,18,19,4,1,26,9,20,4,1,44,25,20,4,1,76,3,20,4,1
64658485,76,3,20,4,1,21,9,20,3,2,90,11,20,3,2,74,3,20,5,0,86,1,20,5,0,9,10,20,4,1
64657691,46,16,19,5,0,9,9,20,4,1,23,18,19,3,2,61,5,20,4,1,67,14,19,4,1,90,11,19,4,1
64431446,17,5,19,4,1,4,13,19,4,1,78,16,20,4,1,85,13,19,5,0,90,11,20,3,2,17,5,20,5,0
64431079,21,9,20,5,0,90,11,20,4,1,55,14,19,3,1,39,21,19,4,1,21,9,19,3,2,76,3,18,4,1
64430435,24,21,19,5,0,2,9,19,5,0,18,15,19,4,1,29,1,19,5,0,90,11,19,4,1,76,3,19,5,0
64430125,80,19,19,4,1,53,14,18,5,0,25,11,20,3,2,18,15,19,4,1,37,15,19,4,1,28,3,19,4,1
64497234,72,11,20,2,3,73,24,19,2,0,14,21,19,4,1,86,1,19,4,1,90,11,19,2,3,22,3,19,4,1
64496798,10,1,20,5,0,8,22,19,3,2,55,14,19,5,0,82,21,20,5,0,28,3,20,4,1,61,5,20,2,3
64495957,67,14,19,3,1,61,5,18,3,2,16,9,18,5,0,75,22,18,3,0,90,11,19,5,0,26,9,18,3,1
64495379,31,7,15,4,0,28,3,16,5,0,4,13,16,3,0,76,3,16,3,0,42,24,16,3,0,53,14,16,4,0
64494551,75,22,20,4,1,27,9,20,4,0,22,3,20,4,1,89,9,20,5,0,50,21,19,3,2,25,11,20,3,2
64433152,78,16,20,5,0,90,11,20,5,0,72,11,20,4,1,3,21,19,3,1,6,8,19,5,0,59,2,18,3,0
64432720,28,3,20,3,2,72,11,20,2,3,68,1,20,5,0,18,15,20,5,0,55,14,20,3,1,58,10,20,5,0
64346928,42,24,20,5,0,72,11,20,4,1,13,15,19,4,1,3,21,20,3,2,9,10,20,5,0,14,21,20,4,1
64346116,77,24,19,3,2,16,9,20,4,1,35,2,20,4,1,60,6,19,4,1,76,3,19,3,2,2,11,20,3,2
64684186,18,15,20,3,2,34,23,20,3,2,30,13,20,4,1,76,3,18,5,0,34,23,20,5,0,11,16,20,4,1
64682786,29,1,19,3,2,39,21,19,5,0,21,9,20,4,1,86,1,20,4,1,18,15,20,5,0,80,19,19,5,0
64681947,14,21,19,4,1,53,14,19,5,0,2,10,19,4,1,79,8,19,4,0,90,11,20,4,1,2,10,20,5,0
64680866,67,14,20,5,0,73,24,19,3,0,65,16,19,4,1,88,3,19,5,0,11,18,20,4,1,90,11,20,4,1
64679966,65,16,20,4,1,1,15,19,4,1,17,5,20,3,2,20,4,19,4,0,43,5,20,3,2,9,10,19,3,2
64640859,90,11,20,3,1,81,9,20,4,1,9,9,20,5,0,2,9,19,4,1,18,15,20,4,1,30,13,18,3,2
64640331,29,1,20,5,0,89,9,20,4,1,47,4,19,4,1,66,24,19,5,0,88,3,19,5,0,90,11,20,3,2
64360864,4,13,19,4,1,70,6,19,5,0,5,5,20,3,2,27,2,20,4,0,74,3,20,5,0,72,11,19,3,2
64359370,90,11,19,3,2,74,3,19,4,1,83,6,20,4,1,48,3,19,4,0,28,3,19,4,0,77,24,19,5,0
64357671,90,11,20,4,1,67,14,20,4,1,78,16,20,4,1,81,9,20,3,2,33,1,20,4,1,28,3,20,3,2
64684942,54,8,20,3,2,13,15,20,4,1,81,9,20,4,1,86,1,20,4,1,21,9,20,4,1,81,9,20,3,2
64684560,17,5,20,3,2,72,11,20,2,3,74,3,20,4,1,63,15,19,4,1,48,3,20,4,1,67,14,20,5,0
64683216,55,14,20,5,0,5,6,19,2,3,72,11,20,3,2,1,15,19,4,1,15,5,20,4,1,89,9,20,4,1
64654509,14,21,19,4,1,65,16,20,5,0,15,5,20,4,1,50,21,19,3,2,70,6,20,4,1,86,1,20,4,1
64653974,21,9,20,4,1,58,10,20,3,2,20,4,19,2,0,13,19,19,4,0,49,19,19,3,2,72,11,19,5,0
64647547,21,9,20,4,1,27,2,20,4,0,49,19,20,5,0,58,10,20,5,0,46,16,20,5,0,44,25,19,3,0
64646758,89,9,20,5,0,31,7,20,3,2,85,13,20,4,0,6,8,20,3,2,53,14,19,5,0,17,5,20,2,2
64646276,72,11,20,3,2,20,4,20,5,0,75,22,20,3,2,44,25,19,4,1,21,9,20,3,2,33,1,19,4,1
64645718,14,21,20,3,2,9,10,20,3,2,76,3,19,3,1,21,9,20,4,1,1,15,20,4,1,18,15,20,4,1
64677824,81,9,19,3,1,72,11,19,4,1,50,21,19,5,0,53,14,18,3,1,3,19,18,4,1,35,2,19,5,0
64676104,87,24,19,4,1,44,25,20,4,1,10,20,20,4,1,6,8,19,5,0,30,13,19,2,0,90,11,20,4,1
64674530,12,7,20,3,2,25,11,20,5,0,82,21,20,4,1,84,18,20,4,1,1,15,20,4,1,22,3,19,4,1
64672720,31,7,19,3,2,83,6,20,4,1,20,4,20,5,0,36,5,20,4,1,53,14,19,2,1,78,16,20,5,0
64670939,76,3,20,5,0,78,16,20,4,1,54,8,19,4,1,31,7,20,3,2,22,3,20,5,0,1,15,20,4,1
64669441,2,10,19,3,2,23,18,19,3,2,11,16,19,4,0,49,19,19,4,1,26,9,19,3,1,39,21,19,5,0
64668351,26,9,19,3,2,13,19,18,3,2,72,11,20,4,1,84,18,19,4,1,67,14,20,5,0,18,15,20,4,1
64665589,33,1,19,4,1,89,9,19,5,0,24,3,20,5,0,25,11,20,3,2,80,19,19,4,1,35,1,20,2,3
64544294,18,15,20,3,2,65,16,20,3,2,69,9,20,5,0,76,3,20,4,0,77,24,20,4,1,28,3,20,5,0
64543216,5,5,19,4,1,10,20,20,5,0,47,4,20,3,2,6,8,20,5,0,86,1,19,4,1,4,13,19,5,0
64542263,31,7,20,4,1,28,3,20,4,1,1,14,19,4,1,90,11,20,5,0,2,10,20,4,1,39,18,20,5,0
64541595,33,1,19,5,0,39,18,19,3,2,58,10,19,3,2,53,14,18,4,0,1,15,19,4,1,89,9,18,4,1
64540949,42,24,19,3,2,3,19,20,4,1,12,7,20,4,1,26,9,19,4,1,33,1,20,5,0,89,9,20,4,1
64540559,72,11,20,4,1,12,7,20,3,2,27,9,19,4,0,33,1,20,4,1,2,9,20,5,0,24,21,19,5,0
64539547,88,3,20,4,1,28,3,20,4,1,62,11,20,3,2,53,14,19,5,0,40,6,20,3,2,38,9,20,4,1
64538788,50,21,20,4,1,66,24,20,4,1,19,6,20,4,1,1,16,20,4,1,65,16,20,4,1,50,21,20,3,2
64538355,56,20,20,4,1,33,1,20,5,0,18,15,20,2,3,33,1,20,4,1,14,21,20,4,1,11,18,20,4,1
64453661,50,21,19,5,0,9,10,20,3,2,11,18,19,4,1,23,18,20,5,0,44,25,19,4,0,1,15,20,4,1
64669319,31,7,20,2,3,33,1,20,3,2,41,24,20,3,1,75,22,20,5,0,35,2,19,4,1,70,6,20,4,1
64668322,44,25,20,4,0,89,9,20,4,1,90,11,20,5,0,76,3,20,4,1,29,1,20,5,0,36,5,20,3,2
64666958,52,24,20,4,1,44,25,19,5,0,6,8,20,4,1,28,3,20,5,0,14,21,20,4,1,72,11,20,4,1
64666308,83,6,20,3,2,21,9,20,3,2,11,16,20,4,1,20,4,19,5,0,14,21,20,5,0,70,6,20,4,1
64665116,67,14,20,5,0,70,6,20,4,1,76,3,20,3,0,89,9,20,3,2,86,1,20,3,2,20,4,20,5,0
64664629,21,9,20,4,1,75,22,20,3,2,53,14,19,5,0,47,4,19,5,0,2,9,20,4,1,50,21,19,4,0
64664211,66,24,20,4,1,29,1,20,3,2,49,19,20,4,1,51,22,20,5,0,77,24,20,4,1,31,7,20,3,2
64630127,42,24,18,4,1,29,1,19,4,1,86,1,18,5,0,68,1,17,3,0,59,2,18,3,2,88,3,18,5,0
64628017,33,1,19,4,0,31,7,20,4,1,86,1,19,5,0,4,13,19,5,0,8,22,20,4,1,9,9,20,3,2
64626827,84,18,19,4,1,55,14,19,4,1,43,5,19,3,2,55,14,19,4,0,9,10,20,4,1,80,19,20,4,1
64623605,64,24,20,3,2,90,11,20,3,2,4,13,20,4,1,16,9,20,3,2,75,22,20,5,0,22,3,20,5,0
64622957,23,18,20,4,1,14,21,19,3,2,90,11,20,4,1,76,3,19,5,0,70,6,19,4,1,46,16,19,5,0
64621951,89,9,20,3,2,90,11,19,4,1,13,19,19,5,0,81,9,20,4,0,78,16,20,5,0,19,6,20,4,1
64620869,22,3,20,3,2,33,1,20,4,0,89,9,20,5,0,53,14,19,5,0,70,6,20,4,1,29,1,20,5,0
64619519,86,1,19,3,2,83,6,19,4,1,11,18,18,5,0,12,7,19,4,1,54,8,19,5,0,35,1,20,5,0
64618780,74,3,19,4,1,44,25,19,5,0,33,1,20,4,1,22,3,19,5,0,85,13,19,4,1,2,10,20,5,0
64659961,47,4,18,3,2,23,18,17,3,2,66,24,18,5,0,28,3,18,2,0,69,9,17,2,2,1,18,18,5,0
64604382,33,1,19,5,0,67,14,19,3,2,29,1,19,4,1,81,9,19,4,0,67,14,19,4,0,33,1,19,3,1
64603084,73,24,20,5,0,18,15,20,4,1,67,14,20,5,0,22,3,19,3,1,17,5,19,4,0,28,3,19,3,1
64601971,7,1,20,4,1,33,1,20,4,1,90,11,20,3,2,5,5,18,5,0,28,3,19,5,0,1,15,18,4,1
64601251,66,24,20,4,1,63,15,19,4,1,88,3,19,5,0,86,1,19,4,1,33,1,19,4,0,67,14,20,4,1
64600486,44,25,18,4,1,77,24,19,4,1,90,11,18,3,2,76,3,19,4,0,52,24,19,5,0,90,11,19,3,1
64665074,78,16,19,5,0,30,13,19,4,0,90,11,19,4,1,44,25,19,3,2,1,14,19,4,1,90,11,19,3,2
64621994,25,11,19,3,2,68,1,18,5,0,77,24,19,3,2,33,1,18,4,0,72,11,18,5,0,83,6,19,2,2
64621090,72,11,19,5,0,41,24,19,4,0,22,3,20,3,2,14,21,20,4,1,25,11,19,3,2,64,24,20,2,3
64619822,18,15,20,3,2,59,2,20,4,1,37,15,20,4,1,28,3,20,5,0,89,9,20,4,0,60,6,20,4,0
64618724,25,11,20,2,3,74,3,19,3,2,16,9,20,3,2,79,8,20,4,1,67,14,20,5,0,39,21,20,4,1
64618016,18,15,20,3,2,74,3,20,5,0,55,14,20,5,0,20,4,20,4,1,75,22,20,4,1,28,3,20,5,0
64616962,56,20,18,4,1,19,24,18,4,1,84,18,18,4,1,4,13,18,2,1,61,5,18,3,1,27,2,18,3,1
64615607,29,1,20,4,1,74,3,20,4,1,75,22,20,4,1,10,1,20,4,1,38,9,19,5,0,55,14,19,5,0
64614485,68,1,18,5,0,18,15,19,4,1,17,5,19,4,1,67,14,19,5,0,58,10,19,3,2,74,3,18,4,0
64659805,70,6,19,5,0,31,7,19,4,1,65,16,19,4,1,2,9,19,3,2,74,3,19,5,0,28,3,20,4,1
64658975,21,9,19,3,2,1,15,19,4,1,11,18,19,5,0,81,9,18,3,2,78,16,19,3,2,3,21,19,5,0
64653907,18,15,18,5,0,34,23,19,4,1,26,9,18,5,0,43,5,17,3,1,28,13,18,4,0,82,21,19,3,1
64651196,88,3,20,4,1,80,19,20,4,1,2,9,20,3,2,7,1,19,5,0,74,3,20,3,1,72,11,20,4,1
64351197,90,11,17,3,1,32,5,18,5,0,72,11,19,4,1,18,15,18,4,1,34,23,18,3,1,88,3,18,5,0
64348660,14,21,20,4,1,78,16,20,3,2,75,22,20,4,0,90,11,19,4,1,28,13,20,4,0,4,13,20,4,0
64347976,78,16,20,5,0,50,21,20,4,1,2,11,20,3,2,85,13,20,2,1,22,3,20,5,0,61,5,20,4,0
64327965,73,24,19,1,0,6,8,20,3,2,64,24,20,4,1,64,24,19,2,3,37,15,20,5,0,11,16,20,5,0
64326571,31,7,20,3,2,11,18,20,5,0,17,5,20,4,1,50,21,18,4,1,82,21,19,5,0,2,10,20,4,1
64665250,5,5,19,4,1,28,3,18,4,0,88,3,18,4,1,36,5,18,2,1,30,13,18,2,1,72,11,19,3,1
64664696,49,19,18,4,1,55,14,18,3,1,2,10,17,2,3,74,3,18,4,0,1,18,17,2,1,89,9,18,4,1
64616283,47,4,19,4,1,14,21,19,4,1,9,9,19,2,3,64,24,19,4,0,67,14,19,1,2,46,16,18,2,1
64614893,5,5,19,3,2,30,13,19,3,0,18,15,19,3,2,4,13,19,5,0,28,3,19,4,1,72,11,20,3,2
64614425,31,7,20,4,1,90,11,19,5,0,58,10,19,4,1,17,5,20,4,1,74,3,19,4,1,70,6,20,5,0
64613065,90,11,19,2,1,28,3,20,4,1,72,11,20,4,1,72,11,20,3,2,82,21,20,4,1,4,13,20,4,1
64588512,64,24,19,4,1,67,14,19,4,1,86,1,19,5,0,33,1,20,4,1,29,1,19,5,0,31,7,20,4,1
64587177,56,20,19,5,0,39,18,19,4,1,21,9,18,5,0,50,21,19,3,0,36,5,17,3,1,8,22,18,4,1
64586302,18,15,19,3,2,80,19,19,4,1,42,24,20,4,1,64,24,18,4,0,24,3,19,4,1,14,21,19,4,0
64626644,66,24,20,5,0,88,3,20,4,1,55,14,20,5,0,55,14,20,4,1,31,7,20,4,1,58,10,20,3,2
64610044,9,10,20,4,1,68,1,19,3,0,73,24,19,3,0,44,25,20,4,1,24,3,20,5,0,55,14,20,3,2
64601577,72,11,20,3,2,78,16,20,4,1,87,24,19,4,1,12,6,20,5,0,76,3,19,3,1,80,19,20,4,1
64442068,19,6,20,4,1,3,21,20,4,1,90,11,20,4,1,81,9,19,4,1,89,9,19,3,2,22,3,19,5,0
64439733,82,21,19,2,3,14,21,19,4,1,37,15,19,4,1,90,11,19,3,2,43,5,19,3,2,76,3,19,4,1
64438257,14,21,20,3,2,53,14,20,5,0,54,8,20,4,1,83,6,20,2,3,14,21,19,3,2,39,21,20,4,1
64427668,18,15,19,5,0,36,5,19,3,2,20,4,19,5,0,11,16,18,4,1,65,16,19,4,0,79,8,19,5,0
64419529,4,13,18,4,1,39,18,19,3,2,53,14,19,3,2,18,15,17,2,0,72,11,18,3,1,19,24,16,2,0
64664250,74,3,19,3,2,81,9,19,4,1,4,13,19,4,0,13,19,19,5,0,32,5,19,4,1,11,18,19,3,2
64663317,10,1,19,4,1,81,9,19,5,0,80,19,20,4,1,90,11,19,4,1,64,24,19,5,0,4,13,19,5,0
64662533,11,18,19,4,1,2,10,19,4,1,55,14,18,5,0,61,5,19,5,0,79,8,19,4,0,46,16,20,5,0
64661599,65,16,20,3,2,4,13,19,4,1,66,24,20,3,2,89,9,20,3,2,28,3,20,5,0,29,1,20,5,0
64661116,61,5,20,3,2,80,19,20,5,0,18,15,20,4,1,71,14,20,4,1,68,1,19,5,0,90,11,19,3,2
64660642,10,20,20,3,2,34,23,20,4,1,74,3,19,5,0,11,16,19,5,0,47,4,19,4,1,13,15,19,3,1
64660135,84,18,19,4,1,53,14,19,4,1,17,5,20,4,1,4,3,20,4,1,13,15,19,5,0,72,11,20,3,2
64659603,1,16,19,3,2,2,11,19,5,0,76,3,18,5,0,11,16,19,4,0,79,8,20,4,1,82,21,20,5,0
64637935,33,1,18,5,0,81,9,19,4,1,74,3,18,5,0,39,18,18,5,0,62,11,18,3,2,67,14,18,5,0
64685624,58,10,20,4,1,4,3,20,4,1,1,15,19,3,2,62,11,20,3,2,22,3,20,5,0,15,6,20,3,2
64684529,72,11,20,3,2,4,3,20,4,1,1,15,20,4,1,4,13,20,3,2,83,6,20,5,0,39,21,20,4,1
64683181,81,9,20,4,1,23,18,20,5,0,3,21,20,4,1,40,6,20,4,1,62,11,20,3,1,49,19,20,5,0
64681727,29,2,19,4,0,11,18,19,3,1,14,21,18,2,1,72,11,20,2,3,4,3,20,2,3,1,15,20,5,0
64680027,61,5,19,3,2,38,9,20,3,2,20,4,19,4,1,88,3,19,5,0,59,2,19,5,0,72,11,19,3,1
64679006,70,6,20,3,2,82,21,20,3,2,55,14,20,4,1,4,13,20,4,1,3,19,20,3,2,17,5,20,4,1
64678224,48,3,20,4,1,19,24,20,4,1,90,11,20,5,0,80,19,20,3,2,56,20,20,4,1,73,24,20,5,0
64672337,14,21,18,5,0,3,19,17,5,0,42,24,17,3,0,11,16,17,3,1,81,9,16,3,0,90,11,18,5,0
64670592,88,3,20,4,1,90,11,20,3,2,33,1,20,4,1,30,13,19,5,0,42,24,20,4,1,31,7,20,3,2
64669769,33,1,20,5,0,15,5,20,4,1,76,3,20,5,0,52,24,19,3,0,11,18,19,5,0,74,3,19,5,0
64669044,10,1,19,5,0,67,14,20,2,3,74,3,20,4,1,30,13,19,4,1,83,6,20,4,1,38,9,20,4,1
64667691,17,5,20,3,2,83,6,20,3,2,11,16,20,5,0,72,11,20,5,0,90,11,20,4,1,76,3,19,3,1
64666438,21,9,20,3,2,65,16,20,4,1,29,2,20,4,1,18,15,20,3,2,87,24,20,5,0,14,21,20,4,1
64665703,33,1,19,5,0,43,5,19,4,1,90,11,20,4,1,58,10,20,5,0,8,22,20,5,0,55,14,20,4,1
64665066,73,24,19,5,0,39,18,20,4,1,11,18,20,3,2,21,9,20,5,0,23,18,20,4,1,76,3,19,3,0
64621646,72,11,20,4,1,90,11,20,4,1,76,3,20,4,0,76,3,19,5,0,83,6,20,3,2,82,21,20,4,1
64620104,6,7,20,5,0,4,13,19,4,1,9,9,20,5,0,81,9,20,3,2,65,16,20,3,2,33,1,20,4,1
64619230,46,16,19,3,2,76,3,18,5,0,11,16,19,2,3,90,11,19,5,0,48,3,19,5,0,76,3,19,4,1
64560150,67,14,19,2,3,30,13,18,5,0,90,11,20,5,0,17,5,19,4,1,70,6,18,3,2,30,13,18,4,0
64659159,53,14,19,4,1,90,11,20,4,1,26,9,20,4,1,29,1,20,4,1,17,5,20,4,1,89,9,20,5,0
64658556,22,3,19,5,0,18,15,20,4,1,77,24,19,3,2,33,1,19,4,0,67,14,20,4,1,18,15,20,5,0
64658086,89,9,20,5,0,70,6,20,3,2,23,18,20,5,0,17,5,20,5,0,50,21,20,4,1,64,24,20,4,1
64657333,67,14,20,4,1,45,4,19,5,0,9,10,19,4,1,45,4,19,3,0,41,24,20,4,0,39,18,19,3,2
64656555,26,9,20,4,1,59,2,20,4,1,86,1,20,4,1,48,3,20,4,0,36,5,20,4,0,53,14,20,5,0
64655921,58,10,20,3,2,42,24,20,4,1,3,21,20,4,1,12,6,20,5,0,3,21,19,5,0,11,16,20,5,0
64654973,78,16,20,4,1,16,9,20,5,0,9,10,20,4,1,33,1,19,4,0,44,25,19,4,1,25,11,19,3,1
64654603,74,3,19,5,0,25,11,19,3,2,89,9,19,3,2,65,16,19,4,1,90,11,20,5,0,14,21,19,4,1
64654266,15,5,18,4,1,74,3,18,4,1,64,24,19,3,2,14,21,17,3,0,72,11,18,4,1,33,1,17,5,0
64682185,22,3,20,4,1,90,11,20,4,1,80,19,20,3,1,71,14,19,4,1,89,9,19,2,3,23,18,20,4,1
64680719,89,9,20,3,2,18,15,20,3,2,8,22,20,4,1,76,3,19,3,0,58,10,20,4,0,88,3,20,4,1
64679256,81,9,19,2,3,55,14,20,5,0,28,3,20,2,3,56,20,19,3,0,11,16,18,3,0,31,7,19,5,0
64676268,11,16,18,4,1,70,6,19,4,1,29,1,19,4,1,11,18,18,4,0,29,1,19,3,0,48,3,19,3,1
64643314,49,19,20,5,0,19,6,20,5,0,17,5,20,4,1,64,24,20,3,2,21,9,20,3,2,11,16,19,5,0
64642151,82,21,19,5,0,88,3,19,5,0,25,11,20,4,1,58,10,19,4,0,49,19,19,3,0,80,19,19,3,0
64639972,60,6,19,3,2,47,4,19,4,0,78,16,20,5,0,72,11,20,5,0,54,8,19,4,1,74,3,20,4,0
64639084,2,10,20,5,0,17,5,20,5,0,59,2,20,5,0,24,21,20,3,2,74,3,20,5,0,50,21,20,4,1
64683380,56,20,20,3,2,4,3,19,4,1,41,24,19,5,0,65,16,20,5,0,18,15,19,5,0,47,4,19,4,1
64682591,35,1,20,4,1,33,1,20,5,0,81,9,19,3,2,76,3,20,4,1,61,5,20,4,1,72,11,20,3,2
64680163,74,3,20,4,1,25,11,20,3,2,20,4,19,5,0,31,7,20,3,2,55,14,20,5,0,90,11,20,3,2
64607976,55,14,19,4,0,18,15,20,3,2,62,11,20,4,1,33,1,19,5,0,86,1,20,4,1,81,9,20,2,3
64606785,21,9,20,4,1,55,14,20,5,0,17,5,20,4,1,7,2,20,4,1,9,9,20,3,2,74,3,20,4,1
64605539,89,9,20,3,2,82,21,20,4,1,71,14,19,3,2,2,9,20,4,1,88,3,18,3,0,31,7,19,3,0
64604746,87,24,20,5,0,74,3,20,4,1,84,18,20,3,2,88,3,20,3,2,89,9,20,4,1,59,2,19,3,2
64603524,80,19,20,4,1,33,1,20,2,3,12,7,20,3,2,73,24,19,3,0,82,21,20,4,1,1,18,19,5,0
64602522,63,15,19,3,2,1,15,19,5,0,90,11,20,3,2,80,19,19,5,0,44,25,20,4,1,90,11,20,3,2
64676351,62,11,20,3,2,33,1,19,5,0,74,3,19,5,0,67,14,18,4,0,21,9,18,3,1,74,3,18,2,0
64672863,65,16,18,4,1,27,9,19,4,1,72,11,19,4,1,17,5,18,3,0,33,1,17,0,1,11,18,17,2,0
64663411,29,1,20,4,1,15,5,20,4,1,72,11,20,2,3,90,11,20,5,0,81,9,19,5,0,77,24,19,4,0
64662892,79,8,20,4,1,32,5,19,4,1,21,9,19,4,0,32,5,19,3,2,89,9,19,4,1,85,13,20,4,0
64661852,88,3,19,5,0,6,8,20,3,2,67,14,19,5,0,25,11,19,5,0,2,11,19,4,1,80,19,19,3,0
64660931,90,11,20,3,2,44,25,20,3,2,23,18,20,3,2,70,6,19,3,1,65,16,19,5,0,64,24,19,2,0
64677489,58,10,20,5,0,85,13,20,4,1,87,24,20,3,2,52,24,20,5,0,89,9,20,2,3,29,1,20,5,0
64675481,72,11,18,5,0,78,16,18,4,1,88,3,18,5,0,33,1,18,4,0,47,4,19,5,0,21,9,18,2,1
64674545,42,24,19,4,1,4,13,18,4,0,74,3,19,5,0,56,20,19,4,1,25,11,17,5,0,14,21,18,2,1
64673566,17,5,17,3,0,75,22,18,4,1,76,3,18,4,0,72,11,18,5,0,82,21,18,4,1,67,14,19,4,1
64670995,72,11,19,5,0,20,4,19,5,0,87,24,19,4,1,30,13,18,2,1,14,21,19,5,0,90,11,19,5,0
64668562,67,14,19,5,0,84,18,19,4,1,90,11,19,4,0,59,2,19,5,0,67,14,20,4,0,81,9,20,4,1
64665866,64,24,16,4,0,78,16,17,4,1,21,9,17,5,0,81,9,16,4,0,84,18,17,5,0,67,14,16,5,0
64664766,76,3,19,5,0,72,11,19,4,1,28,13,19,4,1,21,9,15,1,0,70,6,16,2,1,15,5,17,4,1
64613302,11,16,18,4,0,48,3,17,3,1,67,14,18,3,1,14,21,18,3,1,29,1,18,4,0,21,9,18,5,0
64645699,11,18,19,3,2,77,24,19,4,1,72,11,20,3,2,12,7,20,3,2,53,14,19,5,0,1,18,19,4,1
64645349,72,11,20,4,1,47,4,20,4,1,18,15,19,5,0,2,10,20,3,2,28,3,20,4,1,88,3,20,5,0
64645090,73,24,20,5,0,64,24,19,2,3,44,25,20,4,1,46,16,20,4,1,74,3,20,4,1,89,9,19,3,2
64644732,90,11,19,3,2,16,9,19,4,0,56,20,19,4,1,45,4,19,5,0,89,9,19,3,2,29,1,19,4,1
64644149,68,1,20,5,0,18,15,20,3,2,21,9,20,4,1,31,7,20,4,1,80,19,20,3,2,35,2,20,4,1
64643586,87,24,20,5,0,84,18,20,5,0,18,15,20,4,1,82,21,20,4,1,86,1,20,5,0,11,16,20,4,1
64642798,61,5,20,4,1,20,4,20,5,0,32,5,20,3,2,11,16,20,4,1,62,11,20,4,1,22,3,20,4,1
64642027,43,5,19,3,2,53,14,19,3,2,39,18,20,3,2,1,18,19,5,0,77,24,20,5,0,67,14,19,4,0
64641446,68,1,20,4,0,90,11,20,3,2,58,10,19,3,2,12,7,20,4,1,70,6,20,4,1,28,13,20,4,1
64640087,10,1,20,4,1,17,5,20,4,1,81,9,20,3,2,79,8,20,4,1,42,24,20,5,0,2,11,20,4,1
64681240,45,4,19,4,1,25,11,20,4,1,8,22,20,4,1,10,1,20,4,1,70,6,20,4,1,30,13,20,5,0
64680053,35,2,20,4,1,87,24,19,3,2,89,9,20,3,2,4,3,20,4,1,17,5,20,3,2,88,3,19,5,0
64679117,58,10,19,3,2,88,3,19,5,0,48,3,19,4,1,4,13,19,4,0,83,6,20,2,3,90,11,20,4,0
64677364,73,24,19,5,0,48,3,19,4,1,78,16,20,4,1,90,11,20,5,0,88,3,20,3,0,20,4,19,4,1
64675982,65,16,20,5,0,28,13,19,5,0,31,7,20,4,1,74,3,19,5,0,31,7,20,5,0,80,19,20,5,0
64674718,66,24,20,4,1,67,14,20,3,2,90,11,20,3,2,8,22,20,3,1,77,24,20,4,0,81,9,20,3,2
64672394,17,5,19,5,0,90,11,19,4,1,53,13,18,5,0,58,10,19,3,2,88,3,18,3,0,74,3,18,5,0
64669839,81,9,20,4,1,88,3,19,5,0,4,13,19,5,0,86,1,18,3,1,2,10,19,4,1,88,3,19,4,0
64668136,2,10,19,4,1,22,3,19,5,0,23,18,20,5,0,90,11,20,4,0,14,21,19,4,1,88,3,18,3,0
64619800,62,11,20,3,2,80,19,20,3,2,74,3,19,5,0,28,13,20,5,0,39,18,20,3,2,17,5,20,5,0
64619182,55,14,20,5,0,17,5,20,2,3,86,1,19,4,1,72,11,20,2,3,11,16,20,4,1,10,1,20,4,1
64603012,1,18,20,5,0,69,9,19,2,0,11,16,19,5,0,34,23,20,5,0,2,11,19,3,2,11,16,19,5,0
64602441,90,11,20,2,3,13,15,19,3,0,78,16,20,2,3,84,18,20,5,0,22,3,20,5,0,79,8,19,4,0
64601654,82,21,19,5,0,18,15,20,3,2,65,16,19,5,0,42,24,18,5,0,46,16,19,4,0,77,24,20,4,1
64601276,70,6,20,5,0,65,16,20,5,0,87,24,20,3,2,86,1,20,4,1,57,23,20,4,1,20,4,19,5,0
64600645,30,13,19,3,0,15,5,19,2,2,86,1,20,4,0,57,23,18,5,0,40,6,18,4,1,18,15,19,5,0
64588340,87,24,17,4,1,90,11,18,4,1,65,16,18,5,0,4,13,17,3,0,82,21,17,3,1,25,11,18,5,0
64383741,82,21,19,5,0,2,9,18,3,1,90,11,19,5,0,65,16,19,5,0,56,20,19,5,0,90,11,18,4,1
64348597,10,1,19,5,0,64,24,19,5,0,31,7,19,4,1,21,9,19,3,2,64,24,19,3,1,30,13,19,5,0
64689159,54,8,20,4,1,27,2,20,4,0,2,9,20,3,2,19,6,20,4,1,33,1,20,5,0,28,3,20,5,0
64688817,53,14,20,5,0,78,16,20,4,1,16,9,20,5,0,35,2,20,5,0,57,23,20,4,1,23,18,20,4,1
64688438,58,10,20,2,3,48,3,20,4,1,33,1,19,4,1,35,1,20,4,1,90,11,20,5,0,86,1,20,4,0
64688043,19,6,20,3,2,80,19,20,4,1,28,3,20,3,2,1,15,20,4,1,39,21,20,5,0,17,5,20,5,0
64687378,39,18,19,5,0,4,13,20,4,1,70,6,20,3,2,40,6,20,4,1,22,3,19,5,0,89,9,19,5,0
64686715,2,10,20,3,2,15,5,20,3,2,82,21,20,4,1,74,3,20,5,0,19,6,20,5,0,35,2,20,5,0
64685862,2,9,20,5,0,36,5,20,3,2,8,22,20,5,0,47,4,20,4,1,22,3,19,3,2,15,5,20,4,1
64684654,70,6,20,3,2,47,4,20,4,1,1,15,20,4,1,20,4,19,2,0,81,9,20,4,0,31,7,20,4,1
64683523,72,11,20,4,1,10,1,19,4,1,33,1,19,5,0,22,3,19,5,0,19,24,20,5,0,70,6,20,5,0
64682716,22,3,20,3,2,61,5,19,4,1,11,16,20,3,2,19,24,20,4,1,62,11,20,5,0,68,1,20,3,2
64546528,33,1,18,3,1,23,18,18,3,1,80,19,18,4,1,28,3,18,4,1,23,18,18,5,0,90,11,18,4,1
64487550,44,25,20,4,1,2,10,20,5,0,77,24,20,5,0,90,11,19,5,0,33,1,19,4,1,78,16,20,2,3
64480643,86,1,15,2,0,71,14,16,4,0,89,9,15,2,0,18,15,16,3,0,73,24,14,3,0,39,18,15,3,0
64441194,50,21,19,4,1,56,20,20,5,0,1,16,19,5,0,21,9,19,3,2,13,19,19,4,0,36,5,20,4,1
64440863,35,1,20,3,2,1,18,20,4,1,52,24,20,5,0,87,24,20,4,1,23,18,20,4,1,89,9,20,4,1
64435928,31,7,19,4,1,80,19,19,5,0,78,16,18,5,0,56,20,18,3,1,90,11,19,3,2,80,19,19,4,1
64429870,22,3,18,4,1,32,5,18,5,0,39,18,18,5,0,90,11,19,4,1,27,9,18,3,1,14,21,19,4,1
64385226,33,1,19,3,2,71,14,19,4,1,66,24,20,3,2,54,8,20,4,1,77,24,20,4,1,53,14,18,3,0
64368640,74,3,19,3,2,90,11,20,5,0,79,8,19,2,2,90,11,19,4,1,30,13,19,5,0,25,11,19,4,1
64602098,90,11,18,5,0,86,1,18,4,1,57,23,19,5,0,48,3,18,5,0,64,24,18,2,1,4,3,17,4,0
64600908,76,3,18,4,0,72,11,19,5,0,67,14,19,4,1,28,3,18,4,1,65,16,18,5,0,25,11,18,4,1
64600083,72,11,20,4,1,11,16,19,4,1,83,6,20,4,1,20,4,19,5,0,74,3,20,4,0,16,9,20,4,1
64028931,88,3,19,5,0,26,9,19,4,1,82,21,19,4,1,70,6,18,4,1,11,16,19,4,1,72,11,18,4,1
64028128,68,1,20,4,1,2,10,20,5,0,77,24,20,5,0,15,6,19,4,1,31,7,19,4,1,30,13,19,5,0
63875251,11,18,20,3,2,72,11,19,4,1,74,3,19,5,0,28,3,19,1,1,75,22,19,4,0,42,24,19,2,1
63874366,19,24,20,5,0,39,18,20,3,2,31,7,19,4,1,20,4,19,4,0,72,11,20,3,2,65,16,19,3,2
63873672,78,16,19,4,1,74,3,19,4,1,75,22,20,3,2,4,13,18,4,1,70,6,19,3,2,69,9,18,5,0
64669460,90,11,20,2,3,53,14,19,5,0,43,5,19,4,1,67,14,20,5,0,17,5,20,4,1,74,3,19,5,0
64667510,39,18,19,4,1,72,11,18,5,0,3,21,18,5,0,88,3,18,4,1,59,2,18,5,0,10,1,19,4,1
64666961,22,3,19,5,0,80,19,19,4,1,2,10,19,5,0,36,5,19,3,2,35,2,19,5,0,4,13,19,4,1
64665990,65,16,20,5,0,86,1,20,4,0,21,9,20,3,2,25,11,20,5,0,6,7,20,4,1,85,13,20,5,0
64664917,64,24,20,4,1,76,3,19,3,1,77,24,20,3,2,89,9,20,4,1,29,1,19,4,1,1,15,18,5,0
64664089,47,4,17,3,0,20,4,17,5,0,83,6,18,5,0,27,9,17,4,0,19,24,17,3,0,33,1,17,4,1
64620840,25,11,20,4,1,75,22,20,4,1,46,16,20,3,2,71,14,20,4,1,67,14,20,5,0,24,3,20,4,1
64619805,90,11,20,4,1,44,25,19,4,1,56,20,20,5,0,89,9,19,5,0,17,5,20,5,0,53,14,19,5,0
64673089,33,1,20,5,0,86,1,19,5,0,58,10,20,3,2,23,15,19,5,0,40,6,20,5,0,1,16,20,5,0
64671991,21,9,18,4,1,3,21,18,4,1,39,21,19,3,1,89,9,18,3,2,85,13,19,3,1,11,18,19,5,0
64670362,72,11,20,5,0,67,14,19,4,1,44,25,19,3,2,84,18,19,3,2,62,11,19,5,0,89,9,19,4,1
64668684,72,11,20,4,1,48,3,20,4,1,53,14,19,5,0,32,5,18,4,1,4,13,18,5,0,67,14,19,5,0
64668208,4,3,20,5,0,67,14,19,3,2,90,11,20,3,2,84,18,20,4,1,20,4,20,5,0,58,10,20,3,2
64667551,74,3,20,5,0,39,18,20,3,2,79,8,20,4,1,26,9,19,4,1,65,16,19,5,0,88,3,19,4,1
64666177,11,16,20,5,0,74,3,20,4,1,70,6,20,5,0,72,11,20,5,0,3,16,19,5,0,35,1,20,5,0
64665535,16,9,19,4,1,11,18,20,4,1,81,9,20,4,1,30,13,19,4,1,78,16,19,4,0,43,5,19,3,1
64664853,84,18,20,3,2,90,11,19,4,1,54,8,20,3,2,30,13,20,5,0,48,3,19,5,0,17,5,20,4,1
64663944,50,21,20,3,1,27,2,19,4,0,89,9,20,4,1,74,3,19,3,0,79,8,19,3,1,86,1,18,4,0
64683605,42,24,20,4,1,67,14,20,3,2,25,11,20,4,1,90,11,20,5,0,1,18,20,4,1,78,16,20,4,1
64682200,64,24,19,5,0,77,24,20,3,2,11,16,19,5,0,71,14,20,5,0,11,18,20,4,1,7,1,20,4,1
64680848,68,1,19,5,0,79,8,20,3,2,39,18,20,4,1,28,3,19,4,1,18,15,20,4,1,56,20,20,5,0
64679574,77,24,19,3,0,1,15,19,2,0,90,11,19,4,0,33,1,20,4,1,21,9,20,3,2,11,16,20,5,0
64678775,68,1,20,5,0,24,21,20,4,1,18,15,20,4,1,39,21,20,4,1,61,5,20,5,0,31,7,19,4,1
64677341,29,1,20,5,0,64,24,20,5,0,5,5,20,3,2,26,9,19,3,2,39,21,20,4,1,53,13,20,4,1
64675471,19,6,20,5,0,85,13,20,3,2,31,7,20,3,2,68,1,19,5,0,59,2,20,4,1,75,22,20,3,2
64673325,36,5,20,3,2,8,22,20,2,3,76,3,19,4,0,19,6,20,4,1,17,5,20,5,0,61,5,20,4,1
64642377,35,1,20,4,1,37,15,20,4,1,76,3,20,3,2,72,11,20,5,0,36,5,20,4,1,33,1,19,4,0
64681448,22,3,18,4,0,1,15,19,4,1,44,25,18,3,1,10,20,18,3,1,50,21,17,1,1,21,9,19,4,1
64680603,25,11,20,4,1,74,3,18,4,1,43,5,20,5,0,89,9,20,2,3,33,1,20,4,1,64,24,20,4,1
64679239,37,15,20,4,1,76,3,20,5,0,38,9,20,4,1,80,19,20,4,1,73,24,20,4,1,3,21,20,4,1
64623397,76,3,20,5,0,90,11,20,5,0,39,18,20,4,1,78,16,20,5,0,70,6,20,4,1,46,16,20,4,1
64621792,22,3,19,4,1,57,23,19,4,1,11,16,19,5,0,34,23,20,4,1,45,4,19,4,0,79,8,19,3,2
64620149,31,7,20,3,2,49,19,20,4,1,64,24,20,4,1,62,11,20,4,1,67,14,20,3,2,42,24,20,4,1
64619347,42,24,19,3,0,56,20,19,5,0,44,25,20,5,0,82,21,20,4,1,2,9,20,4,1,1,15,20,4,1
64618548,27,16,18,4,0,3,21,19,4,1,83,6,18,3,2,42,24,18,5,0,89,9,19,5,0,29,1,18,4,0
64650728,11,18,19,3,2,83,6,20,5,0,44,25,20,5,0,72,11,20,5,0,65,16,20,5,0,10,1,20,4,1
64650420,59,2,20,4,1,35,1,20,4,1,37,15,20,5,0,31,7,20,4,1,81,9,20,4,1,13,15,19,4,1
64675636,67,14,20,3,2,21,9,19,4,1,82,21,20,4,1,74,3,20,5,0,1,15,20,5,0,17,5,20,4,1
64674468,84,18,18,5,0,21,9,19,3,2,72,11,18,4,1,90,11,18,5,0,28,3,18,4,1,65,16,17,2,2
64672725,65,16,18,5,0,29,1,19,5,0,20,4,18,5,0,49,19,18,3,2,63,15,18,5,0,17,5,19,4,0
64671655,1,15,19,4,1,39,18,20,5,0,17,5,20,5,0,47,4,19,4,0,2,11,19,4,0,55,14,20,4,0
64669585,28,3,20,5,0,15,6,20,3,1,80,19,19,4,1,29,1,20,5,0,31,7,20,4,1,3,19,20,4,1
64640099,31,7,19,2,3,47,4,20,4,1,30,13,19,4,0,63,15,19,4,0,70,6,19,4,1,10,1,20,4,0
64639178,18,15,20,3,2,80,19,20,4,0,15,6,20,4,1,27,6,19,3,1,55,14,19,5,0,58,10,20,5,0
64637682,26,9,20,4,1,89,9,20,3,2,90,11,20,4,1,72,11,20,5,0,7,1,19,5,0,56,20,20,4,0
64635445,31,7,19,4,1,85,13,20,4,1,90,11,20,5,0,20,4,20,5,0,9,10,20,3,2,17,5,20,4,1
64634134,1,16,19,4,1,46,16,19,5,0,12,6,20,4,1,75,22,18,5,0,28,3,19,4,1,72,11,20,4,1
64674342,90,11,18,3,0,11,16,19,3,0,22,3,18,3,1,40,6,18,4,1,87,24,19,5,0,6,8,19,3,1
64673074,20,4,20,5,0,72,11,20,3,2,29,1,20,3,2,4,13,19,3,0,90,11,20,4,1,61,5,20,4,1
64672278,12,7,18,4,1,53,14,18,3,0,72,11,17,3,2,31,7,16,3,0,61,5,18,5,0,88,3,17,3,0
64669223,7,1,20,5,0,77,24,20,4,1,31,7,20,4,1,68,1,19,4,0,36,5,19,4,0,37,15,19,3,1
64626134,77,24,18,4,1,1,15,18,2,2,55,14,18,4,1,59,2,17,4,0,87,24,17,4,1,86,1,18,3,1
64625080,65,16,19,5,0,70,6,19,4,1,53,14,18,5,0,21,9,18,3,2,41,24,17,1,0,74,3,18,5,0
64624169,68,1,20,5,0,65,16,20,5,0,76,3,20,4,1,48,3,20,3,2,27,6,20,4,0,33,1,20,4,1
64622936,4,3,19,4,1,76,3,18,5,0,77,24,18,4,1,2,9,18,4,1,78,16,19,4,1,74,3,18,5,0
64621896,76,3,19,4,1,36,5,20,3,2,64,24,20,5,0,14,21,20,5,0,55,14,20,3,0,19,24,20,5,0
64552467,23,18,20,4,1,61,5,20,4,0,11,16,20,4,1,17,5,20,4,1,88,3,19,4,1,14,21,20,5,0
64551372,39,18,19,4,1,19,24,19,3,2,29,1,19,4,1,82,21,18,3,0,40,6,18,4,1,1,15,18,4,0
64550034,33,1,19,4,0,27,9,20,4,0,70,6,20,4,1,76,3,19,5,0,21,9,20,3,2,67,14,19,3,2
64549094,38,9,19,3,2,81,9,20,4,1,90,11,19,4,1,71,14,19,4,1,52,24,19,4,1,28,3,19,4,1
64548235,24,3,20,3,2,2,11,20,5,0,33,1,19,4,1,65,16,20,5,0,33,1,19,4,0,9,10,20,5,0
64546748,88,3,19,3,1,82,21,20,4,1,83,6,20,4,1,76,3,20,3,2,78,16,19,5,0,1,18,20,2,3
64545384,67,14,20,5,0,76,3,19,5,0,81,9,20,3,2,83,6,20,4,1,28,3,20,5,0,1,15,20,4,1
64544120,90,11,20,5,0,1,18,20,4,1,55,14,20,5,0,10,20,20,5,0,78,16,20,3,1,72,11,20,4,1
64542739,3,16,20,4,1,83,6,20,5,0,45,4,20,5,0,1,14,19,4,0,58,10,20,3,2,12,7,19,3,1
64541633,14,21,19,4,1,90,11,19,3,1,76,3,19,5,0,82,21,19,4,1,45,4,19,5,0,2,9,19,5,0
64673561,35,1,19,4,1,34,23,20,4,1,28,3,19,5,0,68,1,19,4,0,75,22,20,4,1,7,1,19,4,1
64672450,43,5,19,3,2,72,11,20,2,3,53,14,19,3,2,20,4,19,4,0,14,21,19,4,0,6,8,20,3,2
64671714,55,14,20,4,0,2,10,20,3,2,11,18,20,3,2,53,13,19,4,0,75,22,20,2,2,43,5,20,4,1
64670924,42,24,19,5,0,1,14,19,4,1,69,9,18,3,0,15,6,18,4,0,31,7,19,4,1,53,14,17,2,0
64670160,79,8,20,3,2,72,11,20,4,1,22,3,20,3,2,74,3,20,5,0,29,1,20,5,0,25,11,20,5,0
64668627,30,13,18,4,0,31,7,19,4,1,77,24,19,4,1,90,11,19,4,1,25,11,19,4,0,55,14,19,4,1
64667928,72,11,20,3,2,29,1,20,5,0,46,16,20,4,1,65,16,19,4,0,14,21,19,4,1,40,6,20,4,0
64666994,17,5,20,5,0,19,24,20,3,2,13,15,20,3,1,67,14,20,4,1,75,22,19,5,0,35,2,20,5,0
64612062,90,11,20,3,2,25,11,20,5,0,55,14,20,5,0,53,14,19,5,0,64,24,20,5,0,70,6,20,3,2
64686898,78,16,20,3,2,33,1,20,4,1,9,9,19,5,0,89,9,19,2,3,55,14,18,5,0,47,4,19,3,2
64686057,49,19,19,4,1,90,11,20,4,1,53,14,19,5,0,89,9,20,4,1,33,1,20,4,1,13,15,19,5,0
64685179,4,13,20,3,2,79,8,20,4,1,65,16,20,5,0,1,18,20,4,1,14,21,20,4,1,17,5,20,3,2
64684019,74,3,20,4,1,85,13,19,4,0,87,24,20,3,2,72,11,19,4,1,4,13,20,3,2,29,2,19,5,0
64682871,78,16,19,4,1,33,1,19,4,1,11,16,19,5,0,46,16,20,4,1,39,21,19,4,1,74,3,19,5,0
64681880,74,3,20,5,0,81,9,20,4,1,6,8,20,4,1,49,19,20,3,2,46,16,20,3,2,7,1,20,4,1
64680807,80,19,20,4,1,89,9,20,3,2,65,16,20,4,1,52,24,20,4,1,29,2,20,5,0,19,6,20,3,2
64679686,15,6,19,4,1,29,1,19,4,1,22,3,18,4,1,31,7,19,4,1,24,21,20,4,1,37,15,20,3,2
64678922,78,16,19,5,0,17,5,20,4,1,35,2,19,3,1,18,15,18,5,0,58,10,19,5,0,84,18,19,4,1
64677009,32,5,20,4,1,13,15,20,5,0,67,14,20,4,1,71,14,20,5,0,34,23,19,5,0,2,11,20,4,1
64629798,42,24,20,3,2,40,6,20,4,1,4,3,20,4,1,65,16,19,5,0,85,13,19,4,1,5,6,19,5,0
64628188,17,5,19,3,2,72,11,19,4,1,85,13,17,4,0,55,14,18,3,0,89,9,19,4,0,70,6,19,5,0
64627051,64,24,19,4,1,65,16,19,5,0,23,18,20,3,2,53,13,19,3,2,76,3,19,3,0,77,24,20,5,0
64625264,7,1,20,5,0,29,1,20,4,1,75,22,20,4,1,68,1,19,4,0,29,1,20,5,0,81,9,19,3,1
64621768,74,3,19,5,0,31,7,19,3,2,78,16,19,5,0,89,9,20,4,1,18,15,19,5,0,90,11,19,3,1
64574899,37,15,20,4,1,4,13,20,5,0,20,4,19,4,1,14,21,19,4,1,80,19,19,4,1,90,11,19,4,1
64573664,82,21,20,4,1,90,11,20,3,2,37,15,20,4,1,19,24,20,4,1,21,9,20,4,1,70,6,20,4,1
64571569,33,1,19,4,1,2,11,19,3,2,80,19,19,4,1,90,11,18,3,2,23,18,18,4,1,1,15,18,4,0
64570348,37,15,20,5,0,18,15,20,3,2,1,15,20,5,0,2,10,20,3,2,84,18,20,3,2,44,25,20,5,0
64204807,86,1,20,5,0,30,13,19,3,0,72,11,20,4,1,78,16,20,3,2,26,9,19,4,1,30,13,19,5,0
64202494,2,11,20,5,0,26,9,20,4,1,30,13,19,5,0,54,8,20,4,1,14,21,17,3,1,27,9,20,5,0
64201057,55,14,17,5,0,1,15,19,3,2,79,8,18,4,1,76,3,19,5,0,47,4,18,5,0,72,11,19,3,2
64199263,17,5,20,3,2,47,4,20,4,1,4,13,20,4,1,67,14,20,2,3,75,22,20,4,1,73,24,20,3,0
64198390,23,18,20,5,0,28,13,20,4,1,66,24,20,4,1,57,23,20,5,0,74,3,19,3,2,10,1,20,4,1
64196798,66,24,20,5,0,83,6,20,4,1,72,11,20,3,2,78,16,20,4,1,77,24,19,4,1,6,8,19,3,2
64196065,18,15,19,5,0,82,21,19,5,0,72,11,19,4,1,68,1,18,3,0,54,8,19,3,2,53,14,19,4,1
64195506,83,6,19,5,0,4,13,19,3,2,64,24,19,4,1,33,1,19,4,1,31,7,19,3,2,88,3,19,5,0
64194434,72,11,20,4,1,7,1,19,5,0,4,13,19,3,1,88,3,19,3,0,16,9,19,4,0,9,10,20,5,0
64193835,74,3,19,5,0,31,7,19,4,1,81,9,20,4,1,11,16,20,4,1,23,15,20,4,1,79,8,20,5,0
64676709,76,3,19,5,0,2,11,20,3,2,78,16,19,5,0,88,3,20,3,2,81,9,20,3,2,59,2,20,5,0
64612980,77,24,20,4,1,90,11,20,3,2,55,14,20,3,1,84,18,20,5,0,62,11,20,3,2,68,1,20,4,1
64611874,90,11,20,5,0,82,21,20,4,1,11,16,19,5,0,72,11,20,3,2,11,16,20,3,2,80,19,20,3,2
64610431,22,3,19,5,0,37,15,20,5,0,85,13,20,4,1,2,9,19,3,2,29,1,19,3,1,16,9,20,2,3
64609299,68,1,20,3,0,78,16,20,3,1,72,11,20,3,2,23,18,20,4,1,28,13,20,3,2,81,9,20,3,2
64573808,42,24,20,5,0,4,3,20,5,0,78,16,20,3,2,90,11,20,4,1,22,3,20,4,1,89,9,20,3,2
64572678,29,1,20,5,0,2,9,20,5,0,77,24,20,3,2,84,18,20,4,1,29,1,19,3,2,24,21,20,4,1
64571199,40,6,19,4,1,2,9,20,5,0,1,16,20,5,0,18,15,20,4,1,80,19,19,4,1,64,24,19,4,1
64635398,20,4,19,2,1,87,24,20,5,0,81,9,19,3,0,17,5,20,3,2,86,1,19,3,2,30,13,20,5,0
64565878,26,9,20,3,2,22,3,19,5,0,74,3,20,5,0,48,3,19,5,0,62,11,19,4,1,33,1,19,5,0
64564654,1,15,20,3,2,22,3,20,5,0,53,14,19,4,1,67,14,18,4,1,28,3,20,5,0,90,11,17,5,0
64671224,90,11,20,3,2,14,21,20,2,3,73,24,20,5,0,16,9,20,5,0,42,24,20,4,1,88,3,20,5,0
64651789,33,1,19,3,2,69,9,19,2,0,64,24,20,4,1,65,16,19,5,0,77,24,19,3,2,24,3,19,3,2
64651617,33,1,18,4,0,22,3,19,4,0,62,11,19,3,1,71,14,19,3,2,76,3,19,5,0,73,24,19,3,0
64651482,65,16,20,4,1,67,14,20,4,1,72,11,20,4,1,10,1,19,4,1,75,22,19,5,0,27,2,19,2,2
64651270,90,11,20,3,2,21,9,20,3,2,30,13,19,4,0,36,5,20,3,1,13,19,19,5,0,72,11,19,2,3
64634654,27,9,20,3,1,31,7,20,2,3,78,16,20,5,0,65,16,20,5,0,60,6,20,4,1,21,9,20,3,2
64632748,68,1,18,1,2,11,16,20,4,1,58,10,20,4,1,78,16,20,4,1,26,9,20,4,0,3,16,20,5,0
64617075,72,11,20,3,2,64,24,19,2,3,27,16,19,4,0,53,14,20,5,0,67,14,20,5,0,58,10,20,4,1
64615995,84,18,20,5,0,35,2,19,3,2,90,11,20,4,1,17,5,20,5,0,72,11,20,5,0,20,4,19,2,0
64672360,46,16,20,4,1,10,1,20,4,1,25,11,20,4,1,27,2,20,3,1,53,14,19,5,0,89,9,20,3,2
64671438,61,5,20,3,2,30,13,19,4,1,88,3,20,3,2,9,9,20,4,1,23,18,20,5,0,19,6,20,5,0
64670339,73,24,19,2,0,32,5,20,3,2,65,16,20,3,2,74,3,19,2,1,77,24,20,4,0,17,5,19,5,0
64669333,48,3,20,3,2,26,9,20,4,1,65,16,19,4,0,74,3,19,4,1,40,6,20,3,2,89,9,19,3,2
64668503,19,24,20,4,1,10,20,20,4,1,84,18,20,5,0,70,6,19,4,0,59,2,20,5,0,36,5,19,4,1
64665727,53,14,20,5,0,43,5,20,3,2,25,11,20,3,2,39,18,20,4,1,10,1,20,4,1,17,5,20,4,1
64604713,78,16,20,5,0,11,16,20,4,1,21,9,19,3,2,22,3,20,5,0,86,1,20,3,2,47,4,20,4,1
64603936,23,18,20,3,2,81,9,20,3,2,4,3,20,4,0,14,21,20,4,1,78,16,19,2,3,4,13,19,5,0
64677519,62,11,20,5,0,33,1,20,3,1,35,1,20,4,1,25,11,20,4,1,28,3,19,4,1,26,9,20,4,1
64675141,59,2,20,4,1,72,11,20,3,2,35,1,19,3,2,30,13,19,4,1,89,9,19,5,0,81,9,20,3,2
64663209,78,16,20,3,2,72,11,20,3,2,85,13,19,4,0,36,5,19,4,1,22,3,19,4,1,11,18,19,5,0
64636861,90,11,20,3,2,35,1,20,4,1,77,24,20,4,1,4,13,20,5,0,72,11,20,4,1,39,18,19,5,0
64635826,90,11,20,4,1,89,9,20,4,1,33,1,20,4,1,1,18,18,3,1,72,11,19,4,1,55,14,19,3,0
64634573,57,23,20,3,2,74,3,20,4,1,63,15,20,3,2,78,16,20,4,0,19,24,20,4,0,12,7,20,5,0
64632824,59,2,20,5,0,83,6,20,4,1,70,6,20,3,2,61,5,20,4,1,74,3,19,4,1,90,11,20,4,1
64630985,2,10,19,5,0,11,18,19,3,2,22,3,19,4,1,47,4,19,3,2,81,9,19,3,2,3,21,19,4,1
64628898,2,10,19,5,0,35,1,20,3,2,3,21,19,4,1,27,6,19,3,1,25,11,20,3,2,6,8,20,2,3
64688168,90,11,20,5,0,12,7,20,5,0,7,2,20,3,2,51,22,20,2,2,3,16,19,5,0,89,9,20,3,2
64687724,70,6,20,3,2,82,21,20,4,1,68,1,20,5,0,60,6,20,5,0,90,11,20,4,0,61,5,20,4,1
64687284,70,6,19,4,1,11,18,18,4,1,55,14,18,5,0,24,21,18,3,0,70,6,17,4,1,11,18,18,3,1
64686752,76,3,20,5,0,25,11,20,3,2,43,5,20,4,1,90,11,20,4,1,74,3,20,4,0,87,24,20,2,3
64686136,52,24,19,3,2,64,24,18,5,0,7,2,19,5,0,66,24,19,5,0,44,25,18,4,1,25,11,19,4,1
64685443,72,11,20,3,2,51,22,20,4,1,55,14,20,3,2,74,3,20,4,0,70,6,20,3,2,88,3,19,3,0
64671357,68,1,19,5,0,72,11,20,3,2,78,16,20,4,1,81,9,19,4,1,29,1,19,4,1,55,14,19,5,0
64670608,64,24,19,4,1,17,5,19,3,1,11,16,19,4,1,72,11,19,3,2,88,3,19,3,2,71,14,20,5,0
64669466,64,24,20,4,1,70,6,20,3,2,11,18,20,4,1,90,11,20,4,1,43,5,20,4,1,33,1,20,3,2
64646589,71,14,20,4,1,35,1,20,4,1,90,11,20,3,2,78,16,19,5,0,67,14,20,4,1,90,11,20,3,2
64670558,1,15,20,5,0,46,16,20,4,1,72,11,20,4,1,70,6,20,4,1,22,3,19,4,1,30,13,20,5,0
64629875,23,18,19,5,0,16,9,19,2,1,86,1,19,4,1,26,9,17,4,0,11,18,19,2,1,88,3,18,2,1
64565077,26,9,20,3,2,76,3,19,4,1,58,10,20,3,2,8,22,19,2,2,82,21,19,5,0,35,2,20,4,0
64563123,76,3,20,4,0,78,16,19,2,2,77,24,20,3,2,62,11,20,5,0,78,16,20,3,2,28,3,20,5,0
64561605,31,7,19,4,1,78,16,19,3,2,10,20,20,5,0,43,5,20,4,1,20,4,19,4,1,72,11,19,3,2
64669806,81,9,20,4,1,4,3,20,5,0,67,14,19,4,0,56,20,19,4,1,42,24,19,4,1,78,16,19,3,2
64668677,77,24,20,3,2,73,24,19,4,1,56,20,19,4,1,17,5,20,3,2,68,1,20,5,0,2,11,20,5,0
64667933,22,3,19,4,1,70,6,19,4,1,2,11,19,4,1,33,1,18,3,0,58,10,19,3,1,84,18,18,4,1
64666907,25,11,20,4,1,34,23,20,4,1,11,16,20,4,1,49,19,20,5,0,79,8,20,3,2,77,24,20,4,1
64665945,75,22,19,5,0,31,7,19,3,2,30,13,19,5,0,33,1,20,5,0,43,5,19,1,4,80,19,19,4,1
64665412,13,15,17,3,0,58,10,18,4,1,82,21,17,5,0,80,19,18,2,1,90,11,19,5,0,42,24,18,3,2
64648425,20,4,18,4,0,67,14,19,4,1,90,11,19,3,2,9,10,19,4,1,64,24,19,4,1,33,1,18,5,0
64648167,29,1,18,4,1,28,3,19,4,1,86,1,19,4,1,46,16,19,3,1,90,11,19,3,0,35,1,19,3,0
64647889,39,18,19,3,2,23,18,20,4,1,75,22,20,3,2,19,6,20,4,1,78,16,20,3,2,48,3,20,4,1
64647556,88,3,19,4,1,64,24,19,3,2,90,11,19,3,2,86,1,18,5,0,90,11,19,4,1,64,24,18,4,1
64638152,2,10,19,4,1,53,14,20,4,1,35,2,20,4,1,78,16,20,5,0,11,18,20,4,1,48,3,20,5,0
64636578,36,5,20,3,2,24,3,20,5,0,40,6,20,5,0,34,23,20,5,0,53,13,20,5,0,16,9,20,4,1
64635600,64,24,20,3,2,78,16,20,5,0,31,7,20,3,2,34,23,20,4,1,40,6,20,3,2,22,3,20,5,0
64580122,72,11,19,4,1,53,14,19,4,1,56,20,19,4,1,67,14,19,3,2,53,14,19,4,1,79,8,20,4,1
64578368,83,6,19,4,1,44,25,19,5,0,33,1,19,5,0,17,5,19,3,1,44,25,19,5,0,25,11,19,4,1
64577577,31,7,20,4,1,74,3,20,5,0,89,9,20,3,2,89,9,20,4,1,33,1,19,5,0,48,3,19,4,1
64574932,4,13,20,4,1,31,7,20,3,2,29,1,20,4,1,72,11,20,4,1,53,14,19,3,0,17,5,20,5,0
64572528,31,7,20,4,1,53,14,19,5,0,17,5,20,4,1,80,19,20,4,1,28,3,20,5,0,21,9,20,4,1
64669241,82,21,19,4,1,44,25,19,4,1,17,5,19,4,1,67,14,19,4,0,7,1,19,4,1,4,13,19,4,1
64668509,78,16,20,4,1,65,16,20,3,2,25,11,20,4,1,19,6,20,5,0,90,11,20,4,1,1,15,20,4,1
64618617,72,11,20,4,1,76,3,19,5,0,84,18,20,3,2,31,7,20,4,1,63,15,18,4,1,20,4,19,2,1
64617628,30,13,20,3,1,72,11,20,4,1,26,9,20,3,2,50,21,20,4,1,67,14,19,4,1,21,9,20,5,0
64616292,42,24,20,3,2,31,7,20,2,3,74,3,20,5,0,31,7,20,4,1,76,3,20,5,0,54,8,20,3,2
64614095,76,3,19,5,0,12,7,19,4,1,31,7,19,3,2,86,1,20,4,1,47,4,19,2,2,60,6,19,5,0
64612774,33,1,19,3,2,26,9,19,3,2,11,18,20,5,0,31,7,20,0,5,61,5,20,4,1,20,4,20,5,0
64611683,4,13,19,4,1,21,9,19,4,1,42,24,19,4,1,7,1,19,5,0,58,10,20,3,2,4,13,19,3,2
64607500,64,24,20,4,1,50,21,18,5,0,21,9,20,4,1,14,21,18,3,2,3,19,19,3,2,90,11,19,3,2
64222941,82,21,20,4,1,62,11,20,5,0,53,14,20,5,0,7,2,20,4,1,27,2,20,4,0,48,3,20,0,0
64221830,1,15,20,4,1,54,8,20,4,1,63,15,20,5,0,69,9,20,5,0,75,22,19,3,2,59,2,19,5,0
64220273,46,16,20,4,1,76,3,19,4,1,89,9,20,4,1,74,3,20,4,1,72,11,20,4,1,70,6,20,4,1
64218535,14,21,18,4,1,72,11,19,5,0,50,21,18,3,0,16,9,19,4,1,63,15,19,4,1,89,9,19,4,1
64217522,12,7,20,3,2,60,6,20,3,2,53,13,20,4,1,53,14,20,4,0,72,11,20,3,2,89,9,20,5,0
64210508,56,20,20,4,0,35,1,20,5,0,89,9,20,4,0,53,14,20,5,0,84,18,20,3,2,17,5,20,4,1
64209067,5,5,20,3,2,74,3,20,5,0,64,24,20,4,1,70,6,19,3,2,29,2,19,5,0,56,20,19,4,1
64206998,30,13,19,5,0,31,7,20,2,3,89,9,20,4,1,89,9,20,5,0,56,20,20,3,1,35,2,19,4,0
64205751,15,5,20,3,2,85,13,20,4,0,28,3,20,4,1,80,19,20,4,1,17,5,20,3,2,78,16,20,4,1
64203918,36,5,20,4,1,56,20,20,4,1,44,25,19,5,0,50,21,20,4,1,57,23,20,3,2,35,1,20,3,2
64676392,17,5,19,3,2,75,22,19,4,1,30,13,19,5,0,59,2,18,3,0,70,6,19,4,1,33,1,18,4,0
64674482,52,24,20,4,1,23,18,19,4,1,88,3,19,4,1,2,10,20,3,2,77,24,20,4,1,68,1,19,5,0
64673659,74,3,20,5,0,29,1,20,3,2,66,24,20,5,0,11,18,19,3,2,47,4,19,4,1,90,11,19,4,1
64672783,23,18,19,4,1,78,16,18,3,2,17,5,18,3,2,22,3,18,5,0,90,11,19,4,1,75,22,19,2,2
64671932,47,4,20,4,0,55,14,19,3,0,90,11,19,4,0,64,24,19,5,0,77,24,19,2,3,27,16,18,3,0
64671171,55,14,18,3,1,2,10,20,4,1,26,9,19,3,2,56,20,19,5,0,55,14,19,5,0,43,5,19,3,2
64670037,6,8,20,4,1,44,25,20,4,1,40,6,20,3,2,20,4,19,4,1,77,24,20,4,1,43,5,19,3,2
64668993,22,3,20,2,3,21,9,20,2,3,20,4,20,4,1,29,1,19,5,0,86,1,19,5,0,31,7,19,5,0
64668094,75,22,20,5,0,73,24,20,5,0,90,11,19,5,0,79,8,19,4,1,56,20,19,3,2,70,6,20,4,1
64657536,54,8,19,4,1,11,16,20,5,0,82,21,20,3,2,33,1,20,5,0,39,21,20,4,1,79,8,20,3,2
64549077,82,21,20,5,0,4,3,20,4,1,79,8,20,4,1,80,19,19,3,1,16,9,20,2,2,82,21,20,4,1
64547610,67,14,20,4,1,1,15,20,5,0,48,3,20,5,0,11,16,20,5,0,70,6,20,4,1,58,10,20,5,0
64546461,9,10,20,3,2,74,3,20,4,1,58,10,19,4,1,75,22,19,4,1,25,11,20,5,0,20,4,19,4,0
64539443,23,18,19,4,1,84,18,19,4,1,66,24,19,4,1,82,21,19,3,2,55,14,20,3,2,41,24,19,4,0
64523980,44,25,20,4,1,29,1,20,5,0,34,23,20,3,2,28,3,19,2,3,27,9,20,4,0,58,10,20,3,2
64523369,48,3,20,4,1,49,19,20,4,1,23,18,20,4,1,70,6,20,3,2,44,25,20,3,2,33,1,20,4,1
64522332,71,14,19,3,2,78,16,20,3,2,89,9,20,3,2,67,14,19,5,0,84,18,19,3,2,23,15,20,5,0
64521325,36,5,20,4,1,74,3,20,5,0,28,3,20,4,1,11,18,20,3,2,4,13,20,3,2,27,9,20,5,0
64678083,46,16,19,5,0,53,14,19,5,0,17,5,20,4,1,74,3,20,4,1,70,6,19,3,2,30,13,19,4,0
64676317,34,23,20,3,2,74,3,20,4,1,56,20,20,4,1,53,14,19,5,0,82,21,19,3,1,62,11,20,5,0
64674389,24,3,20,3,2,65,16,20,4,1,10,1,19,5,0,45,4,18,3,0,90,11,20,4,1,28,3,20,4,1
64672753,88,3,20,5,0,32,5,19,4,1,23,18,19,3,2,50,21,18,4,1,75,22,19,5,0,3,19,19,5,0
64646710,89,9,20,5,0,57,23,20,5,0,65,16,20,4,1,83,6,19,5,0,87,24,20,4,1,34,23,20,2,3
64646492,68,1,18,3,0,46,16,19,4,1,89,9,20,4,1,37,15,19,5,0,26,9,20,2,3,54,8,20,2,3
64646240,33,1,19,3,1,10,20,19,5,0,81,9,19,3,2,2,10,17,2,1,30,13,17,3,0,12,7,18,3,1
64645824,46,16,20,4,1,35,1,20,5,0,12,7,20,5,0,33,1,19,3,1,71,14,20,5,0,81,9,20,4,1
64683499,37,15,19,4,1,18,15,20,5,0,22,3,20,4,1,70,6,19,4,1,89,9,19,3,2,29,1,19,4,1
64682205,42,24,20,4,1,50,21,20,4,1,28,3,20,3,2,70,6,19,4,1,33,1,20,4,1,19,6,20,4,1
64681062,31,7,20,3,2,33,1,20,5,0,28,3,20,3,2,30,13,20,5,0,81,9,20,4,1,67,14,19,4,1
64661175,31,7,20,3,2,19,6,20,5,0,65,16,20,4,1,46,16,20,3,2,90,11,20,4,1,65,16,19,5,0
64660292,39,18,20,5,0,86,1,20,4,1,70,6,20,4,1,90,11,19,5,0,89,9,20,5,0,65,16,19,4,1
64659161,32,5,20,5,0,55,14,19,5,0,58,10,20,3,2,89,9,20,5,0,53,14,19,4,0,59,2,18,4,0
64644201,88,3,19,3,2,17,5,19,4,1,5,5,19,4,1,39,18,19,5,0,82,21,19,5,0,75,22,19,3,1
64643447,25,11,19,4,1,90,11,20,4,1,44,25,19,4,1,39,21,19,4,1,82,21,19,4,1,12,7,18,3,2
64642497,2,11,20,5,0,11,16,19,5,0,90,11,20,4,1,70,6,20,4,1,76,3,20,5,0,29,1,20,4,1
64694742,4,13,19,5,0,56,20,19,5,0,90,11,19,4,1,74,3,19,4,1,89,9,20,5,0,44,25,19,4,1
64685520,89,9,20,3,2,48,3,20,5,0,35,2,20,5,0,81,9,20,4,1,76,3,20,4,1,77,24,20,3,2
64681738,4,3,20,5,0,90,11,20,4,1,7,1,20,3,2,59,2,20,5,0,63,15,20,5,0,51,22,20,5,0
64680664,10,20,20,4,1,23,18,20,4,1,4,13,20,5,0,24,21,20,2,2,82,21,20,4,0,64,24,20,5,0
64675987,65,16,20,5,0,77,24,20,2,3,80,19,20,3,2,55,14,19,4,0,58,10,19,4,0,48,3,19,5,0
64674527,57,23,20,4,1,33,1,20,5,0,89,9,19,4,1,82,21,19,4,1,4,13,19,4,1,47,4,19,4,1
64672007,65,16,18,5,0,20,4,18,5,0,90,11,19,3,2,26,9,18,4,1,87,24,18,4,1,18,15,19,3,2
64669870,19,6,20,4,1,1,15,20,3,2,53,14,20,4,1,86,1,20,4,1,4,13,19,4,1,17,5,20,5,0
64668343,29,1,20,3,2,4,3,20,4,1,89,9,20,3,2,17,5,20,3,2,56,20,20,4,1,74,3,20,4,1
64657716,85,13,19,4,1,79,8,20,4,1,72,11,20,3,2,55,14,19,5,0,72,11,20,3,2,82,21,19,4,1
64657258,79,8,20,4,1,22,3,19,5,0,23,18,19,5,0,4,13,20,4,1,71,14,20,4,1,42,24,20,4,1
64655758,43,5,20,4,1,30,13,19,4,0,75,22,20,5,0,89,9,20,4,1,33,1,19,3,0,61,5,19,3,1
64655293,65,16,19,5,0,2,11,20,3,2,86,1,19,5,0,89,9,19,3,2,58,10,20,3,2,33,1,20,5,0
64654992,82,21,19,5,0,64,24,20,5,0,61,5,20,4,1,55,14,19,3,1,77,24,20,5,0,31,7,20,4,1
64654775,31,7,20,2,3,17,5,20,4,0,28,3,20,4,1,56,20,20,4,1,28,3,19,5,0,21,9,20,4,1
64625414,23,18,19,5,0,72,11,20,3,2,38,9,19,4,1,43,5,20,4,1,17,5,19,4,1,2,11,19,4,1
64623712,11,18,19,4,1,72,11,20,3,2,9,9,20,5,0,74,3,20,5,0,9,10,20,3,2,80,19,20,3,2
64679834,17,5,20,4,1,25,11,20,3,2,22,3,19,5,0,33,1,19,4,0,90,11,19,5,0,70,6,19,3,1
64678795,89,9,20,3,2,35,2,20,4,1,86,1,20,4,1,27,9,19,4,0,68,1,19,4,0,82,21,20,4,1
64677415,74,3,20,5,0,84,18,20,3,2,11,18,20,5,0,27,9,19,5,0,58,10,19,5,0,31,7,20,3,2
64668752,82,21,19,4,1,86,1,20,4,1,43,5,19,2,3,11,18,20,4,1,39,18,20,4,1,19,24,20,5,0
64667979,89,9,19,4,1,74,3,19,5,0,52,24,19,3,2,15,6,19,5,0,33,1,17,5,0,21,9,18,4,0
64667057,89,9,19,4,1,43,5,19,4,1,33,1,19,5,0,68,1,18,4,0,79,8,20,4,1,36,5,20,4,0
64634120,72,11,20,3,2,30,13,20,4,1,15,5,20,3,2,21,9,20,3,2,48,3,20,4,1,74,3,20,5,0
64632367,8,22,20,4,1,4,3,20,5,0,74,3,20,4,1,46,16,20,3,2,29,1,20,4,1,65,16,20,4,1
64630094,17,5,20,3,2,55,14,20,4,1,44,25,20,4,1,14,21,19,4,1,69,9,20,5,0,1,16,20,4,1
64620178,66,24,20,4,1,30,13,20,5,0,28,13,20,5,0,61,5,20,3,2,1,15,20,4,1,22,3,20,4,1
64662219,10,1,20,5,0,65,16,20,5,0,72,11,20,5,0,3,19,19,4,1,69,9,19,2,0,53,14,19,4,1
64661654,79,8,20,3,2,67,14,20,4,1,71,14,20,5,0,11,16,20,4,1,78,16,20,4,1,75,22,20,5,0
64661006,70,6,20,3,2,2,11,20,2,3,45,4,19,4,0,9,10,19,3,1,61,5,20,4,1,18,15,19,4,1
64660290,66,24,20,5,0,38,9,20,4,1,73,24,20,5,0,47,4,20,4,1,72,11,20,4,1,88,3,19,5,0
64659461,52,24,19,4,1,21,9,19,4,1,44,25,19,5,0,63,15,19,4,1,9,10,20,2,3,68,1,19,4,0
64657947,53,14,20,5,0,69,9,20,3,0,65,16,20,3,2,7,1,20,5,0,22,3,20,5,0,87,24,19,4,0
64657412,11,16,18,5,0,78,16,18,4,1,29,1,18,3,2,4,3,18,5,0,33,1,18,5,0,7,1,18,3,2
64656619,85,13,20,4,1,33,1,20,5,0,65,16,20,5,0,86,1,20,4,1,89,9,20,4,1,53,13,20,5,0
64674857,11,16,19,4,1,37,15,19,5,0,1,15,19,4,0,22,3,19,4,1,70,6,18,4,1,76,3,18,4,1
64654789,7,1,20,5,0,87,24,20,4,1,65,16,19,4,0,33,1,20,3,2,39,18,19,4,1,67,14,19,5,0
64654404,61,5,19,4,1,11,16,19,5,0,75,22,19,3,2,89,9,20,4,1,74,3,20,5,0,27,2,20,3,1
64653903,1,15,19,3,1,5,5,19,3,2,44,25,19,5,0,17,5,20,3,2,20,4,19,5,0,6,8,20,2,3
64652154,87,24,20,3,2,10,20,20,4,1,53,14,19,5,0,21,9,20,4,1,74,3,19,5,0,49,19,20,4,1
64651905,10,1,19,5,0,9,9,18,4,1,46,16,19,4,1,89,9,19,3,1,60,6,18,3,1,77,24,19,4,1
64651582,72,11,19,3,2,89,9,20,4,1,29,1,20,4,1,31,7,20,4,1,76,3,19,4,0,24,21,20,4,1
64651312,31,7,19,3,2,14,21,20,4,1,11,16,19,4,1,86,1,20,3,1,21,9,20,4,1,76,3,20,5,0
64632926,50,21,20,5,0,78,16,19,4,0,58,10,20,3,1,11,18,20,5,0,76,3,20,4,0,58,10,20,3,2
64616361,4,13,18,3,0,56,20,19,3,2,10,20,19,4,1,90,11,19,5,0,89,9,19,4,1,72,11,18,4,0
64615714,80,19,20,4,1,1,14,20,4,1,70,6,20,4,1,89,9,20,2,3,39,18,20,4,1,4,13,20,5,0
64614831,56,20,19,3,2,89,9,20,4,1,39,21,19,3,2,1,15,19,4,1,53,14,19,5,0,9,9,19,5,0
64612658,67,14,20,4,1,28,3,20,4,1,44,25,20,4,1,28,3,20,5,0,34,23,20,3,2,33,1,20,4,1
64554544,82,21,19,5,0,34,23,20,5,0,1,15,20,4,1,6,8,18,3,2,67,14,18,5,0,74,3,18,4,1
64553533,68,1,19,3,1,27,9,20,3,1,72,11,20,3,2,31,7,19,4,1,49,19,20,4,1,22,3,20,3,2
64604355,83,6,20,4,1,30,13,20,5,0,72,11,20,3,2,83,6,19,5,0,70,6,20,4,1,43,5,20,5,0
64601953,4,13,19,4,1,65,16,20,4,1,90,11,19,4,1,43,5,20,5,0,44,25,20,5,0,4,3,20,4,1
64601061,74,3,19,3,2,23,18,19,3,2,48,3,19,3,2,82,21,19,4,1,84,18,19,5,0,29,1,19,5,0
64600210,39,18,19,4,1,59,2,19,4,1,65,16,19,3,2,7,2,18,3,0,31,7,18,3,0,61,5,18,2,0
64599248,42,24,20,2,3,53,14,19,4,1,29,1,20,4,1,29,1,20,5,0,4,3,20,4,1,11,18,20,3,1
64597918,40,6,20,5,0,21,9,18,4,0,30,13,19,1,0,39,18,19,4,1,21,9,19,4,1,11,16,19,4,1
64597389,71,14,19,4,0,87,24,20,5,0,58,10,19,3,1,38,9,20,5,0,28,3,18,4,1,4,13,19,3,2
64596762,76,3,20,5,0,5,5,20,3,2,17,5,20,3,2,72,11,19,4,1,26,9,20,3,2,74,3,20,5,0
64530692,11,18,18,4,1,79,8,19,2,3,29,1,20,4,1,57,23,19,5,0,29,1,19,5,0,90,11,18,4,1
64530494,89,9,19,3,2,76,3,19,5,0,90,11,19,4,1,48,3,19,5,0,85,13,18,2,1,34,23,20,5,0
64530210,2,9,20,2,3,58,10,20,4,1,30,13,20,5,0,77,24,20,3,0,44,25,19,4,0,7,1,19,4,0
64529884,6,8,18,4,0,37,15,19,5,0,78,16,19,4,1,14,21,19,5,0,78,16,19,2,2,12,7,19,4,1
64529457,25,11,19,5,0,46,16,19,3,2,78,16,18,3,1,67,14,18,4,1,11,16,17,2,1,31,7,18,4,1
64528982,2,10,19,3,2,14,21,19,5,0,20,4,18,4,0,39,18,19,2,2,24,3,19,4,1,56,20,19,5,0
64528375,83,6,19,3,2,75,22,19,4,1,45,4,19,3,1,65,16,20,5,0,11,16,20,5,0,90,11,20,4,1
64527818,17,5,19,4,0,3,16,20,4,1,28,3,19,3,2,66,24,20,5,0,74,3,19,5,0,82,21,19,4,1
64527198,90,11,19,3,1,72,11,19,4,1,23,18,19,4,1,63,15,18,4,0,35,2,19,4,0,72,11,19,3,2
64659884,18,15,19,3,2,29,1,20,3,2,77,24,20,4,1,17,5,20,4,1,65,16,19,4,0,11,18,19,5,0
64658218,20,4,20,4,1,2,11,20,3,2,64,24,19,4,1,1,16,19,5,0,82,21,19,4,1,73,24,19,3,0
64657775,82,21,18,5,0,17,5,17,4,1,47,4,18,3,1,20,4,17,3,0,72,11,17,5,0,5,5,18,4,0
64655423,21,9,19,4,1,78,16,19,4,1,14,21,18,4,0,36,5,17,4,0,81,9,17,3,1,29,1,18,2,0
64631955,84,18,18,4,1,78,16,20,4,1,89,9,19,5,0,50,21,19,5,0,10,1,19,5,0,72,11,19,5,0
64629951,5,5,19,4,1,22,3,19,4,1,48,3,19,4,1,86,1,20,4,1,63,15,20,4,0,4,13,20,4,0
64628744,23,18,20,4,1,31,7,20,3,2,4,13,20,5,0,67,14,19,5,0,59,2,20,5,0,90,11,19,3,2
64626982,84,18,19,5,0,62,11,20,3,2,47,4,20,3,2,8,22,20,2,3,13,19,19,5,0,17,5,20,4,1
64625222,15,5,19,4,1,33,1,19,4,1,39,18,20,4,1,11,18,20,5,0,78,16,19,3,2,35,2,19,5,0
64622232,43,5,20,4,1,25,11,20,5,0,33,1,19,2,1,72,11,20,4,1,88,3,20,4,1,90,11,19,4,1
64507784,72,11,20,3,2,63,15,20,4,1,11,16,20,5,0,55,14,18,3,0,36,5,20,5,0,19,6,19,4,0
64505484,67,14,19,4,1,85,13,19,4,1,9,9,19,3,2,17,5,20,4,1,90,11,19,3,2,30,13,19,4,0
64503066,65,16,20,5,0,67,14,20,5,0,90,11,20,3,2,44,25,19,4,1,90,11,20,4,1,83,6,20,5,0
64502136,71,14,19,3,2,15,5,19,3,2,86,1,19,5,0,83,6,20,3,2,8,22,20,4,1,29,1,20,5,0
64501183,85,13,20,4,1,58,10,19,3,2,84,18,20,5,0,65,16,20,5,0,39,21,20,4,1,18,15,20,4,1
64499411,81,9,18,3,2,82,21,18,3,2,37,15,19,4,1,8,22,19,4,1,90,11,19,4,0,75,22,19,4,1
64497667,31,7,20,3,2,9,9,20,4,1,85,13,20,4,1,10,1,20,5,0,28,3,20,4,1,26,9,20,3,2
64496540,32,5,20,4,1,36,5,20,3,2,30,13,20,4,1,1,15,19,3,2,9,9,20,5,0,85,13,19,5,0
64494437,64,24,20,4,1,33,1,19,3,2,89,9,20,5,0,82,21,20,4,1,80,19,20,4,1,39,18,20,3,2
64656714,76,3,20,4,1,90,11,20,4,1,41,24,20,3,0,70,6,20,4,1,82,21,20,5,0,65,16,20,5,0
64655058,76,3,19,4,0,22,3,19,4,1,87,24,19,5,0,1,15,20,3,2,34,23,19,4,1,63,15,20,5,0
64639563,77,24,19,2,3,59,2,20,5,0,1,15,20,4,1,23,18,20,5,0,71,14,20,3,1,86,1,19,5,0
64664598,1,15,19,3,2,28,3,20,4,1,50,21,20,4,1,81,9,19,3,2,59,2,18,4,0,74,3,19,5,0
64657453,56,20,20,4,1,23,18,20,4,1,66,24,20,5,0,66,24,20,4,1,31,7,20,3,2,10,1,20,4,1
64536538,2,11,20,3,2,18,15,20,4,1,29,1,20,3,2,80,19,20,4,1,55,14,19,4,0,31,7,20,3,2
64536093,82,21,19,4,1,79,8,19,3,2,88,3,19,5,0,28,3,19,3,1,10,1,20,3,2,55,14,19,4,0
64485745,39,21,19,5,0,19,24,20,3,2,74,3,20,4,1,40,6,20,4,1,79,8,20,4,1,76,3,20,3,0
64485437,74,3,20,3,2,3,19,20,3,2,30,13,20,4,1,28,3,20,4,1,22,3,20,4,1,47,4,20,3,2
64485012,71,14,19,5,0,86,1,20,5,0,89,9,20,4,1,57,23,20,3,2,17,5,20,3,2,56,20,20,4,1
64484522,31,7,20,5,0,58,10,20,5,0,53,14,19,5,0,14,21,20,5,0,39,18,20,4,1,65,16,20,5,0
64681531,34,23,20,3,2,46,16,20,4,1,88,3,20,4,1,37,15,20,5,0,78,16,20,5,0,26,9,20,5,0
64680782,86,1,19,4,1,50,21,19,4,1,40,6,19,3,2,38,9,20,5,0,88,3,20,4,1,4,13,19,4,1
64678315,47,4,20,5,0,63,15,20,3,2,89,9,20,5,0,4,13,20,5,0,6,7,20,4,1,11,18,20,4,0
64677164,13,15,20,5,0,33,1,20,4,1,34,23,20,3,2,20,4,19,5,0,89,9,20,2,3,53,14,19,5,0
64675001,5,6,20,4,1,78,16,20,4,1,1,14,19,5,0,84,18,20,5,0,26,9,20,4,1,65,16,19,4,0
64673288,28,3,20,2,3,33,1,20,4,1,78,16,20,5,0,31,7,20,3,2,11,16,20,5,0,23,18,20,5,0
64671844,53,13,19,5,0,86,1,20,5,0,77,24,20,3,2,60,6,20,4,1,11,18,20,3,1,90,11,18,5,0
64670942,72,11,20,2,3,44,25,20,4,1,35,1,20,3,1,64,24,20,5,0,27,6,19,4,0,90,11,20,4,1
64642871,81,9,20,4,1,63,15,19,4,1,31,7,19,4,1,53,13,18,5,0,31,7,19,4,1,2,9,19,3,2
64689829,34,23,19,4,1,76,3,20,4,0,90,11,20,3,2,58,10,20,4,1,53,13,20,5,0,73,24,20,5,0
64689644,2,9,20,3,2,33,1,20,4,1,47,4,19,3,2,1,15,19,5,0,58,10,19,5,0,22,3,19,4,1
64689042,29,1,20,4,0,30,13,19,4,1,17,5,20,4,1,36,5,19,4,1,77,24,20,5,0,89,9,20,5,0
64688681,32,5,18,5,0,76,3,17,3,2,48,3,18,4,1,62,11,17,4,1,65,16,16,3,0,83,6,17,2,0
64688099,81,9,20,3,2,31,7,20,3,2,4,3,20,5,0,72,11,20,4,1,44,25,20,3,2,17,5,20,5,0
64687547,31,7,20,2,3,24,21,19,5,0,11,18,20,4,1,89,9,19,4,1,11,18,18,3,0,44,25,19,4,0
64687171,74,3,20,4,1,64,24,20,4,1,26,9,20,3,2,26,9,20,3,2,71,14,20,5,0,22,3,20,4,1
64686538,85,13,20,5,0,11,16,20,4,1,70,6,20,4,1,86,1,20,4,1,46,16,20,5,0,75,22,20,4,1
64685515,76,3,20,3,1,11,16,20,5,0,8,22,20,3,2,76,3,20,4,1,34,23,20,5,0,72,11,20,4,1
64684683,82,21,20,5,0,53,14,19,4,1,72,11,20,4,1,74,3,18,3,0,63,15,19,4,1,83,6,19,5,0
64683742,86,1,19,5,0,81,9,19,4,1,30,13,18,4,0,88,3,19,4,1,81,9,18,4,1,84,18,18,5,0
64682805,29,1,20,4,1,78,16,20,4,1,64,24,20,4,1,28,13,19,3,2,72,11,20,4,1,74,3,19,3,2
64680896,74,3,17,4,0,9,9,19,3,2,22,3,18,2,1,1,14,17,4,0,4,3,18,5,0,83,6,18,5,0
64679597,82,21,19,4,1,7,1,18,4,1,75,22,18,4,1,74,3,17,4,0,42,24,18,4,1,84,18,18,4,1
64678081,77,24,19,4,1,20,4,19,5,0,6,7,20,3,2,64,24,20,5,0,72,11,20,3,2,30,13,19,4,1
64677261,21,9,20,4,1,76,3,20,4,0,58,10,20,4,0,78,16,20,3,1,88,3,20,4,1,12,7,20,5,0
64676459,72,11,20,3,2,42,24,20,4,1,50,21,20,5,0,29,1,20,5,0,72,11,20,5,0,88,3,20,4,1
64675328,78,16,19,5,0,9,10,20,4,1,11,16,19,5,0,55,14,18,2,0,72,11,19,5,0,80,19,19,4,0
64640199,81,9,20,3,2,82,21,20,3,2,1,14,19,5,0,72,11,20,4,1,42,24,20,3,2,7,1,20,5,0
64639369,61,5,19,4,1,21,9,20,4,1,84,18,19,4,1,11,18,20,4,1,21,9,20,4,1,88,3,19,4,1
64638120,73,24,19,4,0,64,24,19,2,3,22,3,19,5,0,68,1,17,2,0,12,7,19,2,2,17,5,20,4,1
64636287,5,5,19,4,1,33,1,19,5,0,53,14,19,5,0,86,1,19,5,0,35,2,19,4,1,2,11,19,3,1
64635589,71,14,19,4,1,21,9,20,4,1,87,24,18,3,0,17,5,19,5,0,76,3,19,3,1,2,11,20,3,2
64633240,2,11,20,2,3,58,10,20,3,2,76,3,19,5,0,12,6,20,4,1,28,3,20,4,1,15,6,20,4,1
64628875,77,24,20,4,1,68,1,19,4,1,29,1,20,3,2,20,4,19,3,0,62,11,20,5,0,89,9,20,5,0
64627126,75,22,20,3,2,84,18,20,4,1,22,3,20,4,1,33,1,20,4,1,28,3,20,3,2,70,6,20,3,2
64625776,58,10,20,4,1,65,16,19,4,1,82,21,20,4,1,67,14,20,4,0,86,1,19,4,1,42,24,20,5,0
64623756,22,3,19,3,2,42,24,19,4,1,82,21,19,5,0,1,16,19,5,0,53,14,18,3,0,15,5,19,4,0
64692520,44,25,20,2,2,65,16,20,5,0,89,9,20,4,1,76,3,20,4,0,84,18,20,5,0,42,24,20,3,2
64683795,1,15,19,4,1,71,14,19,4,1,87,24,19,5,0,2,11,19,5,0,65,16,19,4,1,86,1,19,3,2
64682575,39,21,20,4,1,79,8,19,4,1,74,3,20,5,0,11,18,20,4,0,4,3,19,3,1,49,19,20,5,0
64673658,17,5,20,4,1,32,5,20,4,1,42,24,20,5,0,31,7,20,4,1,25,11,20,4,1,58,10,20,5,0
64672406,1,18,20,4,1,53,14,20,5,0,42,24,20,3,2,33,1,20,4,1,55,14,20,4,1,6,8,20,4,1
64671143,2,9,20,5,0,1,15,20,4,1,33,1,20,5,0,46,16,20,4,1,2,9,20,4,1,35,1,20,4,1
64653514,42,24,20,4,1,18,15,20,3,2,86,1,19,5,0,26,9,20,5,0,71,14,20,4,1,1,15,20,3,2
64653090,17,5,20,4,1,1,18,20,4,1,29,1,19,5,0,47,4,20,4,1,33,1,20,4,0,21,9,20,3,2
64641831,76,3,19,3,0,17,5,20,5,0,87,24,20,4,0,44,25,20,5,0,2,11,20,5,0,89,9,20,4,1
64640362,79,8,20,3,2,31,7,19,4,1,15,6,20,4,1,48,3,20,4,1,71,14,20,4,1,90,11,20,3,2
64678151,21,9,20,4,1,39,18,19,5,0,11,16,20,3,2,39,18,19,4,1,27,9,20,3,1,89,9,19,4,1
64676769,24,21,20,4,1,25,11,20,3,2,41,24,19,5,0,89,9,20,5,0,74,3,19,4,0,72,11,20,3,2
64618416,75,22,19,4,1,12,7,19,4,1,14,21,18,5,0,44,25,20,4,1,85,13,20,5,0,21,9,20,3,2
64617418,27,9,20,3,1,76,3,19,5,0,26,9,20,3,2,36,5,20,4,1,73,24,20,4,0,72,11,20,3,2
64616403,81,9,19,4,1,71,14,19,3,2,43,5,18,4,1,22,3,18,4,1,48,3,18,3,1,6,8,18,5,0
64614872,72,11,20,3,2,45,4,19,4,0,77,24,20,3,2,18,15,19,5,0,66,24,20,5,0,70,6,20,3,2
64613938,75,22,19,5,0,72,11,19,4,1,53,14,19,5,0,35,2,19,4,1,54,8,20,4,1,55,14,18,3,0
64612224,30,13,19,5,0,11,16,20,4,1,67,14,20,5,0,14,21,20,4,1,74,3,20,4,1,90,11,20,3,2
64690573,44,25,19,3,1,72,11,20,4,1,1,15,20,5,0,72,11,20,4,1,65,16,20,4,1,76,3,20,5,0
64690258,43,5,19,4,1,84,18,20,3,2,55,14,19,5,0,18,15,20,4,1,90,11,20,4,1,60,6,20,5,0
64690043,22,3,18,4,0,34,23,19,3,2,71,14,18,4,1,36,5,18,3,2,11,16,17,4,0,71,14,18,5,0
64685409,82,21,19,4,1,64,24,20,3,2,76,3,19,4,1,78,16,20,4,1,89,9,19,4,1,33,1,19,5,0
64684744,29,1,20,3,2,1,14,19,4,1,19,24,19,4,1,74,3,19,4,1,58,10,20,4,1,80,19,19,4,1
64684288,74,3,19,5,0,26,9,20,4,1,31,7,20,4,1,55,14,20,5,0,2,11,19,4,1,49,19,19,5,0
64683678,67,14,20,5,0,55,14,20,5,0,72,11,20,3,2,28,13,19,3,0,2,11,19,5,0,65,16,20,4,1
64680814,53,14,20,5,0,1,18,20,3,2,40,6,20,3,2,48,3,20,4,1,78,16,20,4,1,28,3,20,4,1
64680258,60,6,20,4,1,33,1,19,3,2,82,21,19,5,0,65,16,19,3,2,61,5,19,3,1,58,10,19,3,1
64679008,23,18,20,5,0,88,3,20,5,0,64,24,20,4,1,33,1,20,4,1,76,3,20,5,0,23,18,19,3,2
64687731,65,16,20,5,0,36,5,20,4,1,44,25,20,4,1,11,16,20,4,1,74,3,20,3,2,54,8,20,3,2
64686918,53,14,20,5,0,1,15,20,3,2,76,3,20,3,2,50,21,20,3,1,24,3,20,4,1,28,3,20,4,1
64686297,49,19,20,4,1,16,9,20,4,1,45,4,19,4,1,71,14,20,4,1,53,14,20,4,1,31,7,19,4,1
64685219,62,11,20,4,1,35,2,20,4,1,10,20,20,4,1,22,3,20,4,0,26,9,20,3,2,9,9,20,4,0
64684432,34,23,20,5,0,3,16,20,5,0,71,14,19,4,1,80,19,20,4,1,23,15,19,5,0,6,8,19,5,0
64683375,89,9,20,3,2,80,19,20,3,2,48,3,20,4,1,44,25,20,5,0,70,6,20,4,1,10,20,20,4,1
64682483,3,21,20,3,2,28,3,20,4,1,12,7,20,4,1,4,13,20,5,0,63,15,20,5,0,58,10,19,5,0
64681011,46,16,20,3,2,19,6,20,4,1,33,1,20,5,0,56,20,20,3,0,44,25,18,4,0,81,9,18,4,0
64683152,31,7,20,2,3,3,19,20,5,0,88,3,19,4,1,46,16,20,5,0,27,9,20,4,0,80,19,20,4,1
64682391,80,19,19,4,1,11,16,20,5,0,15,6,20,4,1,34,23,20,3,2,46,16,20,4,1,76,3,20,5,0
64675244,54,8,20,4,1,9,10,20,5,0,15,5,19,4,1,83,6,20,3,2,33,1,20,5,0,77,24,19,3,2
64673489,7,1,20,5,0,33,1,20,4,1,81,9,20,5,0,86,1,20,5,0,3,21,20,3,2,51,22,20,4,1
64672114,31,7,20,3,2,33,1,20,5,0,59,2,19,4,1,36,5,20,4,1,44,25,19,5,0,6,8,19,3,2
64670303,75,22,20,4,1,38,9,20,4,1,37,15,20,4,1,50,21,19,5,0,65,16,19,4,1,72,11,20,4,1
64661513,54,8,20,4,1,23,18,20,4,1,35,1,20,3,2,4,13,20,5,0,18,15,20,4,1,70,6,20,5,0
64660970,90,11,20,3,2,33,1,19,5,0,12,7,20,3,2,3,21,19,4,1,77,24,19,4,1,27,9,19,2,2
64660067,58,10,20,3,2,78,16,20,3,2,71,14,20,5,0,77,24,20,4,1,75,22,20,4,1,88,3,19,5,0
64639438,50,21,20,3,2,78,16,20,3,2,12,6,20,3,2,85,13,19,5,0,8,22,19,4,1,26,9,18,4,0
64638724,90,11,18,5,0,80,19,19,3,2,82,21,18,5,0,60,6,20,3,2,4,3,18,5,0,33,1,19,5,0
64634875,79,8,20,4,1,6,8,19,3,2,30,13,19,5,0,3,21,19,4,1,22,3,19,4,1,72,11,20,3,2
64628950,50,21,20,3,2,78,16,20,2,3,83,6,19,4,1,48,3,19,3,1,86,1,18,5,0,11,16,18,4,0
64628184,69,9,20,4,0,74,3,20,4,1,31,7,20,4,1,78,16,20,2,1,65,16,20,4,0,88,3,20,3,0
64627074,62,11,19,3,2,20,4,18,5,0,7,1,20,5,0,46,16,19,5,0,27,9,19,3,1,90,11,19,4,1
64605070,90,11,20,3,2,82,21,20,4,1,88,3,20,4,1,65,16,20,3,2,21,9,20,5,0,11,16,20,3,1
64604335,42,24,20,5,0,70,6,20,3,2,29,1,20,5,0,60,6,18,5,0,53,14,19,4,0,2,11,20,4,1
64603594,25,11,18,5,0,14,21,16,3,1,78,16,17,5,0,39,21,16,4,0,48,3,17,3,0,90,11,18,4,0
64602841,33,1,17,4,0,87,24,17,3,1,1,18,18,4,0,27,9,17,3,1,49,19,18,4,0,89,9,17,4,0
64602408,75,22,18,4,1,81,9,18,2,3,50,21,18,4,0,13,19,17,3,0,75,22,19,2,2,90,11,19,5,0
64601443,55,14,20,5,0,23,18,20,4,1,66,24,20,5,0,76,3,19,4,0,46,16,20,3,1,90,11,20,4,1
64601056,9,9,18,4,1,39,18,18,4,1,7,2,17,3,1,82,21,17,4,0,13,19,17,2,0,74,3,17,2,0
64600732,74,3,19,5,0,61,5,19,4,1,77,24,20,4,1,86,1,20,4,1,22,3,19,4,0,68,1,19,5,0
64599676,43,5,19,3,2,25,11,20,5,0,70,6,19,3,2,82,21,19,4,1,9,9,19,4,1,10,1,19,5,0
64599433,88,3,19,4,1,29,1,19,4,1,90,11,20,3,2,72,11,19,4,0,74,3,20,4,0,78,16,20,3,0
64695653,75,22,19,3,2,56,20,19,4,1,74,3,19,3,2,47,4,18,5,0,29,2,19,5,0,18,15,19,5,0
64695250,33,1,19,3,2,1,15,20,3,2,24,21,19,3,2,70,6,20,4,1,46,16,19,5,0,14,21,19,5,0
64694858,77,24,20,2,3,59,2,20,4,1,44,25,20,5,0,31,7,20,3,1,52,24,19,5,0,30,13,19,2,1
64694650,90,11,20,3,2,53,14,20,5,0,32,5,20,4,1,64,24,20,5,0,59,2,20,5,0,78,16,20,5,0
64694339,29,1,20,4,1,18,15,20,5,0,70,6,20,4,1,17,5,19,4,1,18,15,20,3,2,11,18,20,5,0
64694080,86,1,19,4,0,7,1,18,4,1,1,15,19,4,1,40,6,19,3,2,22,3,19,5,0,59,2,18,4,1
64681559,88,3,19,3,2,79,8,20,4,1,46,16,19,4,1,63,15,19,4,1,45,4,18,2,3,39,18,19,5,0
64679831,63,15,19,5,0,17,5,20,4,1,56,20,20,5,0,55,14,20,5,0,42,24,20,3,2,79,8,20,4,1
64678752,18,15,20,3,2,59,2,20,4,1,76,3,19,4,1,70,6,19,4,1,34,23,20,3,2,30,13,19,5,0
64677091,55,14,20,5,0,70,6,20,3,2,37,15,20,3,2,33,1,20,5,0,40,6,20,3,2,89,9,20,4,1
64677329,72,11,19,5,0,12,6,19,5,0,74,3,18,3,0,88,3,18,4,1,90,11,18,4,1,1,15,19,3,2
64675204,37,15,20,3,2,86,1,20,5,0,76,3,19,5,0,88,3,19,5,0,80,19,19,4,1,25,11,20,4,1
64674074,55,14,20,1,3,59,2,19,3,2,72,11,20,3,2,82,21,18,4,0,70,6,19,3,0,29,1,18,3,0
64673348,86,1,15,3,0,29,1,15,2,0,70,6,15,4,0,71,14,14,2,0,88,3,14,1,0,15,6,14,4,0
64671556,88,3,19,5,0,76,3,18,5,0,90,11,19,3,2,72,11,17,4,1,28,3,17,5,0,74,3,18,2,0
64670880,36,5,19,4,1,14,21,19,3,1,28,3,19,3,1,30,13,18,3,2,72,11,19,5,0,78,16,18,4,1
64669316,20,4,19,4,1,14,21,19,4,1,72,11,20,5,0,21,9,19,3,2,73,24,19,4,0,74,3,20,5,0
64661587,61,5,19,3,2,46,16,20,3,2,74,3,19,4,1,26,9,20,3,2,83,6,20,3,2,53,14,19,5,0
64661245,83,6,20,3,2,69,9,20,4,0,21,9,20,3,2,68,1,18,5,0,9,10,20,4,1,65,16,20,5,0
64679153,43,5,20,3,2,30,13,20,5,0,67,14,20,3,2,11,18,20,5,0,90,11,20,5,0,35,2,20,4,1
64678272,22,3,20,4,1,70,6,20,5,0,28,3,19,5,0,2,11,20,4,1,44,25,20,4,1,22,3,20,4,1
64676824,53,14,18,4,1,4,13,19,3,2,72,11,19,3,2,34,23,19,5,0,14,21,19,4,1,82,21,19,5,0
64674934,66,24,20,4,1,82,21,20,3,2,49,19,20,4,1,71,14,19,4,0,63,15,20,4,0,52,24,20,4,0
64674170,53,14,19,4,1,52,24,20,4,1,42,24,20,4,1,72,11,19,5,0,90,11,19,4,1,52,24,19,5,0
64672953,39,21,20,3,2,75,22,19,5,0,64,24,20,5,0,22,3,20,2,1,13,19,20,4,0,81,9,20,4,0
64670420,33,1,20,3,2,39,18,20,4,1,69,9,20,5,0,34,23,19,4,0,65,16,20,5,0,78,16,20,4,1
64668898,33,1,19,4,1,24,3,19,4,1,65,16,19,4,1,17,5,20,4,1,4,13,19,4,0,89,9,20,5,0
64667449,34,23,20,4,1,33,1,19,5,0,1,15,20,3,2,70,6,20,5,0,56,20,20,5,0,22,3,20,5,0
64666327,65,16,20,4,1,78,16,20,4,1,72,11,20,3,2,75,22,20,4,1,85,13,19,4,1,21,9,20,3,2
64683649,62,11,20,4,1,47,4,20,5,0,11,18,20,5,0,11,16,20,5,0,46,16,20,3,2,90,11,20,2,3
64682042,27,9,20,4,1,57,23,20,3,2,59,2,20,4,1,31,7,19,4,1,76,3,20,4,1,89,9,20,4,1
64686783,78,16,20,4,1,58,10,20,3,2,74,3,19,5,0,15,5,19,4,1,13,19,19,3,0,82,21,19,5,0
64685774,14,21,19,5,0,18,15,20,4,1,90,11,20,4,1,31,7,19,4,1,64,24,19,4,0,28,3,19,5,0
64677558,59,2,19,3,2,53,13,19,5,0,31,7,19,4,1,81,9,19,4,1,65,16,18,4,0,23,18,18,5,0
64654637,11,16,19,5,0,40,6,19,4,1,30,13,20,4,1,31,7,20,5,0,85,13,19,5,0,87,24,20,3,2
64654355,82,21,19,5,0,65,16,19,5,0,15,6,20,4,1,48,3,19,4,1,88,3,19,4,0,75,22,19,4,1
64653865,1,14,19,4,1,76,3,20,5,0,12,7,20,4,1,11,16,20,5,0,46,16,20,3,2,79,8,20,3,2
64653500,81,9,20,2,3,70,6,20,3,2,10,1,20,5,0,42,24,20,3,2,18,15,20,5,0,88,3,20,5,0
64681344,42,24,19,5,0,44,25,20,5,0,82,21,20,5,0,75,22,20,4,1,20,4,20,5,0,9,10,20,5,0
64679827,32,5,19,3,2,11,16,19,5,0,26,9,19,4,1,1,16,20,5,0,69,9,19,5,0,37,15,20,4,1
64679167,1,15,20,4,1,63,15,20,4,1,29,1,19,5,0,45,4,18,3,0,12,7,19,5,0,72,11,19,3,1
64677684,61,5,20,5,0,49,19,20,4,1,42,24,20,5,0,62,11,19,5,0,35,1,20,5,0,13,15,19,5,0
64676036,64,24,20,4,1,20,4,19,5,0,17,5,20,4,1,8,22,19,4,1,85,13,19,5,0,29,1,19,5,0
64578532,58,10,20,3,2,9,10,20,4,1,20,4,19,4,1,90,11,18,3,0,18,15,19,4,0,81,9,18,3,0
64575615,83,6,19,2,3,27,2,19,3,1,11,18,20,5,0,64,24,19,4,1,46,16,19,4,1,82,21,18,2,2
64574566,20,4,19,5,0,43,5,19,3,2,31,7,19,3,2,28,13,20,5,0,40,6,19,4,1,64,24,19,3,2
64573412,68,1,19,4,1,90,11,20,5,0,54,8,19,4,1,72,11,20,3,2,55,14,19,5,0,28,3,20,5,0
64650663,11,18,19,3,2,51,22,20,3,2,90,11,20,3,2,49,19,20,4,1,77,24,20,4,1,65,16,20,4,1
64613537,11,18,20,3,2,4,13,19,4,1,75,22,20,4,1,65,16,20,4,1,18,15,19,5,0,13,15,20,4,0
64590331,86,1,20,4,1,4,13,20,4,1,37,15,20,4,1,18,15,20,3,2,35,1,20,4,1,21,9,20,5,0
64574548,22,3,20,4,1,33,1,20,5,0,68,1,20,4,1,56,20,19,5,0,21,9,19,4,1,90,11,20,3,2
64549880,62,11,19,3,2,1,18,19,4,1,76,3,19,5,0,14,21,20,3,2,27,6,19,4,0,90,11,19,3,2
64496737,70,6,18,4,1,55,14,18,5,0,56,20,18,4,1,89,9,17,3,1,77,24,17,4,0,27,16,17,3,0
64488888,75,22,19,4,1,4,13,19,3,2,78,16,20,4,1,80,19,18,3,1,39,21,19,4,1,23,15,19,1,2
64455793,62,11,20,4,1,84,18,20,5,0,18,15,20,4,1,22,3,19,4,1,90,11,20,5,0,17,5,19,4,1
64429280,35,2,20,4,1,15,5,20,3,2,76,3,20,4,1,61,5,20,5,0,90,11,20,4,1,85,13,20,4,1
64692543,75,22,20,5,0,54,8,20,5,0,40,6,20,4,1,24,21,19,3,1,84,18,19,5,0,22,3,19,5,0
64692318,30,13,20,4,1,90,11,19,4,1,54,8,20,4,1,89,9,19,4,1,24,21,20,5,0,81,9,20,4,1
64688412,22,3,19,3,0,25,11,20,4,0,17,5,20,4,1,74,3,19,4,1,34,23,20,3,2,86,1,20,4,1
64687661,89,9,20,3,2,87,24,20,4,1,53,14,20,4,1,30,13,19,5,0,67,14,20,3,2,86,1,19,5,0
64686999,30,13,20,4,1,84,18,20,3,2,67,14,20,4,1,41,24,20,4,0,22,3,19,3,2,9,10,20,3,2
64665133,15,5,19,2,3,32,5,20,3,2,30,13,19,5,0,89,9,20,5,0,28,3,20,4,1,72,11,20,4,1
64664443,47,4,20,4,1,60,6,20,4,1,18,15,19,3,2,52,24,20,4,1,90,11,20,4,1,33,1,19,4,1
64663458,2,11,19,4,1,7,1,19,5,0,37,15,19,4,1,4,13,19,4,1,90,11,19,4,1,39,21,19,4,1
64662569,39,18,20,3,2,1,16,20,5,0,32,5,20,4,1,89,9,20,4,1,11,16,20,5,0,87,24,20,5,0
64661541,17,5,18,5,0,64,24,19,4,1,22,3,18,4,0,89,9,19,5,0,35,2,18,5,0,33,1,19,4,1
64688089,29,1,19,4,1,14,21,19,2,3,86,1,19,4,1,90,11,19,3,2,11,18,19,4,1,16,9,20,3,2
64687595,49,19,19,4,1,78,16,18,5,0,81,9,18,4,1,40,6,18,5,0,22,3,18,4,1,84,18,19,4,1
64686797,90,11,19,4,1,78,16,20,3,2,22,3,19,4,1,78,16,20,5,0,67,14,20,4,1,2,10,19,4,1
64686173,83,6,19,4,1,87,24,18,4,1,4,3,20,4,1,90,11,20,3,2,72,11,19,5,0,11,18,20,5,0
64684698,89,9,18,3,2,47,4,19,5,0,61,5,19,4,1,87,24,18,5,0,59,2,18,5,0,49,19,18,3,1
64678714,28,3,19,4,1,31,7,20,5,0,42,24,19,3,2,29,1,20,4,1,90,11,20,5,0,24,3,20,4,1
64640663,27,6,19,3,1,78,16,20,3,2,65,16,18,5,0,8,22,19,5,0,31,7,18,5,0,38,9,19,4,0
64639697,18,15,19,3,2,63,15,19,5,0,54,8,20,3,2,67,14,19,4,1,12,7,19,2,2,77,24,19,4,1
64628217,39,18,20,4,1,79,8,20,3,2,16,9,19,3,2,55,14,19,4,1,9,10,19,3,2,87,24,20,3,2
64627134,4,3,19,5,0,48,3,18,4,1,21,9,19,3,2,22,3,19,5,0,28,3,19,4,1,36,5,19,3,2
64625449,33,1,19,4,1,60,6,19,4,1,2,11,19,4,1,17,5,18,4,1,10,1,18,3,0,24,21,19,5,0
64524566,22,3,20,3,2,55,14,19,5,0,18,15,20,3,2,74,3,20,5,0,90,11,19,4,1,67,14,20,5,0
64523006,46,16,20,3,2,10,20,20,4,1,33,1,20,4,1,22,3,20,5,0,54,8,20,3,2,78,16,20,4,0
64692305,9,9,19,3,2,86,1,17,4,1,11,16,17,3,2,34,23,17,4,0,10,20,17,3,0,90,11,17,4,0
64692067,90,11,20,4,1,82,21,20,5,0,71,14,20,4,1,5,5,20,4,1,86,1,20,5,0,88,3,19,5,0
64691969,78,16,20,5,0,14,21,20,5,0,81,9,20,4,1,74,3,19,5,0,20,4,20,4,1,70,6,19,3,2
64691710,15,5,20,4,1,86,1,20,3,1,59,2,20,4,1,5,5,19,4,1,65,16,20,4,1,11,18,20,4,1
64686781,78,16,19,4,1,53,14,20,5,0,86,1,19,4,1,2,11,19,3,1,85,13,19,4,0,33,1,19,3,1
64686167,90,11,20,5,0,57,23,19,4,1,23,18,20,4,1,17,5,20,3,1,82,21,20,3,2,33,1,20,4,1
64685221,78,16,19,5,0,63,15,19,5,0,20,4,19,3,2,28,3,19,5,0,61,5,19,5,0,89,9,19,4,1
64684595,64,24,20,3,2,25,11,20,4,1,20,4,19,4,1,90,11,20,3,2,50,21,20,5,0,43,5,20,4,1
64683488,77,24,20,3,2,53,14,19,4,1,9,10,19,3,2,76,3,19,5,0,86,1,19,5,0,25,11,19,5,0
64682503,81,9,17,2,2,33,1,18,4,1,25,11,19,5,0,71,14,18,3,1,15,6,18,4,0,88,3,18,4,0
64633727,58,10,19,4,0,35,1,19,4,0,46,16,20,4,0,74,3,20,4,1,21,9,20,3,2,4,13,19,4,1
64632365,12,7,20,3,2,56,20,20,4,1,74,3,20,4,1,80,19,20,4,1,54,8,20,4,1,10,1,19,5,0
64631210,66,24,20,4,1,82,21,20,3,2,90,11,20,3,2,64,24,19,3,1,35,2,19,5,0,66,24,19,4,0
64629955,57,23,17,2,1,10,1,18,5,0,59,2,18,4,0,67,14,18,4,0,12,7,18,4,1,39,18,18,4,0
64627723,47,4,20,5,0,36,5,20,3,2,89,9,20,4,1,63,15,19,3,1,85,13,20,5,0,4,3,19,4,0
64626646,90,11,19,5,0,8,22,20,4,1,9,9,20,3,2,63,15,19,4,1,31,7,20,4,1,67,14,20,3,2
64621245,21,9,20,4,1,44,25,20,4,1,33,1,20,5,0,16,9,20,4,1,18,15,20,4,1,2,11,20,4,1
64620360,6,8,19,5,0,20,4,19,3,1,31,7,19,4,1,22,3,20,3,1,78,16,20,5,0,11,16,19,5,0
64619765,5,6,19,3,2,82,21,19,4,1,59,2,20,5,0,43,5,20,4,1,35,1,20,4,1,79,8,20,4,1
64619113,2,11,20,4,1,88,3,20,5,0,15,5,20,3,2,58,10,20,4,1,10,1,20,5,0,37,15,20,4,1
64678817,70,6,20,4,1,64,24,19,5,0,74,3,19,4,1,89,9,18,3,1,74,3,19,4,0,64,24,19,3,1
64675711,88,3,19,2,2,35,2,19,4,1,76,3,19,5,0,80,19,19,4,1,29,2,19,5,0,53,14,19,5,0
64674558,33,1,19,5,0,17,5,19,4,1,78,16,19,4,1,72,11,20,4,1,40,6,19,5,0,74,3,19,5,0
64671359,76,3,19,4,1,86,1,19,5,0,31,7,19,4,0,1,15,19,4,1,78,16,18,4,1,21,9,19,4,0
64685768,72,11,20,4,1,27,2,19,4,0,14,21,19,5,0,40,6,19,4,1,83,6,19,5,0,28,3,20,4,1
64684775,74,3,18,3,0,90,11,19,5,0,36,5,19,2,2,76,3,19,4,1,1,16,19,4,1,33,1,19,5,0
64684078,71,14,20,4,1,81,9,20,3,2,78,16,19,3,2,55,14,19,5,0,67,14,20,5,0,89,9,20,3,2
64683607,84,18,20,3,2,2,10,20,5,0,85,13,20,4,1,11,16,19,4,0,82,21,19,4,0,90,11,19,3,1
64642526,90,11,20,5,0,29,1,20,5,0,83,6,20,4,1,87,24,18,4,1,39,21,20,5,0,1,15,19,4,1
64641912,34,23,19,4,1,43,5,19,4,1,83,6,19,5,0,16,9,19,4,1,20,4,18,5,0,77,24,19,5,0
64641210,28,3,19,4,1,11,16,19,4,1,76,3,18,3,1,15,5,19,4,1,17,5,19,5,0,20,4,18,4,0
64493856,35,1,20,5,0,26,9,20,5,0,90,11,20,5,0,90,11,20,3,2,89,9,20,4,1,47,4,19,4,1
64493171,66,24,20,3,2,63,15,19,3,2,28,3,19,4,1,77,24,20,4,1,80,19,19,3,1,50,21,19,3,1
64647241,46,16,19,3,2,11,18,20,4,1,80,19,20,4,1,69,9,18,4,0,84,18,19,4,1,7,1,19,4,1
64646793,1,15,20,4,1,72,11,19,4,1,77,24,19,5,0,79,8,20,5,0,59,2,19,4,1,61,5,20,5,0
64645844,50,21,20,5,0,82,21,20,4,1,31,7,20,3,2,77,24,20,4,1,28,3,20,2,3,11,16,20,4,1
64645545,58,10,19,4,1,22,3,18,4,1,89,9,18,5,0,87,24,18,3,0,31,7,19,3,1,4,3,19,5,0
64644975,74,3,20,5,0,40,6,20,3,2,90,11,20,3,2,27,16,20,5,0,70,6,20,3,2,90,11,20,4,1
64644240,6,8,20,4,1,24,3,19,5,0,33,1,20,5,0,46,16,19,2,3,17,5,20,3,2,88,3,20,5,0
64643720,11,18,20,4,1,7,1,20,4,1,54,8,20,3,2,18,15,19,4,1,33,1,19,4,1,54,8,20,4,1
64642184,72,11,20,3,2,53,14,20,4,1,3,19,20,3,2,20,4,19,4,0,25,11,19,4,1,79,8,20,3,2
64641563,72,11,20,3,2,68,1,20,5,0,61,5,20,5,0,81,9,20,4,1,28,3,20,5,0,33,1,20,5,0
64693255,23,18,19,5,0,10,1,19,5,0,70,6,19,3,2,6,8,18,4,1,55,14,18,4,0,72,11,19,3,1
64692910,31,7,20,4,1,50,21,20,5,0,1,18,20,4,1,55,14,19,5,0,90,11,20,2,3,31,7,20,3,2
64559221,53,14,18,5,0,2,10,18,4,0,78,16,19,4,0,1,18,17,4,0,54,8,18,4,1,83,6,18,3,0
64558006,73,24,20,4,1,61,5,20,4,1,84,18,20,5,0,65,16,19,3,0,85,13,18,4,0,89,9,20,3,0
64557148,33,1,19,4,1,31,7,19,4,1,78,16,20,3,2,22,3,20,4,1,80,19,19,4,0,11,18,19,5,0
64483884,72,11,19,3,2,88,3,19,5,0,12,7,19,4,1,68,1,18,3,1,31,7,19,4,1,78,16,19,4,1
64483411,67,14,20,3,2,25,11,19,5,0,4,13,19,4,1,11,16,20,2,3,23,15,19,4,1,35,2,19,4,1
64483062,70,6,19,3,2,29,1,19,4,1,11,16,19,5,0,21,9,19,4,1,74,3,19,4,1,4,13,19,4,0
64676758,1,16,15,3,0,67,14,14,4,0,23,18,14,3,0,9,10,14,3,0,11,16,14,3,0,82,21,14,2,0
64674931,68,1,19,3,0,90,11,19,4,1,55,14,19,4,0,29,1,20,3,2,81,9,20,3,2,39,21,19,4,1
64673848,11,16,19,5,0,75,22,20,4,1,72,11,19,3,2,73,24,19,5,0,77,24,19,3,2,33,1,19,5,0
64672707,72,11,19,1,4,65,16,20,3,2,33,1,20,4,1,31,7,20,4,1,23,18,20,4,1,82,21,20,4,1
64671800,40,6,20,4,1,90,11,20,5,0,30,13,20,5,0,10,1,20,4,1,47,4,20,4,1,9,10,20,2,3
64663505,56,20,20,5,0,88,3,20,4,1,70,6,20,3,2,72,11,20,3,2,53,13,20,5,0,64,24,20,4,1
64662660,35,1,19,4,1,24,3,20,4,1,82,21,20,5,0,74,3,20,5,0,90,11,20,4,1,88,3,20,5,0
64661071,74,3,20,5,0,75,22,20,4,1,32,5,20,3,2,20,4,19,5,0,81,9,20,3,2,6,8,20,3,2
64679219,27,16,20,5,0,48,3,20,3,2,81,9,20,4,1,22,3,20,4,1,24,21,20,4,1,43,5,20,4,1
64677148,30,13,19,4,0,1,15,20,3,2,64,24,20,4,1,1,15,20,4,1,57,23,19,5,0,33,1,19,5,0
64675564,80,19,20,5,0,21,9,20,4,1,58,10,20,3,2,80,19,20,4,0,59,2,20,4,0,74,3,20,5,0
64673587,20,4,20,5,0,25,11,20,4,1,2,10,20,4,1,80,19,19,4,1,4,13,19,4,1,39,21,19,5,0
64671925,25,11,20,4,1,20,4,20,5,0,58,10,20,4,1,19,6,20,4,1,22,3,20,5,0,1,15,20,4,1
64626770,30,13,20,4,0,1,15,20,5,0,39,18,20,5,0,23,18,20,5,0,71,14,20,4,1,32,5,19,4,1
64683164,17,5,20,4,1,29,1,20,4,1,28,3,19,4,1,72,11,20,3,2,56,20,20,3,2,65,16,20,4,1
64681919,12,6,17,3,2,89,9,19,4,1,19,6,17,5,0,64,24,19,4,1,22,3,18,5,0,81,9,17,3,1
64680864,56,20,19,4,1,82,21,18,5,0,25,11,18,5,0,82,21,19,4,1,90,11,19,5,0,1,15,19,2,3
64680026,1,18,19,4,1,88,3,19,4,1,12,6,19,4,1,77,24,15,3,0,90,11,15,2,0,67,14,20,4,1
64640985,26,9,20,5,0,75,22,19,4,1,7,2,20,4,1,29,1,19,5,0,25,11,20,4,1,11,16,20,4,1
64639992,74,3,19,4,1,65,16,19,4,1,67,14,20,3,2,52,24,19,3,2,55,14,18,3,0,29,1,19,5,0
64639016,59,2,20,5,0,85,13,20,3,2,17,5,20,5,0,83,6,19,4,1,67,14,20,3,2,33,1,19,5,0
64638252,9,10,20,5,0,28,3,20,5,0,82,21,19,5,0,21,9,20,2,3,74,3,20,4,1,39,18,20,3,2
64637272,73,24,17,4,0,22,3,19,5,0,29,1,19,4,1,88,3,18,5,0,78,16,20,5,0,90,11,20,4,1
64687828,2,11,18,4,1,1,15,18,5,0,81,9,19,4,1,19,6,18,4,1,82,21,18,5,0,88,3,18,4,1
64687140,17,5,20,3,2,11,16,20,5,0,46,16,20,4,1,28,3,19,5,0,89,9,20,5,0,78,16,20,5,0
64686353,28,3,20,4,1,58,10,20,3,1,33,1,19,4,1,79,8,20,3,2,90,11,20,4,1,6,7,20,4,1
64685786,33,1,19,4,1,22,3,19,3,2,31,7,19,3,2,49,19,19,5,0,6,8,19,4,1,76,3,19,4,1
64685085,50,21,19,3,1,18,15,19,3,2,66,24,19,3,2,90,11,19,4,1,73,24,18,2,0,8,22,19,5,0
64684425,65,16,19,3,2,10,1,20,4,1,46,16,20,4,1,26,9,20,3,2,1,14,20,5,0,11,16,19,4,1
64683599,35,1,19,5,0,33,1,19,5,0,70,6,19,3,2,67,14,20,5,0,21,9,20,3,2,76,3,19,4,0
64667999,81,9,20,3,2,1,18,20,4,1,50,21,20,5,0,76,3,20,5,0,11,18,20,4,1,63,15,19,4,1
64666886,15,5,20,5,0,53,14,19,5,0,31,7,20,5,0,76,3,20,4,1,21,9,20,4,1,90,11,19,3,2
64686571,72,11,20,4,1,53,14,19,4,1,1,15,20,4,1,2,11,20,5,0,47,4,20,3,0,80,19,20,4,0
64685470,40,6,20,4,1,52,24,20,4,1,1,15,20,4,0,74,3,19,3,2,26,9,20,3,2,39,21,20,5,0
64671131,39,21,20,5,0,70,6,19,4,1,26,9,20,4,1,76,3,20,5,0,59,2,20,4,1,90,11,20,4,1
64670028,35,2,20,5,0,43,5,20,2,3,29,1,20,5,0,47,4,20,5,0,80,19,20,5,0,89,9,20,5,0
64668642,33,1,20,4,1,64,24,20,3,2,90,11,20,4,1,82,21,20,3,2,86,1,19,4,1,72,11,19,4,1
64667503,84,18,20,5,0,90,11,19,4,1,13,19,19,4,1,1,15,20,5,0,78,16,20,5,0,12,7,20,4,1
64666366,6,8,20,4,1,43,5,20,3,2,45,4,20,5,0,53,14,19,4,1,18,15,20,3,2,6,8,19,4,1
64665741,59,2,20,4,1,9,9,20,4,1,35,2,20,4,1,88,3,20,5,0,72,11,20,4,1,14,21,19,4,1
64587849,6,8,19,4,1,41,24,20,3,2,59,2,20,3,2,53,13,20,3,2,61,5,20,4,1,5,5,20,4,1
64587343,90,11,19,5,0,46,16,19,3,2,77,24,19,3,2,22,3,18,5,0,64,24,17,4,1,30,13,19,3,0
64689714,77,24,19,3,2,30,13,19,5,0,90,11,20,5,0,39,21,19,5,0,72,11,18,2,3,25,11,20,5,0
64689157,88,3,19,5,0,14,21,18,3,2,64,24,18,3,2,89,9,19,4,1,37,15,18,5,0,90,11,18,5,0
64688845,29,1,20,4,0,81,9,20,5,0,67,14,20,5,0,30,13,19,5,0,19,6,19,3,2,34,23,20,3,2
64688276,79,8,19,5,0,72,11,19,4,1,85,13,19,4,1,76,3,19,3,0,67,14,20,5,0,90,11,20,3,2
64687925,17,5,19,5,0,68,1,19,5,0,70,6,19,2,3,89,9,19,3,2,14,21,19,4,1,28,13,19,5,0
64687530,34,23,20,5,0,54,8,19,5,0,13,19,19,5,0,24,3,19,3,2,72,11,19,4,1,28,3,19,5,0
64686819,84,18,20,5,0,78,16,20,4,1,83,6,20,4,1,29,1,19,4,0,4,13,20,2,0,6,8,19,5,0
64685335,82,21,19,5,0,11,18,20,5,0,70,6,20,3,1,77,24,20,5,0,72,11,20,4,1,44,25,19,4,1
64684540,2,11,20,4,1,3,21,19,4,1,33,1,19,5,0,67,14,19,4,0,84,18,20,4,1,90,11,20,5,0
64687132,19,6,19,2,3,40,6,20,3,2,13,15,18,4,0,86,1,19,4,1,25,11,19,3,2,29,1,20,4,1
64686285,73,24,19,5,0,84,18,20,4,1,61,5,20,3,2,13,15,20,5,0,1,15,20,5,0,21,9,20,5,0
64685294,90,11,20,3,2,43,5,20,3,2,76,3,19,5,0,43,5,20,4,0,81,9,20,3,2,20,4,19,3,1
64684820,65,16,20,4,1,28,3,20,4,1,89,9,19,3,2,9,10,19,5,0,66,24,19,3,2,53,14,19,4,1
64683954,19,6,20,4,0,21,9,20,3,2,42,24,19,5,0,72,11,19,3,2,28,3,19,4,1,33,1,19,4,1
64683102,90,11,19,4,1,44,25,19,3,1,16,9,19,4,0,33,1,19,4,1,51,22,20,4,1,80,19,19,3,2
64682267,2,10,19,4,1,23,18,20,5,0,75,22,19,4,0,30,13,19,3,1,82,21,19,4,1,89,9,20,4,1
64681431,22,3,19,4,1,27,16,20,3,1,42,24,20,3,2,90,11,20,4,1,53,14,20,5,0,11,16,19,4,1
64680510,66,24,19,4,1,1,16,19,4,1,22,3,20,4,1,39,21,20,4,0,62,11,20,5,0,55,14,19,3,1
64678609,77,24,20,5,0,49,19,20,5,0,9,10,20,4,1,29,1,20,4,1,40,6,19,4,1,53,14,19,5,0
64589851,76,3,19,4,1,72,11,20,3,2,29,1,20,4,1,68,1,19,4,0,75,22,20,4,1,71,14,20,4,1
64589613,29,1,20,3,2,67,14,20,4,1,87,24,19,3,2,19,6,20,5,0,21,9,20,4,1,88,3,20,5,0
64589208,44,25,20,3,2,70,6,20,3,2,28,3,19,5,0,65,16,20,5,0,58,10,20,4,1,22,3,20,3,1
64588418,36,5,19,3,2,45,4,19,4,1,22,3,19,5,0,68,1,19,4,0,75,22,20,3,2,5,5,20,4,1
64587615,18,15,19,2,1,39,18,19,4,0,88,3,19,5,0,45,4,19,4,0,42,24,20,3,2,2,10,19,4,0
64586746,65,16,19,4,1,31,7,20,3,2,5,6,20,3,2,42,24,20,4,0,80,19,20,3,0,10,1,19,4,0
64585859,15,6,20,2,3,23,18,20,4,1,88,3,19,5,0,24,21,19,4,1,33,1,19,4,0,36,5,19,3,2
64584982,9,9,20,4,1,82,21,20,3,2,46,16,20,4,1,27,2,20,4,0,11,16,20,4,1,77,24,20,5,0
64582485,35,1,19,4,1,43,5,20,3,1,44,25,19,4,1,1,15,19,4,1,65,16,19,5,0,2,11,19,3,2
64667290,66,24,19,4,1,81,9,19,4,1,28,3,19,3,2,23,18,19,4,1,70,6,19,3,2,59,2,19,4,1
64666432,23,18,19,5,0,82,21,19,3,2,81,9,19,2,3,53,14,18,4,1,33,1,19,4,1,1,16,19,4,1
64665439,68,1,19,4,0,31,7,19,4,1,54,8,19,3,2,68,1,19,4,1,90,11,19,3,2,72,11,20,3,2
64664731,88,3,19,5,0,90,11,20,5,0,32,5,20,4,1,78,16,20,5,0,17,5,20,4,1,1,16,20,4,1
64663449,45,4,19,4,1,49,19,20,4,1,19,6,20,4,1,14,21,19,5,0,4,13,19,4,1,7,1,19,5,0
64638116,75,22,20,3,2,79,8,19,4,1,22,3,20,5,0,47,4,19,5,0,44,25,19,5,0,67,14,19,5,0
64636636,65,16,20,5,0,2,11,19,4,1,59,2,20,4,1,37,15,20,4,1,29,1,20,4,1,39,18,20,4,1
64635690,18,15,20,4,1,22,3,20,4,1,87,24,20,4,1,52,24,20,4,1,76,3,20,5,0,83,6,20,4,1
64659239,89,9,19,4,1,1,15,19,5,0,23,18,19,3,2,15,5,20,2,3,1,15,20,4,1,43,5,20,2,3
64653756,58,10,20,4,1,68,1,19,5,0,17,5,20,4,1,49,19,20,5,0,68,1,19,5,0,81,9,20,4,1
64653269,18,15,19,3,2,31,7,20,4,1,14,21,19,4,1,14,21,19,5,0,15,6,20,5,0,21,9,20,2,3
64652924,2,10,20,3,2,74,3,20,5,0,50,21,19,4,1,67,14,19,5,0,65,16,20,5,0,54,8,19,4,1
64652220,6,8,20,4,1,22,3,20,5,0,59,2,19,3,1,28,3,19,3,0,53,13,19,3,0,36,5,19,3,0
64631811,24,21,20,3,2,7,1,19,5,0,4,13,20,4,1,7,1,20,3,2,35,2,20,5,0,86,1,19,4,1
64630738,82,21,20,4,1,46,16,20,3,2,2,11,20,4,1,78,16,20,4,1,14,21,20,5,0,83,6,19,5,0
64628257,89,9,20,5,0,74,3,20,5,0,42,24,20,4,1,74,3,18,3,0,70,6,19,5,0,65,16,17,3,0
64626091,54,8,19,4,1,33,1,19,4,1,1,18,19,3,2,30,13,19,5,0,2,10,20,3,2,29,1,20,4,1
64681326,30,13,17,3,0,37,15,18,5,0,58,10,17,3,1,57,23,17,5,0,53,14,18,5,0,88,3,17,5,0
64679577,30,13,20,5,0,9,10,20,4,1,15,5,20,5,0,89,9,20,4,1,53,14,19,4,1,75,22,20,4,1
64678194,55,14,19,2,2,59,2,19,3,1,72,11,19,3,2,18,15,19,4,1,77,24,20,3,2,63,15,18,4,1
64675882,18,15,20,4,1,26,9,20,5,0,3,21,20,4,1,36,5,20,3,2,28,3,20,4,1,14,21,20,4,1
64671015,72,11,20,5,0,83,6,20,4,1,76,3,19,3,1,29,1,20,5,0,20,4,19,5,0,72,11,19,3,2
64583772,29,1,20,5,0,42,24,20,5,0,46,16,19,2,3,4,13,19,5,0,90,11,19,5,0,2,10,20,5,0
64582471,23,15,19,5,0,82,21,20,5,0,81,9,19,4,1,18,15,20,4,1,62,11,19,4,1,33,1,20,4,1
64581040,31,7,20,4,1,20,4,19,5,0,26,9,19,4,1,47,4,19,3,1,82,21,19,5,0,66,24,19,4,1
64541356,72,11,20,2,3,90,11,20,3,2,88,3,20,4,1,76,3,20,5,0,11,18,20,5,0,2,11,20,5,0
64540341,30,13,19,5,0,1,15,19,4,1,87,24,20,4,1,84,18,19,5,0,70,6,18,5,0,9,10,18,4,1
64539491,18,15,20,5,0,11,18,20,4,1,88,3,20,4,1,2,9,20,1,4,53,14,20,4,1,80,19,19,3,2
64512809,90,11,20,4,1,73,24,19,4,1,55,14,20,5,0,46,16,19,5,0,67,14,19,4,1,4,13,19,3,2
64671447,72,11,20,4,1,76,3,19,4,0,23,18,20,5,0,50,21,19,4,1,76,3,20,4,1,83,6,20,5,0
64669680,78,16,19,3,2,40,6,20,4,1,88,3,20,4,1,50,21,20,5,0,76,3,20,4,1,83,6,20,3,2
64668403,43,5,19,5,0,34,23,19,4,1,86,1,19,5,0,39,18,19,4,1,90,11,18,5,0,1,15,19,5,0
64667064,25,11,20,5,0,81,9,20,4,1,33,1,20,4,1,23,18,20,5,0,78,16,20,4,0,48,3,20,4,0
64666099,25,11,20,3,2,53,14,19,4,1,33,1,20,4,1,85,13,19,5,0,74,3,19,4,1,72,11,20,3,2
64561434,78,16,20,5,0,81,9,20,3,2,33,1,19,4,1,33,1,19,5,0,71,14,20,4,1,4,13,19,4,0
64670587,42,24,19,4,0,68,1,19,4,1,81,9,20,5,0,11,16,20,4,1,67,14,19,4,1,9,9,20,4,1
64669118,78,16,19,3,2,52,24,20,4,1,67,14,20,4,1,23,18,18,4,1,81,9,19,4,1,3,21,20,5,0
64667581,42,24,19,4,0,81,9,20,4,0,33,1,19,4,1,31,7,20,4,1,64,24,20,4,1,76,3,20,5,0
64663470,77,24,19,3,1,53,13,17,2,2,29,1,19,5,0,50,21,18,4,0,85,13,18,3,2,88,3,18,4,0
64662966,36,5,20,4,1,21,9,19,3,1,33,1,19,4,0,62,11,19,4,1,85,13,18,4,1,74,3,19,5,0
64661558,50,21,19,5,0,11,16,19,3,2,42,24,19,4,1,46,16,20,4,1,75,22,20,4,1,73,24,19,3,0
64656304,42,24,18,5,0,33,1,18,4,1,75,22,17,5,0,86,1,17,4,0,11,16,17,4,0,19,6,17,4,0
64655965,82,21,19,4,1,13,15,19,4,1,25,11,20,3,2,72,11,20,4,1,82,21,20,4,0,53,13,20,5,0
64682458,76,3,19,4,0,58,10,19,5,0,14,21,19,5,0,90,11,20,3,2,42,24,20,4,1,23,18,20,4,1
64681497,81,9,20,5,0,18,15,20,3,2,74,3,20,5,0,76,3,19,5,0,15,5,19,4,1,36,5,20,4,1
64643471,9,10,19,3,2,33,1,19,4,0,11,16,19,4,1,48,3,18,5,0,16,9,19,4,0,86,1,19,4,0
64642457,33,1,20,5,0,90,11,20,4,1,11,16,20,4,1,61,5,20,5,0,89,9,20,3,2,35,2,20,5,0
64641691,48,3,19,2,3,82,21,20,5,0,86,1,20,5,0,47,4,20,4,1,33,1,19,5,0,75,22,20,3,2
64640050,68,1,20,5,0,70,6,20,2,3,82,21,19,4,1,45,4,19,4,1,90,11,20,3,2,18,15,19,4,1
64639060,65,16,20,4,1,90,11,20,5,0,60,6,20,4,1,50,21,20,4,0,63,15,20,4,1,10,20,20,3,1
64637751,39,18,19,5,0,61,5,19,4,1,28,3,19,5,0,3,19,19,3,2,1,18,19,4,1,60,6,18,4,1
64635710,74,3,19,5,0,86,1,19,4,1,14,21,20,4,1,48,3,18,5,0,29,1,19,5,0,53,14,18,5,0
64629560,72,11,20,5,0,74,3,20,5,0,90,11,20,3,2,40,6,19,4,1,89,9,20,3,2,65,16,20,4,1
64657985,75,22,20,4,1,53,14,20,3,2,26,9,20,3,2,82,21,19,5,0,77,24,20,5,0,11,16,20,5,0
64657502,89,9,19,5,0,31,7,19,5,0,23,18,19,5,0,14,21,19,4,1,58,10,20,3,2,29,1,20,3,2
64656767,90,11,19,3,2,65,16,20,4,1,33,1,20,5,0,77,24,20,3,2,36,5,20,5,0,68,1,19,4,1
64539039,78,16,20,4,1,82,21,20,4,1,48,3,20,4,1,82,21,20,4,0,74,3,20,4,0,90,11,20,5,0
64538453,79,8,20,4,1,63,15,20,4,1,78,16,20,4,1,76,3,19,4,0,6,8,20,2,3,90,11,19,4,1
64511961,74,3,20,5,0,49,19,20,4,1,15,5,20,3,2,85,13,18,3,0,81,9,19,3,1,23,18,19,5,0
64510721,65,16,19,4,1,72,11,20,3,2,14,21,19,5,0,26,9,20,4,1,1,15,20,4,1,35,2,20,5,0
64508844,5,5,19,4,1,71,14,19,5,0,49,19,18,5,0,64,24,19,4,1,77,24,19,3,2,29,1,18,5,0
64506783,35,2,20,3,2,38,9,20,3,2,33,1,20,5,0,74,3,19,5,0,47,4,20,5,0,79,8,20,3,2
64412550,75,22,20,4,1,18,15,20,3,2,7,1,20,5,0,82,21,20,5,0,55,14,20,5,0,90,11,20,4,1
64611820,82,21,19,4,1,59,2,19,4,1,50,21,19,4,1,74,3,19,5,0,86,1,19,5,0,44,25,19,3,2
64611200,21,9,20,4,1,36,5,20,4,1,37,15,20,3,2,31,7,20,4,1,29,1,20,5,0,39,18,19,4,1
64609879,58,10,20,5,0,70,6,19,4,1,43,5,20,4,1,29,1,20,4,1,6,8,20,4,1,78,16,20,3,2
64608454,82,21,19,4,1,51,22,20,5,0,28,3,20,4,1,23,18,20,5,0,82,21,20,4,1,9,9,20,4,1
64607147,70,6,20,3,2,48,3,19,5,0,50,21,20,5,0,90,11,20,3,2,86,1,20,4,1,28,3,20,2,3
64606523,86,1,20,3,2,70,6,20,4,1,42,24,20,5,0,49,19,20,5,0,25,11,20,5,0,73,24,19,4,0
64605501,50,21,19,4,1,35,2,20,5,0,6,8,19,4,1,74,3,19,5,0,72,11,20,4,1,54,8,20,4,1
64553526,70,6,19,4,1,13,19,20,4,1,48,3,20,3,2,18,15,19,5,0,2,10,20,4,1,45,4,19,4,1
64552475,78,16,20,3,2,33,1,19,4,1,42,24,20,5,0,23,18,19,3,2,59,2,19,4,1,90,11,19,5,0
64551345,90,11,20,3,2,76,3,19,5,0,17,5,20,3,2,23,15,20,4,1,11,16,19,3,1,90,11,18,3,1
64627369,34,23,20,4,1,1,15,20,4,1,68,1,18,5,0,47,4,20,4,1,54,8,20,4,1,24,21,20,4,1
64623052,49,19,20,4,1,62,11,20,4,1,85,13,20,3,2,44,25,20,5,0,49,19,19,5,0,24,3,20,5,0
64618841,4,13,19,4,0,86,1,19,5,0,54,8,20,4,1,31,7,19,5,0,9,9,19,4,0,85,13,19,3,1
64617457,18,15,20,4,1,73,24,20,5,0,44,25,20,5,0,30,13,20,4,0,28,3,20,4,1,17,5,20,4,1
64615924,4,13,20,5,0,1,15,20,4,1,23,18,20,5,0,7,1,20,4,0,17,5,20,3,1,44,25,20,5,0
64590506,55,14,19,5,0,21,9,20,4,1,18,15,20,5,0,48,3,19,2,3,1,15,20,3,2,80,19,20,4,1
64590139,65,16,19,3,2,76,3,19,2,2,54,8,19,3,1,81,9,20,5,0,13,15,20,5,0,14,21,20,4,1
64591628,30,13,19,4,0,64,24,20,5,0,72,11,20,3,2,78,16,19,4,1,82,21,20,4,1,8,22,20,4,1
64591305,85,13,19,4,1,1,18,20,4,1,25,11,20,3,2,90,11,20,5,0,58,10,20,4,1,9,10,20,5,0
64591062,18,15,20,3,2,11,18,20,5,0,46,16,20,4,1,7,1,20,5,0,68,1,20,5,0,58,10,20,2,3
64590389,11,18,19,4,1,59,2,20,5,0,90,11,19,4,1,23,15,19,3,2,72,11,19,5,0,45,4,19,4,0
64590148,29,1,19,5,0,17,5,20,3,2,63,15,20,4,1,70,6,19,3,2,27,6,20,4,0,78,16,20,4,1
64589712,1,15,20,5,0,64,24,20,4,1,17,5,20,5,0,83,6,19,3,1,58,10,20,4,1,11,18,20,5,0
64588986,82,21,20,3,2,32,5,20,3,2,76,3,20,5,0,76,3,20,4,1,58,10,20,3,2,82,21,20,4,1
64588282,78,16,19,3,2,79,8,20,3,2,86,1,20,5,0,53,14,20,4,1,65,16,20,4,1,15,5,20,4,1
64587470,89,9,20,4,1,64,24,20,4,1,7,2,19,4,1,12,7,19,5,0,86,1,20,5,0,78,16,19,4,1
64675391,58,10,20,3,2,76,3,20,5,0,74,3,20,4,1,59,2,20,5,0,57,23,20,3,2,81,9,20,4,1
64674058,22,3,19,4,1,48,3,19,4,1,49,19,19,4,1,78,16,19,5,0,5,5,19,3,2,37,15,19,4,1
64672104,60,6,19,5,0,54,8,19,5,0,87,24,20,4,1,75,22,19,5,0,74,3,19,4,1,64,24,20,5,0
64670872,59,2,20,3,2,56,20,20,4,0,44,25,20,4,0,5,5,20,3,2,76,3,20,5,0,79,8,20,3,2
64669229,22,3,20,4,1,53,14,19,5,0,24,3,20,4,1,22,3,20,3,2,53,13,20,3,2,41,24,19,3,1
64661224,29,1,20,4,1,78,16,20,4,1,67,14,19,5,0,48,3,19,4,0,23,18,19,5,0,1,16,20,3,0
64660775,12,6,19,2,0,84,18,19,4,0,44,25,20,2,0,29,1,20,5,0,79,8,20,3,2,37,15,20,3,2
64659973,77,24,19,4,1,22,3,19,5,0,71,14,19,4,1,48,3,20,4,1,66,24,20,4,1,39,18,20,4,1
64659347,78,16,20,3,2,19,24,20,4,1,44,25,20,3,2,90,11,20,3,2,12,7,20,5,0,27,2,20,4,0
64658537,84,18,20,5,0,33,1,20,4,1,3,21,20,4,1,85,13,19,4,0,1,16,20,4,1,67,14,20,5,0
64657671,55,14,20,3,2,77,24,20,3,2,86,1,20,3,2,55,14,20,5,0,81,9,20,4,1,67,14,20,5,0
64657116,39,18,19,4,1,22,3,19,3,2,81,9,20,4,1,44,25,19,5,0,67,14,19,5,0,26,9,20,4,1
64590249,90,11,20,3,2,59,2,20,4,1,29,1,20,5,0,56,20,20,4,1,89,9,19,4,1,6,8,20,4,1
64589863,77,24,20,3,2,42,24,20,5,0,47,4,20,3,2,84,18,20,5,0,53,14,20,4,0,25,11,20,5,0
64657417,2,10,20,3,2,53,14,19,3,0,81,9,20,2,2,88,3,19,5,0,47,4,19,3,2,21,9,20,4,1
64656742,59,2,20,4,1,21,9,20,4,1,55,14,20,5,0,1,18,20,4,0,28,3,20,5,0,90,11,20,4,1
64595642,44,25,19,5,0,1,15,19,5,0,27,2,19,3,0,70,6,19,3,2,80,19,19,3,2,7,1,19,4,0
64584279,31,7,19,4,1,53,14,20,4,1,46,16,19,5,0,10,1,20,5,0,77,24,20,4,1,23,15,20,4,1
64582151,47,4,20,4,1,18,15,20,4,1,89,9,19,4,1,48,3,20,5,0,28,3,19,5,0,70,6,20,4,1
64581277,41,24,19,5,0,39,18,19,3,2,1,16,20,3,2,61,5,19,3,0,50,21,20,3,1,16,9,19,4,0
64580491,77,24,18,4,1,76,3,18,4,0,10,1,18,5,0,67,14,18,3,2,78,16,18,2,0,33,1,18,4,1
64578627,55,14,20,4,0,5,6,20,4,1,19,6,20,5,0,77,24,20,3,2,23,15,20,4,1,88,3,20,5,0
64576701,28,3,20,4,1,87,24,20,4,1,13,19,19,4,1,78,16,20,4,1,18,15,20,5,0,89,9,20,5,0
64694441,82,21,19,4,1,68,1,18,2,0,58,10,19,3,2,70,6,19,5,0,80,19,19,4,1,23,18,19,4,1
64694256,60,6,20,4,1,82,21,19,5,0,69,9,19,0,5,37,15,19,4,0,81,9,18,5,0,22,3,18,4,0
64694004,7,1,19,4,0,58,10,18,3,0,67,14,19,2,3,64,24,19,4,1,18,15,18,5,0,90,11,19,4,1
64693582,70,6,17,5,0,1,15,16,4,0,80,19,16,5,0,70,6,16,5,0,72,11,16,4,0,79,8,16,4,0
64693328,75,22,19,5,0,30,13,19,5,0,25,11,20,4,1,21,9,19,3,2,36,5,20,4,1,20,4,18,5,0
64641679,63,15,18,5,0,83,6,18,4,1,80,19,17,3,1,84,18,17,2,1,39,18,17,4,1,90,11,17,5,0
64641287,70,6,20,3,2,78,16,20,5,0,53,14,20,4,1,2,10,20,3,2,14,21,20,3,2,11,16,19,5,0
64684415,18,15,20,5,0,75,22,20,2,3,27,2,20,4,0,46,16,20,5,0,67,14,20,5,0,32,5,20,3,2
64683968,71,14,20,5,0,40,6,20,3,2,32,5,20,4,1,90,11,20,3,2,83,6,20,4,1,25,11,20,5,0
64682432,44,25,20,3,2,31,7,20,3,2,18,15,20,5,0,18,15,20,4,1,79,8,20,3,2,76,3,20,4,1
64680838,81,9,20,4,1,68,1,19,5,0,2,10,19,3,2,2,9,20,3,0,18,15,20,3,2,49,19,19,4,1
64679543,90,11,20,4,1,55,14,20,5,0,18,15,19,4,1,10,20,19,5,0,66,24,20,5,0,39,18,20,5,0
64675830,80,19,18,4,1,75,22,19,3,2,4,13,18,4,1,79,8,19,5,0,37,15,19,4,1,31,7,19,3,2
64674226,2,11,19,3,2,56,20,20,5,0,33,1,20,5,0,70,6,20,2,3,7,1,20,3,2,53,14,20,4,1
64673047,46,16,20,3,2,42,24,20,4,1,39,21,20,4,1,6,7,20,4,1,71,14,20,4,1,59,2,20,4,1
64671394,63,15,19,5,0,58,10,20,4,1,74,3,20,4,1,82,21,19,4,1,35,1,19,5,0,90,11,19,5,0
64669136,84,18,20,3,2,72,11,20,5,0,39,18,20,5,0,74,3,20,4,1,59,2,20,4,1,35,1,20,3,2
64677193,11,16,19,3,2,9,10,20,4,1,85,13,19,4,1,15,5,20,5,0,89,9,20,4,0,59,2,19,5,0
64675957,33,1,20,3,2,20,4,19,5,0,72,11,20,3,2,72,11,19,3,2,89,9,19,5,0,50,21,19,3,1
64674562,20,4,19,4,1,89,9,20,4,1,90,11,20,3,2,79,8,19,5,0,9,10,20,3,2,27,16,18,4,1
64673866,58,10,20,4,1,44,25,20,5,0,33,1,20,5,0,78,16,20,5,0,1,16,20,4,1,90,11,20,4,1
64660083,36,5,20,4,1,89,9,20,3,2,30,13,19,4,0,65,16,19,3,0,4,3,20,3,1,28,3,20,4,1
64659612,3,16,20,2,3,11,16,20,3,2,27,9,20,4,0,57,23,20,3,2,37,15,20,3,2,33,1,20,5,0
64658657,26,9,20,4,1,31,7,20,3,2,55,14,20,5,0,74,3,20,4,0,58,10,20,4,0,75,22,20,3,2
64658113,39,18,20,5,0,1,15,19,5,0,47,4,20,4,1,31,7,20,5,0,76,3,20,4,0,67,14,20,5,0
64657308,4,13,19,4,1,90,11,19,3,2,26,9,18,4,1,88,3,18,5,0,39,18,18,4,0,2,9,16,3,0
64665480,84,18,19,4,1,73,24,19,5,0,63,15,19,4,0,78,16,20,4,1,46,16,20,3,2,42,24,20,4,1
64623290,90,11,20,5,0,7,1,20,5,0,79,8,20,4,1,24,3,20,4,1,63,15,20,4,1,54,8,20,4,1
64621614,43,5,20,3,2,75,22,20,4,1,68,1,19,4,1,78,16,20,5,0,11,18,20,4,1,2,10,20,5,0
64620610,31,7,19,2,3,33,1,19,4,1,20,4,19,5,0,40,6,19,4,0,67,14,19,3,1,11,16,19,3,0
64619638,11,16,19,5,0,19,6,19,4,1,86,1,20,4,1,63,15,19,5,0,65,16,20,3,2,90,11,20,3,2
64618122,20,4,20,5,0,63,15,20,4,1,70,6,20,4,1,3,21,19,5,0,11,16,19,5,0,70,6,20,4,1
64615220,77,24,20,4,1,11,16,20,5,0,40,6,20,5,0,89,9,20,4,1,40,6,20,3,2,39,18,19,5,0
64680678,57,23,19,4,1,23,18,19,5,0,63,15,19,5,0,90,11,19,4,1,28,3,19,4,1,27,6,19,4,0
64679433,82,21,20,5,0,81,9,20,3,2,74,3,20,4,1,10,20,19,5,0,90,11,20,4,1,21,9,20,4,1
64676795,89,9,19,2,3,33,1,20,5,0,52,24,19,3,2,74,3,20,4,1,2,9,19,4,1,72,11,20,3,2
64675850,80,19,19,4,1,66,24,20,4,1,22,3,19,5,0,65,16,19,4,1,75,22,19,5,0,18,15,20,5,0
64636506,11,16,20,3,2,84,18,20,3,2,4,13,20,4,1,64,24,19,3,1,73,24,18,1,0,65,16,20,4,0
64635462,59,2,19,4,1,21,9,19,5,0,11,16,19,5,0,15,6,19,4,1,65,16,19,4,0,55,14,19,4,0
64633671,26,9,19,3,2,74,3,19,4,1,72,11,19,3,2,67,14,19,5,0,2,10,19,5,0,64,24,20,5,0
64631903,58,10,20,3,2,22,3,19,5,0,6,8,20,3,2,23,15,19,4,1,5,5,19,3,2,30,13,19,4,0
64630556,58,10,20,3,2,25,11,20,3,2,65,16,19,5,0,7,1,19,4,1,69,9,19,3,0,78,16,20,3,2
64690563,84,18,19,4,1,90,11,20,4,1,78,16,19,3,2,74,3,19,5,0,12,7,20,2,3,48,3,20,4,1
64690186,37,15,19,4,1,82,21,19,5,0,17,5,19,4,1,81,9,19,3,0,46,16,19,4,0,33,1,18,1,0
64689770,23,18,20,4,1,14,21,20,3,2,72,11,20,2,3,81,9,20,4,1,26,9,20,4,1,33,1,19,5,0
64689318,20,4,20,5,0,90,11,20,4,1,40,6,20,2,3,54,8,20,5,0,23,18,20,4,1,16,9,20,4,0
64660140,9,9,20,3,2,29,1,20,5,0,22,3,20,4,1,67,14,20,4,1,72,11,20,4,1,48,3,20,4,1
64659372,89,9,20,4,1,11,18,20,5,0,47,4,19,4,1,1,15,20,3,2,29,2,20,5,0,56,20,19,4,1
64658946,78,16,18,4,0,28,3,18,3,1,58,10,18,3,1,59,2,18,3,1,31,7,18,3,1,4,13,17,2,0
64658284,70,6,20,3,2,14,21,20,4,1,37,15,19,4,1,17,5,19,3,1,11,16,18,2,2,18,15,19,5,0
64645009,87,24,20,4,1,74,3,20,3,2,36,5,20,4,1,31,7,19,4,1,26,9,19,4,1,39,18,20,4,1
64692217,89,9,20,5,0,78,16,20,3,2,28,3,20,4,1,70,6,20,4,1,80,19,20,4,1,28,3,20,4,0
64691937,80,19,20,3,2,85,13,20,4,1,62,11,20,3,2,22,3,19,5,0,28,3,20,3,2,32,5,20,3,2
64691685,74,3,19,4,1,44,25,19,5,0,58,10,19,4,1,22,3,20,4,1,7,1,19,4,0,11,18,20,4,0
64691090,88,3,20,3,2,28,3,20,4,1,58,10,20,4,1,49,19,20,5,0,18,15,20,3,2,79,8,20,4,1
64690834,84,18,20,3,2,33,1,20,5,0,81,9,20,3,2,85,13,20,4,0,39,21,19,5,0,79,8,20,4,1
64625497,17,5,20,4,1,1,15,20,5,0,11,18,20,5,0,79,8,20,4,1,31,7,20,3,2,59,2,20,5,0
64621725,76,3,20,5,0,72,11,19,5,0,58,10,20,4,1,75,22,20,5,0,86,1,20,4,1,63,15,20,4,1
64596240,49,19,20,4,1,83,6,20,5,0,71,14,20,4,1,81,9,20,4,1,8,22,19,4,1,11,16,19,5,0
64595575,90,11,20,4,1,28,3,20,4,1,7,1,20,4,1,29,1,20,5,0,6,8,20,4,1,87,24,20,1,4
64684041,11,16,19,5,0,17,5,20,3,2,72,11,20,4,1,74,3,19,5,0,62,11,20,4,1,76,3,19,1,1
64683170,89,9,20,5,0,1,15,20,5,0,90,11,19,4,1,6,8,20,2,3,23,18,19,4,1,11,18,19,4,1
64682170,15,5,18,4,1,14,21,19,4,1,89,9,19,3,1,61,5,16,5,0,58,10,18,4,1,44,25,18,4,0
64681125,59,2,20,4,1,7,1,20,5,0,1,14,20,3,2,58,10,19,4,1,20,4,19,4,0,72,11,20,4,1
64683063,74,3,20,4,0,58,10,19,3,2,14,21,20,5,0,72,11,20,4,1,17,5,19,4,1,30,13,20,5,0
64681514,59,2,20,4,1,48,3,20,5,0,70,6,19,2,2,64,24,20,4,1,43,5,20,4,1,46,16,20,4,1
64679670,1,18,20,3,2,62,11,20,4,1,30,13,19,5,0,33,1,19,5,0,4,13,20,4,1,46,16,20,4,1
64677724,85,13,19,3,1,89,9,19,4,0,14,21,20,4,1,5,6,19,4,1,48,3,20,4,0,33,1,19,4,0
64676207,27,2,20,4,0,1,15,20,5,0,23,18,20,5,0,22,3,20,3,2,62,11,20,4,1,65,16,20,4,1
64674077,3,21,20,5,0,17,5,20,3,2,38,9,20,3,2,20,4,20,5,0,72,11,20,3,2,47,4,20,4,1
64673116,29,1,19,5,0,67,14,20,4,1,2,10,20,4,1,56,20,19,5,0,33,1,20,3,2,25,11,20,3,2
64672550,49,19,19,5,0,19,24,20,5,0,31,7,20,3,2,81,9,20,4,1,66,24,20,4,0,74,3,19,4,0
64638763,65,16,20,4,1,24,21,20,4,1,29,1,19,4,1,3,21,20,4,1,70,6,19,5,0,1,15,20,3,2
64638211,70,6,20,3,2,89,9,20,3,2,20,4,20,5,0,62,11,20,4,1,88,3,19,4,0,65,16,20,3,2
64639129,75,22,20,4,0,72,11,20,5,0,33,1,19,3,0,89,9,20,3,2,35,1,19,3,2,17,5,20,3,2
64637944,68,1,19,4,0,81,9,20,3,2,78,16,20,2,3,27,16,19,4,0,16,9,19,5,0,37,15,19,3,1
64102467,33,1,20,4,1,27,6,20,4,1,90,11,20,3,2,74,3,20,5,0,2,10,20,4,1,90,11,20,5,0
64101351,46,16,20,5,0,90,11,20,3,2,74,3,19,4,1,90,11,20,5,0,55,14,20,5,0,43,5,20,4,1
64100149,72,11,20,3,2,75,22,20,3,2,76,3,20,5,0,32,5,20,3,2,76,3,20,5,0,49,19,20,3,2
64098771,4,3,19,5,0,89,9,20,4,1,32,5,19,3,2,90,11,19,5,0,76,3,19,4,0,38,9,19,4,0
64098161,26,9,19,3,2,90,11,20,4,1,83,6,19,3,0,22,3,19,4,0,85,13,19,4,1,90,11,19,4,1
64096804,47,4,19,4,1,76,3,19,5,0,21,9,19,3,2,90,11,20,3,2,30,13,19,2,1,88,3,18,5,0
64674265,55,14,20,5,0,72,11,20,3,2,14,21,19,5,0,53,13,19,4,0,47,4,19,4,1,31,7,20,4,1
64512922,15,6,19,4,1,78,16,20,3,2,88,3,19,3,0,87,24,20,4,1,31,7,20,4,1,33,1,20,1,2
64511223,27,9,19,3,1,70,6,20,2,3,46,16,20,4,1,19,6,19,3,0,22,3,19,5,0,50,21,19,3,1
64506796,11,16,18,4,1,42,24,19,4,1,48,3,19,4,1,33,1,18,4,0,1,18,19,5,0,13,19,18,2,1
64504724,81,9,20,3,2,11,18,19,5,0,49,19,20,5,0,6,8,20,5,0,76,3,19,5,0,61,5,19,5,0
64503974,71,14,20,5,0,72,11,20,3,2,47,4,20,5,0,50,21,19,3,0,60,6,20,5,0,42,24,20,5,0
64459614,33,1,19,5,0,70,6,19,4,1,20,4,18,5,0,88,3,19,4,0,25,11,20,5,0,23,18,19,5,0
64457514,41,24,19,5,0,72,11,20,3,2,78,16,20,4,1,85,13,20,4,1,31,7,19,3,2,22,3,20,5,0
64456170,1,15,19,3,1,64,24,19,4,1,55,14,18,5,0,82,21,19,5,0,20,4,19,5,0,72,11,19,2,3
64605977,24,21,20,4,1,76,3,20,5,0,72,11,20,3,2,1,15,20,5,0,20,4,19,3,0,72,11,20,5,0
64604516,50,21,19,3,2,64,24,19,4,1,23,18,19,3,2,68,1,19,5,0,29,1,20,3,2,6,8,19,3,2
64603880,85,13,19,5,0,19,24,19,4,1,6,8,19,4,1,8,22,19,4,1,37,15,18,5,0,74,3,19,5,0
64603017,37,15,19,3,2,21,9,19,3,2,76,3,19,4,0,32,5,20,3,1,20,4,20,4,0,31,7,20,4,0
64602282,44,25,19,4,1,89,9,20,4,1,28,3,20,4,1,90,11,19,5,0,22,3,19,5,0,89,9,20,4,1
64600656,82,21,19,5,0,90,11,20,2,3,76,3,20,5,0,87,24,20,5,0,64,24,20,5,0,50,21,20,5,0
64556950,17,5,19,4,0,77,24,19,5,0,1,18,18,5,0,77,24,18,2,2,55,14,17,3,0,2,11,19,4,0
64587694,19,6,19,3,2,78,16,19,4,1,27,9,20,3,1,33,1,20,4,0,1,14,20,3,1,89,9,20,3,2
64586951,21,9,20,5,0,4,13,19,3,2,49,19,20,4,1,35,2,19,5,0,90,11,18,3,2,39,18,19,4,1
64651122,79,8,20,4,1,84,18,20,3,2,78,16,20,5,0,52,24,20,4,1,1,18,20,4,1,53,14,19,4,1
64650875,23,18,20,4,1,74,3,20,4,1,11,18,20,4,1,43,5,20,4,1,10,1,20,4,1,40,6,20,4,1
64650577,79,8,20,3,2,29,1,19,4,1,48,3,20,3,2,20,4,19,3,0,24,3,20,5,0,72,11,20,5,0
64650446,1,18,19,3,2,74,3,19,4,1,19,6,20,4,1,37,15,20,5,0,33,1,19,4,1,38,9,19,4,1
64650263,67,14,20,5,0,21,9,20,4,1,29,1,20,4,1,82,21,19,4,1,59,2,19,5,0,81,9,19,5,0
64650066,88,3,20,5,0,12,7,20,4,1,67,14,20,3,2,81,9,20,4,1,76,3,20,4,0,46,16,20,5,0
64649758,72,11,19,4,1,29,1,20,5,0,53,14,19,3,0,89,9,20,3,0,33,1,20,3,1,29,1,20,4,0
64633691,72,11,20,3,2,26,9,20,3,2,33,1,20,5,0,20,4,19,4,0,74,3,20,5,0,2,11,20,3,2
64631904,29,1,19,5,0,64,24,19,3,2,6,8,19,4,1,28,13,20,5,0,89,9,20,4,1,65,16,19,4,1
64609538,29,1,19,4,1,64,24,20,3,2,11,16,20,5,0,29,1,20,4,1,31,7,20,3,2,3,21,19,5,0
64662745,74,3,19,4,1,83,6,19,3,2,17,5,20,2,3,70,6,19,5,0,49,19,20,4,1,86,1,19,4,1
64662259,39,21,19,5,0,72,11,20,3,2,76,3,20,5,0,11,18,20,3,2,76,3,20,4,1,27,16,20,3,1
64661810,38,9,20,3,2,71,14,20,5,0,11,18,20,3,2,44,25,20,4,1,65,16,20,4,1,22,3,20,4,1
64661143,19,6,20,3,2,4,3,20,3,2,53,13,20,4,1,53,14,20,5,0,77,24,20,3,2,33,1,20,4,1
64659993,88,3,19,4,1,21,9,20,3,2,13,19,19,4,1,4,13,19,3,1,56,20,20,5,0,39,18,20,5,0
64659160,71,14,20,5,0,35,2,20,4,1,77,24,20,3,2,58,10,20,5,0,20,4,20,4,1,59,2,19,5,0
64658734,61,5,20,4,1,74,3,19,4,1,81,9,20,3,2,82,21,20,4,1,69,9,20,5,0,59,2,19,5,0
64639831,89,9,20,3,2,88,3,20,5,0,16,9,19,2,3,77,24,19,4,1,28,3,19,2,3,68,1,19,5,0
64639196,67,14,20,4,1,74,3,19,4,1,63,15,19,4,1,23,18,20,4,1,4,3,19,4,1,40,6,18,4,1
64637829,41,24,19,5,0,1,15,19,3,2,56,20,19,4,1,42,24,20,5,0,90,11,19,4,1,86,1,19,4,1
64636927,31,7,20,3,2,13,15,19,4,1,2,11,20,4,1,9,10,20,4,1,74,3,20,5,0,29,1,20,3,2
64635284,89,9,20,3,2,29,1,20,4,1,47,4,19,4,1,89,9,20,5,0,1,15,19,4,0,86,1,18,4,0
64633436,56,20,20,3,2,33,1,20,4,1,15,5,20,3,2,67,14,20,5,0,33,1,20,3,1,90,11,20,4,1
64587223,44,25,20,4,1,50,21,20,3,2,56,20,20,4,1,58,10,20,4,1,2,10,20,3,2,8,22,20,5,0
64586382,7,1,19,3,2,69,9,17,3,1,4,3,18,3,1,74,3,18,5,0,59,2,19,5,0,90,11,19,4,1
64670412,70,6,19,4,1,29,1,20,5,0,86,1,20,4,1,6,7,19,2,2,44,25,19,4,0,53,14,20,5,0
64662926,2,9,19,4,1,20,4,19,5,0,72,11,20,4,1,76,3,19,3,1,25,11,20,4,1,2,11,20,3,2
64662292,17,5,20,3,2,76,3,20,5,0,86,1,19,5,0,67,14,20,3,2,29,1,19,4,1,78,16,20,5,0
64661438,46,16,20,4,1,1,15,20,2,3,53,14,20,5,0,32,5,20,3,2,9,9,20,4,1,13,19,20,5,0
64660499,71,14,20,4,1,46,16,20,5,0,90,11,20,4,1,79,8,20,3,2,63,15,20,4,1,13,19,19,5,0
64450475,26,9,19,4,1,29,1,20,5,0,33,1,19,3,1,82,21,19,5,0,14,21,19,4,1,12,7,19,5,0
64450049,74,3,19,5,0,78,16,20,5,0,38,9,20,5,0,73,24,20,4,1,65,16,20,4,1,8,22,20,3,2
64449470,66,24,20,4,1,27,16,20,4,0,29,1,20,4,1,68,1,19,2,1,1,18,20,4,1,72,11,20,4,1
64449192,35,2,19,4,0,29,1,19,5,0,70,6,20,4,1,58,10,20,4,1,37,15,20,4,1,65,16,20,4,1
64624253,36,5,20,4,1,90,11,20,2,3,68,1,20,4,1,74,3,20,5,0,78,16,20,4,1,90,11,20,4,1
64622462,50,21,20,5,0,14,21,20,3,2,86,1,20,5,0,70,6,20,5,0,23,18,19,4,1,85,13,20,4,1
64582244,59,2,20,4,1,4,3,20,4,1,77,24,20,2,3,17,5,20,4,1,1,18,20,4,1,86,1,19,5,0
64570860,49,19,20,4,1,83,6,19,3,2,9,9,20,3,2,28,3,20,4,1,35,1,19,3,2,6,7,20,5,0
64569648,59,2,20,5,0,71,14,19,4,0,39,21,20,5,0,89,9,19,4,1,71,14,20,5,0,33,1,19,3,2
64548255,54,8,19,5,0,1,14,18,5,0,82,21,19,3,2,26,9,19,5,0,74,3,19,4,1,70,6,19,4,1
64545947,47,4,20,4,1,9,9,19,4,1,44,25,20,5,0,11,18,20,5,0,48,3,19,4,1,83,6,20,4,1
64586989,72,11,20,4,1,3,21,20,3,2,20,4,19,5,0,28,3,20,4,1,53,14,20,5,0,29,1,19,4,1
64553385,20,4,17,4,0,36,5,17,4,0,29,1,17,4,0,18,15,17,2,1,87,24,17,4,0,82,21,17,3,0
64552255,78,16,19,3,2,42,24,19,4,1,28,3,19,5,0,64,24,19,3,0,67,14,20,5,0,73,24,20,2,3
64551154,21,9,20,2,3,35,2,20,5,0,27,9,20,3,2,4,3,18,3,0,18,15,18,4,0,74,3,19,3,0
64550184,17,5,19,3,2,68,1,19,5,0,39,18,19,4,1,30,13,18,4,1,67,14,19,4,1,79,8,20,4,1
64549322,81,9,19,4,1,56,20,20,4,1,43,5,19,3,2,68,1,17,3,0,72,11,20,3,2,9,9,20,4,1
64548806,61,5,18,3,1,1,15,19,5,0,14,21,18,3,1,58,10,18,3,2,84,18,19,5,0,63,15,18,3,1
64547994,7,1,20,5,0,11,18,19,5,0,4,13,19,5,0,55,14,19,3,0,17,5,20,4,1,18,15,19,4,1
64606908,46,16,19,4,0,27,16,19,4,0,42,24,20,4,1,59,2,20,4,1,72,11,19,5,0,28,3,20,5,0
64605972,54,8,20,4,1,81,9,19,3,2,35,1,20,5,0,11,16,19,3,0,61,5,19,4,1,2,11,19,4,0
64604781,67,14,20,5,0,87,24,20,4,1,76,3,19,4,1,31,7,20,4,1,45,4,20,5,0,90,11,20,3,2
64510647,1,15,20,3,2,33,1,19,4,1,38,9,19,3,2,4,13,19,5,0,17,5,20,4,1,70,6,20,5,0
64509133,21,9,20,3,2,45,4,19,3,0,6,7,19,5,0,83,6,19,4,0,4,3,20,4,1,29,1,19,4,1
64421026,64,24,20,5,0,81,9,20,4,1,65,16,20,3,2,1,18,20,3,2,46,16,19,5,0,86,1,20,4,1
64419813,39,18,20,4,1,3,21,20,5,0,28,3,20,4,1,33,1,19,4,1,65,16,20,4,1,90,11,19,4,1
64418744,67,14,20,5,0,90,11,20,4,1,4,3,20,5,0,38,9,20,4,1,90,11,20,5,0,74,3,19,4,1
64417180,67,14,19,3,2,89,9,20,4,1,64,24,19,3,0,36,5,19,4,1,40,6,19,5,0,24,3,19,4,1
64690936,59,2,19,4,1,77,24,20,3,2,76,3,19,4,1,21,9,20,5,0,5,5,19,3,1,63,15,19,3,1
64690797,58,10,20,4,1,55,14,19,5,0,90,11,20,3,2,89,9,20,3,2,47,4,20,4,1,33,1,20,4,1
64690592,90,11,20,3,2,27,9,20,4,0,26,9,19,3,2,90,11,20,3,2,66,24,20,5,0,50,21,20,5,0
64689419,65,16,20,5,0,89,9,20,3,2,11,18,20,4,1,29,1,18,2,1,2,9,19,3,0,85,13,19,4,0
64686184,79,8,20,4,1,72,11,20,4,1,55,14,19,4,0,46,16,19,4,1,65,16,20,4,1,38,9,20,4,1
64685267,17,5,20,2,3,58,10,20,4,1,8,22,20,5,0,82,21,20,4,1,20,4,19,5,0,58,10,20,4,1
64683601,22,3,19,5,0,90,11,18,4,1,82,21,18,3,2,8,22,19,3,2,23,15,19,5,0,88,3,18,5,0
64682532,78,16,19,4,1,21,9,20,2,3,45,4,20,3,2,63,15,20,4,1,84,18,20,4,1,15,5,19,4,1
64680612,9,10,20,4,1,88,3,19,4,1,10,20,20,3,2,55,14,19,5,0,44,25,20,3,2,89,9,20,3,2
64671263,79,8,19,4,1,78,16,20,3,2,3,21,19,4,1,31,7,19,4,1,55,14,19,5,0,88,3,19,5,0
64670403,59,2,20,4,1,21,9,20,3,2,33,1,20,3,2,63,15,19,4,1,45,4,19,5,0,62,11,20,4,1
64655419,28,3,20,5,0,17,5,19,4,1,46,16,20,4,1,33,1,19,4,1,24,21,19,5,0,75,22,19,5,0
64638823,85,13,19,3,1,71,14,20,5,0,62,11,20,5,0,39,18,20,4,1,6,8,20,3,2,33,1,20,4,1
64637795,11,16,18,4,1,22,3,20,4,1,90,11,20,5,0,86,1,19,5,0,33,1,19,4,1,89,9,20,4,1
64635894,82,21,20,4,1,20,4,19,5,0,90,11,20,4,1,86,1,20,4,1,22,3,19,5,0,82,21,19,4,1
64633988,87,24,20,5,0,31,7,20,4,1,15,5,20,4,1,25,11,20,3,2,73,24,19,2,0,86,1,19,5,0
64611117,34,23,20,4,1,85,13,19,5,0,72,11,20,3,2,75,22,20,4,1,29,1,20,4,1,11,16,20,4,1
64610268,28,3,20,5,0,70,6,20,3,2,47,4,20,4,0,1,15,20,4,1,53,13,20,4,1,42,24,20,5,0
64692033,88,3,18,4,1,83,6,19,5,0,21,9,19,4,1,63,15,18,4,0,21,9,19,4,1,46,16,19,4,1
64691794,81,9,20,2,3,46,16,20,3,2,74,3,20,4,1,22,3,20,4,1,67,14,19,4,0,50,21,20,2,0
64691559,83,6,20,3,2,90,11,20,3,2,86,1,20,3,2,22,3,20,4,1,76,3,20,5,0,25,11,19,5,0
64691375,89,9,20,3,2,85,13,19,2,2,90,11,19,5,0,11,16,20,5,0,64,24,20,4,1,90,11,20,5,0
64691095,74,3,18,2,3,87,24,20,3,2,65,16,20,3,2,75,22,19,4,1,65,16,20,4,0,76,3,17,4,0
64690912,31,7,20,3,2,7,1,20,4,1,48,3,20,4,1,58,10,19,4,1,48,3,20,4,1,64,24,20,5,0
64653693,14,21,20,5,0,8,22,20,4,1,65,16,20,5,0,68,1,19,4,1,72,11,20,5,0,58,10,19,4,1
64478500,19,6,19,4,0,68,1,18,4,0,39,21,19,3,2,53,13,18,3,0,7,1,19,4,1,69,9,18,2,0
64478005,89,9,20,3,2,35,2,19,4,1,15,5,19,3,2,88,3,19,4,1,2,11,20,4,1,76,3,19,4,1
64644572,21,9,20,2,3,44,25,19,4,1,27,6,19,4,0,58,10,20,5,0,29,2,20,4,0,21,9,20,3,1
64637190,25,11,20,4,1,14,21,20,4,1,67,14,20,4,1,15,5,20,3,2,58,10,20,4,1,85,13,20,5,0
64634951,21,9,20,4,1,78,16,20,3,2,90,11,20,3,2,31,7,20,4,1,72,11,19,4,1,20,4,20,4,0
64583443,69,9,19,2,0,29,1,20,3,2,32,5,20,5,0,74,3,19,5,0,89,9,19,3,1,12,7,19,4,1
64582323,89,9,20,4,1,48,3,20,5,0,16,9,20,4,1,72,11,20,3,2,13,19,20,4,1,26,9,20,3,2
64580601,22,3,19,3,2,79,8,20,4,1,47,4,19,4,1,33,1,18,3,0,89,9,19,4,0,24,21,20,4,0
64579259,54,8,20,4,1,11,18,20,2,3,29,1,20,3,2,15,6,20,5,0,88,3,20,4,0,79,8,20,3,1
64576393,29,1,19,4,1,79,8,20,5,0,67,14,19,4,1,22,3,19,4,1,82,21,19,4,1,87,24,20,5,0
64575710,17,5,20,3,2,4,13,19,5,0,1,18,20,5,0,9,9,19,2,2,67,14,20,5,0,74,3,20,5,0
64552229,44,25,20,3,2,73,24,19,4,0,88,3,20,3,2,20,4,20,5,0,78,16,20,5,0,79,8,20,4,1
64551468,53,14,20,3,2,55,14,20,5,0,89,9,20,3,2,9,10,19,4,1,2,9,19,4,1,11,18,20,4,1
64550224,26,9,20,3,2,66,24,20,4,1,76,3,18,3,2,84,18,19,5,0,72,11,19,4,1,33,1,19,5,0
64549130,22,3,19,5,0,72,11,19,4,1,65,16,19,4,1,90,11,19,4,1,50,21,19,3,2,74,3,19,3,2
64547681,90,11,20,3,2,50,21,20,5,0,33,1,20,4,1,61,5,20,4,1,1,15,20,4,1,67,14,20,3,2
64438327,90,11,20,4,1,29,1,20,4,1,50,21,20,4,1,29,1,20,4,1,90,11,19,4,1,48,3,20,4,1
64438155,72,11,20,4,1,19,24,19,5,0,67,14,20,4,1,75,22,19,4,1,10,1,18,4,1,74,3,19,5,0
64437782,58,10,19,4,1,82,21,19,3,2,55,14,20,5,0,87,24,20,5,0,72,11,19,3,2,11,16,20,5,0
64437456,75,22,20,4,1,43,5,20,3,2,29,1,20,3,2,22,3,20,5,0,55,14,19,3,1,17,5,20,4,1
64424865,7,2,20,3,2,49,19,20,4,1,28,3,20,4,1,27,16,20,3,1,90,11,20,4,1,53,14,18,4,1
64408790,1,14,19,3,2,2,11,19,3,2,33,1,18,4,1,28,13,18,1,1,3,21,19,2,1,90,11,18,4,0
64407953,29,1,20,4,1,23,18,20,3,2,8,22,19,4,1,17,5,20,5,0,35,1,20,5,0,9,10,20,4,1
64407428,90,11,19,4,1,63,15,19,4,1,83,6,19,5,0,6,8,19,3,2,75,22,19,3,1,24,3,19,5,0
64406834,82,21,19,5,0,2,11,19,4,1,14,21,19,2,3,74,3,20,4,1,59,2,20,4,1,34,23,19,3,2
64406188,89,9,20,4,1,29,1,20,4,1,59,2,20,4,1,56,20,20,4,1,4,13,19,4,0,90,11,20,3,2
64405634,29,1,19,4,1,59,2,19,3,2,9,10,19,3,2,47,4,19,4,1,66,24,19,5,0,50,21,19,5,0
64404969,89,9,19,3,2,74,3,19,5,0,48,3,19,3,2,90,11,20,5,0,40,6,20,4,1,13,15,20,2,0
64404603,18,15,20,3,2,47,4,20,4,1,14,21,20,5,0,4,13,20,3,2,15,6,20,4,1,33,1,20,4,1
64403676,35,2,20,5,0,90,11,20,4,1,44,25,20,4,1,37,15,20,4,1,90,11,20,5,0,78,16,19,4,1
64402810,39,21,20,4,1,74,3,20,5,0,34,23,20,4,1,89,9,20,4,1,74,3,20,5,0,12,7,19,5,0
64533224,67,14,20,4,1,88,3,20,4,1,72,11,20,4,1,67,14,20,5,0,11,16,19,3,1,57,23,20,3,2
64532996,89,9,20,3,2,74,3,20,4,1,48,3,20,3,2,63,15,20,5,0,82,21,19,3,2,42,24,20,5,0
64532787,83,6,20,3,2,89,9,20,4,1,1,18,20,4,1,47,4,19,4,1,13,19,19,3,1,82,21,19,4,1
64532718,63,15,20,5,0,90,11,20,4,1,34,23,20,3,2,22,3,19,5,0,58,10,20,5,0,70,6,20,3,2
64532474,35,1,20,5,0,89,9,19,4,1,40,6,19,3,2,59,2,19,4,1,81,9,19,3,2,25,11,19,4,1
64532307,10,1,19,5,0,32,5,20,2,3,48,3,20,4,1,58,10,20,4,1,55,14,19,5,0,1,15,20,4,1
64532052,70,6,20,2,3,22,3,20,3,2,50,21,19,5,0,18,15,20,4,1,89,9,20,3,1,22,3,19,4,0
64531870,74,3,20,5,0,86,1,19,5,0,72,11,20,4,1,3,21,20,3,2,39,18,19,4,1,65,16,19,4,1
64484094,11,18,20,4,1,28,3,20,4,1,72,11,20,3,2,74,3,20,4,1,48,3,20,3,2,89,9,20,3,2
64647422,81,9,19,4,1,31,7,20,4,1,14,21,20,2,3,70,6,20,3,2,18,15,20,5,0,35,1,20,4,1
64647205,81,9,20,4,1,10,1,20,5,0,7,1,20,4,1,61,5,20,4,1,11,18,20,5,0,28,13,20,5,0
64646884,12,6,20,4,1,49,19,20,3,2,23,18,20,4,1,81,9,18,2,0,84,18,19,5,0,38,9,19,3,0
64592825,64,24,19,3,2,18,15,19,5,0,56,20,19,5,0,17,5,19,3,2,47,4,19,5,0,11,16,19,4,1
64592605,42,24,19,4,1,61,5,20,4,1,25,11,20,3,2,81,9,19,4,1,65,16,19,4,0,89,9,20,2,0
64592332,85,13,20,5,0,58,10,20,5,0,38,9,19,5,0,11,18,20,4,1,53,14,20,4,1,26,9,20,3,2
64614613,65,16,18,5,0,86,1,19,5,0,81,9,19,4,1,23,18,19,3,2,21,9,19,3,2,86,1,19,5,0
64613654,89,9,19,4,1,15,5,19,5,0,82,21,19,4,1,74,3,19,5,0,4,13,19,3,2,72,11,19,4,1
64612449,67,14,20,4,1,18,15,20,3,2,16,9,20,4,1,2,9,20,5,0,47,4,20,5,0,84,18,20,4,0
64244001,55,14,19,5,0,26,9,19,3,2,58,10,19,2,3,58,10,19,4,1,76,3,19,2,1,82,21,19,5,0
64243094,53,14,19,5,0,6,8,19,3,2,2,9,19,4,1,61,5,20,3,0,18,15,20,5,0,60,6,19,4,1
64241934,46,16,19,4,1,55,14,19,4,1,19,6,18,4,1,47,4,19,4,1,76,3,19,5,0,37,15,19,5,0
64240903,85,13,20,5,0,28,3,20,4,1,32,5,20,3,2,34,23,20,5,0,48,3,20,3,2,4,13,20,4,1
64240197,81,9,18,4,1,33,1,18,5,0,90,11,18,5,0,90,11,18,4,1,74,3,18,5,0,13,15,18,5,0
64239540,50,21,19,4,1,84,18,19,5,0,72,11,20,3,2,89,9,20,3,2,64,24,20,3,2,61,5,19,3,1
63880981,67,14,20,2,3,77,24,20,3,2,39,18,20,4,1,85,13,18,5,0,81,9,19,4,1,89,9,18,5,0
64674334,10,20,19,4,1,32,5,19,2,3,45,4,19,3,1,82,21,19,4,1,77,24,19,4,1,27,16,19,5,0
64673111,90,11,20,3,2,74,3,20,4,1,59,2,20,5,0,24,21,20,4,1,1,18,20,2,3,74,3,20,5,0
64670873,57,23,20,5,0,44,25,20,5,0,16,9,20,5,0,49,19,20,4,1,23,18,19,4,1,26,9,20,4,1
64653289,72,11,19,4,1,87,24,20,4,1,68,1,19,4,0,2,10,20,4,1,46,16,20,5,0,76,3,19,2,1
64592032,80,19,18,5,0,2,9,18,3,2,90,11,19,3,2,19,6,17,4,0,23,15,17,4,1,44,25,17,4,0
64591504,67,14,20,5,0,64,24,19,4,1,5,6,20,4,1,89,9,20,5,0,47,4,20,4,1,71,14,20,4,1
64590796,13,19,20,5,0,67,14,20,4,1,49,19,20,5,0,1,15,20,3,2,62,11,20,5,0,28,3,20,3,2
64548996,70,6,20,5,0,72,11,19,4,0,46,16,18,4,0,63,15,19,5,0,77,24,20,4,1,82,21,20,4,1
64685669,23,18,20,5,0,10,20,20,4,1,46,16,20,3,2,55,14,19,3,2,89,9,20,5,0,78,16,19,4,1
64684611,56,20,19,5,0,78,16,19,3,2,2,11,19,3,2,9,10,20,5,0,68,1,19,3,1,39,21,19,5,0
64683326,55,14,20,3,2,74,3,19,5,0,78,16,20,4,1,78,16,19,5,0,48,3,19,5,0,55,14,19,4,0
64682306,59,2,20,5,0,22,3,20,4,1,12,7,20,3,2,39,21,20,4,1,81,9,20,4,1,86,1,20,4,1
64681434,80,19,19,4,0,2,10,19,4,1,23,18,18,4,1,90,11,16,2,1,75,22,17,4,0,20,4,17,1,0
64680723,6,8,20,3,2,23,18,20,5,0,58,10,20,3,2,75,22,20,5,0,10,20,19,5,0,58,10,20,3,2
64679810,39,18,20,5,0,72,11,20,4,1,85,13,19,5,0,61,5,19,5,0,11,18,19,5,0,90,11,19,4,1
64678218,53,14,19,4,1,9,10,20,5,0,24,21,20,1,4,56,20,19,4,1,62,11,19,4,1,4,13,19,3,1
64676978,90,11,20,3,2,47,4,20,3,2,1,15,20,4,1,67,14,20,5,0,4,13,19,2,2,70,6,20,4,1
64675151,58,10,19,4,1,50,21,18,5,0,7,1,19,3,2,9,9,19,3,1,55,14,18,4,1,32,5,19,5,0
64691412,38,9,20,4,1,89,9,20,3,2,81,9,20,4,1,80,19,19,5,0,2,10,20,5,0,17,5,20,4,1
64691145,38,9,19,3,2,11,16,18,5,0,1,15,18,5,0,22,3,16,4,0,64,24,16,4,1,21,9,17,4,0
64690988,76,3,19,4,1,72,11,20,5,0,18,15,20,5,0,33,1,19,5,0,88,3,20,4,1,82,21,20,4,1
64690803,75,22,19,3,1,74,3,19,4,1,32,5,18,3,2,56,20,19,3,1,58,10,18,5,0,82,21,19,4,1
64690495,12,7,20,2,3,55,14,20,5,0,90,11,20,5,0,74,3,20,3,2,72,11,20,3,2,65,16,20,4,1
64690271,26,9,19,4,1,74,3,20,5,0,58,10,19,3,2,58,10,20,4,1,76,3,19,3,0,31,7,20,4,1
64689971,29,1,19,5,0,5,5,19,4,1,65,16,18,5,0,44,25,19,4,1,63,15,19,4,1,42,24,19,3,2
64689492,74,3,20,3,2,87,24,20,4,1,1,15,19,5,0,78,16,20,5,0,89,9,20,4,1,76,3,20,5,0
64687291,75,22,20,5,0,39,18,20,4,1,4,3,20,4,1,82,21,20,5,0,39,21,20,4,1,89,9,20,4,1
64686882,82,21,19,3,2,48,3,19,4,1,51,22,18,2,1,90,11,18,4,1,67,14,19,4,1,78,16,19,3,2
64690015,18,15,20,3,2,19,24,19,4,1,1,15,20,4,1,89,9,19,5,0,57,23,20,5,0,1,15,19,5,0
64689748,72,11,19,4,1,55,14,18,5,0,12,7,18,4,1,74,3,17,4,1,47,4,17,3,1,86,1,18,4,0
64689071,28,3,19,2,3,5,5,20,4,1,14,21,19,4,1,88,3,19,5,0,58,10,19,5,0,6,8,20,3,2
64688562,9,10,19,1,4,76,3,18,5,0,47,4,18,3,1,81,9,18,4,0,87,24,19,5,0,78,16,19,5,0
64688062,25,11,19,5,0,90,11,20,4,1,88,3,19,3,0,9,10,19,4,1,20,4,19,4,0,90,11,19,4,0
64687220,70,6,20,3,2,53,14,19,4,1,88,3,20,5,0,26,9,20,5,0,90,11,20,4,1,74,3,20,5,0
64686335,68,1,19,5,0,64,24,19,5,0,72,11,20,1,4,72,11,19,2,3,30,13,18,3,0,87,24,19,4,1
64685615,1,18,19,4,1,86,1,19,4,1,30,13,18,5,0,74,3,18,5,0,86,1,18,4,0,82,21,19,4,1
64684925,6,8,20,3,2,76,3,19,5,0,2,11,18,4,1,82,21,20,4,1,46,16,20,3,2,68,1,19,4,1
64650254,5,6,19,3,2,29,1,19,4,1,45,4,18,5,0,64,24,17,5,0,31,7,19,4,1,70,6,17,4,1
64687270,64,24,19,4,0,72,11,19,5,0,42,24,19,5,0,72,11,19,4,1,33,1,18,4,0,81,9,19,3,2
64686940,2,9,20,5,0,65,16,20,5,0,64,24,20,4,1,29,1,20,5,0,82,21,20,4,1,89,9,20,4,1
64686286,78,16,20,5,0,2,10,20,3,2,39,21,20,5,0,4,3,20,4,1,65,16,20,5,0,12,7,20,5,0
64685363,40,6,20,3,2,85,13,20,4,1,70,6,20,4,1,67,14,18,3,0,65,16,20,3,0,17,5,20,4,0
64684788,79,8,19,1,4,30,13,18,4,1,90,11,19,4,1,9,10,19,5,0,55,14,19,5,0,34,23,19,4,1
64683532,79,8,20,2,3,30,13,20,5,0,82,21,20,3,2,63,15,19,5,0,42,24,20,5,0,11,18,19,4,1
64682752,67,14,20,5,0,17,5,20,4,1,85,13,19,4,1,33,1,19,4,1,74,3,20,5,0,89,9,19,4,1
64681112,42,24,20,5,0,83,6,20,4,1,65,16,20,4,1,11,18,20,4,1,76,3,20,4,0,52,24,20,4,1
64679595,67,14,19,4,1,42,24,19,4,1,7,2,19,4,1,11,18,19,4,1,82,21,18,5,0,80,19,19,4,1
64678064,84,18,19,3,2,30,13,19,5,0,58,10,20,5,0,23,18,20,4,1,28,3,19,5,0,1,15,19,3,1
64686687,50,21,18,3,0,31,7,19,4,0,18,15,20,4,1,17,5,17,3,1,9,9,19,4,0,58,10,19,3,0
64685775,49,19,20,4,1,72,11,19,3,2,4,13,19,5,0,90,11,20,5,0,26,9,20,5,0,65,16,20,4,1
64685180,71,14,20,5,0,88,3,20,4,1,72,11,20,3,2,23,18,20,5,0,47,4,19,4,1,90,11,20,5,0
64683997,90,11,20,2,3,75,22,20,5,0,65,16,20,4,1,64,24,20,3,2,21,9,20,3,2,39,18,20,4,1
64683229,1,15,19,3,2,58,10,17,5,0,78,16,18,3,2,67,14,18,4,0,52,24,17,3,0,78,16,17,3,1
64682025,1,18,19,5,0,23,18,19,5,0,81,9,17,3,1,69,9,18,1,0,75,22,18,3,1,65,16,19,3,1
64681082,61,5,20,3,2,54,8,19,4,1,22,3,19,4,1,80,19,20,1,4,75,22,20,5,0,84,18,20,5,0
64679707,7,1,19,4,1,1,18,20,3,2,51,22,19,5,0,68,1,18,4,1,87,24,19,3,2,82,21,18,4,0
64677872,15,6,17,4,0,30,13,18,4,0,6,8,18,3,1,5,5,17,4,1,74,3,17,4,0,90,11,18,4,1
64673321,89,9,20,3,1,71,14,19,4,0,84,18,20,3,2,39,18,20,4,1,1,15,20,4,1,77,24,19,5,0
64638141,33,1,18,5,0,42,24,17,3,1,44,25,17,4,0,4,13,17,3,0,65,16,18,5,0,46,16,17,4,0
64635978,20,4,19,1,4,31,7,20,4,1,34,23,20,4,1,83,6,20,3,2,1,18,20,5,0,28,3,20,3,0
64634569,67,14,19,3,1,78,16,19,3,2,21,9,19,3,1,29,1,19,4,1,89,9,19,3,2,33,1,19,5,0
64632809,46,16,19,4,1,27,6,19,4,1,84,18,20,3,2,6,8,19,4,0,42,24,19,4,1,67,14,19,5,0
64631594,42,24,20,3,2,2,10,20,3,2,7,1,20,4,1,11,16,20,4,0,8,22,20,4,1,90,11,20,4,1
64519238,26,9,20,3,2,76,3,20,5,0,72,11,20,3,2,90,11,20,3,1,4,3,20,4,0,84,18,20,5,0
64517441,30,13,19,4,1,72,11,20,4,1,5,5,20,3,2,54,8,20,4,1,74,3,19,4,1,84,18,20,5,0
64640014,90,11,19,3,2,42,24,19,3,2,55,14,19,5,0,4,3,19,3,2,90,11,20,4,1,33,1,19,5,0
64638528,1,14,19,4,1,45,4,20,2,3,72,11,20,5,0,4,3,19,4,1,34,23,20,3,2,59,2,20,4,1
64636976,2,11,19,4,0,50,21,19,5,0,39,18,19,5,0,36,5,20,3,2,21,9,20,5,0,71,14,19,4,1
64635676,70,6,20,4,1,44,25,19,5,0,15,6,19,3,2,34,23,19,4,1,79,8,19,4,1,18,15,19,4,1
64634472,75,22,19,4,1,88,3,18,5,0,78,16,19,4,1,30,13,19,4,1,31,7,19,4,1,65,16,19,3,2
64528768,42,24,20,5,0,4,13,20,3,2,74,3,19,5,0,67,14,20,5,0,90,11,19,4,1,77,24,19,3,2
64528300,14,21,20,3,2,13,19,20,4,1,4,13,20,4,1,90,11,20,5,0,24,3,20,4,1,33,1,20,5,0
64527452,20,4,19,4,0,67,14,20,4,1,2,10,20,3,2,4,3,20,5,0,83,6,20,4,1,7,1,20,4,1
64520491,70,6,20,3,2,4,3,20,5,0,74,3,20,4,1,10,20,20,3,0,90,11,20,3,2,65,16,19,5,0
64686755,68,1,18,3,0,75,22,20,4,1,67,14,19,4,1,86,1,19,4,1,28,3,19,4,1,4,3,19,4,1
64686277,67,14,20,5,0,17,5,20,2,3,1,15,19,3,2,46,16,20,5,0,74,3,20,5,0,89,9,20,3,0
64685270,37,15,20,2,3,45,4,20,3,2,89,9,20,3,2,33,1,20,5,0,12,7,20,3,2,23,18,20,5,0
64683233,78,16,20,5,0,71,14,19,4,0,38,9,20,2,0,44,25,19,3,2,58,10,20,4,1,11,18,20,5,0
64682436,77,24,20,3,2,82,21,19,5,0,33,1,20,4,1,60,6,20,5,0,76,3,20,5,0,70,6,20,5,0
64646450,65,16,20,4,0,6,7,19,4,1,74,3,20,5,0,73,24,18,2,1,11,18,19,3,2,49,19,19,5,0
64646064,74,3,20,4,1,72,11,20,4,1,76,3,20,5,0,53,14,19,5,0,72,11,20,3,2,37,15,20,4,1
64645719,22,3,19,3,2,65,16,19,4,1,64,24,19,4,1,62,11,19,5,0,22,3,17,3,0,56,20,19,3,0
64645304,13,15,18,2,1,31,7,19,3,2,49,19,19,4,1,1,15,19,3,2,82,21,18,5,0,90,11,19,5,0
64695742,86,1,20,4,1,70,6,19,3,2,14,21,19,5,0,81,9,19,4,0,11,16,19,3,0,3,21,19,5,0
64695363,39,21,19,4,1,89,9,20,4,1,80,19,20,5,0,29,1,20,3,2,30,13,20,3,0,82,21,20,5,0
64682686,75,22,19,3,2,72,11,20,3,2,20,4,18,5,0,28,13,18,3,0,89,9,19,4,1,1,14,19,5,0
64681991,56,20,20,4,1,90,11,20,4,1,86,1,20,4,1,5,5,19,4,0,58,10,19,5,0,90,11,20,4,1
64679919,70,6,19,4,1,64,24,20,4,1,3,21,19,5,0,70,6,20,3,2,49,19,19,2,3,44,25,20,4,1
64677553,77,24,20,3,2,83,6,20,4,1,65,16,20,5,0,90,11,20,3,2,78,16,20,4,1,65,16,19,5,0
64676114,62,11,19,4,0,84,18,19,4,1,11,18,19,4,0,42,24,19,4,1,29,1,19,4,0,90,11,19,4,1
64671418,23,15,20,4,1,1,15,20,4,1,83,6,20,4,1,82,21,19,4,1,31,7,20,2,3,55,14,20,5,0
64652828,81,9,20,3,2,71,14,20,4,1,42,24,20,4,1,10,1,20,2,3,33,1,19,5,0,39,18,19,4,1
64666747,89,9,19,3,2,90,11,19,4,1,68,1,18,5,0,70,6,18,4,1,86,1,18,3,1,18,15,19,3,1
64665617,90,11,19,5,0,11,16,19,4,1,28,13,19,4,1,84,18,20,4,1,71,14,20,4,1,6,8,19,3,2
64664721,84,18,18,4,1,90,11,18,4,1,13,15,18,4,0,30,13,18,2,1,81,9,18,4,0,34,23,18,5,0
64640422,82,21,19,4,1,53,14,19,5,0,64,24,20,4,1,76,3,19,5,0,82,21,19,4,1,17,5,19,5,0
64639313,28,3,19,3,2,1,15,18,3,2,17,5,18,4,1,42,24,19,5,0,16,9,19,5,0,22,3,19,4,1
64638337,79,8,19,3,2,15,5,20,3,2,86,1,19,4,1,65,16,19,5,0,27,9,19,4,0,12,7,20,4,1
64637689,46,16,20,5,0,33,1,19,5,0,61,5,20,4,1,25,11,20,5,0,4,13,18,2,0,83,6,20,5,0
64636370,58,10,20,4,1,23,15,20,4,1,74,3,19,4,0,18,15,19,4,0,72,11,20,4,1,90,11,20,4,0
64635611,72,11,20,3,2,48,3,20,4,1,20,4,20,3,2,18,15,20,4,1,1,18,20,3,2,17,5,20,4,1
64671216,53,14,19,5,0,31,7,19,4,1,89,9,19,5,0,17,5,19,3,2,22,3,20,5,0,66,24,20,3,1
64668453,79,8,19,3,2,65,16,19,4,1,35,1,19,4,1,4,13,18,3,0,11,18,19,3,0,52,24,19,4,1
64667240,49,19,19,4,0,84,18,19,4,1,31,7,18,3,2,86,1,19,5,0,88,3,19,3,2,70,6,19,4,1
64666596,67,14,19,2,3,76,3,19,5,0,90,11,20,5,0,31,7,20,5,0,49,19,20,4,1,29,1,20,5,0
64665772,80,19,20,3,2,88,3,20,3,2,43,5,20,2,3,81,9,20,4,1,86,1,20,4,1,50,21,19,4,1
64664764,39,21,19,4,1,53,13,19,3,2,17,5,20,4,1,6,8,20,4,1,75,22,19,4,1,33,1,19,5,0
64632369,17,5,19,4,1,11,18,18,4,1,14,21,19,4,1,90,11,19,5,0,88,3,19,4,1,10,1,19,4,1
64630513,81,9,19,4,1,90,11,20,3,2,76,3,19,4,1,14,21,19,4,1,31,7,20,5,0,10,1,20,4,1
64628479,36,5,20,3,2,17,5,20,3,2,29,1,20,5,0,10,20,20,4,1,70,6,20,5,0,65,16,20,4,1
64358911,18,15,19,4,1,42,24,19,5,0,82,21,20,2,3,87,24,19,4,1,80,19,20,4,0,67,14,20,5,0
64358256,74,3,18,4,0,7,1,18,3,2,77,24,19,4,1,20,4,18,3,1,72,11,18,5,0,34,23,18,2,1
64357213,2,11,19,5,0,37,15,19,4,0,86,1,19,3,1,23,15,19,4,1,79,8,19,5,0,78,16,19,3,2
64355306,32,5,20,5,0,60,6,19,3,2,78,16,19,4,1,2,10,20,3,1,18,15,19,3,1,53,14,19,5,0
64321634,37,15,19,5,0,81,9,19,4,1,71,14,19,4,1,48,3,19,4,1,11,16,19,5,0,25,11,19,3,2
64320591,2,11,20,4,1,31,7,20,4,1,85,13,19,3,1,58,10,20,4,1,33,1,20,3,2,40,6,20,3,2
64315544,35,1,19,5,0,34,23,19,3,1,82,21,20,4,1,44,25,20,4,1,55,14,20,5,0,33,1,20,5,0
64286242,78,16,20,4,1,42,24,20,3,2,82,21,19,3,2,73,24,19,4,0,74,3,19,5,0,78,16,19,3,2
64248178,46,16,20,5,0,72,11,19,4,1,65,16,19,4,1,30,13,19,3,0,82,21,20,4,1,58,10,20,4,1
64680144,69,9,19,5,0,59,2,20,5,0,39,18,20,3,2,85,13,20,5,0,32,5,20,3,2,67,14,20,5,0
64678747,83,6,19,5,0,73,24,19,5,0,75,22,20,2,3,31,7,20,3,2,33,1,20,5,0,82,21,20,5,0
64677854,34,23,19,4,1,75,22,19,4,0,4,13,18,3,0,72,11,19,5,0,11,16,18,5,0,50,21,19,5,0
64675810,85,13,19,5,0,32,5,20,3,2,12,7,20,3,2,1,15,19,5,0,90,11,19,3,2,85,13,19,5,0
64673896,89,9,20,5,0,23,18,19,5,0,4,3,19,5,0,85,13,19,5,0,32,5,19,3,2,58,10,20,5,0
64671461,22,3,19,4,0,29,1,19,4,1,72,11,19,2,3,27,9,19,5,0,58,10,19,4,1,89,9,18,5,0
64669901,8,22,20,5,0,73,24,19,4,0,2,11,19,4,1,71,14,20,4,1,70,6,20,5,0,48,3,19,4,1
64667623,11,16,20,5,0,26,9,20,2,3,22,3,20,5,0,85,13,19,4,1,75,22,20,3,2,39,18,20,4,1
64469407,1,15,19,5,0,84,18,19,5,0,34,23,20,4,1,33,1,19,5,0,19,24,20,4,1,63,15,20,4,0
64686511,90,11,19,4,0,81,9,19,5,0,4,13,18,3,1,74,3,19,5,0,81,9,19,3,2,78,16,19,4,1
64686029,7,1,20,5,0,18,15,20,3,2,28,3,20,5,0,28,3,20,4,1,70,6,20,3,2,81,9,20,4,1
64683635,84,18,20,3,2,90,11,20,4,1,78,16,20,4,1,30,13,19,4,1,28,3,19,5,0,52,24,20,4,1
64682593,33,1,19,5,0,79,8,20,3,2,46,16,20,4,1,77,24,20,4,1,18,15,20,5,0,39,18,19,3,2
64647636,29,1,20,3,2,2,10,19,4,1,48,3,20,3,2,12,7,20,4,1,28,3,20,4,1,88,3,18,4,0
64647177,78,16,20,3,2,83,6,19,5,0,33,1,19,5,0,26,9,19,4,0,58,10,20,5,0,63,15,19,4,0
64646915,11,18,20,4,1,4,13,19,4,0,29,1,20,5,0,79,8,20,4,1,31,7,20,4,1,11,18,20,5,0
64646376,4,3,20,4,1,63,15,19,5,0,66,24,19,5,0,81,9,19,2,3,4,13,19,5,0,70,6,19,4,1
64646011,20,4,19,4,1,89,9,20,3,2,33,1,20,4,1,26,9,20,3,2,76,3,20,4,1,27,9,20,3,2
64645652,7,1,19,3,1,70,6,19,5,0,44,25,19,4,1,43,5,20,3,2,74,3,19,4,1,2,9,20,4,1
64645432,89,9,20,3,2,35,1,19,3,2,57,23,20,4,1,30,13,19,4,1,70,6,19,4,1,2,11,19,5,0
64644774,87,24,19,4,1,61,5,19,5,0,28,3,20,4,1,72,11,20,3,2,85,13,20,5,0,11,16,20,5,0
64612327,33,1,19,4,0,2,10,20,4,1,1,14,20,5,0,83,6,20,4,1,65,16,20,4,1,19,6,19,3,2
64679081,47,4,20,3,2,2,9,20,4,1,89,9,20,5,0,65,16,19,4,1,61,5,20,3,2,68,1,19,4,1
64677475,63,15,20,4,1,58,10,20,4,1,65,16,20,4,1,84,18,20,5,0,6,8,20,4,1,76,3,20,5,0
64671989,53,14,20,5,0,6,8,20,2,3,26,9,20,4,1,62,11,20,4,1,6,8,20,5,0,53,14,19,5,0
64670461,18,15,19,4,1,61,5,20,4,1,22,3,19,4,1,67,14,20,4,0,1,15,19,4,0,75,22,19,4,1
64668851,22,3,20,3,2,80,19,20,4,1,18,15,20,3,2,28,3,20,5,0,30,13,20,4,0,5,5,20,5,0
64666141,53,14,19,5,0,62,11,20,3,2,49,19,20,4,1,1,15,20,5,0,78,16,20,4,1,80,19,20,5,0
64678181,23,18,20,4,1,1,15,19,4,1,56,20,20,3,2,82,21,19,4,1,29,1,19,4,1,81,9,20,3,2
64677027,17,5,20,5,0,11,16,20,5,0,25,11,19,3,2,29,2,20,5,0,14,21,20,4,0,25,11,20,2,1
64675869,89,9,20,3,2,78,16,19,3,2,90,11,20,4,1,71,14,20,5,0,47,4,20,5,0,9,9,20,4,0
64674173,23,18,19,4,0,52,24,20,5,0,67,14,19,4,1,34,23,20,4,1,25,11,19,4,1,22,3,20,4,1
64672901,79,8,18,4,1,86,1,18,5,0,11,16,17,3,1,11,18,18,5,0,1,15,18,4,0,37,15,17,4,0
64672048,22,3,18,4,0,42,24,17,2,0,2,10,17,4,0,22,3,17,4,0,67,14,17,3,0,42,24,17,4,0
64670408,30,13,19,4,0,9,10,20,4,1,26,9,19,3,2,1,18,20,4,1,76,3,19,4,1,59,2,20,5,0
64590346,22,3,20,4,1,76,3,20,5,0,72,11,19,3,2,48,3,20,5,0,86,1,19,3,2,74,3,20,3,2
64590050,90,11,19,4,1,16,9,19,5,0,4,13,18,4,0,64,24,19,5,0,62,11,19,3,2,85,13,19,1,2
64685402,28,3,20,4,1,82,21,20,5,0,72,11,20,5,0,85,13,19,2,2,25,11,20,4,1,78,16,20,4,1
64684886,19,6,20,4,1,82,21,20,5,0,45,4,19,2,0,35,1,19,5,0,4,13,20,3,2,11,18,20,4,1
64684313,3,21,17,5,0,22,3,17,4,0,14,21,16,4,0,64,24,17,4,0,89,9,17,3,1,43,5,17,5,0
64683644,35,1,19,3,2,4,13,19,4,1,11,18,19,4,1,12,7,19,5,0,39,18,19,4,1,90,11,19,4,0
64681784,27,9,19,4,0,61,5,19,3,2,44,25,20,4,1,55,14,19,4,1,90,11,19,3,1,89,9,19,4,1
64680378,74,3,18,3,1,31,7,19,4,1,88,3,18,5,0,89,9,19,5,0,90,11,19,4,1,2,10,19,5,0
64679683,75,22,19,3,2,61,5,19,3,2,30,13,18,4,1,44,25,19,5,0,59,2,19,5,0,81,9,20,4,1
64678717,74,3,19,5,0,81,9,19,4,1,72,11,19,4,1,15,5,18,5,0,21,9,18,3,0,78,16,18,5,0
64676774,68,1,18,5,0,64,24,19,3,2,81,9,20,3,2,67,14,20,5,0,82,21,19,4,1,12,7,19,4,1
64671116,18,15,20,3,2,11,16,19,4,1,58,10,20,5,0,25,11,20,3,2,68,1,18,3,0,9,10,20,5,0
64669340,90,11,20,3,2,22,3,20,4,1,46,16,20,4,1,90,11,20,4,1,7,1,20,4,1,47,4,20,4,1
64667707,76,3,19,3,1,72,11,20,5,0,46,16,20,3,2,64,24,20,5,0,2,11,20,4,1,30,13,20,5,0
64666384,76,3,19,4,1,59,2,19,4,0,74,3,19,4,1,76,3,17,3,0,48,3,19,3,1,64,24,19,4,0
64665354,76,3,19,5,0,32,5,19,3,2,46,16,19,5,0,78,16,18,3,2,62,11,19,5,0,46,16,18,5,0
64663735,31,7,19,0,5,61,5,20,4,1,55,14,18,5,0,88,3,19,4,0,33,1,19,4,1,19,6,20,4,1
64617125,49,19,19,5,0,20,4,18,5,0,19,6,20,3,2,25,11,19,3,1,68,1,19,4,0,81,9,18,3,1
64614796,87,24,19,4,1,78,16,19,4,1,55,14,19,5,0,18,15,20,3,2,70,6,20,4,1,46,16,20,5,0
64613818,90,11,17,4,0,70,6,17,3,1,46,16,18,3,0,78,16,18,4,0,22,3,17,3,0,84,18,17,3,0
64617760,15,5,19,4,0,63,15,20,5,0,88,3,19,4,1,64,24,20,4,1,55,14,19,4,1,25,11,20,3,2
64616827,27,2,19,3,1,77,24,18,3,0,14,21,19,5,0,90,11,18,5,0,72,11,19,4,1,4,13,19,3,2
64616166,82,21,19,5,0,47,4,19,3,2,37,15,19,4,1,22,3,19,5,0,65,16,19,4,1,21,9,19,5,0
64615479,22,3,18,4,1,12,7,19,4,1,23,18,18,4,1,65,16,19,5,0,79,8,18,2,2,39,18,19,5,0
64614703,14,21,19,4,1,48,3,20,4,1,36,5,20,4,1,88,3,19,5,0,19,24,20,2,3,21,9,20,3,2
64612806,83,6,20,4,0,18,15,20,4,1,89,9,19,4,1,87,24,19,3,2,86,1,19,5,0,39,18,20,4,1
64610999,82,21,19,4,1,67,14,19,4,1,72,11,20,2,3,29,1,19,3,2,31,7,19,4,1,22,3,19,5,0
64610066,25,11,19,4,1,28,3,20,4,1,74,3,19,4,1,6,8,20,3,2,23,18,19,5,0,84,18,19,5,0
64544129,11,18,20,4,1,67,14,19,4,1,17,5,19,5,0,33,1,20,5,0,89,9,20,5,0,72,11,20,4,1
64690713,77,24,20,3,2,72,11,20,2,3,4,13,19,4,0,18,15,20,5,0,31,7,20,4,1,78,16,20,3,2
64690403,61,5,20,4,1,15,5,20,4,1,10,1,20,4,1,78,16,20,3,2,90,11,20,3,0,65,16,20,5,0
64689965,89,9,20,3,2,1,18,20,4,1,59,2,19,4,1,53,13,19,3,2,90,11,19,2,3,61,5,19,4,1
64625439,60,6,19,4,0,17,5,20,3,1,50,21,19,3,2,33,1,18,3,0,77,24,19,3,0,90,11,19,5,0
64624395,61,5,20,5,0,78,16,19,5,0,70,6,20,3,2,62,11,20,5,0,22,3,19,4,1,74,3,19,5,0
64623148,66,24,20,5,0,1,15,19,4,1,29,1,19,4,0,59,2,20,3,2,15,6,20,4,1,26,9,20,4,1
64621389,75,22,20,4,1,8,22,20,3,2,71,14,20,5,0,47,4,20,4,1,78,16,20,5,0,42,24,18,5,0
64620566,37,15,19,4,0,28,3,19,4,1,18,15,20,3,2,44,25,20,3,2,28,3,20,3,2,65,16,20,4,1
64618225,67,14,18,4,1,21,9,19,3,2,7,1,18,4,1,40,6,18,4,1,39,21,19,5,0,22,3,19,3,2
64670624,7,1,20,4,1,56,20,20,4,1,17,5,20,4,1,54,8,19,4,1,33,1,19,4,1,9,9,20,4,1
64645703,31,7,19,3,2,1,18,19,5,0,12,6,20,5,0,53,14,19,5,0,90,11,20,4,1,23,18,20,4,1
64644346,25,11,19,3,2,50,21,20,4,1,74,3,19,5,0,14,21,19,5,0,18,15,20,4,1,28,3,20,4,1
64643925,83,6,20,5,0,49,19,20,4,1,1,16,19,5,0,90,11,20,3,2,23,18,20,3,2,33,1,20,4,1
64588213,33,1,20,4,1,58,10,20,4,1,2,11,20,4,1,18,15,20,5,0,28,3,20,5,0,14,21,19,4,1
64587014,17,5,20,4,1,19,24,20,5,0,65,16,20,5,0,8,22,20,4,1,14,21,19,4,1,53,14,20,5,0
64585880,76,3,19,3,1,82,21,19,4,1,36,5,20,4,1,85,13,19,4,1,62,11,20,5,0,61,5,20,5,0
64641853,26,9,19,4,1,89,9,19,4,1,6,8,19,5,0,50,21,20,5,0,6,8,20,4,1,88,3,19,5,0
64641245,4,3,20,3,2,74,3,20,4,1,22,3,20,4,1,33,1,19,4,1,26,9,19,3,2,48,3,19,5,0
64640536,30,13,19,4,0,72,11,20,4,1,79,8,20,3,2,50,21,19,4,1,28,3,19,3,2,90,11,19,3,2
64620715,72,11,18,5,0,10,20,19,3,2,74,3,19,5,0,42,24,20,4,0,4,13,19,3,1,18,15,19,5,0
64619313,14,21,19,3,2,18,15,19,4,1,72,11,20,3,2,88,3,18,2,0,44,25,19,5,0,40,6,19,5,0
64516147,80,19,19,3,1,14,21,19,4,1,90,11,19,4,1,71,14,19,4,1,84,18,19,4,1,58,10,19,3,2
64514933,70,6,19,4,1,48,3,19,4,1,90,11,20,5,0,2,10,19,4,1,40,6,19,5,0,22,3,19,4,0
64513713,26,9,19,3,2,82,21,19,3,2,4,13,19,5,0,90,11,18,4,0,30,13,18,3,1,89,9,19,5,0
64510993,3,16,20,3,2,43,5,20,4,1,88,3,18,5,0,31,7,20,5,0,4,13,19,4,1,3,21,20,4,1
64690080,90,11,20,2,3,78,16,20,4,1,10,1,20,4,1,76,3,19,5,0,71,14,20,4,1,22,3,19,2,3
64689796,1,15,19,5,0,6,8,19,3,2,33,1,20,5,0,90,11,19,4,1,76,3,19,4,1,3,16,19,3,2
64689362,31,7,20,3,2,83,6,20,5,0,90,11,20,3,2,49,19,19,3,0,6,7,19,3,2,88,3,20,3,2
64689085,28,3,19,4,1,71,14,20,4,1,16,9,20,4,1,82,21,19,3,2,77,24,19,4,1,75,22,20,4,1
64688771,29,1,19,4,1,59,2,19,3,2,90,11,19,3,2,18,15,19,4,1,61,5,18,4,0,82,21,18,4,1
64688368,1,15,20,5,0,89,9,20,3,2,4,13,19,5,0,88,3,19,3,2,89,9,20,4,1,75,22,20,4,1
64687867,72,11,19,3,2,89,9,19,4,1,71,14,19,5,0,89,9,20,5,0,33,1,18,2,1,10,20,19,5,0
64686866,69,9,20,4,1,18,15,20,4,1,1,15,19,4,1,77,24,19,5,0,80,19,19,4,0,33,1,19,5,0
64685856,55,14,19,5,0,70,6,20,3,2,90,11,20,3,2,90,11,20,4,1,23,18,20,5,0,75,22,20,3,2
64684532,25,11,20,3,2,67,14,19,4,1,84,18,20,3,2,1,18,20,4,0,77,24,20,5,0,11,18,20,4,0
64675428,64,24,19,3,1,43,5,19,3,1,82,21,18,3,2,75,22,19,5,0,74,3,19,4,1,72,11,19,4,0
64673446,2,9,19,3,2,68,1,19,5,0,28,3,19,4,1,30,13,19,5,0,18,15,19,4,1,15,5,19,2,3
64672741,74,3,19,5,0,90,11,20,3,2,47,4,20,3,2,34,23,20,4,1,6,8,20,5,0,8,22,20,3,2
64551989,78,16,20,2,3,28,3,19,4,1,72,11,20,4,1,56,20,20,5,0,1,15,19,5,0,21,9,20,4,1
64551422,37,15,20,4,1,43,5,20,2,3,22,3,19,5,0,11,18,20,5,0,90,11,20,3,2,88,3,20,4,1
64550197,82,21,19,3,2,88,3,18,5,0,66,24,20,5,0,84,18,20,4,1,33,1,20,5,0,90,11,19,4,1
64548991,19,24,20,4,1,74,3,20,4,1,90,11,20,2,3,28,3,19,4,1,33,1,20,4,0,62,11,20,3,2
64547816,50,21,17,5,0,31,7,18,3,1,89,9,19,4,1,30,13,18,4,0,58,10,19,3,1,78,16,18,4,1
64546024,47,4,18,5,0,90,11,18,4,1,78,16,19,3,2,84,18,19,5,0,90,11,18,4,1,15,6,17,2,1
64676742,82,21,20,5,0,70,6,20,4,1,44,25,18,4,0,74,3,19,4,1,71,14,20,5,0,90,11,20,3,2
64675840,66,24,18,4,1,38,9,19,4,1,50,21,18,4,0,76,3,18,3,0,63,15,19,5,0,72,11,20,3,1
64672772,90,11,19,4,1,50,21,19,5,0,54,8,19,3,2,70,6,19,5,0,88,3,19,4,1,69,9,19,4,1
64671506,55,14,15,1,1,62,11,18,5,0,4,13,17,4,1,67,14,17,4,0,90,11,17,5,0,4,13,17,4,0
64670601,81,9,20,4,1,85,13,19,4,1,78,16,20,4,1,40,6,20,4,1,89,9,19,5,0,44,25,20,4,1
63989951,89,9,18,4,0,5,6,19,3,2,10,1,18,4,1,72,11,19,5,0,29,1,19,4,0,74,3,18,4,0
63988926,58,10,18,5,0,4,13,17,3,0,42,24,17,2,1,81,9,17,4,0,78,16,16,4,0,76,3,16,3,0
63904099,72,11,20,4,1,12,7,20,3,2,74,3,20,4,1,75,22,19,4,1,76,3,19,3,0,49,19,20,5,0
63902169,2,10,20,5,0,75,22,19,5,0,85,13,19,3,1,82,21,19,4,1,37,15,20,4,1,68,1,19,4,1
64643914,7,1,19,4,1,67,14,20,3,2,69,9,19,5,0,82,21,20,3,2,18,15,20,3,2,29,1,19,4,1
64643099,2,9,20,4,1,74,3,19,5,0,56,20,19,5,0,63,15,19,5,0,29,1,19,4,1,31,7,19,4,1
64642006,89,9,19,5,0,35,2,19,4,1,10,1,19,3,2,89,9,20,4,1,47,4,19,5,0,18,15,19,3,2
64640832,29,1,20,5,0,74,3,20,5,0,90,11,19,4,1,90,11,20,3,2,65,16,20,4,1,59,2,20,4,1
64640100,23,18,18,4,0,2,11,19,3,2,18,15,19,4,0,18,15,19,4,1,81,9,18,4,1,28,3,18,4,0
64638696,34,23,20,5,0,6,7,19,4,1,88,3,20,4,1,29,1,20,5,0,15,5,20,4,1,14,21,20,4,1
64675915,65,16,20,5,0,6,8,19,4,0,7,1,19,4,0,81,9,19,2,3,29,1,19,4,0,35,1,18,5,0
64674866,2,10,20,2,3,24,3,20,4,1,67,14,20,3,2,42,24,20,4,1,10,1,20,4,1,90,11,20,2,3
64672924,72,11,20,3,2,74,3,20,5,0,90,11,20,5,0,17,5,20,4,1,56,20,20,3,1,25,11,20,5,0
64671354,2,10,20,3,2,11,18,20,4,1,4,3,20,4,1,27,2,20,4,0,33,1,20,4,1,54,8,20,4,1
64669686,66,24,19,5,0,56,20,20,4,1,78,16,19,4,1,74,3,20,3,2,9,9,20,4,1,68,1,20,5,0
64668863,22,3,20,5,0,59,2,20,4,1,6,7,19,4,1,26,9,20,3,2,3,21,20,4,1,24,3,20,4,1
64666948,56,20,19,4,1,30,13,20,5,0,90,11,19,4,1,56,20,19,5,0,50,21,19,5,0,17,5,20,3,2
64665661,12,7,20,3,2,71,14,20,5,0,3,21,20,5,0,63,15,20,3,2,74,3,19,4,1,81,9,19,3,2
64665113,79,8,20,4,1,90,11,20,4,1,33,1,20,2,3,78,16,19,4,1,17,5,20,4,1,23,18,20,5,0
64664315,59,2,20,4,1,58,10,20,4,1,13,15,20,5,0,90,11,20,5,0,37,15,20,4,1,44,25,20,5,0
64680480,74,3,19,4,1,2,11,19,4,1,33,1,18,5,0,81,9,19,4,1,65,16,19,5,0,74,3,19,4,1
64679079,23,18,20,3,2,28,3,19,4,1,75,22,20,4,1,82,21,19,4,1,67,14,20,4,1,40,6,20,4,1
64677755,67,14,19,5,0,31,7,19,3,2,74,3,19,5,0,22,3,20,4,1,90,11,20,4,1,11,16,20,5,0
64676511,25,11,20,4,1,18,15,20,4,1,78,16,20,2,3,1,15,19,2,2,60,6,18,4,0,37,15,20,4,1
64675561,70,6,20,4,1,4,13,19,5,0,22,3,20,3,2,30,13,20,5,0,32,5,20,3,2,81,9,20,3,2
64674242,31,7,19,3,2,88,3,19,5,0,44,25,19,5,0,76,3,19,4,1,61,5,20,5,0,47,4,20,4,1
64672214,72,11,19,3,2,55,14,19,4,0,10,1,20,4,1,14,21,19,4,1,78,16,20,3,2,83,6,19,5,0
64670458,17,5,20,4,1,76,3,18,4,0,21,9,19,3,1,4,3,19,5,0,1,15,19,4,1,72,11,19,2,3
64669827,40,6,18,4,1,80,19,18,3,1,53,14,18,5,0,90,11,19,4,1,23,18,18,3,2,33,1,18,2,2
64661953,11,16,19,4,1,43,5,20,3,2,90,11,20,3,2,20,4,18,2,1,8,22,20,4,0,39,18,20,4,0
64661396,81,9,18,3,1,46,16,18,5,0,67,14,18,4,0,82,21,18,4,1,90,11,18,5,0,50,21,18,3,1
64660712,34,23,20,3,2,88,3,20,5,0,14,21,19,3,2,61,5,20,4,1,89,9,19,2,3,49,19,19,4,1
64099968,55,14,19,4,1,72,11,20,3,2,28,13,20,2,3,89,9,20,3,1,71,14,20,4,0,49,19,20,5,0
64099222,7,1,20,5,0,4,13,20,4,1,71,14,20,4,1,82,21,19,4,1,83,6,19,3,0,63,15,20,4,1
64097783,43,5,20,4,1,59,2,19,4,1,12,7,20,3,2,39,21,19,4,1,9,10,19,5,0,64,24,19,5,0
64096055,43,5,20,5,0,7,1,20,5,0,82,21,20,4,1,61,5,20,4,1,14,21,20,4,1,88,3,20,5,0
64095069,89,9,20,5,0,47,4,20,5,0,4,13,20,5,0,21,9,20,4,1,30,13,20,3,2,56,20,20,3,2
63969825,11,18,19,3,2,64,24,19,4,1,10,1,18,3,2,43,5,19,4,1,63,15,19,4,1,82,21,19,4,1
64688680,59,2,19,3,2,86,1,19,4,1,70,6,20,4,1,39,18,20,5,0,52,24,20,4,1,35,1,20,5,0
64688275,2,11,19,4,1,1,15,19,3,2,50,21,19,4,0,89,9,20,4,1,64,24,20,5,0,4,3,19,4,0
64687941,89,9,19,3,2,51,22,20,5,0,65,16,19,4,1,60,6,19,4,1,74,3,19,5,0,1,16,20,3,2
64687536,18,15,19,3,2,23,18,19,4,1,11,16,19,5,0,55,14,19,2,2,90,11,20,3,2,46,16,20,4,1
64679856,26,9,19,3,2,86,1,18,5,0,21,9,19,3,2,16,9,18,4,1,61,5,19,3,2,29,1,18,5,0
64678581,23,18,19,3,1,59,2,18,3,2,47,4,19,4,1,67,14,18,3,1,49,19,18,3,0,4,13,18,3,0
64606439,4,13,20,3,2,62,11,19,3,2,82,21,20,3,2,90,11,20,4,1,2,10,20,4,1,10,1,20,4,0
64605357,81,9,19,3,2,1,18,19,3,2,29,1,19,5,0,76,3,20,5,0,5,5,19,4,1,37,15,19,5,0
64603633,86,1,20,5,0,89,9,20,4,1,14,21,20,4,0,90,11,20,3,2,68,1,19,4,0,31,7,20,4,1
64602223,19,24,20,5,0,82,21,19,3,1,33,1,19,4,1,36,5,20,4,0,83,6,20,5,0,50,21,19,2,0
64601735,53,14,19,5,0,58,10,18,4,1,77,24,19,4,1,88,3,19,4,1,35,1,18,3,0,31,7,19,3,2
64600985,90,11,17,5,0,78,16,17,3,0,3,19,19,5,0,82,21,17,2,1,33,1,17,3,0,42,24,18,5,0
64575403,90,11,19,5,0,82,21,19,3,2,88,3,19,2,3,50,21,18,3,1,47,4,18,3,0,90,11,18,4,0
64691584,5,5,20,3,2,61,5,20,5,0,21,9,20,3,2,88,3,20,4,1,2,10,20,4,1,23,18,20,4,1
64691453,72,11,20,4,1,30,13,19,5,0,15,6,20,4,1,82,21,20,4,1,77,24,20,5,0,78,16,20,5,0
64691244,28,13,19,4,1,31,7,20,4,1,87,24,20,4,1,90,11,20,5,0,15,5,20,3,2,37,15,20,4,1
64691047,31,7,20,4,1,67,14,19,4,1,74,3,19,4,1,75,22,20,4,1,18,15,19,5,0,77,24,19,5,0
64690444,90,11,19,4,1,30,13,19,4,0,9,10,19,3,2,2,11,20,3,2,50,21,19,2,2,15,5,20,5,0
64689857,69,9,20,5,0,65,16,20,4,1,44,25,20,4,1,46,16,20,5,0,72,11,20,4,1,88,3,20,4,1
64689601,70,6,20,3,2,22,3,19,5,0,48,3,20,3,2,17,5,19,5,0,67,14,20,3,2,61,5,20,5,0
64688051,1,15,19,4,1,4,13,19,5,0,15,5,20,4,1,50,21,20,5,0,89,9,19,3,2,15,5,19,2,3
64687466,38,9,20,3,2,29,1,20,3,2,11,18,20,5,0,90,11,20,4,1,89,9,20,4,1,4,13,19,3,1
64686728,67,14,19,4,1,13,15,20,5,0,2,9,19,2,3,82,21,19,5,0,83,6,19,4,1,1,15,19,4,1
64661147,55,14,19,5,0,48,3,19,4,1,56,20,19,3,2,90,11,19,3,2,33,1,19,5,0,1,15,19,3,2
64660221,28,3,19,4,1,60,6,20,4,1,33,1,20,4,1,74,3,20,4,1,50,21,20,5,0,81,9,20,3,2
64618337,90,11,20,3,2,20,4,20,5,0,31,7,20,3,2,33,1,20,5,0,28,3,19,5,0,42,24,20,4,1
64617623,90,11,20,4,1,14,21,20,5,0,17,5,20,5,0,28,3,20,5,0,84,18,20,3,2,75,22,20,3,2
64613124,1,15,20,3,2,26,9,20,4,1,12,7,20,5,0,48,3,20,3,2,87,24,20,5,0,63,15,20,4,1
64609616,80,19,20,4,1,69,9,20,4,0,70,6,20,3,2,47,4,19,4,0,70,6,20,4,1,23,18,19,5,0
64574482,35,2,19,5,0,43,5,20,4,1,11,16,19,4,0,1,16,19,3,1,17,5,20,3,1,42,24,19,3,1
64572486,72,11,19,3,2,55,14,20,4,1,86,1,20,3,2,67,14,19,4,1,74,3,20,4,1,2,11,19,4,1
64570355,63,15,19,4,1,37,15,20,5,0,72,11,19,5,0,33,1,20,4,1,82,21,19,3,2,90,11,20,3,2
64569191,66,24,17,4,0,29,1,18,4,0,38,9,18,3,2,62,11,19,3,1,55,14,17,2,0,86,1,17,2,1
64568440,58,10,20,5,0,6,7,20,4,1,30,13,20,4,1,56,20,20,5,0,11,18,20,3,2,31,7,20,3,2
64566183,17,5,20,3,2,82,21,20,4,1,67,14,20,4,1,74,3,19,5,0,90,11,20,5,0,59,2,19,5,0
64564712,36,5,20,4,1,59,2,20,4,1,88,3,20,4,1,28,3,20,5,0,31,7,20,4,1,90,11,19,4,1
64563585,70,6,20,4,1,74,3,19,4,0,31,7,19,4,1,57,23,19,4,1,88,3,19,5,0,11,18,20,4,1
64506310,65,16,20,4,1,75,22,20,4,1,83,6,20,5,0,66,24,19,4,1,82,21,20,3,2,67,14,19,4,1
64689076,33,1,20,4,1,17,5,20,4,1,1,15,20,4,1,3,21,20,4,1,11,16,19,4,0,81,9,19,3,2
64688603,14,21,20,4,1,18,15,20,4,1,48,3,19,4,1,71,14,19,5,0,32,5,19,4,1,23,18,19,3,2
64688286,39,18,20,3,2,20,4,20,4,1,62,11,20,4,1,90,11,20,4,1,4,13,19,3,1,22,3,20,5,0
64687592,31,7,20,4,1,77,24,19,5,0,55,14,20,4,1,17,5,20,4,1,39,18,20,5,0,14,21,20,4,1
64686812,23,18,18,3,1,75,22,19,4,1,14,21,17,4,0,74,3,18,3,0,75,22,19,3,1,31,7,19,2,2
64685840,26,9,20,5,0,20,4,19,4,0,72,11,20,3,2,31,7,19,3,2,12,7,20,5,0,9,9,20,3,2
64684806,15,5,20,4,1,57,23,20,5,0,74,3,20,4,1,74,3,19,4,1,82,21,20,4,1,2,9,20,5,0
64683018,21,9,19,5,0,90,11,20,3,2,88,3,19,4,0,19,24,19,3,1,27,6,18,4,0,75,22,19,3,2
64643408,73,24,19,5,0,33,1,19,3,2,38,9,19,4,1,83,6,20,4,0,76,3,19,2,0,25,11,20,5,0
64672207,43,5,20,2,3,86,1,20,3,2,29,1,20,4,1,72,11,20,4,1,48,3,20,4,1,20,4,19,4,0
64670712,64,24,20,4,1,20,4,19,5,0,31,7,20,3,2,64,24,19,5,0,78,16,19,5,0,43,5,20,2,3
64610316,24,3,19,3,2,30,13,19,3,0,90,11,19,4,1,4,13,19,5,0,2,9,19,3,2,1,15,19,5,0
64608880,51,22,19,4,0,28,13,19,5,0,63,15,19,4,1,67,14,18,5,0,29,1,20,4,1,88,3,18,2,2
64599424,77,24,19,3,2,69,9,19,4,0,65,16,20,4,1,40,6,20,4,1,69,9,20,5,0,29,1,20,5,0
64598810,26,9,20,4,1,9,9,20,4,1,2,11,19,2,3,88,3,20,4,1,79,8,20,4,1,44,25,20,4,1
64598287,65,16,20,3,2,17,5,20,4,1,29,1,20,5,0,90,11,19,4,1,35,1,19,4,1,13,19,19,5,0
64551168,72,11,20,3,2,56,20,20,4,1,78,16,19,4,1,89,9,20,4,1,66,24,20,4,1,39,18,20,5,0
64550553,70,6,20,4,1,33,1,20,4,1,55,14,20,5,0,79,8,20,4,1,25,11,19,5,0,58,10,20,4,1
64645849,56,20,20,4,0,89,9,20,5,0,35,1,20,4,1,31,7,20,4,1,17,5,20,4,1,73,24,19,4,0
64554349,59,2,20,3,2,17,5,20,4,1,7,1,20,5,0,1,15,20,4,1,9,9,20,4,1,85,13,19,2,1
64553374,47,4,19,3,2,39,21,20,4,1,83,6,20,3,2,80,19,19,4,0,90,11,20,3,1,11,18,20,5,0
64552362,74,3,19,5,0,1,15,20,4,1,90,11,20,4,1,82,21,20,4,1,16,9,19,4,1,35,1,20,4,1
64551117,78,16,19,4,1,32,5,20,3,2,76,3,19,5,0,23,18,18,4,0,15,5,20,4,1,11,16,18,4,0
64548910,75,22,19,3,2,68,1,19,5,0,16,9,19,5,0,76,3,18,5,0,54,8,19,3,2,83,6,20,3,2
64348721,46,16,19,4,0,81,9,19,4,1,71,14,19,4,1,66,24,20,3,0,23,18,18,4,0,22,3,19,4,0
64347925,19,24,20,3,1,89,9,19,4,1,18,15,19,4,1,90,11,20,3,1,81,9,19,4,0,29,1,18,4,0
64347386,4,13,19,5,0,17,5,19,4,1,58,10,19,3,2,18,15,18,5,0,11,16,18,4,1,42,24,17,4,1
64302554,39,21,20,4,1,90,11,20,3,2,71,14,19,4,1,53,14,19,4,1,90,11,20,2,2,83,6,19,4,0
64681943,17,5,19,2,3,33,1,20,3,1,11,18,20,4,1,66,24,20,5,0,14,21,20,3,2,50,21,19,3,0
64680687,64,24,20,4,1,81,9,20,4,1,76,3,20,4,1,26,9,20,4,1,11,18,20,3,2,29,1,20,4,1
64679122,11,18,19,4,1,77,24,19,4,1,33,1,19,4,1,11,16,17,3,1,48,3,19,5,0,28,3,19,3,2
64677286,29,1,20,4,1,43,5,20,3,2,33,1,20,5,0,74,3,19,4,1,5,6,20,5,0,82,21,20,4,1
64676440,35,1,20,5,0,27,2,20,1,2,78,16,20,3,2,61,5,20,4,1,2,11,20,4,0,1,18,20,4,1
64675209,40,6,20,3,2,42,24,20,3,2,11,18,20,3,2,74,3,20,3,2,17,5,14,1,0,78,16,20,3,1
64673989,11,16,20,5,0,75,22,19,3,2,68,1,20,5,0,90,11,20,3,2,27,16,20,5,0,70,6,20,4,1
64671941,23,15,20,3,2,33,1,20,4,1,40,6,19,4,1,58,10,20,4,1,33,1,20,5,0,76,3,20,5,0
64670732,52,24,20,5,0,46,16,19,4,1,16,9,19,5,0,26,9,20,4,1,22,3,19,4,1,81,9,20,2,3
64665397,33,1,18,5,0,1,15,19,3,2,47,4,19,4,1,7,1,18,4,0,2,10,19,3,0,35,2,19,2,1
64615372,56,20,20,3,2,1,15,19,3,2,33,1,19,5,0,21,9,20,5,0,46,16,19,5,0,50,21,19,4,1
64613782,21,9,20,3,2,76,3,20,4,0,3,19,20,4,1,36,5,20,4,1,7,1,20,4,0,64,24,19,4,1
64612495,64,24,20,5,0,79,8,19,5,0,11,16,20,5,0,14,21,19,3,2,28,3,19,4,1,31,7,19,3,2
64611593,28,3,20,3,2,1,15,20,4,1,58,10,20,3,2,2,9,20,5,0,53,14,20,5,0,31,7,20,4,1
64610121,31,7,20,3,2,89,9,20,3,2,13,15,20,4,0,81,9,20,4,1,58,10,20,4,1,53,14,20,5,0
64608718,72,11,20,3,2,53,14,19,5,0,81,9,20,4,1,55,14,20,4,1,17,5,20,4,1,21,9,19,4,1
64607280,43,5,20,4,1,9,9,20,5,0,26,9,19,5,0,2,10,20,4,1,68,1,20,4,1,81,9,20,3,2
64605856,85,13,20,3,2,44,25,20,4,1,64,24,20,4,1,33,1,20,5,0,48,3,20,3,2,74,3,19,4,1
64604658,30,13,20,5,0,18,15,20,4,1,89,9,20,3,2,85,13,20,3,1,21,9,20,3,2,90,11,20,3,1
64603576,22,3,20,5,0,65,16,20,5,0,36,5,20,4,1,72,11,20,4,1,46,16,20,5,0,10,1,20,4,1
64660624,25,11,20,3,2,14,21,20,4,1,46,16,20,4,1,39,18,20,5,0,1,15,19,4,1,79,8,19,4,1
64657876,27,9,20,4,0,28,3,20,3,2,52,24,20,5,0,37,15,20,4,1,74,3,20,4,1,17,5,20,4,1
64671805,75,22,20,5,0,59,2,19,3,2,39,18,19,4,1,26,9,19,3,0,81,9,19,3,1,65,16,19,5,0
64670800,67,14,20,4,1,18,15,20,5,0,89,9,20,5,0,22,3,20,5,0,84,18,20,3,2,6,8,20,3,2
64668751,5,5,20,2,3,6,8,19,4,1,20,4,19,5,0,77,24,20,3,2,15,6,20,3,2,55,14,20,5,0
64668068,90,11,19,5,0,70,6,19,2,3,76,3,19,5,0,88,3,19,4,1,62,11,19,4,1,10,20,20,5,0
64662730,52,24,20,5,0,88,3,20,5,0,31,7,20,4,1,67,14,19,4,1,44,25,20,5,0,72,11,20,3,2
64661666,88,3,19,4,1,79,8,20,4,1,43,5,20,3,2,30,13,19,2,0,77,24,20,4,0,9,10,19,3,1
64660959,29,1,20,4,1,2,9,20,3,2,22,3,20,3,2,81,9,20,3,2,35,1,19,4,1,33,1,20,5,0
64660392,74,3,19,4,1,77,24,20,4,1,28,13,20,5,0,90,11,19,4,1,67,14,19,5,0,3,21,19,3,2
64624875,1,15,19,4,1,4,3,18,5,0,81,9,18,4,1,33,1,19,5,0,90,11,19,3,2,23,18,19,4,1
64628135,64,24,17,4,0,71,14,17,4,0,2,10,16,5,0,1,18,17,2,0,24,3,16,4,0,10,1,16,4,0
64627122,85,13,19,5,0,70,6,19,4,1,47,4,19,3,2,30,13,19,4,0,5,5,20,4,1,87,24,20,3,2
64141430,76,3,19,3,0,66,24,20,4,1,12,7,19,2,3,76,3,20,5,0,17,5,20,3,2,29,1,20,4,1
64549474,55,14,20,5,0,21,9,20,3,2,33,1,20,5,0,14,21,19,3,2,30,13,19,4,0,72,11,20,3,2
64373579,72,11,19,4,1,89,9,19,5,0,65,16,19,4,1,22,3,19,3,2,89,9,19,3,2,49,19,19,4,1
64372204,1,14,19,4,1,63,15,19,4,1,40,6,18,4,1,67,14,20,5,0,89,9,20,4,1,29,1,19,5,0
64287369,14,21,19,5,0,88,3,19,5,0,81,9,19,3,2,81,9,18,4,0,23,15,18,4,1,39,21,18,5,0
64270543,70,6,20,3,2,88,3,19,4,1,64,24,20,4,1,16,9,19,4,1,87,24,20,5,0,78,16,19,4,1
64268460,2,11,20,5,0,55,14,19,4,1,64,24,19,2,2,14,21,19,5,0,76,3,18,4,1,72,11,19,4,1
64267846,36,5,19,5,0,18,15,19,3,2,53,14,18,4,0,72,11,19,4,1,4,13,19,5,0,22,3,19,3,2
64266651,65,16,19,3,1,2,11,19,4,1,12,7,19,4,1,67,14,19,4,1,70,6,19,3,2,85,13,19,5,0
64264313,2,11,20,4,1,28,3,20,5,0,64,24,20,4,1,75,22,20,5,0,53,14,20,5,0,89,9,20,0,5
64673674,55,14,19,5,0,65,16,19,3,2,72,11,19,3,2,78,16,19,4,1,14,21,19,3,2,72,11,19,5,0
64672933,45,4,20,5,0,81,9,20,5,0,2,11,20,4,1,68,1,19,3,0,90,11,19,3,2,55,14,19,4,0
64469604,30,13,20,5,0,39,18,20,3,2,82,21,20,4,1,39,18,20,4,1,22,3,20,5,0,7,2,20,3,2
64468782,56,20,19,4,1,50,21,18,5,0,12,6,19,3,2,90,11,20,3,2,19,24,19,4,1,68,1,18,3,0
64468120,89,9,20,4,1,19,24,19,4,1,29,1,20,5,0,64,24,19,4,1,76,3,19,4,1,15,6,19,3,2
64466166,78,16,19,5,0,82,21,20,4,1,79,8,19,5,0,78,16,20,3,2,39,21,19,5,0,2,9,20,3,1
64448370,71,14,19,4,1,90,11,18,3,2,25,11,19,4,1,81,9,18,4,1,74,3,18,4,1,16,9,18,4,1
64447950,33,1,19,5,0,80,19,20,4,1,90,11,20,4,1,90,11,19,4,0,77,24,18,2,0,29,1,20,5,0
64404214,70,6,19,5,0,90,11,20,4,1,2,9,20,4,1,90,11,19,4,1,74,3,20,5,0,26,9,20,5,0
64623286,31,7,20,3,2,28,3,19,4,1,52,24,20,2,3,28,3,17,4,0,33,1,17,4,0,82,21,19,3,0
64621809,13,19,20,4,1,83,6,20,4,1,5,5,19,3,2,48,3,20,3,2,33,1,20,4,1,80,19,20,3,2
64619278,90,11,19,3,2,44,25,19,4,1,29,1,19,4,1,82,21,19,3,2,4,13,19,3,2,14,21,19,4,1
64599563,64,24,20,4,1,65,16,20,5,0,81,9,19,1,4,79,8,19,5,0,47,4,20,4,1,11,16,19,4,1
64598791,25,11,20,3,2,44,25,19,3,2,30,13,19,4,1,75,22,20,3,2,65,16,19,4,0,22,3,19,5,0
64598100,72,11,19,4,1,80,19,19,2,3,30,13,19,2,3,28,3,19,5,0,4,3,17,4,1,72,11,19,5,0
64597299,28,3,20,5,0,88,3,20,5,0,39,18,20,5,0,46,16,20,4,1,18,15,20,5,0,1,15,20,4,1
64596914,90,11,20,2,3,80,19,20,3,2,30,13,20,5,0,55,14,20,4,1,58,10,20,5,0,84,18,20,3,2
64558199,75,22,19,4,1,33,1,19,5,0,76,3,20,5,0,65,16,20,5,0,53,14,20,3,2,4,3,20,5,0
64641162,72,11,19,5,0,11,18,19,2,0,37,15,20,5,0,54,8,20,4,1,86,1,19,4,1,33,1,19,4,1
64639855,89,9,20,3,2,30,13,19,5,0,47,4,20,4,1,43,5,20,5,0,72,11,20,4,1,68,1,19,5,0
64638571,33,1,20,5,0,61,5,20,4,1,67,14,20,3,2,77,24,20,4,1,11,16,19,5,0,72,11,20,4,1
64637927,86,1,19,4,1,7,1,20,5,0,2,11,19,4,1,81,9,20,2,3,80,19,19,5,0,33,1,20,4,1
64637346,22,3,18,5,0,64,24,18,4,1,11,16,19,5,0,77,24,18,2,2,11,16,18,4,0,6,8,18,4,1
64636345,86,1,19,4,1,89,9,19,3,1,19,24,19,4,1,90,11,20,4,1,55,14,20,5,0,3,19,20,4,1
64632876,21,9,20,4,1,42,24,20,4,1,47,4,19,5,0,55,14,19,2,1,90,11,20,4,1,1,15,20,4,1
64630876,67,14,20,4,1,18,15,20,4,1,22,3,20,4,1,84,18,20,4,1,57,23,19,4,1,82,21,20,4,1
64629751,18,15,20,4,1,15,5,20,3,2,33,1,20,5,0,77,24,20,3,2,58,10,20,4,1,82,21,19,5,0
64694317,87,24,19,4,1,7,1,19,4,1,21,9,19,2,3,10,1,19,4,1,4,3,19,4,1,3,16,19,4,1
64694008,3,21,19,5,0,12,7,20,5,0,35,1,20,4,1,48,3,20,5,0,37,15,20,3,2,87,24,20,4,1
64642530,83,6,20,4,1,20,4,20,4,1,25,11,20,3,2,61,5,19,4,1,25,11,19,3,2,20,4,19,4,0
64641897,55,14,19,4,1,21,9,20,2,3,35,1,20,4,1,78,16,20,3,2,79,8,20,4,1,86,1,19,5,0
64641074,2,9,20,4,1,62,11,20,4,1,58,10,19,3,2,79,8,20,5,0,4,13,19,1,3,83,6,20,5,0
64640168,31,7,20,5,0,23,18,20,4,1,39,18,20,4,1,2,9,20,5,0,42,24,20,3,2,47,4,20,4,1
64639521,19,24,19,4,1,72,11,19,4,1,77,24,19,5,0,78,16,20,5,0,79,8,19,3,1,86,1,19,4,1
64638023,75,22,19,4,1,70,6,20,3,2,76,3,19,5,0,89,9,20,4,1,18,15,20,3,2,33,1,20,5,0
64636914,58,10,20,3,2,6,8,20,4,1,55,14,19,4,1,61,5,20,4,1,1,16,20,3,2,88,3,19,2,3
64636322,58,10,17,2,1,88,3,18,4,0,25,11,18,3,1,56,20,18,4,0,43,5,18,4,1,3,21,17,3,1
64536107,65,16,20,4,1,70,6,20,3,2,76,3,20,5,0,63,15,19,3,2,34,23,19,4,1,80,19,19,4,1
64535922,32,5,19,4,1,1,15,19,4,1,22,3,19,3,1,74,3,20,5,0,15,5,20,3,2,67,14,20,4,1
64686350,20,4,19,4,0,35,1,20,5,0,62,11,20,3,2,7,1,19,5,0,76,3,20,5,0,90,11,20,2,3
64685824,2,11,20,3,2,17,5,20,4,1,89,9,19,5,0,4,3,20,4,1,75,22,20,5,0,72,11,20,5,0
64684985,84,18,20,4,1,55,14,20,5,0,70,6,20,4,1,90,11,20,3,2,65,16,20,5,0,37,15,20,3,2
64673035,26,9,19,4,1,17,5,20,3,2,86,1,19,4,1,64,24,20,4,1,29,1,19,5,0,15,6,20,5,0
64671905,27,9,20,4,0,46,16,19,5,0,81,9,20,4,1,72,11,20,4,1,77,24,20,3,2,20,4,19,3,0
64670921,76,3,20,4,1,9,10,20,3,2,86,1,20,4,1,2,10,19,3,2,20,4,19,5,0,16,9,19,3,2
64669728,29,1,19,4,1,74,3,19,5,0,90,11,19,3,2,26,9,19,3,2,17,5,18,4,0,86,1,19,5,0
64629374,80,19,17,4,0,26,9,18,4,1,8,22,17,4,0,21,9,17,3,0,51,22,16,3,1,17,5,17,3,0
64626950,50,21,20,4,1,22,3,19,4,0,1,16,20,4,1,5,6,20,5,0,33,1,19,4,0,28,3,20,3,0
64625525,82,21,20,4,1,58,10,20,3,2,86,1,20,4,1,7,1,20,5,0,2,10,20,3,2,77,24,20,3,2
64676389,90,11,19,4,1,74,3,19,5,0,28,3,19,5,0,70,6,19,3,2,63,15,19,4,1,28,13,20,4,1
64614607,74,3,19,5,0,84,18,20,5,0,21,9,20,4,1,7,2,20,4,1,58,10,20,4,1,76,3,19,5,0
64505210,69,9,18,5,0,78,16,20,3,2,74,3,19,3,2,17,5,19,3,1,1,15,19,5,0,39,18,19,5,0
64504241,62,11,19,3,2,7,1,19,3,2,1,15,19,3,2,46,16,19,4,1,63,15,18,4,0,33,1,19,5,0
64502702,33,1,19,5,0,82,21,19,4,1,19,6,19,4,1,71,14,18,5,0,57,23,18,3,1,62,11,18,4,1
64497844,90,11,20,4,1,23,15,20,4,1,28,3,20,3,2,28,13,20,2,3,35,1,20,4,1,7,1,20,5,0
64486361,36,5,19,4,1,76,3,19,4,1,25,11,20,5,0,36,5,19,4,0,64,24,19,3,1,59,2,20,4,0
64459261,71,14,19,4,1,82,21,19,5,0,28,3,19,4,1,45,4,19,5,0,78,16,20,5,0,90,11,19,4,1
64457777,30,13,19,4,0,31,7,19,2,3,33,1,20,4,1,59,2,20,4,0,2,11,20,4,0,88,3,20,5,0
64456889,64,24,19,4,1,7,2,19,4,1,90,11,19,4,1,90,11,19,4,1,7,1,18,3,2,67,14,19,5,0
64692961,88,3,19,5,0,4,3,20,3,2,40,6,20,2,3,29,1,20,5,0,35,2,19,5,0,90,11,20,3,1
64692866,29,1,20,4,1,60,6,20,3,2,11,18,20,4,1,6,8,19,4,1,68,1,20,4,0,33,1,20,5,0
64692640,88,3,20,5,0,90,11,20,3,2,37,15,20,4,1,22,3,20,5,0,54,8,19,5,0,15,6,20,4,1
64484512,2,10,19,4,1,67,14,18,4,1,65,16,18,5,0,78,16,16,3,1,29,1,18,5,0,18,15,18,2,0
64623560,64,24,19,4,1,7,1,19,4,1,1,18,19,3,2,1,14,19,4,1,44,25,19,5,0,52,24,19,4,0
64589508,18,15,18,4,1,31,7,18,4,1,74,3,17,4,0,34,23,18,3,0,89,9,17,5,0,11,16,18,2,2
64588867,14,21,19,4,1,78,16,19,3,2,2,11,19,2,3,33,1,19,4,0,35,2,18,4,0,87,24,19,5,0
64489755,25,11,19,2,3,6,7,20,4,1,76,3,20,5,0,81,9,20,2,3,83,6,20,4,1,7,1,20,4,1
64484909,21,9,20,3,2,42,24,20,3,2,27,6,20,3,1,82,21,20,5,0,86,1,20,4,1,75,22,20,3,2
64437783,10,1,18,5,0,32,5,19,4,1,88,3,19,4,1,71,14,18,5,0,72,11,18,1,2,28,3,18,4,0
64431779,76,3,18,5,0,89,9,18,4,1,90,11,18,4,1,11,16,18,4,0,31,7,17,3,1,71,14,18,5,0
64397457,12,6,17,5,0,46,16,17,5,0,27,9,17,4,0,18,15,18,5,0,35,2,18,4,0,89,9,18,5,0
64394742,79,8,20,4,1,58,10,20,4,1,90,11,20,3,2,90,11,19,4,1,53,14,19,5,0,36,5,19,5,0
64359382,4,13,20,4,1,82,21,19,3,2,10,20,20,3,2,29,1,20,5,0,18,15,20,2,3,77,24,20,4,1
64347481,76,3,20,4,1,28,3,20,2,3,90,11,20,2,3,49,19,20,4,1,18,15,20,3,2,90,11,20,4,1
64341946,2,10,19,5,0,89,9,19,3,2,90,11,19,4,1,64,24,17,3,0,71,14,16,2,1,53,14,17,3,0
64694536,87,24,19,4,1,19,6,20,5,0,88,3,18,2,2,78,16,19,3,2,31,7,19,4,1,18,15,19,4,1
64694358,17,5,20,4,1,90,11,20,4,1,81,9,19,5,0,25,11,20,4,1,89,9,20,4,0,66,24,20,4,1
64694208,60,6,20,4,1,88,3,20,5,0,75,22,20,5,0,67,14,19,4,1,26,9,19,3,2,29,1,19,4,1
64688935,29,1,20,5,0,24,3,20,5,0,44,25,19,3,1,72,11,20,3,2,63,15,19,3,2,23,18,19,4,1
64687845,89,9,19,3,1,18,15,18,4,0,90,11,17,3,1,21,9,19,4,1,37,15,20,4,1,86,1,19,4,1
64685193,89,9,19,4,1,70,6,19,2,3,33,1,19,3,2,89,9,19,4,1,18,15,19,4,1,34,23,19,5,0
64684058,89,9,20,4,1,18,15,19,5,0,34,23,20,4,1,39,18,20,4,1,90,11,20,4,1,42,24,20,4,1
64683405,26,9,18,3,2,14,21,20,3,2,56,20,19,4,1,67,14,20,5,0,17,5,19,4,1,71,14,19,4,1
64663612,89,9,19,4,1,84,18,20,4,1,62,11,20,3,2,90,11,20,3,2,71,14,18,3,1,46,16,20,5,0
64663091,48,3,19,5,0,4,3,20,4,1,7,1,20,3,2,30,13,19,4,1,43,5,19,4,1,72,11,19,4,1
64603914,81,9,20,3,2,3,21,20,4,1,18,15,20,4,1,17,5,20,3,2,90,11,20,5,0,78,16,20,4,1
64603220,28,3,19,4,1,10,1,20,4,1,2,11,20,4,1,37,15,20,4,0,56,20,20,5,0,33,1,19,4,1
64602558,58,10,20,4,1,11,16,19,5,0,1,14,20,4,1,16,9,19,4,1,4,13,19,4,0,72,11,20,4,1
64601588,71,14,20,3,2,72,11,20,4,1,82,21,20,4,1,90,11,20,5,0,42,24,20,3,2,82,21,20,4,1
64600620,80,19,19,4,1,66,24,18,3,2,82,21,18,4,0,78,16,19,4,1,4,3,18,4,0,40,6,19,5,0
64493728,23,15,19,4,1,78,16,19,4,1,65,16,18,4,1,33,1,18,3,1,22,3,18,4,0,15,6,19,3,2
64493138,39,18,20,3,2,38,9,20,3,2,88,3,20,4,1,18,15,20,4,1,87,24,19,4,0,89,9,20,4,1
64492606,2,9,20,3,2,67,14,20,5,0,76,3,20,5,0,15,5,20,4,1,53,14,19,5,0,89,9,20,5,0
64659407,22,3,20,4,1,26,9,20,4,1,59,2,20,5,0,78,16,20,4,1,25,11,20,5,0,86,1,19,5,0
64658286,89,9,19,3,2,65,16,19,3,1,18,15,19,3,2,71,14,19,4,1,90,11,19,5,0,33,1,20,5,0
64620111,10,20,19,2,0,18,15,19,4,1,55,14,19,5,0,68,1,18,3,0,70,6,19,4,1,83,6,18,4,1
64615515,11,18,19,4,0,33,1,19,4,1,2,10,19,4,1,1,16,18,4,1,76,3,18,5,0,90,11,17,3,0
64589346,46,16,20,5,0,66,24,20,3,1,67,14,20,3,1,72,11,18,4,0,14,21,18,4,0,82,21,19,4,0
64588854,63,15,20,5,0,31,7,20,3,2,44,25,20,4,1,11,18,20,5,0,86,1,20,2,3,81,9,19,4,1
64588087,65,16,19,3,2,6,8,20,2,3,78,16,20,4,1,67,14,19,4,0,2,9,20,4,1,14,21,20,5,0
64587414,7,1,19,4,1,69,9,20,4,1,88,3,20,4,1,69,9,19,1,0,10,20,20,2,1,67,14,20,4,0
64566723,17,5,19,3,2,33,1,19,4,1,11,18,20,3,2,90,11,20,5,0,7,2,18,2,0,69,9,18,2,0
64686412,30,13,20,4,1,40,6,20,4,1,35,2,20,4,1,90,11,20,4,1,33,1,20,4,1,23,18,20,5,0
64685955,54,8,18,4,1,40,6,19,3,2,71,14,19,5,0,76,3,19,4,1,15,5,19,4,1,57,23,19,4,1
64661892,27,9,19,3,0,75,22,20,4,1,90,11,20,4,1,67,14,20,5,0,62,11,20,4,1,76,3,20,5,0
64660781,70,6,20,4,1,2,9,20,4,1,85,13,19,4,1,33,1,18,4,0,4,3,19,5,0,68,1,19,4,1
64659371,87,24,19,2,2,20,4,19,4,0,34,23,20,3,2,8,22,20,4,1,18,15,20,5,0,74,3,19,4,1
64658332,31,7,20,3,2,71,14,20,4,1,55,14,19,4,1,38,9,20,3,2,78,16,19,4,1,74,3,20,5,0
64657348,37,15,19,4,1,3,21,19,4,1,72,11,20,4,1,37,15,19,5,0,90,11,19,4,1,82,21,19,3,1
64654242,11,18,19,4,1,48,3,19,5,0,81,9,19,4,1,90,11,20,3,2,68,1,19,5,0,9,10,20,3,2
64653721,67,14,20,4,1,74,3,20,4,1,90,11,19,4,1,76,3,20,5,0,31,7,20,4,1,77,24,20,4,1
64577459,4,3,19,5,0,22,3,18,4,1,89,9,19,4,1,76,3,19,5,0,72,11,19,3,2,90,11,19,5,0
64692438,77,24,19,5,0,2,11,20,5,0,11,16,19,5,0,74,3,20,4,0,4,13,20,3,0,86,1,20,4,0
64692282,18,15,20,3,2,90,11,20,2,3,88,3,20,5,0,33,1,20,5,0,18,15,20,3,2,1,15,20,3,2
64692194,70,6,19,4,1,65,16,18,5,0,84,18,19,4,1,42,24,19,4,1,46,16,19,3,2,55,14,19,4,1
64692058,7,1,19,4,1,17,5,20,3,2,72,11,20,3,2,58,10,20,5,0,84,18,20,5,0,27,6,19,4,0
64691828,67,14,20,4,1,40,6,20,3,2,82,21,19,3,2,89,9,19,3,1,68,1,19,3,0,4,3,20,4,1
64691697,58,10,19,3,2,11,16,19,5,0,35,2,19,4,1,31,7,19,4,0,33,1,18,5,0,22,3,18,4,1
64691585,88,3,19,4,1,77,24,19,3,2,12,6,20,3,2,9,9,20,5,0,1,15,19,4,1,50,21,19,4,0
64691334,66,24,20,4,0,84,18,20,4,0,23,18,20,5,0,70,6,20,4,1,49,19,20,3,2,11,16,20,5,0
64690808,2,10,18,5,0,88,3,19,4,1,4,3,19,3,2,76,3,17,4,0,82,21,19,5,0,2,11,18,3,1
64690582,21,9,18,3,2,47,4,18,4,1,85,13,18,5,0,11,18,18,3,0,15,6,19,4,0,90,11,19,3,1
64670537,17,5,20,4,1,76,3,19,4,1,72,11,20,4,1,46,16,20,4,1,21,9,20,5,0,83,6,20,4,1
64668847,65,16,20,4,1,23,18,20,4,1,36,5,20,4,1,81,9,20,5,0,11,16,19,4,1,90,11,20,4,1
64659831,70,6,20,2,3,86,1,19,5,0,23,18,20,4,1,4,13,19,4,1,84,18,20,2,3,58,10,20,4,1
64659012,1,15,19,3,2,4,3,19,5,0,90,11,18,5,0,70,6,19,3,2,11,16,19,5,0,4,13,18,3,2
64658552,90,11,20,4,1,23,18,20,3,2,21,9,19,4,1,59,2,19,4,1,11,18,20,5,0,23,18,20,4,1
64602213,22,3,19,4,1,27,16,20,4,1,25,11,20,2,3,29,1,20,5,0,47,4,20,5,0,75,22,19,3,2
64578441,33,1,20,4,1,47,4,20,2,2,26,9,20,4,1,34,23,20,3,2,47,4,20,5,0,55,14,20,5,0
64576682,44,25,19,5,0,65,16,19,5,0,62,11,20,2,3,63,15,18,5,0,40,6,19,5,0,90,11,18,4,1
64691550,49,19,20,3,2,77,24,20,5,0,1,15,20,5,0,53,14,19,3,1,6,8,20,4,1,67,14,20,5,0
64691382,74,3,20,4,0,18,15,20,3,2,48,3,19,4,1,18,15,19,4,1,15,5,19,4,1,11,18,19,5,0
64686889,64,24,20,4,1,1,15,19,5,0,53,14,20,4,1,83,6,20,5,0,90,11,20,5,0,67,14,20,4,1
64685857,1,15,20,4,1,28,3,20,3,2,44,25,20,4,1,9,10,19,5,0,67,14,19,4,1,65,16,19,5,0
64685022,29,1,20,4,1,31,7,20,3,2,88,3,20,3,2,63,15,19,5,0,46,16,20,4,1,1,15,20,5,0
64683854,12,7,20,4,1,68,1,19,4,1,2,10,19,5,0,63,15,19,3,2,25,11,20,3,2,18,15,20,4,1
64682751,20,4,19,5,0,38,9,20,2,3,58,10,20,4,1,1,15,20,5,0,86,1,20,4,1,69,9,20,5,0
64672926,1,15,19,4,1,40,6,19,2,3,68,1,19,5,0,29,1,19,4,1,1,15,19,4,1,86,1,19,5,0
64670390,72,11,19,4,1,90,11,19,4,1,45,4,19,5,0,15,5,19,4,1,30,13,19,4,0,1,15,19,5,0
64668753,24,3,18,3,1,61,5,19,4,0,64,24,19,4,1,31,7,20,4,1,29,1,20,4,1,33,1,19,5,0
64692504,14,21,20,5,0,70,6,20,4,1,10,1,20,5,0,18,15,20,2,3,30,13,20,4,1,5,6,20,4,1
64692283,29,1,20,4,1,53,13,20,4,1,21,9,20,3,2,58,10,20,4,1,67,14,20,5,0,11,16,20,5,0
64691992,68,1,19,4,0,70,6,20,2,3,17,5,19,4,1,11,16,19,5,0,42,24,20,4,1,2,10,20,4,1
64691744,46,16,19,5,0,81,9,19,4,1,75,22,18,4,0,90,11,20,4,1,13,15,19,5,0,11,18,19,4,1
64691534,18,15,20,4,1,23,18,20,3,2,42,24,20,4,1,56,20,19,5,0,6,7,20,4,1,33,1,20,5,0
64691343,50,21,20,4,1,77,24,20,4,1,71,14,20,5,0,9,10,20,4,1,50,21,19,5,0,90,11,19,5,0
64691181,60,6,19,3,1,37,15,19,5,0,59,2,18,2,2,20,4,17,2,0,70,6,18,3,0,87,24,18,4,1
64690856,42,24,20,4,1,67,14,20,4,1,59,2,20,5,0,10,20,20,5,0,4,13,19,5,0,21,9,20,3,2
64690517,11,18,20,5,0,14,21,19,4,1,17,5,19,4,1,48,3,20,4,1,10,20,20,4,1,39,21,20,3,2
64657822,90,11,20,5,0,25,11,20,3,2,76,3,19,5,0,90,11,19,4,1,67,14,19,5,0,46,16,20,4,1
64657122,55,14,20,4,1,35,1,20,3,2,66,24,20,4,1,90,11,19,5,0,83,6,19,5,0,8,22,19,5,0
64651476,29,1,20,4,1,10,1,20,4,1,34,23,20,5,0,55,14,20,4,1,21,9,19,3,2,63,15,20,5,0
64615393,78,16,20,4,1,29,1,20,4,1,55,14,20,4,1,11,16,20,3,2,83,6,20,4,1,1,18,20,3,2
64330360,46,16,20,4,1,18,15,20,3,2,79,8,20,3,2,18,15,20,4,1,39,21,20,5,0,33,1,20,5,0
64329340,29,1,20,4,1,13,15,20,5,0,6,8,20,5,0,75,22,20,3,2,76,3,19,5,0,43,5,20,4,1
64328292,66,24,20,5,0,4,13,20,3,2,1,18,20,5,0,26,9,20,4,1,76,3,19,3,0,21,9,20,5,0
64327568,39,21,20,5,0,58,10,20,3,2,29,1,20,4,1,32,5,20,4,1,22,3,20,4,1,1,14,20,5,0
64323317,61,5,20,5,0,38,9,20,4,1,73,24,20,5,0,77,24,19,4,0,64,24,20,5,0,18,15,19,4,1
64676993,67,14,19,3,2,42,24,18,4,0,9,10,19,5,0,77,24,19,4,0,65,16,18,3,0,23,18,18,4,0
64676095,15,5,19,4,1,48,3,20,4,1,59,2,19,4,1,28,3,19,3,2,82,21,19,5,0,36,5,18,4,1
64674625,70,6,20,3,0,64,24,20,4,0,78,16,20,4,0,2,11,19,5,0,11,16,20,5,0,77,24,20,3,2
64672689,2,11,20,4,1,11,16,20,5,0,58,10,20,5,0,65,16,20,4,1,42,24,20,5,0,9,10,20,3,2
64670848,89,9,20,4,0,64,24,20,4,1,40,6,19,2,1,67,14,20,4,1,42,24,19,4,0,9,10,20,4,0
64665544,83,6,20,5,0,55,14,20,4,1,21,9,20,3,2,67,14,19,3,2,42,24,19,5,0,9,10,19,4,1
64664466,90,11,19,4,1,74,3,19,5,0,16,9,19,4,1,76,3,19,5,0,66,24,20,4,1,1,18,20,4,1
64664014,1,15,20,4,1,81,9,20,3,2,74,3,20,3,2,18,15,20,4,1,73,24,19,3,0,71,14,20,4,1
64663056,67,14,20,4,1,42,24,19,5,0,9,10,20,3,2,1,15,20,4,1,24,21,20,5,0,39,18,20,3,2
64662481,67,14,17,5,0,42,24,17,5,0,9,10,17,5,0,22,3,16,3,0,83,6,16,3,0,24,3,16,3,1
64688533,42,24,20,4,1,90,11,20,3,2,83,6,20,4,1,57,23,20,4,1,35,2,20,3,2,21,9,20,5,0
64688059,70,6,20,5,0,47,4,20,5,0,4,13,20,3,0,53,13,20,5,0,31,7,20,3,2,52,24,20,3,2
64646275,64,24,20,4,1,2,11,20,3,2,59,2,20,4,1,80,19,20,4,1,67,14,20,4,1,65,16,20,4,1
64052944,46,16,20,4,1,53,13,19,4,1,6,8,19,4,1,89,9,20,3,2,65,16,19,4,1,42,24,19,4,1
64052696,12,6,19,4,1,82,21,20,5,0,44,25,20,5,0,1,18,20,4,1,79,8,20,4,1,67,14,20,4,1
64052280,35,1,20,4,1,18,15,20,3,2,81,9,20,3,2,74,3,18,5,0,31,7,20,4,1,65,16,20,4,1
64052079,44,25,19,4,1,49,19,19,4,1,52,24,19,4,1,11,16,18,4,1,89,9,19,3,2,27,16,18,4,1
64051643,44,25,20,4,1,15,5,20,4,1,6,8,20,4,1,82,21,20,4,1,11,18,20,3,2,78,16,19,4,1
64696096,81,9,20,2,3,28,3,20,4,1,23,18,19,4,1,56,20,19,5,0,25,11,20,3,2,39,21,20,4,1
64695757,60,6,20,3,2,73,24,20,4,1,1,18,20,2,3,53,14,19,5,0,11,18,20,4,1,78,16,20,3,2
64679669,25,11,20,4,1,35,2,19,4,1,32,5,19,5,0,3,16,20,4,1,78,16,20,3,2,24,3,20,5,0
64651256,89,9,19,4,1,70,6,19,2,3,10,1,20,3,2,81,9,20,4,1,1,15,20,3,2,65,16,20,5,0
64650921,88,3,19,5,0,79,8,20,3,2,9,10,20,3,2,81,9,20,4,1,18,15,20,5,0,33,1,20,5,0
64607511,67,14,20,4,1,7,1,20,5,0,44,25,20,4,1,11,16,20,2,3,63,15,20,5,0,21,9,19,4,1
64606347,46,16,19,5,0,58,10,20,4,1,3,19,20,3,2,78,16,19,5,0,7,1,19,3,2,17,5,20,5,0
64598362,83,6,19,4,1,15,5,18,3,2,65,16,18,4,1,1,18,19,2,1,90,11,19,3,1,18,15,18,3,0
64690568,46,16,20,4,1,23,18,19,3,2,66,24,20,4,1,21,9,20,5,0,61,5,20,5,0,85,13,19,5,0
64690176,90,11,20,4,1,36,5,20,5,0,76,3,19,4,1,46,16,20,5,0,72,11,20,4,0,59,2,18,5,0
64689853,90,11,20,4,1,88,3,20,5,0,82,21,20,4,1,27,6,19,4,0,69,9,19,3,0,86,1,19,2,3
64689421,18,15,19,2,3,45,4,18,4,0,77,24,20,4,1,22,3,19,4,1,70,6,20,4,1,53,13,20,5,0
64688664,18,15,19,4,1,84,18,19,4,1,82,21,20,4,1,34,23,19,4,1,28,3,19,3,1,10,1,19,3,0
64687487,2,9,20,3,2,55,14,19,5,0,44,25,19,5,0,65,16,20,4,1,27,2,19,5,0,25,11,20,3,2
64658394,27,2,20,3,1,28,3,20,4,1,87,24,19,4,1,29,1,20,4,0,1,14,19,4,1,15,6,20,4,1
64658188,49,19,20,4,1,74,3,20,4,1,21,9,20,5,0,67,14,20,4,1,74,3,20,5,0,90,11,20,4,1
64688317,89,9,19,4,1,3,19,19,3,2,71,14,19,4,1,64,24,20,4,1,15,5,20,3,2,82,21,20,5,0
64687644,65,16,20,4,1,21,9,20,4,1,88,3,19,3,2,29,1,20,5,0,62,11,19,5,0,1,15,20,5,0
64686982,72,11,20,3,2,19,6,20,4,1,2,11,19,5,0,78,16,20,4,1,79,8,20,5,0,74,3,18,5,0
64686481,64,24,19,5,0,1,15,19,4,1,50,21,19,4,1,67,14,20,3,1,75,22,20,5,0,76,3,18,3,0
64685466,44,25,20,5,0,14,21,20,5,0,34,23,19,5,0,8,22,20,4,1,72,11,20,5,0,2,11,20,5,0
64683613,48,3,20,4,1,25,11,20,5,0,53,14,20,5,0,78,16,20,4,1,71,14,20,3,1,77,24,20,4,1
64681927,78,16,20,5,0,62,11,19,3,2,11,16,20,4,1,27,9,19,4,1,2,11,20,4,1,30,13,20,4,1
64680358,81,9,20,3,2,29,1,20,3,2,78,16,20,3,2,26,9,20,4,1,31,7,20,4,1,20,4,20,4,1
64678969,78,16,20,4,1,75,22,20,3,2,88,3,20,5,0,84,18,18,4,0,68,1,18,3,0,46,16,19,5,0
64676934,79,8,20,5,0,76,3,20,5,0,32,5,20,3,2,86,1,19,5,0,65,16,20,4,1,2,11,19,3,2
64664537,16,9,19,4,1,58,10,20,5,0,72,11,20,4,1,81,9,20,4,1,3,21,19,5,0,60,6,19,4,1
64663437,56,20,20,4,1,81,9,20,3,2,10,1,20,5,0,1,15,19,5,0,50,21,20,4,1,72,11,20,4,1
64662809,25,11,19,3,2,76,3,20,5,0,33,1,19,5,0,86,1,19,5,0,4,13,19,3,2,49,19,19,5,0
64661973,15,5,20,4,1,3,19,20,4,1,65,16,19,5,0,3,21,20,5,0,89,9,20,5,0,22,3,20,5,0
64661366,56,20,19,5,0,36,5,19,3,1,48,3,19,4,1,84,18,18,4,0,19,6,19,3,1,8,22,19,4,0
64660528,3,19,20,4,1,58,10,20,3,2,82,21,20,4,1,90,11,20,5,0,30,13,19,4,0,19,24,20,5,0
64659263,86,1,20,4,1,27,16,20,4,0,9,9,20,4,1,11,16,19,5,0,74,3,20,4,1,90,11,20,3,2
64658386,76,3,19,4,1,9,10,20,3,2,63,15,19,4,1,72,11,19,4,1,66,24,20,5,0,90,11,20,5,0
64656751,17,5,20,3,2,10,20,20,4,1,11,16,20,4,1,27,16,19,3,1,90,11,20,4,1,28,3,20,4,1
64624672,46,16,19,4,1,72,11,18,5,0,86,1,19,4,1,87,24,19,4,0,85,13,19,5,0,84,18,19,4,1
64622726,20,4,19,4,0,64,24,20,4,1,89,9,20,5,0,28,3,19,3,0,30,13,20,2,1,80,19,19,4,1
64622068,75,22,20,3,2,84,18,19,5,0,9,9,18,5,0,22,3,19,4,1,72,11,20,5,0,33,1,20,4,1
64620409,53,14,18,5,0,17,5,19,4,1,25,11,19,4,1,37,15,19,5,0,2,10,19,3,2,22,3,19,4,1
64619085,33,1,19,5,0,85,13,19,5,0,31,7,19,3,2,74,3,20,5,0,72,11,20,5,0,23,18,20,3,2
64618238,82,21,19,5,0,1,15,19,5,0,78,16,20,4,1,46,16,19,4,1,29,1,19,5,0,16,9,19,4,1
64616685,36,5,18,4,1,47,4,19,5,0,81,9,20,3,2,37,15,19,4,0,62,11,19,4,1,22,3,18,5,0
64616075,49,19,20,4,1,29,1,19,5,0,64,24,20,5,0,7,1,20,5,0,1,15,20,4,1,88,3,19,4,0
64615388,90,11,19,4,1,1,14,18,4,1,78,16,19,5,0,85,13,19,5,0,22,3,19,4,0,2,11,20,3,2
64589681,23,18,20,2,3,59,2,20,5,0,58,10,20,4,1,27,2,19,4,0,6,8,20,3,2,82,21,20,3,2
64681588,9,10,20,4,1,82,21,19,4,1,45,4,19,5,0,29,1,19,5,0,67,14,19,4,1,15,5,20,5,0
64680369,27,9,19,3,1,71,14,19,5,0,90,11,18,4,1,21,9,19,5,0,64,24,19,5,0,76,3,19,4,1
64679605,27,9,20,4,0,49,19,20,3,2,51,22,20,4,1,59,2,20,5,0,90,11,19,4,1,82,21,20,3,2
64676484,85,13,20,4,1,26,9,20,3,2,6,8,20,4,1,7,1,19,5,0,89,9,20,4,1,58,10,19,4,1
64674528,55,14,19,4,0,67,14,18,5,0,25,11,20,3,2,40,6,20,5,0,83,6,19,3,2,37,15,19,5,0
64564825,39,21,20,4,1,62,11,20,3,2,33,1,20,4,1,36,5,20,3,2,6,8,20,3,2,20,4,18,3,0
64563598,43,5,20,4,1,83,6,19,4,0,65,16,20,4,1,37,15,20,4,1,82,21,19,4,1,69,9,19,4,1
64562042,14,21,19,5,0,89,9,19,3,2,4,13,18,4,0,82,21,20,3,2,90,11,20,4,1,30,13,19,5,0
64560546,90,11,19,4,1,74,3,19,4,1,55,14,19,4,1,89,9,19,4,1,86,1,19,4,1,45,4,19,4,0
64553232,58,10,20,3,2,27,9,20,4,1,76,3,20,3,0,4,13,19,4,1,11,16,19,4,1,46,16,19,5,0
64552059,66,24,20,4,1,8,22,20,3,2,58,10,20,3,2,55,14,18,3,0,48,3,19,5,0,84,18,20,2,3
64550838,59,2,20,5,0,21,9,19,3,2,11,16,18,4,1,82,21,19,5,0,77,24,19,4,0,72,11,19,4,0
64550448,39,21,19,4,1,75,22,19,5,0,28,3,20,3,2,39,18,18,4,1,75,22,19,4,1,65,16,18,5,0
64689277,1,15,20,3,2,18,15,20,5,0,11,18,20,4,0,59,2,20,3,2,22,3,20,3,2,31,7,20,4,1
64688923,4,13,19,4,1,32,5,20,4,1,61,5,20,4,1,13,19,20,4,0,70,6,20,3,2,23,15,20,5,0
64685992,12,7,19,4,1,74,3,19,4,1,64,24,20,5,0,64,24,20,5,0,1,16,19,4,1,50,21,19,4,1
64684834,11,18,20,5,0,18,15,20,4,1,25,11,20,4,1,31,7,19,4,1,76,3,20,5,0,23,18,19,4,1
64681264,12,7,20,5,0,70,6,20,4,1,74,3,19,4,1,2,11,20,4,1,38,9,20,4,1,9,10,20,4,1
64621136,67,14,20,5,0,11,18,20,5,0,18,15,20,3,2,8,22,20,3,2,89,9,20,4,1,63,15,20,5,0
64619728,9,9,20,5,0,17,5,19,3,2,44,25,19,3,2,11,16,20,5,0,54,8,20,3,2,70,6,20,3,2
64618370,24,3,19,4,1,30,13,19,4,1,18,15,19,4,1,67,14,19,4,1,18,15,19,5,0,63,15,19,4,1
64617285,1,16,19,5,0,90,11,19,4,1,7,1,19,4,1,44,25,18,1,2,39,21,19,4,0,90,11,19,4,1
64597241,18,15,19,4,1,55,14,19,5,0,72,11,19,4,1,81,9,19,3,2,53,14,19,3,1,86,1,19,4,1
64596427,39,21,20,5,0,64,24,20,5,0,82,21,20,5,0,24,3,20,4,1,3,21,19,5,0,70,6,20,4,1
64595539,1,15,20,4,1,11,16,20,5,0,62,11,19,4,1,65,16,20,4,1,37,15,20,4,1,87,24,19,4,1
64595039,83,6,20,3,2,11,18,20,3,2,68,1,20,5,0,74,3,20,4,1,58,10,20,3,2,25,11,19,4,1
64594769,53,14,19,5,0,15,6,20,4,1,72,11,20,4,1,21,9,20,3,2,55,14,19,5,0,79,8,20,4,1
64594314,76,3,19,5,0,23,18,20,5,0,39,21,20,4,1,1,15,20,3,2,13,15,20,4,1,71,14,20,3,2
64594005,21,9,20,4,1,82,21,20,4,1,1,18,20,4,0,39,18,20,5,0,40,6,20,3,2,66,24,20,4,1
64512209,63,15,19,4,1,66,24,20,4,1,14,21,20,2,3,59,2,20,5,0,70,6,20,3,2,82,21,20,5,0
64677389,18,15,19,4,1,66,24,19,3,2,82,21,19,4,1,29,1,20,5,0,78,16,19,4,0,2,10,19,3,1
64675968,25,11,19,4,1,17,5,20,3,2,76,3,19,4,1,63,15,19,4,1,42,24,19,5,0,72,11,19,5,0
64675113,28,3,18,3,2,74,3,19,5,0,40,6,19,2,3,84,18,19,3,2,44,25,19,3,1,90,11,19,4,1
64443992,58,10,19,4,1,20,4,18,4,1,2,11,20,3,2,89,9,19,4,1,26,9,19,4,1,81,9,20,2,3
64443368,75,22,20,4,1,18,15,20,3,2,68,1,19,5,0,13,15,19,5,0,28,3,19,5,0,90,11,20,3,2
64442629,75,22,19,3,2,15,5,19,5,0,20,4,18,4,0,58,10,19,3,2,10,1,19,4,1,76,3,18,4,1
64442316,83,6,18,5,0,67,14,18,4,1,74,3,18,5,0,80,19,19,3,1,70,6,19,4,1,90,11,18,4,0
64441634,46,16,19,5,0,7,1,19,4,1,29,1,19,3,2,19,6,19,4,1,59,2,18,5,0,88,3,18,4,1
64441062,87,24,20,4,1,84,18,19,3,2,29,1,20,5,0,75,22,19,4,1,88,3,18,5,0,11,18,19,5,0
64696806,2,11,18,4,1,23,18,19,4,1,64,24,19,5,0,67,14,19,5,0,81,9,19,4,1,53,14,19,4,1
64695854,82,21,20,4,1,2,10,20,5,0,85,13,19,5,0,75,22,18,3,0,80,19,19,5,0,82,21,18,2,0
64695413,72,11,19,3,2,47,4,19,4,0,80,19,19,3,2,46,16,20,5,0,72,11,20,3,2,78,16,20,5,0
64663360,19,6,19,5,0,82,21,20,4,1,72,11,20,3,2,67,14,19,4,1,4,13,18,3,0,63,15,19,4,1
64662087,33,1,18,5,0,31,7,18,4,1,23,18,19,5,0,65,16,18,4,1,76,3,18,4,0,2,11,18,4,0
64661216,52,24,18,5,0,6,8,19,4,1,33,1,18,4,1,31,7,18,3,2,82,21,18,4,0,75,22,18,5,0
64660625,1,18,17,3,1,83,6,17,5,0,23,18,16,4,0,72,11,17,5,0,67,14,16,4,0,77,24,17,5,0
64660188,78,16,18,5,0,89,9,19,3,2,76,3,18,3,2,81,9,19,3,2,58,10,14,1,1,31,7,19,4,1
64621540,65,16,19,4,0,19,6,18,5,0,76,3,19,5,0,78,16,18,4,1,77,24,19,5,0,19,24,18,4,0
64620402,90,11,17,4,1,18,15,17,5,0,22,3,18,5,0,79,8,17,3,1,42,24,17,4,1,71,14,18,3,0
64692034,33,1,19,4,1,47,4,19,5,0,17,5,19,3,2,90,11,18,5,0,34,23,20,5,0,72,11,19,3,2
64648140,70,6,19,4,1,33,1,18,5,0,82,21,18,4,1,76,3,17,3,0,65,16,17,4,1,21,9,18,2,0
64593113,26,9,20,3,1,74,3,20,5,0,21,9,20,3,2,29,1,20,5,0,25,11,20,3,0,49,19,20,4,1
64585319,20,4,19,5,0,89,9,20,3,2,71,14,19,4,1,28,3,19,4,1,78,16,20,4,1,70,6,20,5,0
64526089,71,14,19,5,0,89,9,19,3,1,86,1,19,2,3,18,15,18,5,0,30,13,18,5,0,75,22,19,4,1
64433745,78,16,17,3,0,2,9,18,5,0,30,13,18,4,0,87,24,17,4,1,83,6,18,4,0,72,11,17,3,1
64394988,82,21,19,5,0,50,21,18,4,1,90,11,19,4,1,78,16,19,5,0,31,7,19,5,0,64,24,20,4,1
64392262,72,11,18,3,2,50,21,18,4,0,66,24,19,5,0,11,16,17,3,0,19,24,18,5,0,21,9,18,3,1
64683579,72,11,20,4,1,36,5,20,3,2,53,14,19,4,1,33,1,20,4,1,35,2,20,4,1,38,9,20,4,1
64682862,30,13,20,5,0,25,11,20,3,2,43,5,20,3,2,74,3,19,5,0,27,2,19,4,0,38,9,20,3,2
64679954,24,21,20,5,0,33,1,19,5,0,88,3,19,4,1,82,21,19,4,1,13,15,18,4,1,36,5,20,3,2
64678283,18,15,20,3,2,77,24,20,2,3,33,1,19,4,1,69,9,19,4,0,59,2,20,4,1,78,16,20,5,0
64677003,18,15,20,3,2,30,13,19,3,1,4,3,20,3,2,29,1,20,5,0,17,5,20,4,1,70,6,20,3,2
64674973,87,24,19,4,1,70,6,20,4,0,76,3,18,3,0,52,24,19,4,1,70,6,20,4,1,29,1,20,5,0
64672823,87,24,20,3,2,34,23,20,2,3,83,6,19,5,0,42,24,19,2,0,39,18,19,5,0,89,9,19,5,0
64644772,72,11,19,4,1,71,14,19,5,0,26,9,19,5,0,47,4,19,4,1,67,14,19,4,1,3,21,19,5,0
64644071,25,11,19,3,2,17,5,20,4,1,13,19,19,5,0,33,1,20,3,2,77,24,20,4,1,70,6,20,4,1
64675127,86,1,20,4,1,76,3,20,4,1,10,20,20,4,1,22,3,19,3,0,58,10,20,5,0,11,18,20,3,1
64673025,81,9,19,3,2,74,3,19,5,0,11,18,20,3,2,72,11,18,3,1,4,3,19,4,0,90,11,20,4,0
64610280,64,24,19,4,1,20,4,18,5,0,18,15,20,4,1,22,3,19,3,1,5,5,20,4,0,33,1,19,4,0
64609424,30,13,17,3,0,72,11,19,3,2,75,22,19,4,1,84,18,19,4,0,33,1,19,4,0,89,9,19,4,1
64607918,31,7,20,3,2,90,11,19,4,0,78,16,19,5,0,4,3,20,3,2,24,21,20,4,1,7,1,20,5,0
64562295,69,9,18,4,0,64,24,19,4,1,67,14,18,3,0,64,24,20,2,3,62,11,19,4,1,33,1,19,4,1
64561345,77,24,20,3,2,22,3,19,5,0,23,18,20,5,0,46,16,20,4,1,74,3,19,4,1,23,18,20,2,3
63834582,2,10,20,3,2,4,13,20,4,1,39,18,20,4,1,25,11,20,3,2,77,24,20,4,1,85,13,19,4,0
63833103,68,1,20,5,0,17,5,20,4,1,78,16,20,3,2,81,9,20,4,1,74,3,19,4,0,42,24,19,4,1
64695134,76,3,18,5,0,74,3,19,4,1,58,10,19,3,2,82,21,19,4,1,84,18,19,4,1,31,7,19,5,0
64694950,53,14,18,3,0,4,3,19,3,1,74,3,18,5,0,72,11,18,4,1,74,3,19,5,0,42,24,19,4,1
64686387,86,1,19,3,1,76,3,18,5,0,58,10,19,3,2,60,6,19,4,1,74,3,18,2,1,2,11,19,4,1
64679868,74,3,19,4,0,90,11,19,3,2,64,24,19,3,2,67,14,20,5,0,86,1,19,5,0,42,24,19,4,1
64678538,17,5,19,4,1,65,16,18,3,1,7,1,18,3,0,21,9,19,4,0,8,22,18,4,0,4,13,18,3,0
64677298,82,21,18,4,1,61,5,18,4,1,14,21,18,2,1,86,1,18,3,2,67,14,18,4,0,12,7,17,3,1
64676434,76,3,18,3,2,72,11,19,3,2,73,24,19,5,0,10,1,19,4,0,33,1,19,5,0,67,14,18,3,1
64675065,90,11,19,3,2,7,1,19,5,0,82,21,19,4,1,28,13,19,5,0,90,11,20,3,2,74,3,19,5,0
64660789,43,5,20,4,1,11,16,19,4,1,39,18,20,2,3,28,3,20,4,1,70,6,20,5,0,22,3,19,5,0
64660420,82,21,18,5,0,65,16,19,5,0,44,25,20,4,1,89,9,18,5,0,81,9,18,5,0,27,16,18,3,0
64659289,71,14,20,5,0,40,6,20,4,1,58,10,20,4,1,89,9,20,5,0,74,3,20,4,1,62,11,20,4,1
64658702,42,24,20,4,1,55,14,20,5,0,3,21,20,3,2,81,9,20,4,0,10,1,20,3,1,78,16,20,4,0
64634724,18,15,20,4,1,11,16,20,4,1,2,11,20,3,2,74,3,19,5,0,58,10,20,2,3,20,4,20,4,0
64632466,70,6,20,2,3,55,14,19,5,0,2,9,20,3,2,24,21,20,5,0,40,6,20,5,0,36,5,20,5,0
64631541,7,2,17,5,0,28,3,17,4,0,38,9,18,4,0,11,16,18,3,0,72,11,18,4,1,90,11,17,4,1
64630312,10,1,17,4,0,47,4,17,5,0,26,9,18,4,1,33,1,17,4,0,1,16,17,4,1,90,11,17,4,1
64605754,31,7,20,3,2,14,21,19,4,1,29,1,20,4,1,89,9,19,5,0,30,13,18,3,0,62,11,20,4,1
64687694,6,8,20,3,2,55,14,20,5,0,63,15,19,4,1,9,10,19,5,0,56,20,20,4,1,62,11,20,5,0
64687283,86,1,19,5,0,53,14,20,5,0,82,21,20,4,1,74,3,19,3,0,87,24,19,4,1,2,10,19,4,1
64686486,29,1,20,5,0,71,14,19,5,0,72,11,19,3,2,65,16,19,3,0,2,9,20,4,0,74,3,20,4,0
64685797,62,11,20,4,1,20,4,19,5,0,86,1,19,5,0,89,9,19,3,1,79,8,19,4,1,87,24,19,4,0
64684471,33,1,19,4,1,70,6,19,3,2,4,3,18,3,0,82,21,19,5,0,71,14,18,5,0,66,24,18,3,2
64683332,33,1,20,4,1,68,1,19,5,0,54,8,20,3,2,86,1,19,5,0,40,6,20,4,1,33,1,20,4,1
64682625,64,24,20,5,0,67,14,20,4,1,17,5,20,4,1,72,11,20,3,2,67,14,20,4,0,82,21,20,5,0
64665974,58,10,20,3,2,17,5,20,4,1,76,3,20,5,0,90,11,19,5,0,28,3,20,5,0,72,11,20,4,1
64692542,31,7,20,4,1,88,3,20,5,0,49,19,20,4,1,80,19,19,4,1,70,6,19,4,1,11,18,19,5,0
64691702,32,5,20,4,1,27,9,20,3,1,33,1,20,3,2,53,14,19,3,1,9,9,19,3,1,42,24,19,4,0
64691612,72,11,20,3,2,71,14,20,3,2,50,21,19,5,0,39,21,20,3,2,17,5,20,2,3,86,1,19,5,0
64691032,17,5,20,4,1,28,3,19,4,1,78,16,20,4,1,80,19,19,4,0,9,10,19,4,1,63,15,19,5,0
64690656,80,19,19,4,1,37,15,20,5,0,78,16,20,4,1,89,9,20,3,2,47,4,20,4,1,22,3,20,4,1
64695571,66,24,16,5,0,17,5,18,4,0,28,3,17,4,1,72,11,17,5,0,39,21,17,3,0,71,14,17,3,0
64593010,80,19,19,4,1,77,24,20,3,2,16,9,19,5,0,3,21,20,4,1,31,7,19,3,2,51,22,19,4,1
64480959,82,21,18,3,1,31,7,17,4,0,50,21,17,4,0,65,16,18,5,0,11,16,17,5,0,25,11,18,5,0
64341939,18,15,19,3,2,70,6,19,4,1,76,3,18,4,0,65,16,17,5,0,72,11,19,5,0,78,16,19,4,1
64337774,30,13,18,4,1,58,10,18,4,1,74,3,18,5,0,31,7,17,4,0,11,16,17,4,0,76,3,17,3,1
64291567,67,14,15,3,1,21,9,15,5,0,28,3,16,3,0,73,24,13,2,0,18,15,13,2,0,19,24,13,3,0
64289820,28,3,17,4,1,53,14,16,5,0,65,16,16,4,1,42,24,16,2,0,70,6,16,3,1,73,24,16,4,0
64289382,59,2,19,5,0,78,16,19,5,0,15,6,20,3,2,65,16,19,5,0,11,16,19,3,2,53,14,18,4,0
64168859,24,3,19,5,0,90,11,19,5,0,30,13,18,4,1,15,5,18,4,1,53,14,14,4,0,64,24,19,4,0
64605321,39,18,19,4,1,15,5,19,4,1,25,11,19,4,1,59,2,18,4,0,28,3,19,5,0,11,18,19,2,2
64604415,90,11,19,4,1,34,23,18,3,2,85,13,18,4,1,49,19,17,3,0,90,11,18,4,1,88,3,18,4,0
64603776,67,14,19,4,0,26,9,17,4,1,4,3,17,4,1,19,24,19,5,0,67,14,18,4,1,33,1,18,4,0
64602487,35,1,19,4,1,15,5,20,4,1,2,10,19,5,0,2,10,20,4,1,61,5,19,5,0,12,7,20,5,0
64601745,85,13,19,5,0,1,15,20,5,0,29,1,20,3,2,78,16,20,2,3,25,11,20,3,2,55,14,20,5,0
64442830,81,9,20,4,1,30,13,19,4,1,23,18,20,4,1,74,3,20,5,0,90,11,20,4,1,72,11,20,3,2
64442074,1,15,20,3,2,11,16,20,5,0,58,10,20,5,0,90,11,20,3,2,13,19,20,5,0,18,15,20,3,2
64292524,88,3,20,4,1,83,6,20,4,1,59,2,19,3,2,70,6,20,3,2,42,24,19,3,2,11,16,20,5,0
64268112,25,11,20,3,2,15,5,19,5,0,11,16,19,3,2,4,3,20,4,1,50,21,19,4,1,89,9,20,3,2
64683241,61,5,20,4,1,58,10,19,2,3,11,16,19,5,0,70,6,20,3,2,78,16,19,4,1,28,3,20,5,0
64682327,72,11,20,3,2,30,13,20,5,0,21,9,20,2,3,12,6,19,5,0,88,3,19,5,0,46,16,19,4,1
64681080,31,7,20,3,2,85,13,19,5,0,15,6,20,4,1,28,3,20,4,0,18,15,20,4,1,44,25,19,3,0
64679662,78,16,19,4,1,25,11,20,4,1,11,16,20,5,0,51,22,20,3,2,70,6,20,2,3,14,21,20,5,0
64677789,64,24,20,4,1,72,11,20,2,3,20,4,19,4,0,10,1,20,5,0,82,21,20,5,0,81,9,20,5,0
64675918,35,2,20,5,0,26,9,20,3,2,25,11,20,4,1,29,1,20,4,1,80,19,20,5,0,89,9,20,3,2
64673954,86,1,20,5,0,2,11,20,4,1,56,20,20,4,1,25,11,20,4,1,42,24,20,4,1,33,1,20,4,1
64671547,20,4,19,3,1,1,15,20,5,0,58,10,20,5,0,50,21,20,5,0,54,8,20,4,1,1,15,20,4,1
64669701,88,3,19,4,1,27,9,20,4,0,77,24,20,5,0,28,3,20,4,1,88,3,20,4,1,17,5,20,4,1
64668386,84,18,20,3,2,86,1,19,4,1,33,1,19,4,1,11,18,19,5,0,1,18,18,3,1,44,25,19,5,0
64664077,1,15,19,4,1,78,16,19,5,0,90,11,19,4,1,80,19,18,4,0,81,9,19,5,0,74,3,18,5,0
64663582,11,16,19,4,1,33,1,20,4,1,17,5,20,2,3,63,15,20,5,0,11,18,20,4,1,80,19,20,5,0
64614797,1,15,19,4,1,4,13,19,4,1,51,22,19,5,0,72,11,19,4,1,25,11,20,3,2,20,4,19,5,0
64614144,16,9,20,4,1,30,13,19,5,0,72,11,19,3,2,4,13,20,4,1,78,16,19,4,1,24,3,20,4,1
64613716,22,3,20,4,1,64,24,20,4,1,55,14,20,4,1,1,15,20,4,1,7,1,20,5,0,63,15,20,5,0
64596251,36,5,20,3,2,37,15,20,3,2,76,3,20,5,0,78,16,19,5,0,90,11,20,5,0,61,5,20,3,2
64595817,11,16,20,4,1,68,1,19,5,0,25,11,19,4,1,33,1,20,4,0,27,2,20,4,0,15,6,20,3,2
64595337,87,24,19,4,1,85,13,19,2,2,40,6,19,4,1,36,5,18,5,0,58,10,19,5,0,89,9,20,3,2
64595003,90,11,19,5,0,46,16,19,3,2,33,1,19,5,0,90,11,20,2,3,76,3,19,5,0,82,21,19,3,2
64677766,49,19,20,5,0,11,16,20,3,2,77,24,20,4,1,35,2,20,4,1,72,11,20,4,1,18,15,20,5,0
64676755,4,13,19,3,2,2,11,19,4,1,67,14,19,4,1,83,6,19,1,1,74,3,19,5,0,39,21,20,5,0
64675294,72,11,20,3,2,55,14,19,4,0,67,14,20,4,1,72,11,20,3,2,28,3,20,3,2,11,18,19,4,1
64673012,53,13,19,5,0,75,22,20,3,2,2,11,20,3,2,86,1,19,5,0,22,3,20,5,0,5,5,20,3,2
64671784,58,10,20,4,1,53,14,19,5,0,10,1,20,4,1,19,24,20,3,2,67,14,19,4,1,68,1,19,5,0
64669926,68,1,19,4,1,32,5,20,4,1,28,3,20,4,1,46,16,20,5,0,11,16,20,4,1,17,5,20,4,1
64669009,55,14,18,4,1,2,9,19,5,0,78,16,18,5,0,1,15,20,4,1,19,24,20,3,2,67,14,20,3,2
64665460,89,9,20,2,3,33,1,19,5,0,61,5,20,3,2,31,7,20,5,0,17,5,20,4,1,85,13,19,4,0
64665057,28,3,19,5,0,83,6,19,5,0,78,16,19,3,2,30,13,18,3,1,61,5,19,5,0,31,7,20,3,2
64684312,65,16,20,4,1,70,6,19,4,1,50,21,19,4,1,7,1,20,4,1,65,16,20,4,1,12,7,19,4,1
64682894,4,13,20,3,2,2,9,20,4,1,70,6,20,3,2,85,13,19,5,0,57,23,20,3,2,83,6,20,4,1
64655513,21,9,20,4,1,86,1,20,4,1,82,21,20,3,2,1,15,20,3,2,71,14,20,4,1,65,16,20,4,1
64629890,40,6,19,4,1,39,18,20,5,0,29,1,19,4,1,62,11,19,5,0,47,4,20,4,1,74,3,19,4,1
64626407,70,6,20,4,1,2,10,20,4,1,43,5,20,4,1,69,9,19,4,0,88,3,19,5,0,72,11,19,2,3
64625070,39,18,19,5,0,65,16,19,5,0,14,21,19,3,2,11,18,19,2,2,72,11,18,3,0,44,25,19,5,0
64623807,84,18,19,3,2,89,9,19,4,1,30,13,19,5,0,82,21,20,3,2,90,11,20,5,0,76,3,19,5,0
64622247,86,1,19,4,1,70,6,20,3,2,7,1,20,3,2,73,24,19,3,0,74,3,20,5,0,8,22,20,4,1
64620753,82,21,20,3,2,79,8,19,4,1,42,24,20,3,2,70,6,19,3,2,81,9,20,4,1,37,15,19,3,2
64558322,44,25,20,4,1,33,1,19,5,0,25,11,19,3,2,4,13,19,4,1,1,15,20,4,1,42,24,20,4,1
64557587,90,11,20,4,1,33,1,20,4,1,81,9,20,3,2,45,4,20,3,0,59,2,20,5,0,90,11,20,5,0
64555464,37,15,19,3,2,22,3,19,3,2,7,1,18,5,0,90,11,19,5,0,11,18,19,4,1,81,9,19,3,1
64553048,1,16,19,5,0,78,16,20,4,1,29,1,20,3,2,82,21,20,3,2,9,10,20,3,2,76,3,20,5,0
64552118,47,4,20,5,0,18,15,20,5,0,83,6,20,5,0,90,11,20,5,0,33,1,19,4,1,18,15,19,4,1
64551090,17,5,20,3,2,67,14,20,3,2,27,16,20,4,0,1,16,19,4,1,76,3,19,3,0,25,11,20,5,0
64549600,20,4,19,3,2,77,24,20,3,2,2,10,19,3,2,11,18,19,5,0,13,15,19,4,1,4,3,20,4,1
64683202,76,3,19,4,0,58,10,20,3,2,50,21,19,5,0,83,6,18,4,1,61,5,19,4,1,76,3,18,5,0
64682186,72,11,20,4,1,67,14,20,3,2,29,1,20,5,0,17,5,20,3,2,74,3,20,5,0,77,24,20,4,1
64681393,81,9,19,4,1,11,16,19,5,0,64,24,20,4,1,21,9,20,4,1,86,1,20,4,1,28,3,19,4,1
64680412,67,14,18,5,0,36,5,18,3,2,70,6,18,4,1,82,21,17,4,1,31,7,18,4,0,78,16,17,4,1
64678296,15,5,20,3,2,1,14,19,4,1,21,9,20,4,1,71,14,18,4,0,90,11,19,5,0,77,24,19,5,0
64677743,7,1,20,5,0,29,1,20,3,2,72,11,19,3,2,46,16,19,4,1,22,3,20,5,0,36,5,19,5,0
64672549,39,18,20,4,1,86,1,19,3,2,70,6,20,4,1,72,11,20,4,1,83,6,20,4,1,26,9,19,4,1
64671572,30,13,18,3,0,72,11,19,4,1,33,1,18,4,1,36,5,18,3,1,23,18,18,3,2,11,16,18,4,0
64669992,28,3,19,4,1,30,13,20,5,0,81,9,20,2,3,33,1,20,5,0,22,3,19,5,0,90,11,20,4,1
64696291,44,25,20,3,2,2,9,20,4,1,22,3,20,5,0,11,16,20,4,1,59,2,20,3,2,70,6,20,2,3
64690071,46,16,18,4,1,72,11,18,4,1,59,2,18,3,1,11,16,19,5,0,87,24,18,2,1,77,24,19,4,1
64689816,1,15,19,3,2,30,13,19,5,0,83,6,19,5,0,90,11,19,5,0,86,1,20,4,1,88,3,20,5,0
64688435,4,3,19,2,0,9,10,19,5,0,14,21,19,5,0,65,16,19,4,1,67,14,20,3,2,89,9,20,4,1
64680225,42,24,19,5,0,22,3,20,3,2,15,6,19,3,1,2,11,19,4,1,64,24,19,5,0,28,3,20,5,0
64679715,56,20,19,5,0,74,3,19,4,1,72,11,19,1,4,76,3,19,4,0,28,3,20,4,1,75,22,20,5,0
64666879,66,24,20,4,1,78,16,20,2,3,82,21,20,4,1,58,10,20,4,1,28,3,20,4,1,4,13,19,5,0
64666426,82,21,19,4,1,6,8,19,5,0,17,5,20,4,1,78,16,20,4,1,2,10,20,3,2,74,3,18,4,1
64655246,53,14,19,5,0,58,10,20,5,0,18,15,20,4,1,74,3,19,3,1,83,6,20,3,2,1,18,19,5,0
64654949,72,11,20,3,2,87,24,19,4,1,49,19,20,4,1,3,19,20,4,1,29,1,20,3,2,18,15,20,3,2
64654507,1,16,20,5,0,89,9,20,3,2,90,11,20,4,1,87,24,19,4,0,15,5,20,3,1,22,3,18,4,0
64630640,77,24,20,3,2,82,21,19,3,2,50,21,20,3,2,11,18,19,4,0,82,21,19,4,1,15,5,20,5,0
64629740,11,16,19,5,0,18,15,20,5,0,2,11,20,4,1,40,6,19,5,0,67,14,19,4,1,61,5,20,4,1
64628258,4,13,20,5,0,37,15,20,4,1,32,5,20,5,0,33,1,19,4,1,22,3,19,3,2,81,9,20,4,1
64626150,65,16,20,4,1,37,15,20,5,0,88,3,19,4,1,33,1,20,4,1,28,3,20,5,0,89,9,20,2,3
64625375,90,11,20,3,2,15,5,20,3,2,35,1,20,4,1,71,14,20,5,0,44,25,19,4,1,21,9,19,5,0
64624619,69,9,20,2,0,89,9,20,4,1,46,16,20,4,1,85,13,20,3,2,33,1,20,4,1,89,9,20,4,1
64695237,84,18,19,4,1,9,10,19,4,1,4,13,19,5,0,72,11,20,3,2,85,13,19,4,0,70,6,20,5,0
64695017,77,24,19,5,0,35,1,19,5,0,2,10,19,5,0,21,9,18,2,1,1,15,19,3,0,78,16,19,4,0
64694649,79,8,19,3,2,75,22,20,5,0,78,16,20,5,0,62,11,20,5,0,83,6,20,5,0,71,14,20,3,2
64694430,80,19,19,4,0,25,11,20,4,1,4,13,19,4,1,84,18,20,5,0,42,24,20,3,2,88,3,20,3,1
64693992,82,21,20,3,2,72,11,20,4,1,74,3,19,4,1,70,6,20,4,1,2,10,20,4,1,68,1,18,4,0
64685437,67,14,20,4,1,70,6,20,3,2,55,14,20,5,0,78,16,20,5,0,14,21,20,5,0,63,15,20,4,0
64684780,5,5,19,3,2,74,3,18,4,0,25,11,19,4,1,83,6,18,4,0,78,16,19,4,1,42,24,17,2,1
64684057,72,11,20,4,1,59,2,20,5,0,9,9,20,3,2,11,18,20,4,1,72,11,19,3,2,82,21,19,3,2
64683002,39,18,19,4,1,26,9,18,4,0,22,3,19,4,1,88,3,18,5,0,31,7,18,3,2,59,2,18,5,0
64653686,17,5,18,3,2,39,18,18,4,0,49,19,19,3,1,2,10,18,2,2,23,18,18,4,0,67,14,17,3,1
64653187,50,21,19,4,1,60,6,20,2,3,18,15,20,4,1,11,16,20,5,0,49,19,19,5,0,33,1,20,5,0
64650916,34,23,19,3,2,44,25,19,4,1,78,16,19,4,1,49,19,19,4,1,32,5,20,3,2,76,3,18,5,0
64620113,67,14,19,3,2,30,13,19,5,0,21,9,20,4,1,18,15,19,4,1,53,14,19,5,0,79,8,20,4,1
64547832,11,18,20,4,1,67,14,20,3,2,36,5,20,4,1,47,4,20,5,0,77,24,20,5,0,3,19,19,4,0
64484414,75,22,19,3,0,56,20,20,5,0,28,3,19,4,1,82,21,20,3,2,58,10,20,2,3,50,21,20,4,0
64484203,72,11,20,2,3,76,3,19,4,0,23,18,19,4,1,43,5,19,3,2,10,20,20,4,1,71,14,20,4,1
64435558,50,21,20,3,2,9,10,19,2,3,1,14,20,4,1,28,3,19,5,0,11,16,20,4,0,89,9,20,4,0
64435347,66,24,18,3,1,88,3,18,3,1,33,1,18,5,0,28,3,18,4,1,50,21,18,4,1,3,16,19,5,0
64677312,75,22,20,4,1,55,14,19,3,1,31,7,20,4,1,1,18,19,3,2,81,9,19,4,1,29,1,19,3,2
64676405,83,6,19,5,0,47,4,19,5,0,56,20,20,3,2,39,21,18,4,1,1,18,19,4,1,77,24,19,5,0
64674475,31,7,20,4,1,80,19,20,4,1,86,1,19,5,0,26,9,19,4,0,6,8,20,4,1,78,16,19,5,0
64671225,82,21,19,4,1,90,11,19,3,2,28,3,19,3,2,2,11,20,3,2,70,6,20,4,1,23,18,20,4,1
64669408,75,22,20,4,1,74,3,20,5,0,90,11,20,5,0,84,18,20,4,1,45,4,19,4,1,25,11,19,2,3
64668108,90,11,20,3,2,22,3,19,5,0,74,3,20,4,1,35,1,19,5,0,31,7,20,4,1,82,21,19,4,1
64667212,14,21,20,3,2,45,4,20,5,0,72,11,19,4,1,22,3,18,4,0,6,8,20,4,1,35,2,20,4,0
64666077,22,3,20,5,0,31,7,20,5,0,26,9,20,3,2,11,18,19,5,0,76,3,17,3,0,86,1,18,4,1
64655192,4,13,19,4,0,74,3,20,4,1,90,11,20,4,1,48,3,19,4,1,86,1,20,4,1,72,11,20,3,2
64673534,83,6,20,4,0,79,8,20,5,0,6,7,20,5,0,2,11,20,5,0,76,3,19,4,0,1,15,20,5,0
64672695,67,14,20,3,2,78,16,20,3,2,1,18,20,4,1,56,20,20,4,1,27,2,20,4,0,18,15,20,4,1
64667732,90,11,20,4,1,55,14,19,4,1,56,20,19,5,0,22,3,19,3,1,56,20,20,5,0,2,11,20,4,1
64626893,81,9,20,4,0,71,14,20,5,0,33,1,19,4,0,67,14,19,2,1,1,15,20,5,0,44,25,19,3,0
64625643,39,21,20,4,1,28,3,20,4,1,50,21,19,4,1,74,3,19,5,0,3,21,20,5,0,90,11,20,5,0
64669816,52,24,20,4,1,33,1,20,4,1,11,18,20,5,0,13,15,19,3,0,12,7,20,3,2,65,16,19,3,1
64604194,22,3,20,5,0,77,24,20,3,2,33,1,20,4,1,77,24,20,3,2,86,1,19,3,1,39,18,19,4,1
64603435,88,3,20,4,1,90,11,20,5,0,11,18,20,5,0,18,15,20,0,5,69,9,20,3,2,78,16,20,4,1
64534351,18,15,20,4,1,4,13,19,3,2,32,5,19,3,2,52,24,18,5,0,86,1,19,5,0,78,16,19,4,1
64510096,72,11,19,3,2,78,16,19,4,1,33,1,19,4,1,74,3,19,5,0,13,19,19,4,0,79,8,19,4,1
64508801,2,10,18,3,2,27,2,18,2,1,19,6,18,3,0,1,18,18,4,1,27,16,18,5,0,17,5,19,5,0
64507098,16,9,20,4,1,72,11,20,3,2,46,16,20,4,1,54,8,20,4,1,35,1,20,4,1,66,24,20,4,1
64415628,4,13,18,4,1,37,15,19,4,1,80,19,18,3,2,11,18,19,5,0,90,11,19,4,1,44,25,19,3,1
64414230,26,9,20,4,1,25,11,20,3,2,33,1,20,5,0,90,11,20,4,1,18,15,19,4,0,74,3,19,5,0
64696505,6,8,20,3,2,10,1,19,4,1,63,15,20,4,1,44,25,20,5,0,46,16,20,4,1,1,15,19,4,1
64696118,89,9,20,4,1,72,11,20,2,3,20,4,19,5,0,21,9,20,5,0,72,11,20,5,0,50,21,19,5,0
64685010,90,11,20,4,1,7,1,19,4,1,33,1,20,4,1,37,15,19,5,0,18,15,19,4,1,14,21,19,5,0
64683910,76,3,20,5,0,2,10,20,3,2,18,15,19,2,3,66,24,20,3,2,85,13,19,4,0,79,8,20,4,1
64682403,79,8,20,5,0,48,3,20,5,0,15,5,19,3,1,72,11,20,5,0,35,2,20,3,1,53,13,19,3,0
64672454,72,11,20,2,3,30,13,19,5,0,2,11,20,3,2,30,13,19,5,0,34,23,19,4,1,70,6,20,3,2
64671576,23,18,20,5,0,76,3,20,4,0,86,1,20,4,0,20,4,20,5,0,31,7,20,3,2,17,5,20,4,1
64668596,80,19,20,4,1,64,24,19,5,0,78,16,20,5,0,23,15,19,3,1,39,18,19,3,0,87,24,18,3,1
64662047,89,9,16,5,0,10,20,17,4,0,17,5,16,5,0,90,11,17,2,0,72,11,16,4,0,45,4,16,2,0
64686747,5,6,20,3,2,67,14,20,4,1,29,1,19,5,0,79,8,19,4,1,1,16,19,4,0,65,16,19,4,0
64686208,55,14,19,5,0,67,14,19,3,2,8,22,20,4,1,1,15,19,5,0,17,5,19,4,1,56,20,19,4,1
64685243,43,5,20,2,3,88,3,19,5,0,59,2,20,4,1,28,3,20,3,2,89,9,20,4,1,90,11,20,4,1
64684508,89,9,20,4,1,74,3,20,4,1,33,1,20,5,0,2,11,20,5,0,29,1,20,5,0,82,21,20,4,1
64683766,65,16,19,4,1,31,7,20,4,1,85,13,19,5,0,77,24,20,5,0,35,2,20,4,1,7,1,20,5,0
64681790,33,1,19,5,0,67,14,19,3,2,8,22,19,5,0,47,4,19,4,1,88,3,19,4,0,43,5,20,4,1
64681058,55,14,20,5,0,2,9,20,3,2,81,9,20,2,3,14,21,20,3,2,46,16,20,4,1,54,8,19,4,1
64679548,59,2,20,4,1,36,5,20,3,2,78,16,20,4,1,88,3,20,5,0,44,25,19,5,0,17,5,20,4,1
64693898,30,13,19,4,1,60,6,19,4,1,82,21,20,3,2,86,1,20,4,1,71,14,19,4,1,9,10,20,3,2
64677440,90,11,20,4,1,42,24,20,5,0,14,21,20,4,1,24,3,20,4,1,61,5,20,4,1,87,24,20,3,2
64675316,72,11,20,4,1,53,14,19,4,1,15,6,20,4,1,78,16,20,5,0,24,3,19,4,1,42,24,19,4,1
64673958,2,10,19,3,2,26,9,20,3,2,4,13,18,5,0,86,1,20,3,2,22,3,20,4,0,87,24,19,5,0
64672563,14,21,19,4,1,80,19,19,4,1,90,11,20,4,1,4,13,19,5,0,90,11,20,3,2,11,16,20,5,0
64670933,6,8,20,4,1,53,14,18,3,0,31,7,19,3,1,55,14,18,4,1,90,11,19,5,0,67,14,20,5,0
64658986,10,20,20,4,1,72,11,20,2,3,11,16,20,5,0,40,6,20,4,1,44,25,19,4,0,71,14,20,5,0
64655197,45,4,19,5,0,43,5,19,2,3,56,20,20,3,2,90,11,20,3,2,31,7,20,3,2,55,14,19,5,0
64618741,90,11,20,4,1,71,14,20,5,0,49,19,20,3,2,78,16,20,5,0,29,1,20,4,1,87,24,20,4,1
64617744,72,11,20,4,1,16,9,20,4,1,27,16,20,4,1,44,25,20,4,0,21,9,20,5,0,14,21,20,4,1
64617234,81,9,20,3,2,63,15,20,3,2,70,6,20,3,2,73,24,19,4,0,1,15,20,4,0,90,11,20,4,1
64614025,1,15,20,4,1,72,11,20,5,0,4,13,19,3,0,1,18,20,5,0,22,3,19,5,0,75,22,20,4,1
64612950,61,5,20,4,1,68,1,19,5,0,72,11,20,3,2,20,4,20,5,0,72,11,20,3,2,27,9,20,4,0
64571016,23,18,19,3,2,11,16,19,4,1,65,16,19,4,1,48,3,20,5,0,17,5,19,4,1,63,15,20,5,0
64569815,48,3,19,5,0,62,11,20,4,1,81,9,20,2,3,14,21,20,5,0,36,5,20,3,2,67,14,19,5,0
64506353,50,21,18,5,0,81,9,18,3,1,90,11,19,4,1,90,11,19,5,0,68,1,19,4,0,67,14,19,4,1
64505551,21,9,20,3,2,78,16,19,3,2,39,21,20,5,0,11,16,19,5,0,20,4,18,3,1,90,11,19,4,1
64214519,11,16,19,4,1,65,16,20,4,0,90,11,20,5,0,70,6,20,3,2,46,16,20,4,1,50,21,19,5,0
64212760,81,9,20,3,2,28,13,19,5,0,87,24,20,5,0,9,10,18,4,1,82,21,19,5,0,29,1,19,4,1
63419683,53,13,19,4,1,88,3,19,4,1,68,1,19,4,1,74,3,19,3,0,82,21,19,5,0,44,25,19,5,0
63418244,53,13,18,4,1,34,23,20,5,0,67,14,19,4,1,58,10,20,5,0,18,15,20,4,1,42,24,20,3,2
64687054,4,13,17,5,0,80,19,17,4,0,70,6,18,4,1,71,14,17,3,0,11,16,16,3,1,15,5,16,3,1
64685975,18,15,18,4,0,17,5,16,2,0,76,3,17,4,1,78,16,17,3,1,15,5,14,3,0,76,3,15,3,1
64685375,67,14,18,5,0,71,14,18,4,1,90,11,18,3,2,67,14,17,4,0,72,11,15,3,0,53,14,18,3,1
64643713,76,3,19,5,0,81,9,19,3,2,67,14,19,5,0,87,24,19,2,3,65,16,19,5,0,74,3,19,5,0
64643300,31,7,19,4,1,83,6,19,4,1,82,21,18,4,1,88,3,18,3,2,11,16,19,3,0,89,9,19,2,1
64642008,47,4,19,5,0,68,1,19,5,0,21,9,19,0,5,53,14,18,2,0,28,3,19,5,0,89,9,19,5,0
64641549,88,3,20,4,1,89,9,20,3,2,29,1,20,3,2,60,6,19,2,2,90,11,20,4,1,27,16,19,4,0
64640641,30,13,18,4,0,63,15,20,5,0,31,7,20,3,2,29,1,19,4,0,39,21,19,3,0,4,13,19,4,0
64639182,8,22,19,4,1,28,13,20,3,2,13,19,20,3,2,67,14,19,4,0,64,24,19,3,2,77,24,20,4,0
64637735,47,4,20,4,1,11,16,19,5,0,6,7,20,4,1,50,21,19,4,1,67,14,19,4,1,40,6,19,3,2
64663737,85,13,19,5,0,65,16,19,4,1,1,15,20,4,1,89,9,20,5,0,67,14,19,4,1,27,9,20,3,1
64663230,1,16,19,5,0,30,13,19,2,1,89,9,20,3,2,52,24,20,4,1,21,9,20,4,1,10,1,20,3,2
64662551,68,1,19,5,0,90,11,20,3,2,29,1,19,5,0,1,18,20,3,0,46,16,20,2,0,2,11,20,3,1
64697141,81,9,19,4,1,64,24,20,3,2,53,14,19,4,1,5,5,19,4,1,15,5,13,1,0,74,3,19,5,0
64696633,74,3,20,4,1,78,16,20,4,1,90,11,20,5,0,37,15,20,3,2,31,7,20,4,1,82,21,20,5,0
64690548,75,22,20,4,1,76,3,19,5,0,15,6,20,3,2,32,5,20,2,3,74,3,20,3,2,4,13,20,5,0
64690106,29,1,19,4,1,88,3,19,5,0,17,5,19,2,3,78,16,19,3,1,26,9,19,4,0,37,15,20,4,1
64689741,4,13,19,4,1,17,5,20,4,1,39,21,20,4,1,18,15,20,4,1,31,7,20,5,0,4,13,19,3,1
64689576,35,2,19,4,1,34,23,17,3,1,1,18,18,3,0,53,14,18,1,1,90,11,17,5,0,82,21,18,4,0
64689264,46,16,20,4,0,25,11,20,5,0,74,3,19,4,0,20,4,19,4,1,29,1,20,3,2,72,11,20,3,2
64688750,90,11,20,4,0,83,6,20,5,0,87,24,19,4,0,42,24,19,3,0,82,21,19,5,0,90,11,20,2,1
64688111,89,9,20,5,0,88,3,19,4,1,13,15,20,4,1,6,8,20,3,2,27,2,20,4,0,70,6,19,5,0
64687696,47,4,18,5,0,72,11,18,3,1,37,15,18,4,1,83,6,19,4,1,89,9,17,4,0,82,21,18,4,1
64678016,86,1,19,4,1,21,9,20,4,1,88,3,19,4,0,47,4,19,4,1,29,1,19,5,0,65,16,19,4,1
64654905,90,11,20,4,1,65,16,20,4,1,26,9,20,3,2,64,24,19,5,0,2,11,20,5,0,88,3,19,3,0
64654560,80,19,20,4,1,1,14,20,5,0,64,24,20,4,1,25,11,20,4,1,1,15,20,3,2,82,21,20,4,1
64390489,90,11,20,5,0,18,15,20,5,0,60,6,20,5,0,90,11,20,4,1,58,10,20,5,0,21,9,20,4,1
64390082,70,6,20,5,0,3,21,20,4,1,14,21,20,4,1,23,18,19,4,1,85,13,19,4,0,70,6,20,5,0
64338999,26,9,19,4,0,51,22,18,1,0,21,9,20,4,1,90,11,19,5,0,18,15,20,3,2,7,1,19,4,1
64337269,18,15,19,4,1,86,1,18,4,1,29,1,19,5,0,90,11,20,5,0,61,5,20,4,0,1,18,20,5,0
63983324,46,16,20,4,1,47,4,19,4,1,23,15,20,4,1,63,15,19,4,1,28,3,20,4,1,87,24,20,3,2
64667404,48,3,20,4,1,63,15,20,4,1,72,11,20,4,1,29,1,20,5,0,6,8,20,4,1,4,13,20,5,0
64560073,90,11,19,3,2,76,3,19,4,1,11,18,19,4,1,29,1,19,4,0,23,18,19,3,1,1,18,19,4,0
64534496,67,14,19,3,2,20,4,19,4,0,72,11,19,5,0,48,3,19,3,2,49,19,19,4,1,72,11,19,3,2
64636286,12,6,20,5,0,49,19,20,4,1,28,3,20,4,1,72,11,20,4,1,86,1,19,5,0,74,3,18,3,1
64633557,9,10,19,3,2,53,14,20,4,1,90,11,19,5,0,90,11,19,3,2,27,6,20,5,0,59,2,20,5,0
64625800,39,18,20,5,0,18,15,20,5,0,46,16,20,4,1,43,5,20,3,2,65,16,19,5,0,85,13,19,2,2
64624179,23,18,20,3,2,4,13,20,4,1,79,8,20,4,1,39,18,20,5,0,37,15,20,3,0,4,13,20,5,0
64470932,74,3,19,4,1,25,11,19,5,0,37,15,19,5,0,90,11,18,4,1,33,1,18,3,0,12,7,19,3,0
64468800,72,11,20,4,1,18,15,20,5,0,44,25,19,4,1,53,14,19,4,0,82,21,20,5,0,31,7,20,4,1
64467689,90,11,20,3,2,19,24,20,4,1,30,13,19,3,1,36,5,19,4,1,60,6,19,4,1,53,14,19,4,0
64376945,18,15,19,5,0,40,6,20,3,2,76,3,19,5,0,85,13,19,3,0,31,7,20,4,1,3,19,20,1,4
64375967,77,24,20,3,2,4,3,20,3,2,11,16,20,5,0,25,11,20,5,0,55,14,20,5,0,33,1,20,4,1
64677504,11,18,19,5,0,32,5,20,4,1,46,16,20,4,1,36,5,20,5,0,90,11,20,5,0,12,7,20,4,1
64675763,6,8,19,2,1,35,1,18,4,0,71,14,18,4,0,83,6,18,5,0,29,2,19,3,2,48,3,19,3,2
64674123,39,18,20,4,1,42,24,20,3,2,13,19,19,4,0,50,21,19,4,0,2,10,19,5,0,90,11,19,4,1
64673189,39,18,20,3,2,65,16,20,3,2,69,9,19,4,0,70,6,20,4,1,78,16,20,3,2,56,20,19,4,1
64671220,6,8,20,4,1,20,4,20,5,0,47,4,20,5,0,1,15,20,5,0,26,9,20,4,1,10,1,20,5,0
64669602,61,5,20,3,2,2,11,20,4,1,20,4,20,5,0,58,10,19,4,1,47,4,19,4,0,82,21,19,3,1
64668114,11,18,20,4,1,26,9,19,5,0,1,15,20,4,1,31,7,19,4,1,86,1,19,3,2,65,16,19,5,0
64666830,58,10,19,3,2,50,21,20,3,2,10,1,20,5,0,63,15,20,4,1,32,5,19,3,2,74,3,19,5,0
64665229,22,3,20,5,0,75,22,20,3,2,46,16,20,4,1,67,14,20,4,1,18,15,20,4,1,89,9,20,4,1
64691029,2,10,19,4,1,20,4,19,5,0,77,24,20,4,1,11,18,20,5,0,90,11,20,4,1,87,24,20,5,0
64690853,29,1,20,4,1,33,1,20,4,1,19,24,20,4,1,47,4,20,4,1,51,22,20,5,0,39,18,20,4,1
64690532,84,18,20,3,2,32,5,20,4,1,18,15,20,4,1,44,25,20,5,0,33,1,20,5,0,72,11,20,5,0
64690332,81,9,20,3,2,18,15,19,3,2,7,1,20,5,0,59,2,19,4,1,74,3,20,5,0,25,11,20,3,2
64689994,33,1,18,4,1,7,1,19,5,0,89,9,19,3,2,15,6,19,4,1,18,15,20,4,1,11,18,19,5,0
64689790,7,1,20,5,0,52,24,20,4,1,70,6,20,3,2,79,8,20,3,2,53,14,19,5,0,82,21,20,4,1
64689500,29,1,20,4,1,1,15,20,4,1,56,20,20,3,2,35,2,20,4,1,74,3,20,5,0,52,24,20,5,0
64688961,17,5,20,5,0,18,15,19,4,1,34,23,19,5,0,54,8,19,4,1,86,1,19,3,1,52,24,20,5,0
64688358,32,5,20,3,2,78,16,20,5,0,76,3,19,4,1,58,10,20,4,1,63,15,20,5,0,39,21,19,5,0
64608995,90,11,20,3,2,11,18,19,5,0,65,16,19,4,1,9,10,19,4,1,56,20,20,4,1,59,2,19,4,1
64607915,76,3,19,3,2,27,2,20,3,1,6,8,20,3,2,15,6,20,4,1,30,13,19,3,0,90,11,20,3,2
63648724,1,18,19,4,1,58,10,20,5,0,53,14,19,5,0,2,9,19,2,3,89,9,20,4,1,11,16,20,4,1
63604918,41,24,18,3,1,74,3,19,4,1,2,10,20,2,3,1,18,20,4,1,74,3,19,4,0,75,22,19,4,1
64636455,61,5,20,5,0,10,1,20,5,0,81,9,20,4,1,7,1,19,4,1,2,11,20,4,1,39,21,20,3,2
64635702,3,21,19,4,1,78,16,20,4,1,23,18,20,3,2,21,9,20,4,1,71,14,19,3,2,39,18,20,4,1
64634026,21,9,20,3,2,53,14,20,4,1,58,10,20,4,1,77,24,19,5,0,53,14,19,4,1,70,6,20,5,0
64632437,72,11,20,4,1,83,6,20,5,0,55,14,20,3,1,23,18,20,3,2,28,13,19,5,0,88,3,19,4,1
64630552,65,16,20,5,0,58,10,20,3,2,78,16,20,4,1,90,11,20,4,1,44,25,20,4,1,20,4,19,5,0
64628885,3,21,20,5,0,82,21,20,4,1,90,11,20,3,2,66,24,20,5,0,7,1,20,5,0,65,16,20,5,0
64627626,34,23,19,4,1,89,9,19,3,2,13,15,19,4,1,33,1,19,3,1,77,24,19,4,0,18,15,20,4,1
64626522,36,5,17,4,0,15,5,16,2,0,24,21,16,4,0,2,9,15,3,0,88,3,16,3,0,52,24,15,2,0
64623894,29,1,20,4,1,33,1,19,4,1,66,24,19,5,0,11,16,19,4,1,31,7,19,3,2,66,24,19,4,1
64655019,62,11,19,4,1,83,6,19,3,1,20,4,18,4,0,24,21,20,4,0,10,20,19,4,0,76,3,18,3,0
64654469,2,11,20,5,0,8,22,19,4,1,90,11,20,5,0,30,13,19,2,0,54,8,19,4,1,72,11,19,4,0
64654175,48,3,19,5,0,27,2,18,4,0,81,9,19,2,3,53,14,19,3,0,75,22,19,4,0,78,16,19,4,0
64653783,21,9,19,3,2,42,24,20,4,1,7,1,20,4,1,55,14,19,3,1,11,18,20,3,2,90,11,20,3,2
64621731,7,1,20,5,0,53,14,20,2,2,2,10,20,4,1,2,9,20,3,2,76,3,19,5,0,23,18,20,5,0
64620103,79,8,20,5,0,33,1,19,5,0,11,18,19,5,0,40,6,18,3,0,76,3,18,3,0,81,9,19,3,2
64618571,1,15,20,5,0,61,5,20,4,0,81,9,19,3,2,74,3,20,4,0,1,16,19,3,2,75,22,20,5,0
64610855,52,24,19,4,1,20,4,18,4,1,67,14,19,3,2,68,1,18,4,0,81,9,20,5,0,23,18,19,5,0
64609852,31,7,19,5,0,90,11,19,5,0,20,4,18,4,1,75,22,19,3,2,76,3,19,5,0,90,11,19,3,2
64666056,90,11,20,3,2,10,1,20,3,2,33,1,20,5,0,76,3,19,5,0,90,11,20,4,1,39,18,20,3,2
64595580,78,16,20,4,1,32,5,20,3,2,28,13,19,4,1,90,11,20,4,1,87,24,20,3,2,61,5,20,3,2
64595367,1,15,20,4,1,33,1,19,5,0,39,21,20,5,0,21,9,20,4,1,1,15,20,5,0,85,13,20,3,1
64535510,1,15,19,4,1,78,16,20,4,1,64,24,19,3,2,53,14,20,5,0,65,16,20,5,0,89,9,20,4,1
64535218,7,2,20,5,0,2,11,19,3,2,50,21,18,3,1,78,16,19,3,0,90,11,19,5,0,42,24,19,3,1
64506224,65,16,19,3,2,1,15,19,3,2,74,3,19,5,0,29,1,18,5,0,81,9,19,4,1,56,20,19,4,1
64505384,18,15,20,4,1,74,3,20,4,1,67,14,20,4,1,49,19,20,5,0,76,3,19,4,0,75,22,19,5,0
64504380,50,21,20,4,1,19,24,20,4,1,25,11,19,4,1,56,20,20,3,2,50,21,19,5,0,61,5,19,4,1
64450775,90,11,20,3,2,65,16,20,5,0,77,24,20,3,2,79,8,19,4,1,86,1,19,4,1,11,16,18,4,1
64671753,47,4,19,4,1,35,1,19,5,0,48,3,20,4,1,2,9,20,4,1,45,4,19,4,0,8,22,19,4,1
64670649,18,15,20,4,1,70,6,20,4,1,4,3,20,4,1,76,3,19,4,1,10,20,19,4,1,34,23,20,5,0
64667728,81,9,20,5,0,67,14,20,4,1,14,21,20,4,1,37,15,20,5,0,77,24,20,3,2,3,19,20,5,0
64666322,30,13,19,4,1,35,1,19,4,1,48,3,19,4,1,53,14,19,4,1,39,21,20,5,0,72,11,20,3,2
64458689,74,3,19,5,0,90,11,20,4,1,13,15,19,4,1,29,1,20,5,0,58,10,20,4,1,88,3,19,5,0
64458117,33,1,19,5,0,6,8,20,3,2,58,10,19,4,1,19,24,20,5,0,23,18,19,5,0,39,21,19,5,0
64456826,2,9,19,4,1,4,13,18,4,1,21,9,19,4,1,74,3,19,2,1,31,7,17,4,0,80,19,18,3,1
64456158,61,5,18,4,1,2,9,18,5,0,26,9,18,3,2,88,3,17,2,1,12,7,18,4,0,86,1,19,5,0
64690031,11,16,16,3,0,28,3,17,4,1,90,11,16,4,1,70,6,17,5,0,12,7,18,4,1,48,3,17,5,0
64652842,76,3,18,4,1,59,2,19,4,1,70,6,19,3,2,53,14,17,5,0,70,6,17,2,2,42,24,17,5,0
64646746,75,22,19,3,2,29,1,19,5,0,72,11,19,3,2,32,5,19,5,0,65,16,20,4,1,76,3,18,5,0
64587864,76,3,19,5,0,70,6,19,4,1,81,9,18,5,0,84,18,20,4,1,81,9,20,4,1,1,15,20,5,0
64556914,71,14,18,5,0,31,7,19,5,0,26,9,19,4,1,20,4,19,4,1,2,9,19,5,0,44,25,19,5,0
64533742,40,6,17,4,1,39,21,18,4,0,72,11,17,5,0,76,3,16,5,0,78,16,16,3,0,72,11,15,3,1
64530100,40,6,19,3,2,71,14,19,5,0,88,3,20,5,0,64,24,19,5,0,90,11,19,4,1,29,1,18,2,0
64520185,78,16,18,3,2,76,3,18,5,0,36,5,18,3,2,48,3,17,4,1,18,15,18,5,0,58,10,18,4,0
64479234,22,3,20,4,1,4,3,19,4,1,58,10,20,4,1,23,18,20,5,0,19,6,19,4,0,21,9,20,4,1
64691458,1,15,20,4,1,54,8,20,4,1,27,16,20,4,1,59,2,20,4,1,78,16,19,4,1,29,2,20,3,1
64691209,58,10,20,3,2,80,19,20,3,2,55,14,20,4,1,1,14,20,4,1,67,14,20,5,0,53,14,20,4,1
64691051,29,1,18,4,0,64,24,18,4,0,90,11,18,5,0,28,3,19,3,0,22,3,18,2,1,39,21,18,5,0
64690814,1,15,19,3,2,54,8,19,3,2,58,10,19,3,2,76,3,18,5,0,2,11,19,4,1,80,19,19,3,2
64690639,45,4,18,3,0,31,7,20,4,1,17,5,20,3,2,58,10,19,3,2,18,15,20,4,1,33,1,18,5,0
64690426,28,13,20,3,2,42,24,19,3,2,3,21,20,4,1,2,10,19,4,1,23,18,19,4,1,88,3,19,4,1
64690182,14,21,20,4,1,81,9,20,4,1,86,1,19,4,1,38,9,20,4,1,41,24,19,2,0,4,3,20,5,0
64689918,86,1,18,5,0,22,3,18,4,1,7,1,19,4,1,67,14,20,5,0,29,1,19,4,1,81,9,19,2,3
64689650,31,7,19,5,0,33,1,19,5,0,11,16,19,4,1,39,18,19,4,1,7,1,19,4,1,35,1,19,5,0
64663950,32,5,18,3,1,29,1,19,3,0,4,13,19,4,0,39,21,19,4,0,56,20,20,4,0,84,18,20,4,1
64688212,73,24,20,5,0,1,15,20,3,2,4,13,20,4,1,71,14,20,4,1,55,14,20,4,1,89,9,20,3,2
64687815,20,4,20,4,1,77,24,20,4,1,58,10,20,4,1,74,3,20,5,0,30,13,20,5,0,25,11,20,4,1
64687128,21,9,20,4,1,18,15,20,4,1,53,14,20,4,1,44,25,20,3,2,76,3,20,5,0,31,7,20,3,2
64686324,56,20,20,4,1,28,3,19,5,0,50,21,19,3,2,49,19,20,4,1,87,24,20,4,1,8,22,20,4,1
64685752,74,3,20,4,1,22,3,20,5,0,2,11,20,5,0,71,14,20,3,2,28,3,19,3,2,11,16,20,5,0
64684983,2,11,20,4,1,6,8,20,4,1,23,18,20,4,1,1,15,18,5,0,30,13,19,5,0,15,5,19,5,0
64682366,23,15,19,4,1,62,11,20,3,2,20,4,19,4,1,18,15,19,4,1,21,9,19,5,0,76,3,20,5,0
64681461,1,15,19,3,2,50,21,19,4,1,44,25,20,4,1,78,16,20,4,1,8,22,20,3,2,11,18,20,5,0
64668379,81,9,19,3,2,68,1,18,5,0,74,3,19,5,0,44,25,19,4,0,3,21,19,5,0,72,11,19,3,2
64654156,34,23,20,3,2,77,24,20,4,1,76,3,20,5,0,11,18,20,4,1,72,11,20,4,1,20,4,19,5,0
64441386,8,22,19,4,1,1,15,19,5,0,59,2,19,4,1,65,16,19,4,1,78,16,20,5,0,69,9,17,2,0
64441035,55,14,19,5,0,70,6,20,2,3,17,5,20,5,0,78,16,20,4,1,1,18,20,5,0,69,9,19,3,0
64440840,75,22,18,4,1,82,21,19,3,2,65,16,18,5,0,81,9,18,4,1,28,13,18,4,1,11,18,18,4,1
64410217,14,21,18,3,2,35,1,19,5,0,2,11,19,4,1,65,16,19,5,0,90,11,18,4,0,85,13,18,2,1
64408620,64,24,20,5,0,7,1,20,5,0,40,6,20,4,1,72,11,20,4,1,67,14,20,5,0,61,5,19,4,0
64407583,81,9,19,3,2,33,1,19,3,2,56,20,19,4,1,58,10,20,3,2,74,3,20,5,0,56,20,20,4,1
64323874,1,15,19,4,1,17,5,20,3,2,76,3,19,4,1,84,18,19,4,0,90,11,19,4,1,67,14,19,5,0
64628085,86,1,20,4,1,18,15,20,5,0,21,9,20,3,2,85,13,20,3,2,84,18,20,3,2,35,2,20,3,2
64626961,11,18,20,4,1,18,15,20,3,2,47,4,20,3,2,90,11,20,4,1,1,18,20,5,0,4,13,20,4,1
64624406,78,16,19,5,0,79,8,19,3,2,7,1,19,5,0,29,1,19,4,0,81,9,19,2,3,55,14,18,3,0
64623343,59,2,19,4,0,86,1,19,5,0,79,8,19,3,2,77,24,19,5,0,11,18,18,3,1,20,4,18,3,1
64258211,72,11,20,4,1,53,14,19,5,0,89,9,20,4,1,56,20,19,5,0,28,3,19,4,1,58,10,19,4,1
64185878,90,11,20,3,2,13,15,20,4,1,11,18,20,4,1,2,10,20,5,0,4,3,18,5,0,90,11,20,5,0
64142777,63,15,19,4,1,33,1,19,3,2,12,7,18,4,1,22,3,18,3,1,81,9,19,4,1,89,9,19,3,1
64140948,90,11,20,3,2,86,1,20,3,2,37,15,20,5,0,77,24,20,3,2,30,13,19,4,0,90,11,20,3,0
64138747,40,6,20,4,1,4,13,20,5,0,71,14,19,4,1,67,14,19,5,0,90,11,20,5,0,22,3,20,4,1
64694379,28,3,19,3,2,89,9,18,4,1,65,16,18,4,1,49,19,19,3,2,7,1,18,4,1,24,3,18,5,0
64689148,1,15,20,4,1,3,19,20,2,3,59,2,20,3,2,74,3,20,5,0,43,5,20,4,1,36,5,20,3,2
64688723,40,6,20,4,1,36,5,20,3,2,55,14,20,5,0,39,18,20,3,2,11,16,20,4,1,70,6,20,4,1
64688143,12,7,19,4,1,53,14,19,3,2,89,9,19,3,2,85,13,20,5,0,60,6,19,4,1,2,9,20,5,0
64687794,1,14,19,5,0,70,6,20,4,1,88,3,19,4,1,82,21,19,5,0,30,13,18,4,0,43,5,20,3,2
64687305,28,3,18,3,2,19,6,19,4,1,50,21,18,5,0,58,10,19,4,1,1,15,19,5,0,33,1,18,4,0
64686460,68,1,20,4,1,32,5,20,3,2,73,24,20,5,0,33,1,19,4,1,16,9,19,3,2,90,11,19,3,2
64684323,23,18,20,5,0,1,15,20,4,1,81,9,20,3,2,89,9,19,4,1,86,1,20,5,0,29,1,20,5,0
64683265,53,13,20,4,1,18,15,20,3,2,77,24,20,4,1,3,21,19,5,0,81,9,20,4,0,68,1,19,3,0
64682484,80,19,20,4,1,34,23,20,5,0,65,16,19,3,1,72,11,19,4,1,86,1,19,4,1,76,3,19,3,2
64671669,77,24,20,4,1,67,14,20,4,1,5,6,20,3,2,89,9,20,3,2,68,1,20,5,0,17,5,20,3,2
64670875,78,16,19,4,1,48,3,19,4,1,65,16,19,3,2,28,3,19,4,1,33,1,19,5,0,78,16,19,4,1
64669498,81,9,20,2,3,68,1,19,5,0,40,6,20,3,2,77,24,20,3,2,31,7,20,4,1,76,3,20,5,0
64668190,4,13,19,4,0,53,14,19,4,1,60,6,20,4,1,65,16,19,4,1,11,16,19,4,1,90,11,19,3,2
64630932,42,24,19,3,2,40,6,19,3,2,1,15,19,4,1,25,11,20,5,0,34,23,20,3,1,55,14,18,3,1
64627516,4,3,19,4,0,59,2,19,5,0,81,9,19,3,2,21,9,19,4,1,27,9,19,3,1,33,1,19,4,1
64625906,58,10,20,4,1,18,15,19,4,1,33,1,20,5,0,1,15,19,2,3,31,7,19,2,2,65,16,19,4,1
64624182,82,21,19,5,0,5,6,19,3,2,44,25,19,4,1,17,5,19,3,1,8,22,19,4,0,90,11,19,4,0
64622052,31,7,20,3,2,83,6,20,3,2,33,1,20,3,2,68,1,19,4,0,89,9,20,5,0,8,22,20,5,0
64679891,64,24,19,4,1,72,11,19,3,2,37,15,19,4,1,75,22,19,4,1,80,19,19,4,1,76,3,18,5,0
64675952,50,21,19,2,0,2,11,20,4,1,14,21,20,5,0,12,7,20,4,1,33,1,19,4,1,64,24,20,5,0
64674976,67,14,20,4,1,24,3,19,5,0,37,15,20,3,2,9,10,20,4,1,76,3,20,5,0,12,7,20,4,1
64673818,82,21,20,4,1,38,9,20,3,2,73,24,19,4,0,64,24,20,3,2,20,4,19,5,0,23,18,20,5,0
64635532,79,8,20,5,0,10,20,19,5,0,21,9,20,2,3,1,16,20,5,0,4,3,19,5,0,28,3,20,5,0
64634005,17,5,19,4,0,80,19,19,4,0,32,5,19,4,1,4,13,20,4,1,81,9,20,4,1,18,15,20,5,0
64633242,14,21,20,4,1,1,15,20,4,1,22,3,20,5,0,78,16,20,5,0,26,9,20,5,0,45,4,19,4,1
64632476,77,24,20,4,1,82,21,20,3,2,68,1,19,5,0,49,19,20,5,0,66,24,20,4,1,11,16,20,5,0
64630395,90,11,19,4,1,10,1,19,5,0,62,11,20,3,2,82,21,19,4,0,23,18,19,4,0,17,5,20,3,1
64629532,78,16,19,3,2,39,18,20,5,0,41,24,19,5,0,47,4,20,4,1,75,22,20,3,2,69,9,19,2,0
64697094,74,3,19,5,0,72,11,19,3,2,70,6,20,3,2,21,9,18,2,1,76,3,17,2,0,42,24,18,4,0
64696778,54,8,19,4,1,58,10,20,4,1,65,16,20,4,1,82,21,20,5,0,4,13,19,4,0,72,11,20,4,1
64696507,76,3,20,5,0,67,14,20,5,0,87,24,20,5,0,56,20,20,4,1,88,3,20,4,1,89,9,20,4,1
64696323,85,13,20,4,1,70,6,19,3,2,77,24,20,4,1,74,3,20,3,2,2,11,20,5,0,29,1,20,2,2
64696107,86,1,19,3,1,78,16,19,4,1,44,25,19,5,0,81,9,19,3,2,15,5,18,3,2,7,1,18,5,0
64695830,31,7,19,3,2,83,6,19,5,0,59,2,19,4,1,70,6,19,4,1,80,19,19,5,0,28,3,19,4,1
64695647,58,10,17,3,2,28,3,18,4,1,33,1,17,3,1,44,25,19,4,0,35,2,18,4,0,90,11,18,4,1
64617816,70,6,19,5,0,53,14,19,5,0,74,3,19,5,0,67,14,19,4,0,1,15,19,5,0,2,10,19,5,0
64637383,16,9,20,5,0,87,24,20,4,1,70,6,19,3,2,87,24,19,4,1,56,20,20,4,1,46,16,20,4,1
64635708,44,25,20,3,2,4,13,20,3,2,42,24,20,4,1,47,4,19,4,1,20,4,19,3,1,72,11,20,5,0
64634899,83,6,20,4,1,1,15,20,3,2,85,13,20,4,1,82,21,20,4,1,35,1,20,4,1,90,11,20,3,2
64633452,33,1,18,3,0,62,11,18,4,0,77,24,18,5,0,81,9,18,3,1,64,24,19,5,0,53,14,18,4,0
64631452,53,14,20,5,0,18,15,20,4,1,50,21,20,3,1,67,14,20,4,1,79,8,20,4,1,7,1,20,5,0
64630099,42,24,19,5,0,11,18,19,5,0,46,16,18,5,0,39,18,18,4,1,42,24,17,4,0,33,1,17,4,0
64627938,74,3,20,4,1,22,3,19,5,0,18,15,19,3,2,65,16,20,5,0,35,1,20,5,0,23,18,19,5,0
64627045,59,2,19,5,0,66,24,20,5,0,7,1,20,4,1,32,5,20,5,0,22,3,20,4,1,80,19,19,3,2
64626078,78,16,20,4,1,55,14,20,5,0,17,5,20,3,2,64,24,20,4,0,1,16,19,2,0,25,11,20,4,1
64695075,65,16,20,5,0,51,22,20,4,1,31,7,19,3,2,78,16,20,4,1,1,15,20,4,1,13,15,20,5,0
64674788,24,3,20,5,0,21,9,20,4,1,20,4,19,2,1,78,16,20,4,1,74,3,20,4,0,89,9,20,4,1
64673233,84,18,20,4,1,56,20,20,5,0,75,22,20,2,3,22,3,19,5,0,77,24,20,5,0,55,14,20,5,0
64671429,4,13,17,2,2,37,15,18,4,1,9,10,17,4,0,79,8,17,3,0,86,1,17,3,0,1,15,18,5,0
64669513,67,14,19,4,1,14,21,20,3,2,77,24,20,5,0,28,3,20,3,2,25,11,19,4,1,4,13,19,5,0
64667888,84,18,19,4,1,50,21,20,5,0,63,15,20,4,1,70,6,20,3,2,53,14,20,4,1,59,2,20,4,1
64665685,18,15,20,4,1,36,5,20,2,3,76,3,20,5,0,7,1,20,5,0,28,3,20,5,0,21,9,20,3,2
64664762,72,11,19,5,0,42,24,19,5,0,25,11,20,2,3,72,11,20,5,0,76,3,19,5,0,64,24,20,4,1
64664339,89,9,20,3,2,78,16,20,3,2,55,14,20,5,0,20,4,19,4,0,87,24,19,4,1,65,16,20,4,1
64656941,7,1,20,5,0,78,16,20,3,1,22,3,20,5,0,55,14,20,4,1,70,6,20,4,1,72,11,20,3,2
64679045,78,16,20,3,2,58,10,20,3,2,76,3,20,4,0,47,4,19,3,2,74,3,20,4,0,58,10,19,3,2
64677408,45,4,19,3,1,90,11,20,4,1,28,3,19,3,2,64,24,20,3,2,32,5,20,4,1,65,16,20,5,0
64676257,74,3,19,5,0,75,22,20,4,1,70,6,20,5,0,53,13,20,3,2,26,9,20,3,2,1,16,20,5,0
64634081,44,25,20,5,0,78,16,20,5,0,38,9,19,4,1,72,11,20,3,2,33,1,20,5,0,10,1,20,3,2
64632545,89,9,20,4,1,55,14,20,5,0,81,9,20,1,4,72,11,20,4,1,67,14,20,2,3,11,18,20,5,0
64631269,85,13,17,3,1,18,15,18,4,1,90,11,18,4,1,44,25,18,5,0,62,11,18,4,1,1,18,18,5,0
64629841,11,18,20,4,1,78,16,20,4,1,57,23,20,4,1,75,22,20,4,1,4,3,20,4,1,36,5,20,3,2
64628733,29,1,20,3,2,55,14,20,5,0,72,11,20,2,3,64,24,20,4,1,11,16,20,5,0,69,9,19,5,0
64670902,81,9,20,3,2,53,14,20,5,0,72,11,20,4,1,78,16,20,4,1,50,21,20,4,1,63,15,20,3,2
64669258,5,6,20,3,2,30,13,19,5,0,63,15,19,4,1,23,18,19,3,1,4,3,19,4,1,66,24,19,3,2
64667801,53,14,19,4,1,72,11,19,2,3,63,15,19,5,0,18,15,18,4,1,90,11,19,5,0,48,3,19,4,0
64606501,60,6,20,4,1,74,3,20,4,1,90,11,20,4,1,75,22,20,4,1,67,14,20,4,1,83,6,20,5,0
64605288,71,14,19,5,0,40,6,19,3,2,56,20,19,5,0,19,6,19,3,2,49,19,19,4,1,63,15,19,5,0
64519137,62,11,20,5,0,88,3,20,5,0,47,4,20,5,0,56,20,20,5,0,63,15,19,4,1,10,1,20,5,0
64516324,90,11,20,3,2,78,16,20,5,0,23,15,20,3,2,76,3,20,5,0,77,24,20,4,1,90,11,20,5,0
64513964,11,16,20,5,0,6,8,19,4,1,88,3,20,5,0,22,3,20,4,1,63,15,20,4,1,11,16,19,4,1
64511606,4,3,20,4,1,63,15,20,3,2,53,14,20,5,0,31,7,20,4,1,30,13,19,4,0,11,16,19,4,1
64682675,33,1,20,5,0,80,19,20,5,0,72,11,20,4,1,59,2,20,3,2,14,21,20,4,1,42,24,20,4,1
64671738,20,4,19,4,0,6,8,19,3,2,58,10,19,5,0,63,15,19,4,1,89,9,19,4,1,86,1,18,5,0
64667304,22,3,20,5,0,9,9,20,4,1,2,9,20,2,3,4,13,19,5,0,23,15,19,4,1,81,9,20,3,2
64666388,63,15,20,4,0,58,10,20,4,1,22,3,20,5,0,22,3,20,5,0,31,7,20,5,0,55,14,20,5,0
64665246,3,21,19,4,1,89,9,20,4,1,42,24,20,5,0,37,15,19,4,1,11,16,19,5,0,14,21,19,4,1
64664194,31,7,20,4,1,4,13,19,3,1,81,9,19,3,2,89,9,20,4,1,85,13,20,4,1,6,8,20,3,2
64622660,46,16,20,5,0,90,11,20,3,2,82,21,19,4,1,88,3,20,5,0,66,24,20,4,1,21,9,20,4,1
64621014,43,5,19,4,1,77,24,19,4,1,53,14,18,5,0,67,14,19,4,0,37,15,19,4,1,35,2,19,4,0
64620136,33,1,18,4,1,14,21,18,3,2,90,11,18,4,1,9,10,18,3,2,81,9,18,4,0,33,1,17,3,0
64696994,48,3,16,5,0,31,7,16,4,0,53,14,16,3,0,76,3,16,3,1,43,5,16,3,0,67,14,15,5,0
64696662,53,14,18,5,0,56,20,19,4,1,72,11,18,5,0,59,2,18,4,0,2,11,18,4,0,23,18,18,4,1
64696386,54,8,19,3,2,67,14,19,2,3,14,21,18,5,0,64,24,18,2,1,18,15,16,2,0,67,14,15,2,0
64696001,26,9,19,4,1,29,1,19,3,2,51,22,20,5,0,44,25,19,3,1,90,11,19,3,2,14,21,19,4,0
64692509,22,3,18,4,0,90,11,17,3,1,64,24,18,3,0,74,3,18,4,1,79,8,17,5,0,80,19,17,3,0
64692296,3,16,17,4,0,8,22,16,4,0,78,16,17,2,0,40,6,16,3,0,80,19,16,2,0,44,25,17,3,0
64692153,87,24,19,5,0,90,11,19,3,2,78,16,20,3,2,81,9,20,4,0,62,11,18,3,0,88,3,18,4,1
64692063,31,7,18,4,1,74,3,18,5,0,76,3,18,5,0,28,3,16,2,1,78,16,16,2,0,72,11,16,2,1
64688718,18,15,20,4,1,90,11,18,5,0,76,3,18,4,0,75,22,19,2,3,89,9,18,5,0,30,13,19,5,0
64664365,79,8,20,4,1,18,15,20,4,1,30,13,20,4,1,82,21,19,4,1,17,5,20,3,2,85,13,19,5,0
64663634,88,3,19,4,1,83,6,20,3,2,82,21,20,5,0,53,14,19,2,2,70,6,20,4,1,47,4,20,5,0
64662758,82,21,20,4,1,17,5,20,4,1,28,3,20,5,0,58,10,20,4,1,40,6,19,5,0,33,1,20,5,0
64661958,82,21,20,4,1,17,5,20,3,2,9,9,19,4,1,78,16,19,4,1,5,5,19,5,0,11,16,19,4,0
64660194,82,21,20,4,1,17,5,20,3,2,4,13,19,4,1,53,13,19,5,0,62,11,20,5,0,39,18,20,4,1
64659265,82,21,19,4,1,17,5,19,4,1,37,15,20,4,1,77,24,20,4,1,74,3,20,4,1,31,7,20,4,1
64658367,82,21,20,3,2,17,5,20,3,2,39,18,20,4,1,1,18,19,4,0,22,3,19,5,0,79,8,19,4,1
64570251,30,13,19,4,0,43,5,19,2,2,31,7,19,4,1,80,19,20,4,0,29,1,20,5,0,72,11,20,4,1
64566990,39,18,20,5,0,4,13,20,4,1,78,16,20,4,1,76,3,19,5,0,11,16,19,2,0,70,6,20,3,2
64565745,68,1,18,5,0,33,1,19,5,0,2,11,19,4,1,74,3,18,4,1,50,21,18,2,0,43,5,18,1,4
64563912,90,11,20,4,1,7,1,19,3,2,75,22,20,4,1,55,14,19,5,0,90,11,20,4,1,9,10,20,3,2
64562196,44,25,19,5,0,89,9,19,3,2,14,21,19,5,0,90,11,20,5,0,20,4,19,4,0,81,9,20,4,1
64560746,83,6,19,3,2,4,13,19,5,0,82,21,19,5,0,76,3,18,1,0,90,11,18,4,0,14,21,18,4,0
64560230,38,9,20,3,2,22,3,20,4,1,4,13,20,3,2,29,1,20,4,1,33,1,20,4,1,31,7,20,4,1
64559259,82,21,19,4,1,75,22,19,2,3,33,1,18,5,0,90,11,18,4,1,55,14,18,3,1,23,18,19,3,1
64558323,75,22,20,3,2,29,1,20,5,0,68,1,18,5,0,6,8,18,2,1,30,13,17,1,0,2,10,19,4,0
64691777,4,13,20,5,0,57,23,20,4,1,27,9,20,4,0,1,18,20,5,0,36,5,20,3,2,13,19,20,5,0
64691654,65,16,20,4,0,80,19,20,4,1,1,15,20,4,0,2,10,20,1,4,35,1,20,3,2,55,14,20,3,2
64691471,70,6,20,3,2,88,3,20,5,0,82,21,20,3,2,90,11,20,5,0,36,5,20,4,1,8,22,20,4,1
64690910,72,11,20,4,1,68,1,19,2,2,10,20,20,4,1,65,16,19,5,0,64,24,20,3,2,6,8,19,4,1
64690605,16,9,20,3,2,62,11,20,4,1,76,3,19,5,0,65,16,19,5,0,31,7,20,4,1,90,11,20,4,1
64690265,48,3,19,4,1,5,6,19,5,0,32,5,19,3,2,80,19,20,5,0,22,3,20,5,0,35,2,20,4,1
64689852,79,8,20,3,2,85,13,20,4,1,38,9,19,4,1,65,16,19,5,0,25,11,20,5,0,89,9,20,5,0
64689215,50,21,20,5,0,71,14,20,4,1,5,6,20,4,1,31,7,20,4,1,13,15,20,4,0,38,9,20,4,1
64668520,53,14,20,3,2,2,9,19,3,2,59,2,20,3,2,11,18,20,5,0,49,19,20,3,2,26,9,20,4,1
64667250,21,9,19,2,3,47,4,19,5,0,49,19,19,4,1,42,24,19,4,1,70,6,18,4,1,2,11,19,5,0
64682265,17,5,19,4,1,27,16,20,3,1,1,18,19,3,2,89,9,20,4,1,70,6,20,3,2,33,1,19,5,0
64664432,14,21,20,4,1,25,11,20,4,1,44,25,19,2,3,1,18,19,5,0,76,3,20,4,1,37,15,20,5,0
64663402,14,21,19,4,1,90,11,20,2,3,55,14,20,5,0,76,3,19,4,1,78,16,20,4,1,9,9,20,4,1
64662108,10,1,20,4,1,90,11,20,3,2,60,6,20,3,2,89,9,19,4,0,46,16,20,5,0,33,1,20,3,1
64656096,28,3,20,5,0,77,24,20,4,1,31,7,20,4,1,67,14,20,3,2,27,16,20,5,0,90,11,20,3,2
64654687,51,22,19,3,1,5,5,19,3,2,86,1,19,3,2,33,1,20,4,1,11,16,20,5,0,81,9,20,4,1
64654109,31,7,20,3,2,67,14,20,4,1,11,16,20,5,0,48,3,20,3,2,21,9,20,4,1,86,1,20,4,1
64629429,7,1,19,5,0,29,1,18,4,1,15,6,19,3,2,67,14,18,4,1,21,9,18,4,1,28,3,18,3,1
64628518,65,16,19,4,1,8,22,20,4,1,83,6,20,5,0,27,6,19,5,0,22,3,19,4,1,39,18,19,3,2
64626719,27,9,20,3,1,9,10,20,2,3,67,14,20,3,2,58,10,20,4,1,50,21,19,4,1,28,13,20,5,0
64625306,2,10,19,3,2,11,16,20,4,1,27,16,20,4,0,80,19,20,4,1,1,14,20,3,2,32,5,20,3,2
64623917,90,11,20,4,1,32,5,20,3,2,11,16,20,5,0,59,2,19,4,1,77,24,20,3,2,55,14,20,5,0
64621881,4,13,19,4,1,7,1,19,4,1,53,14,19,5,0,78,16,19,3,1,13,15,19,3,0,19,24,19,4,1
64620834,79,8,20,2,3,1,14,19,5,0,13,19,19,5,0,64,24,20,3,2,22,3,20,5,0,54,8,20,4,1
64447020,89,9,20,3,2,8,22,20,4,1,58,10,20,4,1,74,3,20,5,0,36,5,20,3,2,90,11,19,4,1
64446462,87,24,19,4,1,43,5,19,2,3,48,3,19,3,2,11,16,18,3,0,72,11,19,4,1,29,1,19,4,1
64445631,18,15,20,4,1,7,1,19,5,0,2,11,20,4,1,78,16,19,4,1,9,10,20,4,1,90,11,19,4,1
64676884,33,1,18,3,0,23,18,19,3,0,90,11,20,4,1,81,9,19,3,1,7,1,19,4,1,65,16,19,5,0
64675812,35,2,20,4,0,54,8,20,4,1,37,15,20,5,0,64,24,19,3,2,76,3,20,4,1,58,10,19,3,2
64674369,55,14,20,5,0,25,11,19,4,1,2,11,20,4,1,55,14,19,3,2,87,24,19,4,1,28,3,19,4,1
64673237,2,10,20,3,2,61,5,20,3,2,55,14,19,5,0,31,7,20,3,2,24,21,20,5,0,12,7,20,3,2
64671533,59,2,20,4,0,87,24,19,4,1,28,13,20,4,0,55,14,19,4,0,23,18,19,4,1,72,11,19,4,1
64669727,15,6,19,4,1,1,15,19,4,1,89,9,20,4,1,90,11,19,4,1,33,1,20,4,1,11,16,20,5,0
64632498,81,9,20,3,2,66,24,19,4,1,2,11,20,4,1,18,15,20,4,1,27,6,20,5,0,75,22,20,4,1
64631609,36,5,19,3,2,79,8,19,3,2,35,1,18,4,1,59,2,19,4,0,39,18,19,4,1,7,1,19,5,0
64630347,62,11,20,3,2,11,16,19,5,0,67,14,20,4,1,74,3,19,4,1,1,14,20,5,0,90,11,20,4,1
64651676,74,3,20,4,1,34,23,20,4,1,29,1,20,4,1,63,15,19,4,1,59,2,20,5,0,2,11,20,3,2
64651303,74,3,20,5,0,76,3,19,4,0,2,11,20,4,1,35,2,18,3,1,34,23,19,5,0,84,18,19,3,2
64650776,2,11,19,5,0,76,3,19,5,0,4,3,20,5,0,29,1,19,3,1,54,8,20,4,1,89,9,20,4,1
64650503,2,10,20,4,1,33,1,20,4,1,7,1,20,5,0,84,18,19,4,1,21,9,20,5,0,20,4,19,4,0
64650241,76,3,19,4,0,2,10,20,3,2,77,24,19,3,2,81,9,19,3,1,74,3,19,4,1,47,4,19,4,0
64649975,31,7,20,3,2,66,24,20,5,0,90,11,20,4,1,55,14,19,5,0,3,21,20,4,1,12,7,20,3,2
64597246,65,16,19,5,0,2,11,19,4,1,70,6,20,3,2,2,11,20,3,2,74,3,19,5,0,56,20,19,4,1
64596900,58,10,20,4,1,56,20,20,4,1,11,16,20,4,0,15,6,20,4,1,14,21,19,5,0,90,11,20,4,1
64596494,78,16,20,4,1,21,9,20,3,2,34,23,20,5,0,89,9,20,5,0,80,19,20,5,0,31,7,19,4,1
64533741,72,11,20,4,1,76,3,19,5,0,78,16,19,5,0,82,21,20,5,0,35,2,20,5,0,31,7,19,3,2
64676966,69,9,20,5,0,67,14,20,4,1,89,9,19,4,1,17,5,19,5,0,11,18,20,5,0,65,16,19,4,1
64676066,52,24,20,3,2,29,2,20,5,0,19,6,20,3,2,64,24,19,4,1,87,24,20,4,1,21,9,20,4,1
64674508,59,2,19,4,1,75,22,20,4,1,7,1,19,4,1,59,2,20,4,1,82,21,19,4,1,9,9,19,4,1
64598410,2,10,20,5,0,62,11,20,5,0,28,3,20,4,1,70,6,20,4,1,90,11,20,3,2,11,18,20,4,1
64597643,31,7,19,4,1,2,9,19,3,2,76,3,19,3,1,44,25,19,4,1,7,1,19,4,1,84,18,18,3,0
64493929,29,1,20,4,1,24,21,20,4,1,21,9,20,4,1,65,16,20,4,1,50,21,19,3,2,31,7,19,4,1
64493208,64,24,20,5,0,59,2,20,5,0,15,6,20,3,2,23,15,19,5,0,13,15,18,2,0,90,11,20,4,1
64492690,17,5,20,4,1,37,15,20,4,1,65,16,20,3,2,71,14,20,5,0,77,24,20,5,0,47,4,20,4,1
64491993,17,5,20,4,1,89,9,20,5,0,65,16,20,5,0,84,18,19,5,0,90,11,20,4,1,41,24,20,2,0
64491346,27,9,19,4,1,4,13,19,5,0,22,3,19,5,0,31,7,18,2,2,75,22,19,4,1,4,13,18,5,0
64490947,40,6,20,4,1,81,9,20,3,2,76,3,19,4,1,15,5,19,4,1,39,18,20,4,1,63,15,19,4,1
64490465,61,5,20,2,3,72,11,19,3,2,48,3,20,4,1,19,24,19,5,0,90,11,20,5,0,88,3,19,5,0
64489455,22,3,19,4,1,20,4,19,5,0,70,6,20,3,2,2,10,20,3,2,11,16,20,5,0,89,9,20,4,1
64486752,31,7,19,3,2,68,1,18,3,0,65,16,19,5,0,74,3,18,3,0,84,18,19,5,0,90,11,18,4,1
64679873,72,11,20,3,2,29,1,19,4,1,74,3,20,5,0,2,11,19,4,1,67,14,20,4,1,23,18,20,4,1
64678400,67,14,19,4,1,90,11,19,4,1,74,3,19,5,0,2,9,19,4,1,59,2,20,4,1,25,11,20,5,0
64676629,68,1,19,3,1,63,15,19,5,0,62,11,20,3,1,75,22,19,5,0,21,9,19,4,1,30,13,18,4,0
64675409,55,14,18,2,0,90,11,19,4,0,81,9,19,2,2,81,9,20,3,2,90,11,19,3,2,83,6,19,4,1
64674355,30,13,19,5,0,72,11,19,3,2,87,24,20,3,2,89,9,19,5,0,35,1,19,4,1,10,20,19,3,1
64672016,60,6,19,4,1,85,13,19,3,2,73,24,19,5,0,81,9,20,3,2,2,11,20,3,2,90,11,19,4,1
64671000,77,24,20,4,1,68,1,20,5,0,67,14,20,3,2,4,13,19,5,0,2,9,20,4,1,74,3,20,5,0
64670437,78,16,19,4,0,14,21,19,3,2,33,1,18,4,1,40,6,18,5,0,87,24,19,4,1,85,13,18,2,1
64669430,39,21,20,5,0,78,16,20,5,0,88,3,20,4,1,1,15,20,2,3,76,3,19,5,0,77,24,20,5,0
64680181,74,3,20,3,2,25,11,20,3,2,65,16,20,3,2,19,24,20,3,2,76,3,20,5,0,39,18,20,4,1
64668331,74,3,20,5,0,29,2,20,4,1,90,11,20,2,3,32,5,20,4,1,26,9,20,5,0,76,3,20,4,1
64632188,7,2,20,4,1,89,9,20,3,2,84,18,20,5,0,20,4,20,5,0,14,21,20,3,2,32,5,20,2,3
64622670,30,13,19,2,0,39,21,20,4,1,58,10,20,3,2,7,2,20,4,1,76,3,20,5,0,28,3,20,3,2
64672659,58,10,20,3,2,64,24,20,4,1,7,1,20,5,0,52,24,19,3,2,9,10,20,3,2,74,3,19,4,0
64671862,57,23,19,2,3,33,1,19,4,1,82,21,19,5,0,72,11,19,5,0,58,10,19,4,1,55,14,19,4,1
64670214,18,15,20,3,2,53,14,19,4,1,45,4,19,5,0,27,9,19,3,1,39,18,20,5,0,11,18,19,4,1
64669313,86,1,18,4,0,1,15,18,4,1,29,1,19,4,0,28,3,19,4,0,70,6,19,4,1,42,24,19,3,1
64667920,47,4,20,5,0,7,1,20,3,2,64,24,20,4,1,88,3,19,5,0,90,11,20,3,2,49,19,20,4,1
64666524,33,1,20,3,2,76,3,19,5,0,89,9,20,2,3,44,25,20,4,1,90,11,20,4,1,23,18,20,5,0
64665592,31,7,20,4,1,53,13,20,4,1,56,20,20,4,1,84,18,19,3,2,79,8,20,3,2,66,24,20,4,1
64627403,59,2,19,3,2,75,22,19,4,0,76,3,19,4,0,89,9,20,3,2,20,4,19,3,1,8,22,20,3,2
64626249,39,18,20,5,0,11,16,20,5,0,81,9,20,5,0,65,16,20,5,0,90,11,19,5,0,10,1,20,5,0
64543610,23,15,18,2,1,31,7,19,5,0,82,21,18,3,0,8,22,19,4,1,72,11,18,4,1,90,11,19,3,2
64542609,86,1,18,3,1,55,14,18,3,0,36,5,19,3,1,39,18,19,5,0,54,8,19,4,1,33,1,19,4,1
64537038,69,9,19,4,1,78,16,20,4,1,65,16,20,3,2,76,3,20,4,0,90,11,20,4,0,75,22,20,4,0
64536544,64,24,19,4,1,56,20,19,5,0,82,21,18,3,2,26,9,18,4,1,90,11,19,5,0,89,9,19,5,0
64535860,21,9,20,2,3,30,13,19,4,0,17,5,20,3,2,46,16,20,4,1,33,1,20,5,0,57,23,20,5,0
64535153,1,16,18,3,0,26,9,17,4,0,29,1,18,3,1,82,21,17,4,0,47,4,18,5,0,29,2,17,4,0
64455190,11,16,18,4,1,18,15,18,4,1,74,3,18,3,2,88,3,18,1,2,10,1,18,2,0,81,9,19,4,0
64640843,27,16,20,4,0,72,11,20,4,1,88,3,19,4,1,67,14,19,4,1,46,16,19,5,0,32,5,20,3,2
64640021,76,3,19,4,1,62,11,19,5,0,81,9,19,3,2,72,11,19,2,3,76,3,18,5,0,18,15,19,5,0
64638952,73,24,19,3,0,39,18,19,4,1,18,15,19,3,2,6,8,20,5,0,61,5,19,4,1,90,11,19,5,0
64637363,89,9,20,4,1,68,1,19,5,0,90,11,20,3,2,39,21,19,4,1,2,9,20,3,2,34,23,19,5,0
64634042,74,3,19,5,0,81,9,20,3,2,1,18,19,4,1,30,13,19,2,1,69,9,19,3,0,72,11,19,3,2
64626131,26,9,20,4,1,11,16,19,4,1,72,11,20,4,1,67,14,20,3,2,23,18,19,4,1,58,10,19,4,1
64424452,59,2,20,3,2,78,16,20,3,2,81,9,20,3,2,40,6,20,4,1,72,11,20,3,2,30,13,20,4,0
64676127,86,1,19,5,0,64,24,20,4,1,9,9,20,4,1,1,18,19,4,1,11,18,19,4,1,23,18,20,4,1
64674449,28,3,19,5,0,42,24,19,5,0,2,10,20,4,1,35,2,20,4,1,59,2,19,4,1,7,2,20,4,1
64673049,19,6,20,4,0,90,11,20,3,1,22,3,20,4,1,44,25,20,5,0,17,5,20,3,2,65,16,19,5,0
64640996,11,18,20,3,2,1,18,19,4,1,23,18,20,4,1,67,14,19,4,0,78,16,18,2,0,49,19,20,4,1
64640225,63,15,19,5,0,61,5,20,4,1,42,24,20,3,2,59,2,19,5,0,31,7,19,3,2,2,11,19,4,1
64634816,39,18,20,5,0,59,2,19,5,0,58,10,20,5,0,22,3,19,4,1,83,6,19,4,1,7,2,19,5,0
64633195,74,3,19,4,1,82,21,19,4,1,7,2,19,5,0,39,18,19,5,0,27,9,19,5,0,35,2,19,4,1
64631158,11,16,20,3,2,78,16,20,1,4,76,3,20,5,0,1,16,20,3,2,75,22,19,5,0,74,3,19,5,0
64621818,78,16,20,5,0,52,24,20,4,1,28,3,20,3,2,81,9,20,4,1,53,14,19,2,0,37,15,20,5,0
64684244,81,9,20,3,2,11,16,20,3,0,49,19,20,4,1,53,14,20,3,0,14,21,20,3,0,31,7,20,5,0
64682748,11,16,20,5,0,25,11,20,4,1,85,13,19,5,0,1,15,20,4,1,33,1,20,3,2,34,23,20,3,2
64681096,29,1,20,4,1,35,2,19,5,0,87,24,20,3,2,39,21,20,5,0,1,15,19,5,0,50,21,20,4,1
64679014,89,9,20,4,1,78,16,20,4,1,39,21,20,4,1,44,25,20,3,1,64,24,20,5,0,50,21,20,4,1
64674111,21,9,20,3,2,27,6,20,4,0,79,8,20,3,2,62,11,20,3,2,33,1,20,4,1,48,3,20,3,2
64668484,4,13,20,4,1,3,19,20,4,1,1,15,20,4,1,2,9,20,2,3,89,9,20,4,1,33,1,20,4,1
64671702,62,11,19,4,1,74,3,19,5,0,22,3,20,3,2,89,9,19,4,1,56,20,19,4,1,71,14,18,4,1
64670871,28,3,20,5,0,49,19,20,3,2,25,11,19,3,2,86,1,20,4,1,74,3,20,5,0,22,3,19,3,1
62931606,48,3,20,4,1,78,16,20,3,2,7,1,20,5,0,74,3,20,4,1,46,16,20,2,3,47,4,20,3,2
62930885,17,5,20,2,3,82,21,19,4,1,35,1,19,5,0,71,14,20,5,0,31,7,20,4,0,72,11,19,3,1
62930286,56,20,20,5,0,12,7,20,4,1,80,19,20,3,2,37,15,20,4,1,34,23,20,4,1,65,16,20,4,1
62929522,63,15,19,4,1,83,6,20,4,1,25,11,20,4,1,31,7,20,3,2,56,20,20,4,1,35,1,20,4,1
62929137,31,7,20,3,2,55,14,19,5,0,43,5,20,4,1,86,1,20,5,0,89,9,20,4,1,35,1,20,5,0
62928236,10,20,19,5,0,22,3,18,4,1,15,5,19,4,1,18,15,19,5,0,19,6,19,4,1,46,16,19,4,1
62927403,25,11,20,4,1,14,21,20,4,1,67,14,19,4,1,10,20,20,4,1,89,9,20,5,0,42,24,20,4,1
64674195,86,1,20,4,1,17,5,20,4,1,39,21,20,4,1,87,24,20,5,0,28,3,20,4,1,85,13,20,3,1
64671472,71,14,19,3,2,89,9,19,3,2,33,1,19,4,1,90,11,19,4,0,11,16,19,4,0,74,3,19,4,1
64669972,83,6,20,3,2,32,5,19,3,2,30,13,20,5,0,90,11,20,3,2,54,8,20,4,1,68,1,19,5,0
64632744,2,10,20,4,1,64,24,20,5,0,88,3,19,5,0,27,9,19,4,0,3,16,19,4,1,49,19,20,4,1
64629937,46,16,20,3,2,72,11,20,3,2,20,4,19,4,1,29,2,20,5,0,7,1,20,5,0,36,5,20,4,1
64581304,44,25,19,5,0,6,8,19,3,2,75,22,20,4,1,1,16,18,5,0,2,11,19,4,1,55,14,19,5,0
64691734,53,14,20,3,2,2,10,19,4,1,87,24,20,4,1,89,9,20,5,0,90,11,20,4,0,25,11,19,4,0
64686681,74,3,20,5,0,22,3,20,4,1,29,1,20,3,2,78,16,20,4,1,20,4,20,5,0,72,11,20,5,0
64674948,72,11,20,3,2,20,4,20,5,0,11,18,20,2,3,61,5,20,5,0,39,18,20,5,0,18,15,20,5,0
64643074,31,7,19,4,1,55,14,20,5,0,83,6,20,4,1,86,1,19,5,0,46,16,20,4,1,90,11,20,4,1
64550371,69,9,19,4,1,82,21,19,3,2,3,21,19,4,1,70,6,19,4,0,78,16,20,4,1,19,24,19,2,0
64534790,23,18,19,5,0,48,3,19,4,1,40,6,19,4,0,28,3,18,4,1,90,11,19,3,0,10,1,19,3,1
64450357,39,18,18,5,0,20,4,18,5,0,72,11,18,4,1,39,18,19,4,1,60,6,18,3,1,41,24,18,4,0
64445974,30,13,18,4,0,39,18,19,2,3,9,9,18,4,1,5,5,19,4,1,22,3,18,3,1,89,9,18,4,1
64436702,76,3,19,4,1,7,1,19,4,1,53,13,19,5,0,74,3,19,4,1,43,5,19,2,3,1,14,19,3,2
64643645,18,15,20,5,0,83,6,20,3,2,40,6,20,3,2,19,6,20,5,0,63,15,19,5,0,90,11,20,4,1
64642912,69,9,20,5,0,1,14,20,4,1,22,3,20,4,1,77,24,19,4,1,9,10,19,5,0,14,21,19,5,0
64641498,16,9,19,4,1,25,11,19,4,1,71,14,18,2,1,18,15,19,4,1,20,4,19,5,0,40,6,19,3,2
64160812,18,15,20,3,2,83,6,20,5,0,40,6,20,4,1,39,18,20,3,2,46,16,20,5,0,90,11,20,5,0
64159760,7,1,19,4,1,71,14,20,3,2,89,9,20,4,1,64,24,20,4,1,90,11,20,4,1,2,11,20,4,1
64158876,53,14,19,4,1,3,21,20,4,1,90,11,20,5,0,90,11,20,3,2,11,16,19,5,0,74,3,19,4,1
64157529,66,24,19,3,2,85,13,20,4,1,74,3,20,3,2,18,15,20,5,0,20,4,19,5,0,57,23,20,4,1
64155992,31,7,20,3,2,23,15,20,4,1,61,5,20,3,2,89,9,20,4,1,4,13,19,5,0,90,11,20,4,1
64154649,90,11,20,3,2,7,1,20,4,1,47,4,20,4,1,22,3,19,4,1,39,18,19,4,1,89,9,19,2,3
64681097,64,24,19,3,2,22,3,19,4,1,90,11,19,4,1,19,6,19,4,0,82,21,19,5,0,59,2,19,3,1
64675578,65,16,16,2,0,88,3,17,3,0,78,16,17,4,0,73,24,16,1,0,22,3,18,4,0,25,11,18,3,1
64673812,84,18,19,4,1,45,4,20,5,0,48,3,20,3,2,37,15,19,4,1,46,16,20,5,0,79,8,19,4,1
64672512,17,5,20,3,2,59,2,19,4,1,33,1,19,5,0,59,2,18,4,1,76,3,19,4,1,90,11,20,3,2
64670938,18,15,19,4,1,29,1,19,5,0,72,11,19,4,1,19,24,19,4,1,14,21,19,5,0,90,11,19,3,2
64669580,74,3,20,4,1,8,22,20,3,2,4,13,20,4,1,74,3,20,5,0,1,15,20,5,0,89,9,20,3,2
64668380,63,15,20,4,1,53,14,19,4,1,24,21,20,5,0,43,5,20,3,2,11,18,20,3,2,76,3,20,4,1
64633946,40,6,20,2,3,90,11,19,3,2,83,6,20,4,1,18,15,20,4,1,37,15,20,4,1,78,16,20,4,1
64632420,32,5,20,4,1,82,21,19,5,0,64,24,19,5,0,81,9,20,3,2,35,2,19,4,1,18,15,20,3,2
64691764,51,22,19,4,1,64,24,19,4,1,58,10,19,4,1,82,21,20,3,2,14,21,20,4,1,88,3,19,4,1
64686436,28,3,18,4,1,76,3,17,3,1,35,2,18,4,0,29,1,17,4,0,78,16,18,3,1,32,5,17,3,1
64673397,33,1,20,5,0,1,16,20,3,2,12,7,20,4,1,50,21,19,5,0,70,6,20,5,0,90,11,20,5,0
64580853,79,8,20,2,3,46,16,19,3,2,35,2,19,5,0,29,1,19,4,1,55,14,19,4,1,17,5,19,5,0
64460928,90,11,20,3,2,89,9,20,3,2,30,13,20,5,0,78,16,19,4,1,18,15,19,3,0,70,6,20,5,0
64407923,9,9,20,5,0,64,24,20,3,2,1,15,20,4,1,59,2,19,5,0,28,3,20,4,1,77,24,19,4,1
64693192,87,24,19,4,1,70,6,19,5,0,22,3,19,4,1,89,9,19,3,1,75,22,18,4,1,30,13,18,4,0
64692633,34,23,20,4,1,43,5,20,4,1,72,11,20,4,1,27,9,19,4,0,72,11,20,5,0,26,9,19,3,2
64692322,46,16,19,5,0,90,11,20,4,1,11,18,20,3,2,34,23,20,4,1,28,3,20,4,1,90,11,20,4,1
64692101,72,11,20,3,2,42,24,20,3,2,30,13,19,4,0,28,3,19,4,1,75,22,19,2,1,67,14,19,4,1
64691965,32,5,19,5,0,11,16,18,4,0,33,1,19,4,0,11,18,19,5,0,90,11,20,5,0,63,15,19,3,2
64691814,19,6,20,4,1,72,11,20,4,1,90,11,20,4,1,21,9,19,5,0,56,20,19,5,0,1,15,19,5,0
64346662,26,9,20,3,2,65,16,19,5,0,89,9,19,4,1,29,1,20,4,1,25,11,20,4,1,35,2,19,5,0
64666050,18,15,19,4,1,20,4,19,5,0,90,11,19,4,1,32,5,20,4,1,87,24,19,4,1,33,1,20,5,0
64665300,28,3,20,3,2,65,16,19,4,1,58,10,20,4,1,77,24,20,5,0,26,9,19,5,0,80,19,20,4,0
64664703,3,19,20,3,2,18,15,20,3,2,64,24,20,3,2,78,16,20,3,2,50,21,19,4,1,9,9,20,5,0
64662929,89,9,18,3,2,85,13,18,5,0,65,16,19,4,1,58,10,18,5,0,14,21,19,4,1,20,4,18,3,0
64590966,21,9,20,4,1,35,2,20,5,0,75,22,20,4,1,25,11,19,4,1,37,15,20,5,0,20,4,19,5,0
64590440,76,3,20,3,2,24,21,20,4,1,65,16,20,3,2,85,13,19,5,0,9,10,20,3,1,90,11,19,4,1
64590273,31,7,20,4,1,50,21,20,3,0,78,16,20,3,2,11,16,19,5,0,9,9,20,4,1,59,2,20,5,0
64589931,68,1,17,3,0,1,18,18,4,1,31,7,18,3,1,80,19,18,4,1,74,3,17,3,0,21,9,18,4,0
64589350,1,18,20,3,2,25,11,20,3,2,65,16,20,5,0,11,18,20,5,0,74,3,20,5,0,17,5,19,3,2
64676281,89,9,20,4,1,36,5,20,3,2,11,18,20,4,1,70,6,20,4,1,23,18,20,4,1,44,25,20,4,1
64675284,56,20,19,3,2,47,4,19,4,1,83,6,19,4,1,70,6,19,5,0,42,24,18,4,1,50,21,18,5,0
64660208,49,19,20,5,0,52,24,19,5,0,55,14,19,5,0,87,24,20,3,2,31,7,19,3,2,20,4,19,4,1
64659280,79,8,20,4,1,67,14,20,4,1,28,13,19,2,1,78,16,20,3,2,54,8,19,4,1,53,14,20,5,0
64658349,59,2,20,5,0,63,15,19,3,2,25,11,19,4,1,66,24,20,5,0,56,20,20,4,1,28,3,20,4,1
64657646,31,7,20,3,2,90,11,20,3,2,81,9,19,5,0,42,24,19,5,0,76,3,18,5,0,26,9,20,4,0
64644715,6,7,20,4,1,72,11,20,4,1,76,3,20,4,0,89,9,20,3,2,67,14,20,4,1,46,16,20,3,2
64644241,7,1,20,5,0,34,23,20,3,2,86,1,20,5,0,48,3,19,4,1,45,4,19,4,1,9,10,19,3,2
64643244,19,24,20,4,1,89,9,19,3,2,33,1,19,5,0,7,1,19,4,1,49,19,20,4,1,90,11,20,5,0
64663169,89,9,19,4,1,64,24,20,4,1,53,14,19,3,1,77,24,20,4,1,86,1,18,5,0,76,3,18,5,0
64661746,67,14,19,4,1,74,3,19,4,0,72,11,20,2,3,90,11,18,5,0,86,1,19,5,0,67,14,19,4,1
64661290,6,8,20,3,2,65,16,20,4,1,90,11,20,2,3,76,3,20,4,0,8,22,20,3,2,58,10,20,4,1
64660576,28,3,20,4,1,1,16,20,4,1,4,3,20,5,0,65,16,20,4,1,72,11,20,3,2,49,19,20,5,0
64659230,84,18,20,3,2,80,19,19,4,1,42,24,20,3,2,77,24,19,4,1,68,1,19,5,0,31,7,19,3,2
64658712,32,5,19,3,2,28,3,19,4,1,30,13,18,5,0,58,10,19,4,1,67,14,18,5,0,59,2,19,5,0
64588032,11,18,20,4,1,31,7,19,2,3,27,2,19,4,0,67,14,20,4,1,20,4,20,5,0,90,11,20,5,0
64587208,39,18,20,3,2,90,11,19,5,0,27,9,20,3,2,16,9,19,4,0,22,3,19,4,0,43,5,16,4,0
64667882,42,24,20,3,2,1,18,20,4,1,33,1,19,5,0,65,16,20,4,1,23,18,20,5,0,2,9,20,4,1
64666317,15,5,19,3,2,90,11,19,4,1,9,9,18,5,0,74,3,18,4,0,14,21,18,4,0,62,11,18,4,0
64402465,46,16,20,4,0,50,21,19,4,0,82,21,20,4,1,81,9,19,3,2,33,1,19,5,0,4,3,20,4,1
64401926,77,24,20,4,1,33,1,19,5,0,58,10,20,3,2,82,21,20,4,0,9,10,20,3,2,18,15,20,3,2
64401261,90,11,20,3,2,31,7,20,4,1,50,21,19,4,1,90,11,18,4,0,72,11,20,5,0,23,18,20,5,0
64400697,81,9,18,2,2,27,9,18,3,1,29,1,18,4,1,90,11,19,3,2,24,21,18,5,0,30,13,18,4,0
64399748,53,14,19,3,1,10,20,20,4,1,70,6,20,5,0,18,15,20,4,1,82,21,19,4,1,33,1,20,4,1
64399332,18,15,20,4,1,80,19,20,3,2,4,13,19,4,1,39,21,20,5,0,60,6,20,5,0,1,15,20,4,1
64623833,78,16,20,5,0,33,1,20,3,2,88,3,19,5,0,78,16,20,5,0,84,18,20,5,0,15,5,20,3,1
64633107,11,16,19,2,2,17,5,20,3,2,14,21,19,4,1,33,1,19,5,0,12,7,20,3,2,52,24,20,4,1
64632450,31,7,20,5,0,21,9,20,3,2,18,15,20,3,2,46,16,20,5,0,90,11,20,4,1,39,18,20,3,2
64631746,31,7,19,3,2,79,8,19,3,2,27,16,18,3,1,65,16,17,3,0,33,1,17,3,0,1,18,18,2,0
64630508,1,15,19,5,0,3,21,19,4,1,75,22,20,4,1,27,9,20,4,0,22,3,20,5,0,24,3,20,2,3
64629050,27,2,20,4,0,4,13,20,4,1,1,18,20,1,4,26,9,20,4,1,1,15,20,4,1,56,20,20,4,0
64627654,75,22,20,2,3,4,13,20,3,2,85,13,20,4,1,28,3,19,4,1,19,24,20,4,1,33,1,19,4,1
64625426,53,14,18,4,1,58,10,19,3,2,40,6,19,4,1,70,6,19,4,1,11,16,19,5,0,33,1,19,2,3
64624465,29,1,20,4,1,21,9,20,2,3,76,3,20,5,0,61,5,20,5,0,35,2,20,4,1,89,9,20,3,2
64622727,56,20,19,4,1,42,24,19,4,1,4,13,19,4,1,9,10,19,3,2,27,16,19,4,0,26,9,20,4,1
64629501,90,11,19,4,0,18,15,19,5,0,82,21,19,3,1,6,8,18,4,1,47,4,18,5,0,35,1,18,5,0
64624805,76,3,20,3,2,89,9,20,3,2,1,15,20,2,3,39,21,19,4,0,19,6,20,4,1,65,16,20,5,0
64586559,90,11,20,4,1,76,3,20,4,1,88,3,20,4,1,67,14,20,5,0,90,11,20,4,1,79,8,20,4,1
64573535,61,5,20,3,2,73,24,20,5,0,1,16,20,2,3,10,1,20,4,1,39,18,20,2,3,42,24,20,4,1
64557724,90,11,20,4,1,88,3,20,4,1,29,1,20,4,1,74,3,19,4,0,17,5,19,3,1,90,11,20,5,0
64479249,78,16,19,5,0,15,6,19,5,0,47,4,19,3,2,39,18,19,4,1,76,3,18,4,0,89,9,19,4,0
64456077,35,2,18,5,0,17,5,19,4,1,46,16,19,5,0,78,16,18,4,0,46,16,19,4,1,90,11,19,4,1
64447329,90,11,18,3,0,1,16,19,4,1,3,21,19,4,1,44,25,19,4,1,69,9,18,2,0,39,18,19,4,1
64446238,1,15,20,3,2,44,25,19,5,0,28,3,20,3,2,67,14,20,4,1,49,19,20,4,1,90,11,20,3,2
64609706,6,8,20,4,1,19,6,20,4,1,64,24,20,5,0,37,15,20,3,2,30,13,20,4,1,77,24,20,4,1
64608370,42,24,20,4,1,22,3,20,3,2,78,16,20,4,1,65,16,20,5,0,75,22,20,2,3,86,1,20,5,0
64607441,9,10,19,4,1,56,20,18,2,0,59,2,19,5,0,27,2,19,4,0,49,19,19,5,0,31,7,19,3,2
64606780,35,2,19,3,2,2,11,19,4,1,81,9,19,4,1,71,14,19,5,0,78,16,19,4,1,89,9,19,5,0
64605290,90,11,20,5,0,22,3,20,4,1,64,24,20,4,1,86,1,20,4,1,1,14,20,3,2,43,5,20,4,1
64604637,70,6,19,4,0,1,18,19,4,1,14,21,19,5,0,74,3,19,5,0,85,13,19,3,1,72,11,20,4,1
64603635,19,6,19,5,0,18,15,19,5,0,37,15,20,4,1,39,18,19,4,1,1,18,19,4,1,59,2,19,4,1
64602469,33,1,19,5,0,6,8,19,4,1,64,24,19,4,1,90,11,20,5,0,22,3,20,5,0,89,9,20,5,0
64600548,55,14,18,5,0,81,9,19,4,1,7,1,20,3,2,90,11,19,4,1,28,3,20,5,0,18,15,20,5,0
64554814,64,24,20,5,0,75,22,20,3,2,30,13,20,5,0,28,3,19,4,1,82,21,19,3,2,29,1,19,4,1
64554210,78,16,19,3,2,1,14,19,2,3,77,24,19,4,1,90,11,20,5,0,43,5,19,5,0,76,3,19,4,1
64553320,81,9,20,3,2,71,14,20,5,0,70,6,20,5,0,64,24,20,5,0,81,9,19,4,0,10,1,20,4,1
64552082,26,9,17,4,1,71,14,18,3,2,6,8,19,3,2,4,3,18,2,1,63,15,17,4,1,90,11,18,5,0
64550909,70,6,20,3,2,24,3,19,4,1,17,5,20,5,0,89,9,19,5,0,9,9,20,4,1,88,3,19,5,0
64550227,76,3,19,4,1,75,22,19,3,2,47,4,19,5,0,60,6,18,5,0,90,11,19,4,1,74,3,18,5,0
64549064,89,9,19,5,0,42,24,20,3,2,47,4,20,5,0,60,6,19,4,1,36,5,20,4,1,82,21,19,3,1
64547935,28,3,20,5,0,90,11,19,5,0,45,4,19,5,0,76,3,19,4,0,16,9,19,4,1,89,9,19,4,1
64513118,4,13,19,4,1,78,16,19,3,2,11,16,19,5,0,72,11,20,5,0,46,16,19,4,1,53,14,19,5,0
64511362,22,3,19,3,1,36,5,20,5,0,39,18,20,4,1,53,14,19,5,0,25,11,20,3,2,43,5,20,4,1
64635652,17,5,20,5,0,53,13,19,5,0,72,11,20,4,1,70,6,20,3,2,7,2,19,5,0,58,10,20,3,2
64633662,58,10,19,4,1,53,13,18,5,0,72,11,19,3,2,64,24,20,5,0,88,3,19,5,0,8,22,19,3,2
64631727,34,23,20,4,1,74,3,20,4,1,78,16,19,3,2,70,6,20,3,2,89,9,19,4,1,29,2,19,5,0
64598068,17,5,20,3,2,71,14,20,4,1,22,3,20,3,2,58,10,20,5,0,33,1,19,5,0,6,8,19,4,1
64597346,17,5,20,3,2,72,11,20,3,2,20,4,20,4,1,58,10,20,3,2,30,13,20,5,0,40,6,20,3,2
64596636,76,3,20,5,0,90,11,20,3,2,2,10,20,3,2,46,16,19,4,0,33,1,20,4,0,21,9,20,5,0
64595954,31,7,20,4,1,1,15,19,4,0,30,13,19,3,0,33,1,20,5,0,71,14,20,5,0,89,9,20,1,4
64542173,46,16,20,4,1,54,8,20,3,2,86,1,20,4,1,77,24,20,4,1,63,15,20,5,0,39,18,20,5,0
64541354,42,24,19,4,1,67,14,20,3,2,86,1,19,4,1,58,10,20,4,1,18,15,19,3,2,28,3,19,5,0
64477848,85,13,20,5,0,15,5,20,4,1,21,9,20,3,2,47,4,20,5,0,27,16,20,4,0,84,18,20,4,1
64697410,63,15,20,3,2,53,13,20,5,0,49,19,19,3,2,12,7,20,5,0,67,14,19,3,1,74,3,20,4,1
64689926,70,6,18,3,0,67,14,18,4,0,89,9,18,5,0,82,21,18,4,0,72,11,18,3,1,49,19,18,4,0
64689656,72,11,19,4,1,64,24,19,4,1,11,16,18,4,0,90,11,18,4,0,68,1,18,4,0,63,15,18,3,0
64689154,72,11,20,2,3,64,24,20,4,1,90,11,20,4,1,74,3,20,3,2,49,19,19,5,0,89,9,20,5,0
64688622,72,11,19,2,3,64,24,19,4,1,12,7,19,5,0,10,1,18,4,1,71,14,18,5,0,89,9,18,3,1
64688147,64,24,19,5,0,74,3,18,5,0,7,1,19,4,1,33,1,18,2,1,1,18,18,4,1,80,19,19,4,0
64675365,86,1,17,5,0,90,11,17,5,0,71,14,17,4,0,65,16,15,1,1,19,24,15,1,0,15,5,15,1,0
64674021,12,7,20,1,4,74,3,20,4,1,2,10,20,3,2,31,7,20,4,1,71,14,20,5,0,64,24,20,5,0
64682765,74,3,19,5,0,85,13,19,3,1,87,24,20,4,1,33,1,19,5,0,82,21,19,5,0,53,14,19,4,1
64678568,76,3,20,3,2,49,19,19,4,1,78,16,20,4,1,63,15,19,4,1,35,1,19,5,0,42,24,20,4,1
64633620,18,15,19,4,1,75,22,19,3,2,76,3,19,5,0,72,11,20,5,0,57,23,20,5,0,85,13,20,2,3
64631655,31,7,20,5,0,65,16,19,4,1,53,13,19,4,1,18,15,20,5,0,16,9,20,4,1,11,16,19,4,1
64629423,36,5,20,3,2,26,9,20,4,1,31,7,20,4,1,18,15,20,4,1,90,11,20,4,1,76,3,19,4,0
64588554,53,14,19,4,1,11,16,19,4,1,77,24,20,5,0,27,9,19,2,2,35,1,20,5,0,23,15,19,3,2
64587779,65,16,19,5,0,34,23,20,4,1,71,14,20,4,1,37,15,20,4,1,68,1,19,4,1,90,11,19,5,0
64587035,31,7,19,2,3,68,1,19,5,0,24,21,20,2,3,72,11,20,3,2,40,6,20,3,2,76,3,18,3,0
64677225,4,13,20,5,0,14,21,19,4,1,90,11,20,3,2,49,19,19,5,0,78,16,20,4,1,17,5,19,4,0
64675280,49,19,20,4,1,23,18,20,5,0,43,5,20,4,1,47,4,19,4,1,39,18,20,4,1,67,14,19,5,0
64673466,89,9,19,5,0,17,5,19,3,2,71,14,20,5,0,82,21,19,4,0,22,3,19,5,0,16,9,20,3,2
64672021,71,14,20,4,1,78,16,20,4,1,74,3,20,4,1,68,1,20,5,0,31,7,20,4,1,29,1,20,5,0
64670562,61,5,20,4,1,70,6,20,4,1,65,16,20,5,0,7,1,20,5,0,59,2,20,5,0,90,11,19,4,1
64669895,6,8,20,3,2,4,13,19,5,0,48,3,19,3,2,11,16,20,4,1,2,11,20,5,0,67,14,20,4,1
64668415,32,5,19,3,0,5,5,20,3,0,20,4,19,2,1,21,9,20,3,2,87,24,20,4,1,68,1,19,4,1
64667498,11,18,19,5,0,64,24,19,5,0,4,13,18,4,1,79,8,19,4,0,60,6,18,5,0,78,16,18,4,0
64666040,66,24,20,4,1,24,21,20,4,1,30,13,20,4,1,33,1,20,5,0,48,3,20,5,0,39,18,20,3,2
64624260,83,6,20,4,1,2,9,19,4,1,72,11,20,3,2,49,19,20,4,1,64,24,20,4,1,90,11,20,4,1
64586785,74,3,20,3,2,90,11,19,2,3,30,13,20,4,1,43,5,20,4,0,89,9,20,3,0,60,6,20,4,0
64586152,90,11,20,4,1,13,19,20,4,1,18,15,20,3,2,11,16,20,5,0,58,10,20,4,1,88,3,19,5,0
64584996,38,9,19,4,1,56,20,19,3,2,67,14,19,3,2,52,24,19,3,1,33,1,19,3,0,67,14,19,3,1
64458730,56,20,19,4,1,74,3,18,5,0,16,9,19,3,2,27,9,19,4,0,48,3,19,4,1,25,11,19,5,0
64457693,17,5,18,3,2,11,16,18,4,1,18,15,18,4,1,10,20,18,4,1,90,11,17,5,0,67,14,17,4,0
64456787,21,9,20,4,1,20,4,18,2,1,77,24,20,3,2,70,6,20,3,0,77,24,19,4,0,23,18,20,4,0
64454883,76,3,20,5,0,90,11,20,2,3,6,8,20,3,2,11,16,20,4,1,77,24,20,3,2,55,14,20,4,1
64454067,22,3,18,5,0,11,16,19,5,0,72,11,19,5,0,70,6,20,2,3,74,3,19,4,1,42,24,19,4,1
64453056,74,3,19,4,1,26,9,20,4,1,18,15,20,3,2,53,13,20,4,1,89,9,20,2,3,65,16,20,5,0
64694154,49,19,19,4,1,87,24,18,3,2,76,3,19,2,1,72,11,19,4,1,61,5,19,3,1,10,1,18,4,0
64693819,72,11,20,2,3,55,14,19,5,0,1,15,20,5,0,27,16,19,5,0,56,20,20,3,2,81,9,20,4,1
64679266,24,3,20,4,1,33,1,19,5,0,28,13,19,3,2,65,16,20,5,0,71,14,19,5,0,51,22,20,5,0
64669275,64,24,20,4,1,33,1,19,4,1,41,24,19,4,1,75,22,20,3,2,33,1,20,4,1,86,1,20,3,2
64668219,83,6,17,4,0,33,1,18,4,1,86,1,19,4,1,7,1,17,4,0,84,18,18,4,1,24,3,19,5,0
64660229,83,6,19,5,0,14,21,19,3,2,86,1,19,5,0,33,1,19,3,2,49,19,20,4,1,31,7,19,4,1
64600196,8,22,19,3,1,50,21,18,5,0,67,14,19,4,1,89,9,18,2,1,11,16,17,4,0,59,2,17,3,2
64595255,77,24,19,2,2,47,4,19,5,0,16,9,19,4,1,11,16,18,5,0,2,9,18,4,1,10,1,19,4,0
64594966,83,6,19,5,0,78,16,18,4,1,74,3,19,4,1,11,18,19,5,0,28,3,18,4,0,89,9,19,4,1
64688339,44,25,20,4,1,22,3,20,4,1,9,10,19,3,2,25,11,20,5,0,50,21,19,3,1,12,7,19,4,1
64687301,2,10,19,4,1,1,18,19,3,2,34,23,19,4,1,25,11,19,4,1,28,3,20,5,0,50,21,18,2,0
64686660,57,23,20,3,2,71,14,19,4,1,15,5,19,4,1,4,13,18,5,0,7,1,19,4,1,81,9,19,4,1
64671730,70,6,20,4,1,17,5,20,4,1,65,16,20,5,0,90,11,20,5,0,56,20,19,4,0,11,18,20,4,1
64670504,19,24,20,4,1,84,18,19,4,1,18,15,20,4,1,48,3,18,4,1,90,11,19,3,1,11,16,17,4,0
64659369,77,24,20,4,1,61,5,19,3,2,59,2,20,4,1,70,6,18,3,2,65,16,19,5,0,46,16,19,4,1
64646156,61,5,17,3,1,89,9,18,4,1,11,18,17,3,2,4,3,18,5,0,59,2,18,5,0,60,6,17,2,1
64697612,9,9,20,3,2,70,6,20,4,1,71,14,20,5,0,55,14,19,1,1,90,11,20,4,1,24,3,19,5,0
64696844,2,9,19,4,1,75,22,20,5,0,76,3,19,3,1,47,4,19,3,2,1,15,20,4,1,66,24,20,5,0
64696266,72,11,19,4,1,50,21,19,5,0,47,4,20,4,1,31,7,20,3,2,87,24,20,4,1,20,4,20,5,0
64695787,31,7,20,4,1,9,10,20,4,1,83,6,20,5,0,27,16,20,4,1,18,15,20,4,1,75,22,19,3,2
64695496,74,3,20,5,0,27,2,20,4,0,31,7,20,4,1,23,18,20,3,2,70,6,20,3,2,65,16,20,3,2
64695335,77,24,20,5,0,31,7,20,3,2,11,16,20,5,0,4,13,19,5,0,61,5,20,5,0,1,15,20,4,1
64693691,32,5,20,3,2,80,19,20,4,1,4,13,20,4,1,33,1,19,5,0,62,11,20,3,2,48,3,20,5,0
64693317,11,16,19,5,0,40,6,20,3,2,25,11,20,3,2,31,7,19,5,0,49,19,20,5,0,76,3,19,3,1
64693202,6,8,20,4,1,81,9,20,4,1,68,1,20,5,0,59,2,20,4,1,76,3,19,4,1,6,8,20,3,2
64681558,26,9,20,3,2,72,11,20,4,1,53,14,19,5,0,81,9,20,3,1,90,11,20,5,0,46,16,19,5,0
64678578,29,1,20,5,0,25,11,20,3,2,39,21,20,5,0,90,11,20,4,1,29,1,20,4,0,86,1,20,4,1
64677197,65,16,19,4,1,74,3,19,5,0,21,9,20,3,2,45,4,19,3,2,11,18,19,4,1,58,10,19,4,1
64675192,75,22,19,3,2,74,3,19,5,0,78,16,19,5,0,67,14,19,2,2,12,7,19,5,0,29,1,18,4,0
64672102,31,7,20,3,2,14,21,19,3,2,29,1,20,5,0,64,24,20,5,0,49,19,19,5,0,75,22,20,4,1
64670173,60,6,20,5,0,66,24,20,5,0,6,8,20,4,1,90,11,19,4,0,72,11,20,4,0,76,3,19,4,0
64656023,12,7,20,4,1,67,14,19,5,0,4,3,20,4,1,89,9,20,4,1,82,21,20,4,1,80,19,20,4,1
64655490,72,11,20,4,1,53,14,19,5,0,48,3,20,4,1,35,2,19,4,1,3,19,20,4,1,30,13,20,5,0
64678268,29,1,20,4,1,39,21,20,4,1,66,24,20,4,1,56,20,20,4,1,17,5,19,3,2,82,21,19,3,1
64676673,2,11,19,3,2,63,15,20,4,1,70,6,19,3,2,18,15,20,3,2,1,15,20,5,0,71,14,20,5,0
64675358,67,14,20,2,3,44,25,20,4,0,90,11,20,4,1,13,15,20,5,0,26,9,20,4,0,67,14,20,4,1
64673462,13,15,20,5,0,32,5,19,3,2,74,3,20,4,1,38,9,20,2,3,42,24,20,3,2,88,3,19,5,0
64672771,81,9,20,3,2,10,20,20,4,1,78,16,20,3,2,63,15,20,4,1,65,16,20,5,0,77,24,20,4,0
64671493,13,15,19,5,0,2,11,20,4,1,31,7,20,4,1,64,24,20,4,1,89,9,20,4,1,61,5,20,5,0
64670464,9,9,19,5,0,87,24,19,5,0,19,24,20,4,1,2,11,20,4,1,18,15,19,4,1,22,3,20,4,1
64567692,58,10,20,3,2,55,14,20,5,0,31,7,20,3,2,29,1,20,4,1,86,1,20,3,2,42,24,20,5,0
64565581,72,11,20,2,3,33,1,20,5,0,86,1,19,4,1,29,1,19,4,0,71,14,19,4,1,17,5,19,4,0
64693805,50,21,19,5,0,25,11,19,4,1,58,10,20,5,0,34,23,19,3,1,14,21,19,4,1,11,18,19,4,1
64693496,82,21,20,3,2,72,11,20,4,1,29,1,19,4,1,17,5,20,3,2,76,3,19,4,1,1,15,19,4,1
64693384,78,16,19,5,0,42,24,19,5,0,43,5,20,5,0,72,11,19,4,1,65,16,20,4,1,89,9,19,4,1
64693146,90,11,20,3,2,79,8,20,3,2,50,21,19,3,2,81,9,19,3,2,11,16,20,5,0,33,1,19,5,0
64692982,67,14,20,3,2,59,2,20,5,0,8,22,20,3,2,70,6,19,4,1,82,21,19,4,1,42,24,19,4,1
64692804,90,11,20,4,1,21,9,20,3,2,4,13,19,2,3,36,5,19,5,0,6,8,19,3,1,55,14,19,4,0
64692683,48,3,19,5,0,39,18,20,2,3,69,9,19,3,1,53,14,20,4,1,81,9,20,3,2,1,15,20,4,1
64692531,82,21,19,3,1,16,9,19,5,0,58,10,18,2,2,43,5,18,4,1,1,15,19,4,1,3,21,19,5,0
64692312,76,3,20,5,0,75,22,20,4,1,25,11,20,4,1,1,14,20,4,1,23,18,20,4,1,67,14,20,5,0
64692095,14,21,20,5,0,56,20,20,5,0,76,3,20,5,0,83,6,19,4,1,75,22,20,4,1,90,11,20,5,0
64685418,2,10,20,4,1,67,14,20,4,1,68,1,19,5,0,59,2,20,2,2,77,24,20,4,1,88,3,19,4,0
64684483,70,6,20,3,2,37,15,20,3,2,33,1,20,5,0,29,1,20,4,1,76,3,20,4,1,72,11,20,4,1
64683398,30,13,19,5,0,78,16,20,3,2,81,9,20,3,2,74,3,18,3,0,63,15,19,4,1,81,9,19,4,1
64681320,63,15,20,5,0,65,16,20,4,1,25,11,20,3,2,84,18,20,4,1,83,6,20,4,1,78,16,20,3,2
64679262,4,13,20,4,0,37,15,20,5,0,56,20,20,4,1,74,3,20,5,0,89,9,20,4,1,82,21,20,5,0
64638626,11,18,20,5,0,84,18,19,4,1,81,9,20,3,2,11,16,19,5,0,43,5,20,4,1,55,14,20,5,0
64637709,5,5,19,3,2,6,8,19,4,0,81,9,19,3,2,65,16,19,3,1,25,11,19,5,0,82,21,20,5,0
64637019,33,1,20,4,0,43,5,19,4,1,77,24,19,4,1,22,3,19,3,2,1,15,19,3,2,86,1,20,4,1
64677486,51,22,19,4,1,32,5,19,4,1,53,14,19,4,0,54,8,19,4,1,47,4,19,4,1,74,3,19,5,0
64675793,25,11,19,4,1,30,13,20,4,1,32,5,20,3,2,46,16,20,5,0,74,3,20,5,0,32,5,20,4,1
64674133,13,15,19,4,1,90,11,19,4,1,60,6,19,4,1,72,11,19,3,2,33,1,19,5,0,1,15,19,4,1
64672161,7,1,19,5,0,90,11,19,3,2,34,23,19,3,2,10,1,20,4,0,72,11,18,4,0,50,21,19,2,0
64670546,67,14,19,4,1,90,11,19,3,2,60,6,18,3,2,11,18,19,5,0,21,9,19,3,1,23,18,20,5,0
64567422,90,11,20,4,1,32,5,20,4,1,88,3,19,5,0,24,3,20,3,1,30,13,20,2,0,31,7,20,4,0
64565309,30,13,19,4,0,90,11,20,3,2,34,23,20,2,3,58,10,20,4,1,29,1,20,4,1,14,21,20,4,1
64563187,39,21,20,3,2,90,11,19,3,2,34,23,20,3,2,89,9,20,3,2,37,15,20,3,2,71,14,19,5,0
64505216,33,1,18,4,1,90,11,19,3,2,34,23,20,3,2,52,24,17,4,0,90,11,20,5,0,32,5,20,4,0
64671264,72,11,20,2,2,20,4,19,3,1,46,16,20,4,1,33,1,19,5,0,9,10,19,5,0,81,9,19,4,1
64669362,72,11,20,4,1,20,4,20,4,1,46,16,20,3,2,77,24,20,4,1,81,9,20,4,1,22,3,20,4,1
64667734,55,14,20,4,1,29,1,20,3,2,6,8,20,3,2,72,11,20,5,0,20,4,20,4,1,58,10,20,4,1
64663826,70,6,18,4,1,90,11,18,4,1,20,4,17,3,1,71,14,18,3,0,78,16,18,4,0,16,9,17,5,0
64663554,74,3,20,4,1,25,11,20,3,2,80,19,20,3,2,11,18,20,5,0,39,18,19,4,1,44,25,20,4,1
64567080,35,2,20,5,0,26,9,20,5,0,9,9,20,3,1,11,16,20,3,2,89,9,20,3,2,16,9,20,3,2
64564963,53,14,19,5,0,58,10,20,3,2,72,11,20,4,1,90,11,19,4,0,53,14,20,2,1,87,24,17,3,1
64563017,62,11,20,3,2,1,15,20,4,1,78,16,20,5,0,90,11,20,4,1,30,13,20,5,0,66,24,19,5,0
64553622,20,4,19,5,0,84,18,19,4,1,25,11,19,4,1,78,16,20,5,0,1,14,20,4,1,42,24,20,5,0
64627810,53,14,20,5,0,77,24,20,4,1,22,3,20,4,1,33,1,20,4,1,37,15,20,4,1,15,5,20,3,2
64626662,23,15,19,4,1,75,22,19,4,1,88,3,19,5,0,90,11,19,3,2,23,15,20,4,1,4,13,19,4,1
64622739,81,9,20,4,1,55,14,20,4,1,4,13,19,4,0,90,11,20,4,1,1,15,20,4,1,55,14,19,3,0
64621487,55,14,19,5,0,31,7,19,3,2,89,9,19,4,1,10,20,19,5,0,1,18,19,4,1,50,21,19,4,0
64620011,58,10,20,4,1,68,1,19,4,1,21,9,20,3,2,39,18,20,3,2,86,1,19,4,1,42,24,20,4,1
64618980,39,18,19,4,1,90,11,19,3,2,33,1,20,5,0,89,9,20,3,2,18,15,19,5,0,81,9,20,3,1
64617603,12,7,20,3,2,60,6,20,4,1,46,16,20,3,2,11,16,20,5,0,7,2,20,3,2,53,13,19,5,0
64616423,65,16,20,4,1,55,14,20,4,1,17,5,20,4,1,12,7,20,3,2,77,24,20,5,0,65,16,20,5,0
64611606,7,1,19,5,0,87,24,19,5,0,46,16,20,4,1,78,16,20,5,0,85,13,19,4,1,42,24,19,4,1
64626173,31,7,20,4,1,25,11,20,3,2,20,4,19,3,1,72,11,20,4,1,30,13,20,5,0,1,16,20,5,0
64624183,72,11,19,4,1,88,3,18,3,2,90,11,19,4,1,33,1,18,3,0,22,3,19,4,0,2,11,19,2,1
64622621,11,18,20,4,1,42,24,20,3,2,59,2,20,5,0,24,3,19,3,2,4,3,20,5,0,46,16,20,5,0
64621238,78,16,19,4,1,19,24,19,4,1,39,18,19,4,1,33,1,18,2,1,22,3,19,4,0,2,11,18,2,2
64619788,78,16,18,4,1,26,9,18,4,1,46,16,19,5,0,33,1,17,3,2,22,3,18,4,0,2,11,19,5,0
64259059,33,1,17,3,0,22,3,18,4,1,2,11,18,3,1,19,24,17,4,0,87,24,16,2,0,64,24,18,2,2
64258202,67,14,20,4,1,21,9,19,5,0,55,14,20,4,1,2,11,18,5,0,28,13,18,4,0,88,3,18,3,0
64257538,74,3,20,4,1,88,3,19,4,1,58,10,20,4,1,59,2,19,3,2,47,4,20,4,1,82,21,19,4,1
64256292,86,1,19,4,1,80,19,19,3,2,52,24,20,5,0,26,9,18,4,1,40,6,19,5,0,81,9,19,3,2
64639701,49,19,20,3,2,1,15,20,4,1,90,11,20,3,2,17,5,20,5,0,90,11,20,4,1,85,13,20,3,2
64638289,7,1,20,5,0,35,1,20,4,1,63,15,20,5,0,27,9,20,4,0,1,15,20,3,1,77,24,20,3,2
64636839,52,24,20,3,2,81,9,19,3,1,26,9,19,4,1,82,21,19,3,1,73,24,19,1,0,38,9,20,4,1
64636116,86,1,20,5,0,29,1,20,5,0,89,9,20,3,2,27,9,20,4,0,83,6,20,3,2,38,9,20,3,2
64635161,76,3,20,3,0,46,16,20,5,0,36,5,20,4,1,44,25,20,4,1,55,14,20,3,2,90,11,20,3,2
64588745,47,4,20,4,1,89,9,20,4,1,90,11,20,4,1,23,18,20,5,0,1,18,20,5,0,9,10,20,4,1
64588325,2,10,20,3,2,89,9,20,5,0,33,1,19,4,1,33,1,20,4,1,74,3,19,4,1,9,10,19,3,2
64676497,49,19,20,4,1,42,24,20,3,2,82,21,20,4,1,38,9,20,4,1,33,1,20,5,0,76,3,19,5,0
64675425,81,9,19,4,1,75,22,20,3,2,13,15,19,4,0,11,18,19,5,0,90,11,20,3,2,4,3,20,4,1
64674263,33,1,20,5,0,70,6,20,3,2,1,15,19,4,1,35,2,20,4,1,6,8,19,4,0,85,13,20,5,0
64621694,74,3,20,4,1,49,19,19,3,2,4,13,20,4,1,28,3,19,4,1,11,16,19,5,0,84,18,20,4,1
64620770,72,11,20,4,1,35,2,20,4,1,24,3,20,4,1,90,11,20,4,1,18,15,20,3,2,67,14,19,4,1
64618827,81,9,19,5,0,71,14,19,5,0,89,9,19,4,0,28,3,19,4,1,14,21,20,3,2,40,6,20,3,2
64573126,49,19,20,5,0,55,14,19,4,1,90,11,19,2,3,47,4,18,4,0,70,6,19,4,0,28,3,20,4,1
64570634,82,21,20,5,0,49,19,20,4,1,17,5,20,5,0,90,11,20,3,2,70,6,20,4,1,28,3,20,5,0
64568443,77,24,20,4,1,32,5,20,3,2,76,3,19,5,0,4,13,20,5,0,67,14,20,4,1,49,19,20,3,2
64642521,57,23,20,3,2,80,19,19,3,2,39,21,20,4,1,10,1,19,5,0,43,5,20,5,0,28,3,20,5,0
64641440,22,3,20,4,1,84,18,20,3,2,41,24,20,4,1,24,3,20,4,1,89,9,20,4,1,49,19,20,4,1
64640371,78,16,20,4,1,48,3,20,3,2,65,16,20,5,0,30,13,19,3,1,90,11,19,4,1,2,11,20,4,1
64639476,4,13,20,3,1,90,11,19,4,1,28,3,19,3,2,18,15,19,5,0,4,3,18,5,0,72,11,18,3,1
64636773,5,5,18,3,1,89,9,18,4,0,22,3,18,5,0,33,1,18,5,0,11,18,18,4,1,69,9,17,3,1
64635743,43,5,20,2,3,68,1,19,4,1,61,5,20,3,2,75,22,20,3,2,59,2,19,4,1,35,2,19,3,2
64634963,42,24,20,4,0,29,1,20,5,0,80,19,20,3,1,42,24,19,3,2,30,13,20,5,0,48,3,20,3,2
64632998,7,2,20,3,2,89,9,20,3,2,44,25,20,4,1,7,2,19,3,0,64,24,19,4,1,24,3,20,5,0
64632082,87,24,19,4,1,25,11,20,4,1,8,22,20,4,1,72,11,20,4,1,35,2,19,3,2,63,15,19,4,1
64662397,28,3,19,3,2,7,1,20,5,0,49,19,20,3,2,46,16,19,5,0,19,24,20,5,0,2,11,20,4,1
64661454,20,4,19,4,1,75,22,20,3,2,31,7,20,2,3,46,16,20,5,0,33,1,20,5,0,21,9,20,5,0
64661150,79,8,20,3,2,2,10,20,4,1,74,3,19,4,1,8,22,19,5,0,24,21,20,4,1,65,16,20,4,1
64660387,28,3,18,4,1,26,9,19,5,0,54,8,20,3,2,28,3,19,5,0,7,1,19,4,0,38,9,19,3,0
64659326,28,3,20,4,1,21,9,20,3,2,3,21,20,3,2,77,24,20,3,1,76,3,18,2,0,49,19,20,5,0
64658344,74,3,20,5,0,23,18,19,5,0,17,5,20,4,1,82,21,19,3,1,1,18,20,5,0,89,9,19,5,0
64657622,4,13,18,3,0,72,11,19,5,0,90,11,20,4,1,72,11,19,2,1,22,3,18,4,0,4,3,19,3,0
64656837,55,14,20,4,1,30,13,20,4,1,68,1,20,3,2,33,1,20,5,0,90,11,20,3,2,24,21,20,3,2
64418683,54,8,19,4,1,42,24,20,3,2,4,13,19,4,1,78,16,20,4,1,44,25,20,5,0,35,2,19,4,1
64417465,11,16,20,5,0,70,6,20,3,2,77,24,20,3,2,77,24,20,4,1,65,16,20,5,0,62,11,20,4,1
64414434,55,14,20,5,0,85,13,20,3,2,53,14,19,5,0,90,11,20,4,1,50,21,20,3,2,28,3,19,5,0
64268661,40,6,20,4,1,33,1,19,4,1,88,3,20,3,0,76,3,18,5,0,42,24,20,5,0,29,1,19,5,0
64267126,46,16,20,2,3,74,3,20,4,1,89,9,20,4,1,39,21,20,5,0,3,16,20,4,1,33,1,19,4,1
64265070,19,24,20,4,1,74,3,20,4,1,32,5,20,5,0,18,15,20,3,2,67,14,20,3,2,4,13,19,4,1
64263890,7,1,20,4,1,46,16,20,4,1,90,11,20,4,1,58,10,20,3,2,1,15,20,4,1,29,1,20,4,1
64262547,13,15,19,2,1,48,3,20,4,1,9,9,19,4,1,40,6,20,5,0,4,13,19,4,0,90,11,20,3,2
64261475,22,3,20,4,1,18,15,20,4,1,90,11,20,4,1,89,9,20,2,3,28,3,20,4,1,64,24,20,4,1
64689046,74,3,19,5,0,82,21,20,3,2,81,9,19,3,2,49,19,20,5,0,22,3,19,4,1,21,9,20,2,3
64688751,46,16,19,4,1,15,6,20,4,1,53,14,19,5,0,68,1,19,5,0,2,9,20,4,1,70,6,20,3,2
64688181,25,11,20,4,1,55,14,20,5,0,81,9,20,3,2,6,7,20,4,1,7,1,20,2,3,11,18,20,5,0
64687819,82,21,20,4,1,36,5,19,2,3,14,21,20,3,2,69,9,19,2,0,11,18,20,5,0,71,14,20,5,0
64686824,74,3,19,4,1,72,11,18,4,1,19,6,19,4,0,42,24,19,3,2,40,6,20,3,2,67,14,19,4,1
64685971,4,13,19,4,1,82,21,20,4,1,1,15,19,4,1,80,19,19,3,1,17,5,19,4,1,11,18,19,5,0
64685106,71,14,20,4,1,1,14,20,4,1,90,11,20,4,1,33,1,20,5,0,9,9,20,4,1,89,9,20,4,1
64684506,2,11,20,3,2,61,5,19,4,1,44,25,19,5,0,22,3,20,5,0,23,18,20,5,0,26,9,19,3,2
64683425,21,9,20,4,1,3,21,20,4,1,44,25,19,5,0,44,25,20,4,1,78,16,20,4,1,6,8,20,3,2
64620396,30,13,20,5,0,15,6,20,4,1,11,16,20,5,0,81,9,20,2,3,35,1,20,3,2,84,18,18,5,0
64619508,39,21,19,5,0,44,25,20,4,1,15,5,20,5,0,35,2,19,4,1,67,14,19,3,1,31,7,19,3,1
64617646,64,24,20,4,1,53,14,20,5,0,90,11,20,4,1,37,15,19,5,0,39,21,20,3,1,70,6,20,4,1
64616753,6,8,20,3,2,20,4,19,5,0,37,15,20,3,2,11,16,20,5,0,86,1,20,4,1,78,16,20,3,2
64615966,67,14,18,4,0,50,21,18,3,1,63,15,19,5,0,6,8,18,3,2,47,4,18,3,1,1,18,17,4,0
64614960,88,3,19,5,0,67,14,20,4,1,70,6,20,3,2,74,3,20,5,0,31,7,20,5,0,89,9,20,4,1
64614131,36,5,19,4,1,21,9,19,4,1,50,21,19,3,1,68,1,19,3,1,90,11,19,5,0,26,9,19,4,1
64612868,72,11,19,4,1,36,5,18,5,0,55,14,19,5,0,84,18,19,4,1,82,21,19,4,1,90,11,19,4,1
64612173,19,24,20,5,0,33,1,20,4,1,81,9,20,3,1,68,1,19,3,1,90,11,20,3,2,78,16,20,3,2
64676332,78,16,20,3,2,30,13,19,5,0,90,11,19,3,2,88,3,19,4,0,22,3,19,4,1,90,11,18,4,0
64674835,11,18,18,4,1,22,3,18,5,0,70,6,18,4,1,67,14,18,3,0,82,21,18,3,1,2,10,18,4,1
64673585,2,11,19,3,2,13,15,19,4,0,87,24,19,3,2,83,6,19,4,1,59,2,18,5,0,31,7,19,4,0
64672505,87,24,17,3,2,55,14,17,4,1,21,9,18,5,0,72,11,17,5,0,30,13,17,2,1,15,5,18,3,1
64671410,76,3,20,5,0,67,14,20,5,0,2,10,20,4,1,11,18,19,3,2,70,6,20,4,1,80,19,20,5,0
64667812,37,15,20,4,1,78,16,20,2,3,30,13,19,4,1,75,22,20,3,1,82,21,20,4,0,76,3,20,5,0
64667078,14,21,19,4,1,42,24,18,3,1,78,16,19,4,1,72,11,19,4,0,7,1,18,3,0,30,13,18,2,0
64666009,29,1,20,5,0,53,14,19,4,1,31,7,20,3,2,70,6,20,3,2,50,21,20,5,0,40,6,20,4,1
64665174,47,4,19,3,1,69,9,18,4,0,82,21,19,3,1,22,3,19,4,1,11,16,19,5,0,18,15,19,5,0
64670905,23,18,19,5,0,87,24,19,5,0,89,9,20,5,0,33,1,19,5,0,81,9,19,4,1,82,21,19,4,1
64656520,9,9,20,3,2,1,15,20,4,1,10,20,19,4,1,88,3,20,5,0,61,5,19,5,0,75,22,20,5,0
64655846,40,6,20,4,1,78,16,19,5,0,29,1,19,4,1,33,1,20,5,0,16,9,20,5,0,39,18,20,3,2
64655426,84,18,20,5,0,2,11,20,4,1,63,15,20,5,0,70,6,19,3,0,83,6,18,3,0,65,16,19,4,0
64655041,58,10,20,4,1,88,3,20,5,0,9,9,20,5,0,90,11,20,4,1,7,1,20,4,1,82,21,20,5,0
64654712,39,18,20,4,1,86,1,19,4,1,73,24,19,4,0,65,16,19,3,2,76,3,19,3,1,9,10,20,3,2
64616349,9,10,20,4,1,33,1,20,4,1,74,3,19,4,1,84,18,19,5,0,77,24,20,4,1,76,3,19,4,0
64615586,18,15,19,4,1,88,3,18,5,0,65,16,19,4,1,23,15,19,5,0,49,19,19,4,1,19,6,18,4,1
64599101,53,14,20,5,0,75,22,20,4,1,34,23,20,4,1,78,16,20,4,1,26,9,19,3,2,88,3,20,4,1
64598376,65,16,18,5,0,69,9,19,5,0,78,16,19,3,2,13,19,19,3,0,78,16,20,5,0,82,21,19,5,0
64695384,80,19,20,4,1,2,11,20,4,1,22,3,20,4,1,56,20,20,4,1,26,9,20,2,3,14,21,20,4,1
64695027,76,3,20,5,0,49,19,20,4,1,48,3,20,4,1,27,16,20,5,0,32,5,20,2,3,63,15,20,4,1
64615806,78,16,19,4,1,35,2,19,4,1,90,11,19,3,2,72,11,19,3,0,11,18,19,2,0,4,13,20,4,0
64614859,48,3,20,3,1,3,21,20,3,2,90,11,19,4,1,28,3,20,5,0,12,7,20,4,1,59,2,20,4,1
64613576,53,14,20,3,2,67,14,19,3,2,33,1,20,4,1,86,1,20,5,0,56,20,20,5,0,16,9,19,4,1
64485683,74,3,19,4,1,89,9,20,4,1,54,8,19,4,1,22,3,20,4,1,4,13,19,3,2,86,1,20,3,2
64485081,18,15,20,3,2,35,1,20,4,1,66,24,20,4,1,25,11,20,5,0,73,24,18,4,0,10,1,20,4,1
64400159,5,5,20,4,1,79,8,20,4,1,65,16,20,4,1,76,3,20,5,0,60,6,20,5,0,79,8,20,3,2
64692660,79,8,20,4,1,4,13,19,4,1,59,2,20,5,0,53,14,19,2,1,23,18,20,5,0,38,9,20,4,1
64692527,74,3,20,4,1,19,6,19,4,1,73,24,20,3,2,39,18,20,4,1,79,8,20,3,2,85,13,20,3,1
64692331,65,16,19,4,0,89,9,20,5,0,14,21,19,2,3,32,5,20,4,1,4,13,20,3,2,74,3,19,3,2
64692187,12,7,20,4,1,23,18,20,4,1,33,1,20,4,1,1,18,20,4,1,47,4,20,4,1,4,3,20,4,1
64652313,5,6,20,4,1,87,24,20,4,1,53,14,19,5,0,12,7,20,5,0,4,13,20,4,1,90,11,20,4,1
64641963,70,6,20,3,2,16,9,20,4,1,49,19,20,5,0,70,6,20,4,1,3,21,20,4,1,53,14,20,3,2
64640802,9,9,20,3,2,28,3,19,3,2,64,24,20,3,2,90,11,20,4,0,18,15,20,4,1,77,24,20,4,1
64639559,10,20,20,4,1,58,10,19,4,1,4,13,20,5,0,75,22,20,4,1,15,5,20,4,1,20,4,18,4,0
64636716,25,11,20,4,1,59,2,20,4,1,86,1,19,5,0,80,19,20,4,1,58,10,20,5,0,42,24,20,5,0
64635835,72,11,20,4,1,39,18,20,5,0,55,14,19,4,1,21,9,20,4,1,90,11,20,4,1,59,2,20,3,2
64634796,63,15,20,5,0,89,9,20,4,1,47,4,20,4,1,50,21,20,5,0,62,11,20,4,1,63,15,19,4,1
64632838,90,11,19,4,1,66,24,19,4,1,78,16,19,4,1,25,11,20,3,2,67,14,20,5,0,30,13,19,4,0
64630618,84,18,20,4,1,17,5,20,3,2,44,25,20,4,1,90,11,20,3,0,23,18,20,3,1,11,16,20,5,0
64697058,13,19,20,5,0,77,24,19,3,2,86,1,20,5,0,28,3,20,5,0,46,16,19,4,1,58,10,20,4,1
64696792,1,15,19,5,0,2,11,20,5,0,11,18,20,5,0,11,16,20,5,0,33,1,20,5,0,64,24,20,3,2
64696491,78,16,20,4,1,47,4,20,3,2,90,11,20,3,2,78,16,20,4,1,77,24,20,3,2,29,1,20,5,0
64696071,2,9,20,5,0,71,14,20,5,0,77,24,20,4,0,80,19,20,4,1,29,1,19,4,1,84,18,20,3,2
64695379,79,8,20,3,2,9,10,20,5,0,74,3,20,5,0,86,1,19,3,2,89,9,20,3,2,53,14,20,4,1
64695154,22,3,20,4,1,86,1,20,4,1,38,9,20,3,2,33,1,20,5,0,90,11,20,3,2,67,14,20,4,1
64694846,71,14,20,5,0,58,10,20,4,1,80,19,20,4,1,1,14,19,5,0,2,11,20,3,2,74,3,19,5,0
64694531,27,9,19,5,0,2,9,19,2,3,70,6,20,2,3,30,13,19,5,0,57,23,20,4,1,86,1,19,5,0
64694180,43,5,20,2,3,86,1,20,3,2,64,24,20,5,0,11,16,20,5,0,86,1,20,5,0,62,11,20,4,1
64693304,14,21,20,4,1,65,16,19,4,1,90,11,20,5,0,31,7,20,4,1,21,9,20,3,2,11,16,20,5,0
64693098,58,10,19,4,1,70,6,20,4,1,4,13,19,3,2,30,13,19,5,0,84,18,20,5,0,79,8,20,3,2
64693002,27,16,20,4,1,24,3,20,4,1,11,16,20,4,1,18,15,20,3,2,81,9,20,4,1,11,18,20,4,1
64692798,11,18,20,4,1,59,2,19,4,0,15,5,19,4,1,6,8,19,4,1,23,18,19,5,0,71,14,19,5,0
64692689,29,2,20,4,1,11,18,20,4,1,70,6,20,3,2,65,16,20,5,0,90,11,20,5,0,61,5,20,5,0
64692585,87,24,20,4,1,90,11,20,4,1,4,3,20,3,2,44,25,19,3,0,65,16,19,4,1,18,15,19,4,1
64692403,46,16,20,4,1,23,18,20,4,1,5,6,19,3,2,59,2,20,5,0,14,21,20,3,2,58,10,20,5,0
64692166,72,11,20,3,2,50,21,20,5,0,35,2,20,4,1,90,11,20,3,2,31,7,19,4,1,76,3,19,4,0
64691957,5,6,19,3,2,83,6,20,5,0,30,13,19,2,1,88,3,20,5,0,17,5,19,4,1,31,7,20,3,2
64691837,68,1,19,4,1,90,11,20,3,2,31,7,20,4,1,30,13,19,5,0,28,3,20,3,2,17,5,20,5,0
64564771,37,15,19,3,2,43,5,19,2,3,27,16,19,3,1,6,8,20,3,1,65,16,20,5,0,33,1,20,4,0
64563117,64,24,19,4,0,90,11,18,4,1,18,15,19,4,1,53,14,18,4,0,78,16,18,2,0,73,24,17,3,1
64561688,4,13,17,3,0,25,11,18,5,0,24,3,18,3,1,33,1,17,2,1,89,9,18,4,1,87,24,18,3,2
64559465,27,6,20,5,0,3,21,20,5,0,77,24,20,4,1,74,3,20,4,1,47,4,20,5,0,1,15,20,3,2
64558821,74,3,20,4,1,78,16,20,4,1,46,16,20,3,2,84,18,20,5,0,65,16,20,5,0,89,9,20,5,0
64557360,81,9,19,4,1,82,21,20,3,2,11,16,19,5,0,76,3,19,4,0,6,8,19,4,1,58,10,20,3,2
64555533,58,10,20,4,1,44,25,20,5,0,31,7,20,5,0,80,19,20,4,1,2,9,20,4,1,6,8,20,4,1
64680987,21,9,19,3,2,88,3,20,5,0,72,11,20,3,2,30,13,19,5,0,89,9,20,5,0,6,7,19,4,1
64678489,35,2,20,2,3,90,11,20,2,3,88,3,20,2,3,70,6,20,4,0,9,10,20,4,0,68,1,18,2,0
64676875,62,11,19,4,1,20,4,19,3,0,48,3,19,5,0,39,21,20,5,0,82,21,20,2,0,20,4,19,3,0
64675535,43,5,19,2,3,33,1,20,4,1,28,3,19,4,1,55,14,19,4,0,36,5,20,4,1,75,22,19,3,2
62869302,31,7,19,3,2,47,4,20,5,0,22,3,19,3,0,64,24,19,4,1,77,24,19,4,0,36,5,20,4,0
62867969,26,9,19,4,1,74,3,19,4,0,72,11,19,4,1,64,24,19,5,0,74,3,19,3,2,48,3,19,4,0
62866625,68,1,19,5,0,70,6,19,4,1,17,5,20,4,1,23,15,19,4,1,50,21,18,3,1,17,5,19,4,1
62865351,11,16,20,4,1,15,6,20,4,1,88,3,19,5,0,34,23,20,5,0,65,16,19,4,1,20,4,18,1,0
62864665,17,5,19,4,1,19,24,19,5,0,79,8,19,5,0,64,24,19,2,3,4,13,20,4,1,69,9,18,4,0
64684168,86,1,20,3,2,11,18,19,3,2,78,16,20,4,1,17,5,20,5,0,35,2,20,3,2,50,21,20,3,2
64682775,11,16,20,4,1,90,11,19,5,0,22,3,20,5,0,1,15,20,5,0,72,11,20,5,0,33,1,19,5,0
64681377,89,9,19,4,1,33,1,19,4,1,86,1,19,5,0,11,16,19,5,0,72,11,19,5,0,46,16,18,4,1
64679728,3,21,20,5,0,56,20,20,4,0,49,19,20,4,1,11,16,20,4,1,14,21,19,3,2,46,16,20,4,1
64678628,48,3,20,3,2,44,25,20,3,2,32,5,20,4,1,88,3,19,2,2,76,3,19,5,0,49,19,19,4,1
64675893,28,3,19,3,2,33,1,20,4,1,78,16,20,4,1,90,11,20,3,2,89,9,20,3,2,42,24,20,4,1
64674729,7,1,19,4,1,70,6,20,3,2,22,3,19,5,0,7,1,19,4,1,69,9,18,3,0,4,3,18,4,0
64696389,19,6,19,3,2,46,16,19,4,1,87,24,19,4,1,76,3,18,2,0,90,11,18,3,1,49,19,19,5,0
64696014,47,4,19,5,0,22,3,19,4,1,84,18,19,4,1,81,9,19,3,2,68,1,18,3,1,90,11,19,4,1
64688576,50,21,20,5,0,19,6,20,4,1,25,11,20,4,1,33,1,20,5,0,61,5,20,5,0,64,24,20,4,1
64687515,39,21,19,4,1,47,4,19,4,1,89,9,18,4,1,1,15,18,5,0,29,1,18,5,0,50,21,18,4,1
64685789,1,15,20,4,1,60,6,20,5,0,82,21,20,4,1,19,6,20,3,2,80,19,20,4,1,21,9,20,3,2
64683035,44,25,20,5,0,70,6,20,4,1,17,5,20,4,1,20,4,19,3,1,90,11,20,5,0,6,8,20,5,0
64632779,21,9,20,5,0,68,1,20,4,1,17,5,20,4,1,59,2,20,5,0,68,1,20,5,0,58,10,20,4,1
64630721,67,14,20,4,1,46,16,19,4,1,76,3,19,5,0,18,15,20,4,1,11,18,20,4,1,35,2,20,3,2
64628818,59,2,20,3,2,21,9,20,4,1,35,2,20,4,1,85,13,19,5,0,90,11,20,3,2,66,24,20,5,0
64626975,72,11,19,3,2,31,7,20,4,1,43,5,20,4,1,46,16,20,4,1,74,3,19,4,1,2,9,19,3,2
64625841,71,14,20,4,1,42,24,20,4,1,2,11,20,3,2,76,3,20,5,0,15,6,20,3,2,86,1,19,4,1
64620351,14,21,20,4,1,31,7,20,4,1,53,13,20,4,1,17,5,20,3,2,90,11,20,4,1,76,3,19,5,0
63331201,28,3,19,2,3,56,20,19,4,1,17,5,18,3,2,78,16,19,4,1,1,16,19,4,1,65,16,20,5,0
64615643,22,3,20,4,1,14,21,19,5,0,2,9,19,3,2,27,9,20,4,1,35,1,20,5,0,62,11,20,4,1
64614064,36,5,20,3,2,89,9,20,4,1,54,8,20,3,2,63,15,19,4,1,30,13,19,4,0,58,10,19,3,2
64606515,74,3,20,4,1,75,22,20,5,0,18,15,20,5,0,11,16,19,5,0,36,5,20,4,1,90,11,20,4,1
64605980,46,16,19,3,1,77,24,19,3,2,66,24,19,4,1,14,21,20,4,1,4,3,19,5,0,39,18,19,5,0
64605177,86,1,19,4,1,11,18,20,4,1,19,24,20,4,1,59,2,19,5,0,82,21,19,4,1,21,9,20,3,2
64602691,38,9,20,4,1,14,21,19,4,1,11,18,20,4,1,66,24,19,5,0,23,18,19,5,0,14,21,19,4,1
64601534,44,25,18,5,0,72,11,18,3,2,59,2,18,5,0,4,3,19,4,1,90,11,16,3,0,70,6,18,2,1
64600591,33,1,20,4,1,16,9,20,5,0,2,10,20,4,1,18,15,20,3,2,11,18,20,5,0,21,9,20,4,1
64599550,11,16,20,4,1,64,24,20,3,2,90,11,20,3,2,81,9,20,4,1,72,11,20,5,0,74,3,19,3,0
64690498,86,1,20,5,0,11,18,20,4,1,74,3,20,5,0,72,11,19,4,1,65,16,20,3,2,85,13,19,5,0
64647371,29,1,19,5,0,88,3,19,5,0,17,5,20,3,2,67,14,19,2,3,83,6,19,5,0,90,11,19,4,1
64646987,80,19,20,3,2,81,9,20,3,2,33,1,19,5,0,65,16,19,3,0,46,16,19,3,0,79,8,19,4,1
64646776,67,14,19,3,2,74,3,20,3,2,2,11,20,3,2,75,22,19,3,2,37,15,20,5,0,60,6,20,5,0
64646490,72,11,20,4,1,64,24,20,5,0,89,9,20,5,0,23,18,20,4,1,34,23,20,3,2,22,3,20,4,1
64646332,18,15,19,4,1,69,9,18,2,0,23,18,19,2,3,1,15,19,3,2,14,21,19,5,0,69,9,19,3,0
64645628,20,4,20,5,0,31,7,20,4,1,33,1,20,4,1,48,3,20,4,1,33,1,20,4,1,40,6,20,4,1
64645045,70,6,20,5,0,77,24,20,5,0,74,3,19,5,0,78,16,19,4,1,65,16,19,5,0,67,14,19,1,4
64493983,74,3,20,5,0,61,5,20,3,2,90,11,20,3,2,86,1,19,4,1,42,24,20,4,1,18,15,20,4,1
64493571,58,10,19,3,2,9,10,20,3,2,50,21,19,4,1,19,6,19,4,1,25,11,19,5,0,23,18,18,4,0
64492683,3,21,19,4,1,74,3,19,4,0,31,7,20,5,0,11,16,19,5,0,56,20,19,4,1,90,11,20,3,2
64444791,22,3,20,3,2,75,22,20,4,1,67,14,20,3,2,85,13,20,5,0,89,9,20,5,0,74,3,20,4,1
64443977,67,14,20,4,1,72,11,20,3,2,68,1,18,4,0,18,15,20,3,2,11,16,19,5,0,29,1,19,4,1
64443580,72,11,20,3,2,46,16,19,5,0,11,16,19,4,1,85,13,19,3,0,38,9,20,5,0,46,16,20,3,1
64443052,30,13,18,4,0,90,11,19,3,2,72,11,20,5,0,59,2,19,4,1,4,13,19,4,1,14,21,19,3,2
64442324,11,16,19,5,0,39,21,19,3,2,70,6,20,3,2,74,3,19,3,0,81,9,19,4,1,9,10,19,5,0
64682203,65,16,20,4,1,9,10,20,3,2,13,19,19,4,0,69,9,20,5,0,23,18,20,4,1,71,14,19,4,1
64680640,76,3,20,5,0,31,7,20,4,1,35,2,20,5,0,29,1,20,4,0,55,14,19,4,0,90,11,20,4,1
64679112,77,24,20,4,1,67,14,20,5,0,14,21,20,5,0,45,4,19,5,0,72,11,20,4,1,86,1,20,4,1
64678552,74,3,20,4,1,81,9,20,4,1,29,1,20,5,0,22,3,20,3,2,68,1,19,5,0,81,9,20,2,3
64676895,14,21,20,3,2,74,3,19,4,1,4,3,20,4,1,11,18,20,5,0,70,6,20,4,1,90,11,19,4,1
64675329,31,7,20,3,2,27,2,19,4,0,10,1,19,5,0,1,15,19,4,1,17,5,20,3,2,44,25,19,5,0
64673800,80,19,20,4,1,89,9,20,5,0,26,9,20,4,1,68,1,20,4,0,73,24,19,5,0,72,11,20,3,2
64671903,61,5,20,4,1,39,21,19,5,0,28,3,20,5,0,53,14,19,5,0,85,13,20,5,0,84,18,20,4,1
64668928,21,9,20,3,2,1,18,20,4,1,66,24,20,4,1,21,9,20,3,2,50,21,19,3,2,75,22,20,5,0
64673434,7,1,20,5,0,78,16,20,2,3,69,9,20,5,0,27,9,20,4,0,28,3,20,5,0,31,7,20,3,2
64672506,42,24,20,2,3,29,1,20,4,1,33,1,20,3,2,80,19,20,4,1,17,5,20,4,1,90,11,20,5,0
64669572,59,2,20,5,0,51,22,20,5,0,90,11,20,4,1,82,21,20,3,2,12,7,16,4,0,53,13,20,5,0
64668035,77,24,20,4,1,17,5,19,3,2,13,19,19,4,1,18,15,20,4,1,17,5,20,5,0,80,19,20,4,1
64608895,4,13,20,3,0,65,16,20,5,0,17,5,20,3,2,68,1,19,4,0,77,24,20,5,0,58,10,20,3,1
64607857,83,6,20,4,1,14,21,19,4,1,65,16,19,5,0,24,3,19,4,0,50,21,19,4,1,18,15,19,4,1
64606851,86,1,18,5,0,42,24,18,4,1,71,14,18,4,1,70,6,18,4,1,21,9,18,4,1,59,2,17,3,1
64606003,2,10,19,5,0,22,3,19,4,1,60,6,18,5,0,84,18,19,5,0,89,9,19,4,1,40,6,19,4,1
64664642,6,8,19,3,2,74,3,20,3,2,88,3,19,5,0,53,13,20,5,0,84,18,20,5,0,83,6,20,5,0
64627599,26,9,20,3,2,74,3,20,5,0,14,21,20,4,1,74,3,20,5,0,27,2,20,4,0,75,22,20,4,1
64617730,9,10,20,5,0,44,25,20,3,2,80,19,20,3,2,72,11,20,4,0,58,10,20,4,0,74,3,19,4,0
64616579,65,16,19,5,0,72,11,20,4,1,35,2,20,4,1,22,3,20,4,1,28,3,20,4,1,12,7,20,5,0
64543598,72,11,19,3,2,64,24,19,4,1,23,15,19,5,0,90,11,20,5,0,11,16,19,5,0,39,18,19,5,0
64542137,78,16,20,2,3,33,1,20,4,1,28,3,20,3,2,4,3,19,4,0,74,3,20,3,2,59,2,19,4,0
64541479,1,15,20,3,2,44,25,19,5,0,21,9,20,3,2,59,2,19,5,0,83,6,20,4,1,61,5,20,5,0
64471226,7,2,20,4,1,74,3,19,5,0,72,11,20,5,0,7,1,19,4,1,26,9,20,3,2,53,14,19,5,0
64470385,39,18,20,4,1,71,14,20,3,2,76,3,20,5,0,24,3,19,5,0,22,3,19,4,1,68,1,19,3,2
64468793,11,18,20,4,1,74,3,20,4,1,1,15,19,5,0,53,13,19,4,1,86,1,19,4,1,75,22,20,4,1
64665095,21,9,19,3,2,33,1,19,5,0,16,9,19,4,1,42,24,19,5,0,86,1,19,4,1,1,15,19,4,1
64662687,7,1,19,4,1,53,14,18,5,0,78,16,19,3,2,52,24,18,5,0,8,22,19,5,0,74,3,18,4,0
64662011,11,18,20,5,0,12,7,20,4,1,55,14,20,4,1,89,9,20,4,1,79,8,20,3,2,45,4,19,4,1
64660464,21,9,19,4,1,27,16,20,4,1,48,3,20,4,1,71,14,20,5,0,18,15,19,4,1,27,9,20,4,0
64659385,47,4,20,4,1,7,1,20,4,1,65,16,20,3,2,23,18,20,3,2,87,24,19,5,0,11,16,19,5,0
64619657,58,10,19,5,0,40,6,19,5,0,30,13,19,4,1,29,1,19,4,1,2,9,19,4,1,14,21,19,4,1
64619106,53,13,20,3,2,7,1,20,4,1,72,11,20,3,2,33,1,20,5,0,17,5,20,5,0,44,25,19,3,1
64617707,9,10,20,4,1,58,10,20,3,2,55,14,19,4,0,67,14,19,4,1,19,6,19,4,1,50,21,19,5,0
64672122,55,14,19,5,0,86,1,20,3,2,38,9,20,4,1,29,2,20,3,2,64,24,19,2,2,53,14,19,5,0
64669619,12,7,17,2,2,11,18,18,2,2,48,3,18,3,2,1,15,18,5,0,83,6,18,5,0,39,18,18,5,0
64668488,28,3,19,5,0,30,13,18,5,0,81,9,19,3,2,7,2,18,3,1,23,15,18,2,1,66,24,18,4,0
64667374,78,16,20,3,2,14,21,20,5,0,88,3,20,4,1,4,3,20,3,2,22,3,20,5,0,8,22,20,4,1
64553063,22,3,20,5,0,58,10,20,4,1,39,21,20,5,0,86,1,20,4,1,72,11,20,3,2,18,15,20,4,1
64551786,78,16,19,2,1,82,21,20,4,1,2,11,20,4,1,2,10,20,3,2,78,16,20,4,1,39,21,20,5,0
64525463,20,4,20,5,0,90,11,20,4,1,9,10,20,3,2,4,3,19,4,0,74,3,19,5,0,90,11,19,2,3
64525014,89,9,20,3,2,29,1,20,3,2,90,11,20,4,1,28,3,20,4,1,76,3,20,5,0,40,6,20,3,2
64586975,77,24,19,4,1,19,6,20,4,1,53,14,19,5,0,28,13,19,5,0,76,3,19,5,0,89,9,19,3,2
64539003,4,3,20,4,1,69,9,20,5,0,29,1,20,4,1,80,19,20,4,1,77,24,20,4,1,42,24,20,5,0
64537320,28,3,18,5,0,2,11,18,3,2,1,15,19,4,1,50,21,17,4,0,14,21,18,5,0,75,22,18,3,2
64536114,77,24,18,5,0,23,15,18,2,3,84,18,17,5,0,78,16,17,1,0,67,14,17,3,0,90,11,17,4,0
64690878,2,11,20,4,1,67,14,20,4,1,22,3,20,5,0,53,13,20,5,0,43,5,20,3,2,90,11,20,5,0
64690482,83,6,20,5,0,2,11,20,2,3,72,11,20,3,2,33,1,19,4,1,61,5,19,5,0,90,11,19,4,1
64690279,28,3,19,3,2,66,24,20,5,0,14,21,20,3,2,70,6,20,4,1,18,15,20,5,0,29,1,20,3,2
64690044,65,16,19,5,0,1,15,19,4,1,90,11,20,5,0,34,23,20,3,2,72,11,20,3,2,76,3,19,4,1
64689898,20,4,20,4,0,40,6,20,3,2,75,22,20,4,1,57,23,20,5,0,17,5,19,4,1,42,24,20,5,0
64686500,56,20,20,5,0,78,16,20,5,0,51,22,20,4,1,31,7,20,3,2,63,15,19,3,2,74,3,20,4,1
64685632,83,6,19,4,1,67,14,19,4,1,72,11,20,4,1,55,14,19,5,0,87,24,20,5,0,70,6,20,5,0
64685203,13,15,19,3,1,47,4,19,3,2,17,5,20,3,2,39,18,19,4,1,33,1,19,4,1,79,8,19,3,1
64684171,55,14,19,4,0,79,8,20,4,1,26,9,19,4,1,81,9,20,3,2,29,1,20,3,2,54,8,20,3,2
64669343,86,1,19,3,2,8,22,19,3,2,55,14,19,5,0,30,13,20,3,0,33,1,20,3,2,48,3,20,4,1
64695955,74,3,17,3,0,52,24,18,5,0,59,2,18,5,0,76,3,18,5,0,2,10,17,4,0,17,5,17,4,0
64695528,80,19,19,4,1,76,3,19,5,0,75,22,20,3,2,39,18,20,4,1,80,19,20,3,2,50,21,20,3,2
64695345,77,24,20,2,3,13,19,19,3,0,58,10,20,4,1,88,3,19,5,0,23,18,19,3,2,17,5,19,4,1
64695088,19,6,20,5,0,29,1,19,5,0,89,9,19,3,2,54,8,19,4,1,50,21,18,3,0,18,15,19,4,1
64677733,72,11,18,4,1,58,10,18,5,0,45,4,17,3,0,69,9,17,3,0,7,1,18,4,0,33,1,17,4,0
64675884,72,11,20,1,4,47,4,20,4,1,67,14,20,5,0,2,9,20,5,0,64,24,20,4,1,73,24,19,4,0
64660783,63,15,19,5,0,71,14,20,4,1,62,11,20,3,2,43,5,19,5,0,53,14,19,4,0,88,3,20,5,0
64659972,78,16,19,4,1,29,1,19,3,0,53,14,19,5,0,70,6,20,4,1,33,1,19,5,0,46,16,20,4,1
64659348,27,16,20,4,0,6,7,20,4,1,9,10,19,4,1,74,3,20,5,0,75,22,20,4,1,6,7,20,3,1
64658962,82,21,20,5,0,81,9,20,3,2,25,11,20,3,2,14,21,19,4,0,55,14,20,3,1,25,11,20,3,2
64673400,25,11,20,3,2,87,24,20,4,1,11,16,19,4,1,70,6,20,4,1,30,13,19,5,0,89,9,20,3,2
64672317,27,16,19,4,0,46,16,20,3,2,72,11,19,3,2,33,1,19,4,1,18,15,19,4,1,90,11,19,3,2
64670720,89,9,20,5,0,71,14,19,5,0,15,5,20,4,1,4,13,19,3,2,79,8,19,3,2,86,1,19,3,1
64669421,47,4,18,5,0,23,18,18,4,1,90,11,17,4,1,4,13,17,3,1,1,18,18,3,1,90,11,17,5,0
64632646,70,6,20,3,2,19,6,19,3,2,10,1,19,5,0,86,1,20,5,0,29,1,20,4,1,11,18,20,4,1
64412686,74,3,20,5,0,82,21,20,5,0,18,15,20,1,4,71,14,19,4,1,10,1,19,5,0,90,11,19,3,2
64411972,49,19,20,3,2,76,3,20,4,1,77,24,20,5,0,82,21,20,3,2,53,14,20,5,0,42,24,19,3,2
64410935,33,1,20,3,2,58,10,20,4,1,29,1,19,5,0,81,9,19,3,2,20,4,19,5,0,80,19,19,4,0
64696310,76,3,20,4,1,10,1,20,5,0,25,11,20,4,1,33,1,20,5,0,22,3,20,5,0,77,24,20,4,1
64661900,88,3,20,4,1,29,1,19,3,1,7,1,20,5,0,86,1,19,4,0,78,16,19,4,1,46,16,20,4,1
64661094,76,3,20,4,1,64,24,20,4,1,77,24,20,4,1,48,3,18,4,0,77,24,20,5,0,6,8,20,4,1
64625918,21,9,20,3,2,4,3,20,5,0,22,3,20,4,1,55,14,20,4,1,90,11,20,3,2,65,16,20,4,1
64624072,2,10,19,4,1,35,1,20,4,1,22,3,19,3,1,21,9,19,3,2,89,9,20,3,2,35,2,20,4,1
64622086,89,9,20,4,1,82,21,19,5,0,71,14,20,5,0,31,7,20,3,2,89,9,20,5,0,19,6,20,5,0
64620843,70,6,20,3,2,17,5,20,3,2,30,13,20,5,0,90,11,20,4,1,53,14,20,4,1,1,15,20,4,1
64695916,52,24,19,4,1,65,16,19,4,1,1,15,19,3,2,81,9,19,5,0,11,18,19,4,1,22,3,19,5,0
64698074,17,5,19,4,1,4,13,19,4,1,72,11,19,4,1,29,1,20,3,2,23,18,20,3,2,81,9,19,4,1
64697635,45,4,20,4,1,86,1,20,3,2,59,2,20,4,1,77,24,20,3,2,74,3,19,4,1,32,5,20,3,2
64696529,28,3,20,4,1,42,24,20,4,1,4,13,20,5,0,82,21,20,5,0,70,6,20,3,2,54,8,20,3,2
64696236,6,8,19,5,0,88,3,18,3,2,78,16,18,3,2,67,14,18,3,1,23,18,19,4,0,58,10,19,4,0
64696003,84,18,20,5,0,79,8,20,5,0,48,3,20,3,2,23,18,19,4,1,74,3,19,3,2,27,9,19,3,2
64695607,52,24,19,4,1,38,9,20,4,1,88,3,20,4,1,28,3,19,5,0,82,21,18,3,2,47,4,20,3,2
64695410,70,6,18,4,1,23,18,18,4,1,33,1,18,5,0,78,16,18,4,0,12,6,18,5,0,8,22,18,4,1
64666046,77,24,20,5,0,87,24,20,5,0,4,13,20,4,0,4,13,19,4,1,47,4,20,4,1,70,6,20,3,2
64656382,76,3,20,5,0,47,4,20,3,2,75,22,20,4,1,68,1,19,5,0,31,7,20,3,2,75,22,20,4,1
64676579,63,15,19,3,1,77,24,20,4,1,29,1,20,5,0,72,11,20,3,2,88,3,20,4,1,11,18,20,4,1
64675723,88,3,19,4,1,2,9,19,3,2,27,2,19,4,0,11,18,20,3,2,42,24,20,4,0,48,3,20,5,0
64673709,59,2,20,5,0,75,22,20,0,5,42,24,20,4,1,11,16,20,4,1,70,6,20,3,2,35,1,20,5,0
64672339,65,16,19,5,0,2,10,20,5,0,64,24,20,5,0,27,6,20,4,0,43,5,20,3,1,39,18,20,4,1
64671507,44,25,20,5,0,83,6,20,3,1,67,14,20,5,0,42,24,20,5,0,29,1,19,5,0,23,18,19,4,1
64670072,35,2,20,5,0,84,18,19,5,0,15,5,20,4,1,21,9,19,3,2,74,3,19,4,0,58,10,20,4,1
64668996,54,8,19,3,2,80,19,20,4,1,59,2,19,3,2,55,14,19,5,0,90,11,19,4,1,58,10,19,4,1
64667761,58,10,19,3,2,11,16,20,4,1,59,2,19,3,1,75,22,19,5,0,35,2,19,5,0,70,6,19,5,0
64641550,83,6,19,5,0,74,3,19,4,1,23,18,19,5,0,82,21,19,4,1,69,9,18,3,1,7,1,18,5,0
64668569,10,1,19,5,0,3,21,20,4,1,6,8,19,4,1,27,2,19,3,1,11,16,19,3,2,77,24,19,3,2
64667239,78,16,20,4,1,59,2,19,4,1,62,11,19,3,2,27,16,19,2,2,4,13,19,4,1,25,11,19,4,1
64664743,11,16,19,5,0,43,5,19,3,2,46,16,20,4,1,53,14,18,3,0,81,9,19,3,0,15,6,18,4,0
64545397,32,5,20,2,3,10,1,20,5,0,64,24,20,4,1,14,21,20,5,0,74,3,20,5,0,70,6,20,4,1
64544683,2,9,20,3,2,85,13,19,5,0,72,11,19,4,1,1,14,20,5,0,42,24,20,5,0,74,3,20,5,0
64543688,5,5,20,3,2,58,10,20,3,2,56,20,20,5,0,74,3,20,4,1,25,11,19,3,2,79,8,20,2,3
64542484,2,9,20,3,2,47,4,20,4,1,11,18,20,5,0,70,6,20,5,0,10,1,19,4,1,15,6,19,5,0
64541465,2,11,20,2,3,27,9,20,4,0,68,1,19,5,0,72,11,20,4,1,83,6,20,5,0,34,23,20,4,1
64540471,26,9,19,3,2,11,16,19,5,0,28,3,19,3,2,10,1,18,4,0,2,10,19,5,0,18,15,19,5,0
64663587,72,11,19,4,1,7,1,18,4,1,17,5,19,4,1,78,16,20,4,1,49,19,20,4,1,1,15,19,5,0
64624152,6,8,18,4,1,29,1,18,4,0,18,15,17,4,0,67,14,18,4,1,90,11,19,4,1,55,14,18,4,0
64623053,17,5,20,4,1,44,25,20,5,0,64,24,20,4,1,12,6,20,2,1,44,25,19,5,0,88,3,20,3,2
64622011,90,11,19,3,2,71,14,19,4,1,22,3,19,4,1,46,16,19,5,0,78,16,20,4,0,2,11,20,3,0
64620263,62,11,18,4,1,28,3,19,4,1,18,15,18,2,1,84,18,18,3,0,90,11,18,4,0,44,25,18,5,0
64619352,67,14,19,4,0,80,19,19,4,0,88,3,20,4,1,87,24,19,4,1,74,3,19,5,0,61,5,19,4,1
64616355,24,21,20,4,1,33,1,19,5,0,21,9,20,3,2,29,1,20,4,1,76,3,20,5,0,21,9,20,4,1
64614798,4,13,19,5,0,36,5,19,4,1,31,7,20,4,1,18,15,20,3,2,48,3,19,4,1,50,21,20,4,1
64665571,86,1,20,4,1,36,5,20,4,1,2,11,19,4,1,78,16,19,4,1,21,9,20,4,1,42,24,20,3,2
64664572,11,18,20,5,0,21,9,20,3,2,35,1,20,3,2,44,25,20,4,1,39,18,20,2,2,29,1,20,4,1
64664247,11,18,20,3,2,29,1,20,4,1,25,11,20,4,1,31,7,20,4,1,1,18,20,5,0,78,16,20,3,2
64663324,78,16,18,3,0,64,24,19,3,1,72,11,19,3,2,72,11,19,4,1,27,9,18,3,0,11,16,17,4,0
64662401,72,11,20,2,3,16,9,20,5,0,39,18,19,5,0,78,16,19,3,2,25,11,19,5,0,1,14,18,4,0
64661468,9,10,20,4,1,78,16,20,5,0,64,24,20,5,0,82,21,20,4,1,88,3,20,5,0,33,1,20,5,0
64528443,36,5,20,4,1,33,1,20,5,0,80,19,20,3,2,68,1,18,5,0,81,9,19,3,2,39,21,19,5,0
64580578,56,20,20,4,1,87,24,19,4,1,86,1,19,4,1,77,24,20,3,2,4,3,20,2,3,33,1,19,4,1
64579093,23,18,20,4,1,4,3,19,4,1,26,9,19,4,1,86,1,19,4,1,17,5,20,5,0,39,18,20,4,1
64577513,45,4,20,5,0,52,24,20,3,2,75,22,20,2,3,50,21,20,4,1,60,6,20,5,0,80,19,20,4,0
64575946,23,18,18,3,2,4,3,17,4,0,33,1,17,3,0,6,8,19,3,2,22,3,18,2,1,59,2,19,5,0
64575083,35,2,19,5,0,82,21,20,4,1,53,14,19,4,1,24,21,20,4,1,50,21,20,5,0,82,21,20,5,0
64573769,22,3,19,4,0,81,9,20,4,0,44,25,19,3,2,26,9,20,4,1,7,2,19,5,0,32,5,20,3,2
64563945,1,15,19,3,2,9,9,19,4,1,16,9,19,4,1,74,3,19,4,1,65,16,19,3,2,87,24,19,2,3
64562009,53,14,19,4,0,73,24,18,3,0,58,10,20,5,0,30,13,20,5,0,31,7,20,4,1,58,10,20,3,2
64561444,62,11,20,4,1,25,11,19,5,0,30,13,19,4,1,48,3,20,3,2,90,11,20,4,1,13,15,19,4,1
64679363,11,18,18,5,0,86,1,17,5,0,81,9,18,4,1,85,13,17,3,0,8,22,18,5,0,1,18,18,4,1
64677758,81,9,20,4,1,10,1,19,5,0,29,1,20,5,0,72,11,20,5,0,14,21,20,4,1,11,16,20,4,0
64676286,5,5,20,3,2,85,13,19,3,2,56,20,20,3,2,17,5,19,5,0,20,4,18,4,0,90,11,18,4,0
64674356,75,22,20,4,1,58,10,20,4,1,68,1,19,4,0,2,10,20,3,2,50,21,19,3,1,28,3,20,3,1
64672470,81,9,20,4,1,65,16,20,5,0,68,1,20,4,1,90,11,20,4,1,78,16,19,5,0,53,14,20,4,1
64671480,7,1,20,4,0,23,18,20,5,0,67,14,20,5,0,46,16,20,3,2,1,15,20,4,1,4,13,20,4,1
64670216,90,11,19,3,2,88,3,19,5,0,37,15,19,5,0,65,16,19,3,1,90,11,19,4,0,74,3,19,4,1
64668759,23,18,20,4,1,17,5,20,3,2,88,3,20,5,0,14,21,20,3,2,50,21,19,2,0,82,21,20,5,0
64667580,17,5,20,3,2,67,14,20,3,2,55,14,19,4,1,72,11,20,4,1,86,1,20,3,1,33,1,20,5,0
64685977,28,3,20,4,1,70,6,20,3,2,60,6,20,4,1,1,15,20,3,2,4,13,19,2,1,46,16,20,5,0
64685583,70,6,20,4,1,29,1,20,5,0,59,2,20,5,0,15,6,19,4,0,47,4,19,3,0,17,5,20,5,0
64639390,76,3,20,3,2,72,11,20,4,1,55,14,20,5,0,88,3,19,4,1,54,8,20,4,1,23,18,20,4,1
64638384,46,16,20,2,3,28,3,20,4,1,44,25,19,4,1,67,14,20,4,1,70,6,20,4,1,12,7,19,5,0
64636797,53,14,18,4,1,63,15,20,4,1,2,11,20,3,2,70,6,20,4,1,83,6,20,5,0,45,4,19,5,0
64635028,90,11,20,2,3,50,21,20,5,0,28,3,20,5,0,53,14,19,2,0,63,15,20,4,0,2,11,19,4,0
64577802,7,2,19,4,1,79,8,20,1,4,28,3,20,2,1,64,24,19,4,0,11,16,20,5,0,26,9,19,2,2
64576786,77,24,19,4,1,85,13,19,3,1,40,6,20,3,2,85,13,19,3,1,4,3,20,4,1,12,7,20,4,1
64510166,35,2,19,4,0,27,9,20,3,1,71,14,20,4,1,80,19,20,4,1,39,21,19,3,2,23,18,19,4,1
64508211,56,20,20,3,2,2,10,20,4,1,4,3,20,4,1,35,2,19,4,1,32,5,19,3,2,48,3,19,4,1
64680399,11,18,19,5,0,58,10,20,3,2,28,3,20,4,1,81,9,20,3,2,4,3,20,5,0,21,9,20,3,2
64679498,90,11,20,5,0,50,21,20,4,1,22,3,20,3,2,67,14,20,3,2,1,15,20,5,0,75,22,20,4,1
64677548,89,9,20,3,2,2,11,20,4,1,30,13,20,5,0,58,10,20,5,0,90,11,20,5,0,72,11,20,4,1
64676282,33,1,19,3,2,90,11,20,5,0,74,3,19,5,0,53,14,20,4,1,26,9,20,4,1,14,21,20,5,0
64674908,60,6,19,3,2,30,13,20,5,0,47,4,19,4,1,42,24,20,2,0,1,15,20,4,1,14,21,19,2,2
64674300,19,6,20,4,1,71,14,20,5,0,67,14,20,4,1,45,4,20,5,0,18,15,20,5,0,90,11,20,3,2
64669447,9,10,20,4,1,76,3,20,5,0,67,14,20,4,1,56,20,20,4,1,22,3,19,4,1,58,10,19,5,0
64667923,65,16,20,3,2,29,1,20,4,1,32,5,20,4,1,74,3,19,4,0,3,21,19,4,1,58,10,20,5,0
64640496,47,4,19,3,2,10,1,20,3,2,14,21,19,4,1,55,14,19,4,1,58,10,19,4,1,25,11,19,3,2
64518094,78,16,19,5,0,34,23,20,4,1,86,1,19,5,0,47,4,20,4,1,19,6,20,3,2,82,21,20,4,1
64674855,12,7,19,5,0,88,3,20,5,0,85,13,20,2,3,58,10,19,4,1,42,24,20,4,1,88,3,19,5,0
64673430,58,10,19,3,2,25,11,20,3,2,74,3,19,5,0,1,18,19,3,2,86,1,20,5,0,90,11,20,4,1
64672578,39,18,20,4,1,44,25,19,5,0,79,8,19,5,0,90,11,20,4,1,35,2,19,3,2,78,16,20,3,2
64671019,82,21,19,4,1,89,9,20,4,1,64,24,18,4,1,4,3,19,4,1,82,21,18,4,1,77,24,19,4,1
64669661,86,1,19,3,0,58,10,19,4,0,65,16,19,5,0,68,1,19,5,0,49,19,20,3,2,2,11,20,3,2
63686303,15,6,19,4,1,13,19,18,3,0,25,11,19,3,2,67,14,18,4,1,77,24,19,5,0,31,7,19,2,3
63590514,31,7,20,4,1,74,3,19,4,1,73,24,20,5,0,72,11,20,4,1,85,13,19,5,0,40,6,19,3,2
64676400,10,1,19,5,0,16,9,19,3,2,72,11,19,3,2,88,3,20,4,1,53,13,19,5,0,72,11,20,3,2
64675379,70,6,20,4,1,5,5,20,3,2,67,14,20,3,2,53,14,20,4,1,79,8,20,4,1,70,6,20,4,1
64674274,82,21,19,3,2,3,21,20,4,1,77,24,19,4,1,90,11,20,4,1,67,14,20,5,0,35,2,20,5,0
64669610,67,14,20,4,1,27,2,20,3,1,81,9,20,3,2,33,1,20,5,0,42,24,20,3,2,23,18,19,4,1
64667259,49,19,20,4,1,68,1,19,4,1,32,5,20,4,1,44,25,19,3,1,65,16,20,4,1,15,6,20,4,1
64628981,33,1,20,3,2,84,18,20,4,1,83,6,19,5,0,46,16,20,4,1,55,14,19,3,1,2,9,20,3,2
64624458,63,15,19,3,2,66,24,19,4,1,74,3,20,3,2,40,6,20,5,0,43,5,20,3,2,83,6,20,4,1
64689019,31,7,20,4,1,44,25,19,5,0,78,16,19,5,0,50,21,19,5,0,21,9,20,5,0,70,6,20,4,1
64687543,80,19,20,3,2,33,1,20,5,0,51,22,19,4,1,4,13,19,3,1,6,8,19,4,1,88,3,19,3,0
64682456,33,1,20,5,0,80,19,20,4,1,37,15,20,3,2,28,3,20,4,1,33,1,19,4,1,17,5,19,4,1
64677124,2,10,20,3,2,87,24,20,4,1,76,3,19,3,0,83,6,19,4,0,18,15,20,5,0,12,6,20,5,0
64674917,65,16,20,5,0,1,15,20,4,1,23,18,20,5,0,82,21,19,3,1,29,2,20,4,0,40,6,20,5,0
64672799,72,11,19,4,1,40,6,20,3,2,76,3,18,4,1,4,3,19,4,0,72,11,19,4,0,90,11,19,4,0
64646993,59,2,20,5,0,65,16,20,4,1,15,5,19,4,1,8,22,19,5,0,2,10,19,4,1,43,5,19,3,2
64556517,90,11,20,4,1,20,4,19,4,0,70,6,20,5,0,50,21,20,5,0,48,3,20,4,1,1,18,20,5,0
64555317,63,15,19,4,1,72,11,20,5,0,7,1,20,5,0,11,16,19,5,0,24,3,20,4,1,66,24,20,3,2
64554261,23,18,19,4,1,54,8,20,4,1,18,15,20,4,1,81,9,18,3,2,11,16,19,5,0,39,18,19,5,0
64552857,29,1,20,5,0,80,19,20,4,1,89,9,20,4,1,42,24,19,4,1,2,9,20,3,2,88,3,20,5,0
64523642,28,3,20,3,2,80,19,19,3,2,77,24,20,4,1,28,13,20,4,1,37,15,20,3,2,69,9,20,4,0
64522189,5,6,19,5,0,44,25,18,5,0,54,8,20,4,1,11,18,19,5,0,12,7,19,5,0,28,13,19,4,1
64521050,90,11,18,4,0,31,7,19,5,0,18,15,19,4,1,38,9,19,4,0,75,22,18,4,0,35,1,18,4,0
64519918,31,7,20,3,2,81,9,20,4,1,88,3,19,5,0,33,1,19,5,0,65,16,20,4,1,9,9,20,3,2
64518332,28,3,19,4,1,90,11,20,4,1,42,24,20,5,0,2,11,20,4,1,33,1,20,2,3,3,21,19,5,0
64698450,38,9,20,4,1,16,9,20,3,2,4,13,20,4,0,86,1,20,4,1,2,10,20,4,1,29,1,20,3,2
64697901,36,5,20,3,2,78,16,20,3,2,13,15,19,5,0,2,10,20,3,2,55,14,19,5,0,74,3,19,5,0
64696934,1,16,20,4,1,70,6,20,3,2,76,3,20,5,0,89,9,20,3,2,22,3,20,3,2,65,16,20,4,1
64696504,86,1,20,4,1,58,10,19,4,1,23,18,19,4,1,76,3,20,5,0,1,15,20,4,1,62,11,20,4,1
64648133,39,18,20,5,0,72,11,20,3,2,5,5,19,2,2,64,24,19,4,1,10,1,20,4,1,43,5,19,3,2
64647928,27,16,20,4,1,21,9,20,3,2,29,1,20,4,1,4,13,19,5,0,86,1,20,5,0,1,15,19,3,2
64647611,76,3,20,4,1,2,11,20,4,1,7,1,19,3,2,80,19,20,3,2,20,4,20,4,1,66,24,20,5,0
64681583,2,11,20,3,2,68,1,19,5,0,63,15,20,5,0,70,6,20,3,2,1,15,19,4,1,34,23,19,5,0
64679897,10,1,20,5,0,40,6,20,5,0,78,16,20,3,2,88,3,20,4,1,52,24,20,4,1,28,3,19,4,0
64665970,82,21,20,5,0,21,9,20,2,3,2,9,20,4,1,15,6,20,4,0,14,21,19,4,1,30,13,20,4,0
64664151,53,13,20,4,1,18,15,20,3,2,72,11,20,3,2,65,16,20,5,0,77,24,20,5,0,89,9,20,4,1
64663523,75,22,20,4,1,3,21,20,3,2,18,15,20,4,1,16,9,18,4,0,2,11,19,4,0,53,14,18,4,0
64657895,29,1,20,5,0,65,16,20,4,1,75,22,20,3,2,55,14,19,5,0,46,16,20,3,2,90,11,20,3,2
64657557,90,11,19,5,0,50,21,20,4,1,1,14,19,4,1,1,15,19,3,2,54,8,19,4,1,24,3,19,4,1
64683711,53,14,19,4,1,7,1,20,4,1,4,3,20,4,1,2,9,20,3,2,39,18,20,5,0,53,14,19,5,0
64662431,1,15,20,4,1,68,1,20,5,0,18,15,20,4,1,31,7,20,3,2,1,14,20,5,0,25,11,20,4,1
64661579,28,3,19,3,2,55,14,19,4,0,63,15,19,5,0,76,3,20,4,1,37,15,19,3,2,65,16,20,5,0
64661035,31,7,20,4,1,2,11,19,5,0,30,13,19,3,0,4,3,20,5,0,66,24,20,4,1,3,19,20,4,1
64615854,89,9,20,3,2,10,1,20,4,1,47,4,20,4,1,33,1,19,4,1,89,9,20,4,1,1,15,20,3,2
64615204,89,9,19,4,1,81,9,19,4,1,30,13,19,5,0,56,20,19,3,2,86,1,18,5,0,79,8,19,4,1
64614418,23,18,20,3,2,25,11,20,4,1,11,16,19,5,0,65,16,20,5,0,23,18,19,5,0,27,16,19,2,2
64613398,90,11,19,3,2,59,2,19,4,1,10,1,18,4,1,6,8,18,4,0,11,18,18,2,2,76,3,18,3,1
64612098,90,11,20,3,2,10,1,19,3,1,63,15,19,3,2,85,13,19,4,0,35,1,18,4,0,89,9,20,4,1
64679314,77,24,20,4,1,89,9,20,4,1,13,19,20,3,0,88,3,20,4,1,82,21,20,4,1,90,11,20,3,2
64669936,53,14,18,3,1,12,7,18,5,0,29,2,18,5,0,55,14,18,4,0,78,16,19,3,2,70,6,18,3,2
64569644,70,6,19,4,1,75,22,20,4,1,4,13,19,4,1,1,18,19,5,0,42,24,20,4,1,7,1,19,5,0
64566873,79,8,20,4,1,75,22,20,4,1,18,15,20,5,0,13,15,19,4,1,81,9,20,5,0,83,6,19,5,0
64645099,24,3,20,4,1,46,16,19,5,0,4,13,19,3,1,20,4,18,4,0,38,9,19,4,1,73,24,18,3,0
64644390,63,15,19,5,0,72,11,20,3,2,78,16,20,4,1,74,3,20,3,2,4,13,20,4,1,87,24,20,4,1
64643564,40,6,19,5,0,14,21,20,4,1,37,15,20,5,0,82,21,19,4,1,28,3,20,4,1,83,6,20,4,1
64643034,64,24,19,4,1,22,3,20,4,1,81,9,20,4,1,31,7,20,4,1,65,16,20,5,0,59,2,20,5,0
64642022,70,6,20,3,2,44,25,20,4,1,75,22,20,4,1,57,23,19,3,1,23,18,19,4,1,81,9,20,4,1
64623585,6,8,20,3,2,13,15,20,5,0,61,5,20,4,1,78,16,20,4,1,87,24,20,5,0,23,15,20,3,2
64671918,76,3,19,4,1,78,16,19,4,1,90,11,20,3,2,26,9,17,1,0,83,6,18,4,0,53,14,17,1,0
64669810,6,7,18,3,2,35,2,19,4,0,39,18,19,3,0,76,3,18,4,0,75,22,19,4,1,46,16,18,4,1
64584363,53,14,20,5,0,21,9,20,4,1,65,16,20,4,1,31,7,19,4,1,68,1,20,5,0,90,11,20,4,1
64583460,46,16,17,4,0,78,16,18,4,0,31,7,18,3,1,4,13,17,4,0,62,11,17,4,0,81,9,17,4,1
64582637,13,19,20,3,1,53,13,20,2,3,11,16,19,4,0,75,22,20,4,1,65,16,20,5,0,76,3,20,4,1
64581315,66,24,20,5,0,14,21,18,4,1,82,21,20,3,2,64,24,19,4,0,79,8,19,5,0,71,14,19,5,0
64478940,4,13,19,3,1,81,9,19,2,3,88,3,19,2,3,83,6,18,3,0,72,11,18,4,1,76,3,18,3,0
64478590,31,7,18,4,1,81,9,18,4,0,14,21,18,4,1,70,6,18,5,0,53,14,17,4,0,72,11,18,4,1
64478030,77,24,20,4,1,23,18,20,3,2,28,3,20,5,0,64,24,19,3,2,82,21,20,5,0,88,3,20,4,1
64663158,63,15,19,3,2,31,7,19,3,2,44,25,19,4,1,70,6,18,4,1,89,9,20,5,0,53,14,19,5,0
64662362,89,9,20,4,1,59,2,20,3,2,10,1,20,3,2,88,3,18,3,0,75,22,19,4,1,22,3,20,5,0
64661818,77,24,17,4,0,90,11,17,4,1,14,21,17,3,0,31,7,16,4,0,82,21,17,4,0,11,16,17,4,0
64661007,60,6,20,5,0,85,13,19,4,0,28,3,19,4,1,88,3,19,4,0,2,9,20,4,1,11,16,19,4,0
64644887,46,16,20,4,1,2,11,20,4,1,22,3,20,5,0,58,10,19,3,0,18,15,19,4,1,55,14,17,2,0
64644590,65,16,18,4,1,7,1,18,4,1,9,10,19,4,1,90,11,17,4,0,30,13,18,2,0,84,18,16,4,0
64643970,80,19,20,4,1,78,16,20,4,0,2,10,20,4,1,89,9,20,4,1,26,9,19,4,1,44,25,19,5,0
64643371,54,8,19,5,0,47,4,19,5,0,21,9,19,5,0,31,7,19,4,1,50,21,18,4,0,77,24,19,5,0
64642995,21,9,19,3,2,90,11,19,5,0,20,4,19,5,0,65,16,18,3,1,59,2,19,2,1,72,11,19,5,0
64641818,88,3,20,5,0,73,24,19,3,0,72,11,19,5,0,28,3,20,5,0,43,5,20,4,1,90,11,19,3,2
64677801,72,11,20,4,1,19,24,19,4,1,30,13,19,4,0,67,14,19,4,1,83,6,19,5,0,27,16,20,4,0
64675831,13,15,20,4,0,70,6,20,4,1,81,9,20,4,1,83,6,19,3,2,64,24,20,4,1,65,16,19,4,0
64673888,39,21,20,4,1,74,3,20,4,1,75,22,20,5,0,2,10,20,4,1,75,22,20,4,1,30,13,20,3,0
64672361,22,3,19,4,1,47,4,20,4,1,90,11,20,4,1,2,11,20,4,1,23,18,19,4,1,30,13,19,3,0
64671250,46,16,20,3,2,79,8,19,4,1,28,3,20,4,1,19,6,20,3,1,76,3,19,4,0,33,1,20,4,0
64635375,72,11,20,5,0,19,24,20,4,1,30,13,19,3,0,28,3,20,5,0,86,1,19,3,0,16,9,19,4,0
64633594,78,16,20,3,2,84,18,20,4,1,69,9,20,3,1,77,24,19,4,1,55,14,19,4,1,89,9,20,4,1
64630836,62,11,20,3,2,72,11,20,4,1,30,13,20,5,0,78,16,20,3,2,69,9,20,5,0,65,16,20,5,0
64628683,37,15,20,5,0,28,3,20,3,2,15,6,20,2,3,72,11,20,3,2,17,5,20,5,0,30,13,20,5,0
64626638,5,6,20,4,1,72,11,20,3,2,49,19,20,5,0,78,16,20,3,2,2,11,20,3,2,30,13,20,5,0
64645473,1,16,19,4,1,75,22,19,3,2,29,1,19,5,0,3,21,19,4,0,2,10,20,5,0,89,9,19,3,2
64643683,82,21,19,4,1,72,11,19,5,0,4,13,18,3,1,17,5,19,4,1,82,21,19,4,1,76,3,18,2,0
64580504,64,24,20,3,2,86,1,20,5,0,53,14,20,4,1,1,15,19,3,2,23,18,19,5,0,7,1,19,5,0
64579824,9,10,18,5,0,1,18,18,3,2,55,14,18,4,0,88,3,16,3,0,89,9,16,4,0,29,1,17,3,0
64578568,31,7,19,3,2,47,4,20,5,0,68,1,20,4,1,33,1,20,5,0,89,9,20,3,2,75,22,20,4,1
64576718,4,13,19,5,0,22,3,20,4,1,42,24,19,4,1,90,11,19,4,0,65,16,20,3,1,33,1,20,4,1
64529768,44,25,20,4,1,83,6,20,3,2,64,24,20,4,1,65,16,19,5,0,22,3,19,3,0,1,15,20,5,0
64529319,88,3,20,4,1,40,6,19,3,2,19,24,20,3,2,88,3,20,4,0,65,16,20,4,1,85,13,19,5,0
64590204,31,7,20,3,2,10,20,20,4,1,45,4,19,5,0,58,10,20,4,1,74,3,20,5,0,89,9,20,5,0
64479035,90,11,19,5,0,81,9,19,4,1,4,13,18,5,0,69,9,18,3,0,84,18,19,4,1,86,1,19,4,1
64399790,90,11,19,2,3,74,3,19,5,0,10,20,19,4,1,60,6,19,4,1,1,15,19,4,1,11,16,19,4,1
64388383,30,13,20,5,0,17,5,20,2,3,70,6,20,3,2,66,24,20,4,1,84,18,20,4,1,37,15,20,4,1
64387412,11,16,20,4,1,89,9,19,4,1,79,8,20,4,1,90,11,19,3,2,1,14,18,5,0,46,16,19,4,1
64348517,29,1,18,5,0,39,21,19,4,0,90,11,19,4,1,42,24,17,4,0,53,14,18,2,0,22,3,17,2,0
64343262,74,3,16,4,0,90,11,17,5,0,56,20,17,3,0,64,24,15,1,0,28,3,15,4,0,22,3,15,2,0
64329645,80,19,19,4,1,50,21,18,4,1,21,9,19,4,1,42,24,15,3,0,65,16,17,2,0,18,15,16,2,1
64685784,30,13,20,5,0,75,22,20,3,2,21,9,20,4,1,65,16,20,4,1,75,22,20,5,0,67,14,20,5,0
64684434,29,1,20,5,0,81,9,20,2,3,33,1,19,4,1,39,18,20,4,1,73,24,19,4,1,11,18,20,4,1
64683725,84,18,20,4,1,55,14,19,3,0,15,5,20,4,1,22,3,19,3,1,19,6,19,3,0,80,19,20,4,0
64682812,39,18,19,4,1,86,1,19,4,1,6,8,18,4,1,75,22,19,4,1,67,14,18,3,2,82,21,19,4,1
64681940,44,25,19,4,1,90,11,20,4,1,47,4,20,4,1,82,21,19,4,0,66,24,20,5,0,67,14,19,4,0
64680354,90,11,19,4,1,77,24,20,3,2,48,3,19,4,1,27,16,19,4,0,64,24,20,5,0,46,16,19,5,0
64678915,77,24,20,4,1,72,11,20,4,1,50,21,20,4,1,44,25,20,5,0,78,16,20,4,1,31,7,20,3,2
64677902,22,3,20,4,1,79,8,20,3,2,39,18,20,4,1,13,19,20,3,0,21,9,20,4,1,90,11,20,5,0
64698567,12,6,20,3,2,88,3,20,4,1,77,24,20,3,2,25,11,19,3,2,47,4,20,4,1,85,13,19,4,1
64698102,35,1,20,5,0,23,18,20,5,0,1,16,19,5,0,55,14,19,3,1,70,6,19,5,0,1,15,19,5,0
64696960,74,3,20,5,0,78,16,20,3,2,33,1,19,3,2,47,4,19,4,0,21,9,20,4,1,60,6,20,4,1
64696584,42,24,18,4,1,28,3,19,3,2,1,16,18,5,0,40,6,19,3,2,89,9,19,5,0,20,4,18,1,0
64695937,90,11,20,4,1,31,7,20,4,1,2,11,20,4,1,85,13,20,4,0,90,11,20,5,0,31,7,20,5,0
64695674,33,1,17,3,0,18,15,18,4,1,21,9,18,5,0,22,3,19,3,1,47,4,18,2,1,46,16,19,3,0
64694827,88,3,20,4,1,10,1,20,4,1,15,6,20,4,1,18,15,20,4,1,16,9,20,2,2,70,6,20,3,2
64686473,85,13,18,5,0,65,16,19,4,1,18,15,19,4,1,78,16,18,3,2,69,9,18,4,0,3,21,18,4,1
64518054,57,23,19,3,2,82,21,19,4,1,80,19,20,3,2,47,4,19,4,0,65,16,19,4,0,18,15,19,5,0
64516444,10,20,20,4,1,29,1,20,4,1,90,11,20,2,3,72,11,20,3,2,54,8,18,4,1,81,9,20,4,1
64146905,89,9,20,4,1,87,24,19,4,1,90,11,20,3,2,35,2,20,4,1,71,14,19,4,1,90,11,20,3,2
64145069,36,5,19,4,1,28,3,20,5,0,90,11,19,4,0,33,1,20,4,1,90,11,20,5,0,10,1,20,4,1
64090232,70,6,19,5,0,65,16,19,3,1,33,1,18,4,0,90,11,18,5,0,76,3,18,5,0,82,21,18,4,1
64088919,90,11,20,4,1,13,15,20,5,0,86,1,20,5,0,90,11,20,4,1,82,21,20,3,2,4,13,20,4,1
64087391,90,11,20,4,1,61,5,20,5,0,82,21,20,5,0,87,24,20,3,2,81,9,20,3,2,90,11,20,4,1
64086060,9,9,20,2,3,90,11,20,4,1,20,4,20,5,0,81,9,19,3,2,11,16,19,4,0,77,24,20,3,2
63462642,69,9,19,5,0,65,16,20,5,0,38,9,20,2,3,87,24,20,5,0,30,13,19,5,0,61,5,19,3,2
64590799,62,11,20,3,2,67,14,20,3,2,20,4,19,4,0,83,6,19,4,0,5,6,19,4,0,28,13,18,3,0
64590414,46,16,19,4,1,35,2,19,4,0,44,25,19,3,1,75,22,19,5,0,28,3,19,4,1,20,4,19,4,1
64590130,14,21,19,5,0,70,6,20,4,1,51,22,20,5,0,39,18,19,4,1,62,11,20,3,2,50,21,19,4,1
64529438,27,9,18,5,0,31,7,19,4,1,89,9,19,4,1,1,16,19,4,1,26,9,20,3,2,27,6,19,4,0
64529142,90,11,17,3,2,31,7,17,3,1,29,1,18,3,0,42,24,17,4,0,72,11,17,4,1,10,20,16,4,0
64528624,72,11,18,5,0,29,1,18,5,0,71,14,17,3,0,31,7,17,3,1,65,16,17,3,0,78,16,17,4,0
64477867,69,9,19,5,0,70,6,19,1,4,4,13,19,4,1,71,14,19,5,0,4,3,20,3,2,48,3,19,5,0
64477281,29,1,20,4,1,67,14,20,3,2,43,5,20,5,0,75,22,20,4,1,82,21,20,4,1,42,24,20,4,1
64476891,85,13,20,5,0,2,9,20,3,2,90,11,20,3,2,72,11,20,3,2,83,6,20,4,1,74,3,20,4,1
64476516,74,3,19,5,0,58,10,20,3,2,60,6,19,4,1,50,21,19,4,0,72,11,20,5,0,90,11,20,4,1
64698884,82,21,19,3,2,72,11,19,3,2,50,21,19,4,1,86,1,19,4,1,31,7,19,4,1,1,15,19,5,0
64671486,33,1,20,4,1,90,11,20,4,1,84,18,20,5,0,65,16,19,3,2,2,9,19,4,1,20,4,19,4,1
64669289,6,8,19,4,1,29,1,20,5,0,59,2,19,4,1,33,1,18,4,1,64,24,19,5,0,7,2,20,4,1
64667571,58,10,20,2,3,67,14,20,5,0,76,3,19,5,0,31,7,20,5,0,73,24,19,5,0,48,3,19,4,1
64689035,13,15,20,5,0,77,24,20,3,2,31,7,20,2,3,62,11,20,5,0,25,11,20,5,0,4,13,19,4,0
64687914,89,9,19,5,0,35,2,20,5,0,64,24,20,4,1,24,21,19,3,0,59,2,19,4,1,64,24,19,5,0
64686808,50,21,20,5,0,72,11,20,3,2,7,1,20,4,1,89,9,20,4,1,88,3,19,4,1,31,7,19,3,2
64686484,30,13,19,5,0,11,18,20,5,0,44,25,20,4,1,53,14,19,5,0,18,15,20,4,1,58,10,19,4,1
64685472,18,15,20,4,1,53,13,20,4,1,50,21,20,4,1,1,18,20,4,1,4,13,19,5,0,49,19,20,3,2
64681827,23,18,20,5,0,67,14,20,3,0,36,5,20,5,0,47,4,20,4,1,18,15,20,3,2,62,11,20,4,1
64680198,33,1,20,5,0,72,11,20,3,2,14,21,20,3,2,18,15,20,4,1,89,9,20,5,0,35,2,20,4,1
64333742,18,15,19,3,1,45,4,18,3,0,89,9,19,4,0,78,16,19,4,0,19,6,19,4,1,86,1,19,5,0
64333534,17,5,18,5,0,80,19,18,3,1,64,24,18,3,2,74,3,18,4,1,21,9,19,4,0,35,2,18,4,1
64332890,18,15,19,3,2,11,16,20,4,1,6,8,19,3,2,23,15,19,5,0,35,2,19,5,0,1,15,20,4,1
64332212,27,9,15,2,0,11,18,20,5,0,9,9,20,4,1,53,14,20,5,0,18,15,20,4,1,65,16,20,3,2
64331337,18,15,20,4,1,14,21,20,4,1,83,6,20,5,0,64,24,20,4,1,65,16,20,5,0,2,10,20,3,2
64330953,75,22,20,4,1,20,4,20,5,0,2,10,20,4,1,15,5,20,3,2,74,3,19,5,0,11,16,19,4,0
64330118,11,16,19,4,0,17,5,20,4,1,72,11,19,4,1,22,3,19,3,2,82,21,20,5,0,89,9,20,3,2
64329680,27,6,19,3,1,71,14,19,5,0,34,23,19,5,0,52,24,18,2,1,3,16,19,4,1,56,20,18,2,3
64192011,54,8,20,3,2,26,9,20,4,1,53,14,20,5,0,76,3,19,3,0,82,21,19,3,1,58,10,20,5,0
64191337,11,16,15,2,0,86,1,14,2,0,72,11,15,3,0,31,7,16,3,0,2,11,15,2,0,20,4,15,2,0
64551625,81,9,19,4,1,3,21,20,3,2,33,1,19,3,1,76,3,19,3,0,51,22,20,5,0,43,5,19,5,0
64550496,56,20,19,3,1,58,10,19,3,2,33,1,20,5,0,48,3,19,4,1,23,18,19,5,0,78,16,19,4,1
64697153,65,16,17,5,0,78,16,17,4,0,40,6,17,4,1,18,15,17,3,1,88,3,15,3,0,82,21,18,4,1
64696616,58,10,20,3,2,88,3,19,4,1,72,11,20,4,1,72,11,20,3,2,50,21,19,5,0,74,3,19,5,0
64696181,10,1,19,3,1,87,24,19,4,1,76,3,19,4,0,75,22,19,3,2,30,13,18,5,0,61,5,19,4,1
64695805,78,16,20,4,1,90,11,19,3,2,53,13,19,4,0,76,3,19,3,1,90,11,19,5,0,55,14,18,5,0
64676544,11,18,19,5,0,28,3,19,4,1,2,9,19,5,0,67,14,19,5,0,2,9,19,4,0,1,16,20,4,0
64674937,63,15,19,3,1,72,11,19,2,3,59,2,19,5,0,2,11,19,4,0,64,24,19,4,1,88,3,18,4,0
64673852,74,3,19,4,1,25,11,19,3,2,2,11,19,4,1,25,11,20,4,1,33,1,20,4,1,77,24,20,4,1
64671412,77,24,20,3,2,82,21,20,4,1,10,1,19,4,1,29,1,20,5,0,26,9,19,4,1,53,14,19,5,0
64695419,47,4,20,5,0,1,15,20,3,2,61,5,20,5,0,64,24,19,5,0,42,24,19,5,0,79,8,19,4,1
64695062,81,9,20,4,1,49,19,20,4,1,11,18,20,5,0,50,21,20,4,1,77,24,20,4,1,70,6,20,4,1
64694691,42,24,20,5,0,68,1,20,5,0,19,24,20,4,0,50,21,19,2,2,1,15,19,4,1,23,15,20,3,2
64694500,72,11,20,3,2,50,21,20,5,0,58,10,20,4,1,89,9,20,4,1,19,24,19,5,0,74,3,19,3,2
64694248,90,11,20,5,0,54,8,20,4,1,53,14,18,4,1,44,25,20,4,1,84,18,20,4,0,17,5,20,5,0
64693922,42,24,19,4,1,70,6,19,3,2,1,15,19,4,1,28,3,19,5,0,6,8,19,3,2,58,10,19,5,0
64693570,72,11,20,4,1,50,21,20,5,0,89,9,20,5,0,22,3,20,4,1,25,11,19,4,1,17,5,20,4,1
64693335,29,1,20,4,1,68,1,18,4,1,6,8,19,3,2,53,14,19,5,0,6,8,20,4,1,17,5,19,3,2
64693070,62,11,19,5,0,59,2,20,4,1,75,22,20,3,2,18,15,20,5,0,90,11,20,5,0,34,23,20,2,2
64692823,11,16,20,5,0,21,9,20,3,2,76,3,20,3,2,74,3,19,4,1,36,5,20,4,1,72,11,20,4,1
64663884,67,14,19,5,0,70,6,20,3,2,76,3,18,5,0,37,15,19,4,0,74,3,18,4,0,70,6,18,3,0
64662845,74,3,20,4,1,83,6,19,4,1,10,1,20,5,0,58,10,20,3,2,10,20,20,4,1,9,10,20,4,1
64661982,53,13,19,4,1,31,7,19,3,2,33,1,19,5,0,1,18,19,3,2,55,14,18,4,0,65,16,18,5,0
64661109,1,18,20,4,0,17,5,19,4,1,65,16,19,4,0,23,18,19,5,0,11,16,19,3,1,74,3,19,4,1
64658119,72,11,20,4,1,50,21,20,5,0,65,16,20,5,0,81,9,20,4,1,23,18,19,5,0,65,16,19,4,1
64657597,53,14,19,5,0,31,7,19,2,3,41,24,19,5,0,72,11,19,5,0,50,21,19,4,0,5,6,20,4,1
64483674,4,13,20,3,2,70,6,20,5,0,76,3,20,5,0,11,16,19,5,0,67,14,20,5,0,77,24,20,3,2
64483434,50,21,20,4,1,88,3,19,5,0,2,11,20,4,1,86,1,20,4,1,90,11,19,3,2,22,3,19,5,0
64483130,90,11,19,5,0,18,15,19,5,0,38,9,20,4,1,78,16,19,5,0,77,24,20,5,0,29,1,20,4,1
64698477,2,9,20,3,2,22,3,20,5,0,85,13,20,4,1,81,9,19,4,1,10,1,19,4,1,67,14,18,3,0
64689535,75,22,20,2,2,9,10,20,4,1,11,16,18,3,0,72,11,19,3,1,42,24,20,3,2,74,3,19,4,0
64689003,2,10,20,4,1,15,6,20,3,2,76,3,19,5,0,85,13,20,4,1,9,10,20,4,1,29,1,20,4,1
64688774,37,15,19,4,1,33,1,19,5,0,81,9,19,3,2,35,2,19,4,1,58,10,19,5,0,29,1,19,5,0
64688462,31,7,19,3,2,74,3,19,5,0,28,3,19,4,1,36,5,19,2,3,67,14,19,4,1,65,16,18,4,1
64688129,86,1,18,4,1,40,6,19,4,1,37,15,18,5,0,80,19,19,5,0,78,16,19,4,1,70,6,19,4,1
64687335,86,1,19,4,1,83,6,19,4,1,46,16,20,4,1,77,24,18,4,1,79,8,19,5,0,11,18,19,4,1
64686373,78,16,20,3,2,42,24,20,4,1,50,21,20,4,1,27,16,20,5,0,30,13,19,4,0,32,5,20,4,1
64685606,49,19,19,5,0,32,5,20,4,1,76,3,19,4,1,33,1,19,4,1,24,21,19,3,2,86,1,19,3,2
64675178,26,9,20,4,1,81,9,20,3,2,20,4,19,5,0,90,11,19,5,0,89,9,20,4,1,74,3,19,5,0
64673507,70,6,20,4,1,30,13,20,3,2,83,6,20,5,0,78,16,20,5,0,55,14,20,4,1,54,8,20,4,1
64624001,90,11,19,3,1,56,20,20,4,1,48,3,20,4,1,75,22,19,4,1,42,24,19,5,0,14,21,18,4,1
64622209,72,11,20,3,2,82,21,18,2,2,10,1,20,5,0,78,16,20,3,1,15,6,20,4,1,71,14,19,4,0
64620339,67,14,20,5,0,2,9,20,4,1,30,13,20,4,0,42,24,20,5,0,22,3,20,4,1,87,24,19,5,0
64612983,67,14,19,5,0,9,9,20,5,0,80,19,20,3,1,40,6,20,4,1,36,5,19,4,1,65,16,20,5,0
64612153,29,1,20,4,1,75,22,20,3,2,50,21,19,2,0,3,21,19,4,1,90,11,20,3,2,46,16,20,4,1
64558434,30,13,20,3,2,28,3,20,4,1,58,10,20,2,3,21,9,19,5,0,76,3,19,2,0,54,8,20,4,0
64654123,22,3,20,4,1,29,1,20,4,1,52,24,20,3,2,11,18,20,4,1,74,3,20,4,1,65,16,20,5,0
64653521,54,8,20,3,2,65,16,20,5,0,67,14,20,4,1,80,19,20,5,0,74,3,20,5,0,58,10,20,4,1
64653060,72,11,20,3,2,31,7,20,3,2,80,19,19,4,1,70,6,20,4,1,29,1,20,4,1,67,14,20,3,2
64652618,33,1,20,5,0,86,1,19,5,0,90,11,20,3,2,30,13,19,5,0,64,24,20,3,2,70,6,20,3,2
64652269,69,9,19,5,0,77,24,19,4,1,11,16,19,4,1,35,1,19,4,1,2,11,19,4,1,50,21,19,5,0
64651951,30,13,19,3,2,48,3,19,3,2,38,9,19,3,2,44,25,18,4,1,2,11,18,4,1,28,3,18,5,0
64651630,4,13,19,5,0,29,1,18,4,0,89,9,19,2,3,6,8,17,3,2,44,25,19,4,1,55,14,18,3,1
64461954,77,24,19,4,1,29,1,19,5,0,58,10,19,3,2,89,9,19,5,0,83,6,20,5,0,90,11,19,4,1
64460234,47,4,19,4,1,46,16,19,5,0,76,3,18,3,1,90,11,19,4,1,29,1,19,5,0,35,1,19,3,2
64670538,90,11,20,4,1,11,16,19,5,0,74,3,20,4,1,21,9,19,4,1,86,1,19,4,1,88,3,19,3,2
64667630,82,21,20,5,0,29,1,20,5,0,58,10,20,3,2,50,21,20,4,0,60,6,20,5,0,19,6,20,4,1
64666652,64,24,19,3,2,56,20,19,5,0,7,1,19,5,0,74,3,19,4,1,11,18,19,4,1,90,11,19,3,2
64665463,81,9,20,4,1,31,7,20,5,0,16,9,20,5,0,20,4,19,5,0,8,22,19,3,2,65,16,20,3,2
64597594,46,16,19,4,1,23,18,19,3,2,39,18,20,4,1,77,24,19,4,0,30,13,19,3,0,72,11,20,4,1
64596905,30,13,19,4,1,77,24,19,3,2,26,9,19,4,1,14,21,20,4,1,33,1,20,3,2,72,11,20,3,2
64596308,6,8,20,4,1,7,1,19,5,0,29,1,20,5,0,31,7,19,3,2,44,25,19,4,0,2,11,20,5,0
64596042,2,11,20,3,2,78,16,19,4,1,65,16,20,4,1,72,11,19,5,0,84,18,20,4,1,1,14,18,3,0
64595510,82,21,20,3,2,29,1,20,4,1,62,11,20,4,1,18,15,19,3,0,74,3,19,3,1,42,24,19,4,0
64691667,50,21,19,5,0,89,9,20,2,3,86,1,20,4,1,31,7,19,3,2,63,15,20,3,2,64,24,19,4,1
64691416,64,24,20,4,1,55,14,20,5,0,78,16,20,2,3,63,15,20,3,2,70,6,19,2,3,86,1,20,4,1
64691255,72,11,19,3,2,39,21,19,4,1,11,16,18,4,1,64,24,19,4,1,1,18,18,4,1,77,24,18,4,1
64691060,72,11,18,5,0,80,19,16,2,0,82,21,17,5,0,41,24,17,2,0,2,10,17,4,0,55,14,17,4,1
64690859,50,21,14,4,0,1,18,14,2,0,2,10,14,3,0,21,9,12,3,0,65,16,12,1,0,64,24,13,1,0
64690545,74,3,17,4,0,90,11,18,4,1,48,3,17,5,0,53,14,16,3,0,76,3,16,4,0,11,16,16,4,0
64690216,14,21,19,5,0,63,15,20,4,1,68,1,19,5,0,70,6,20,4,0,76,3,18,2,2,71,14,19,3,0
64689555,70,6,17,4,0,50,21,17,4,0,31,7,17,4,0,15,5,16,2,0,72,11,15,3,0,11,16,16,5,0
64661750,65,16,20,5,0,1,15,20,4,1,61,5,19,4,1,59,2,20,4,1,69,9,19,3,0,46,16,20,3,2
64653395,53,14,19,4,0,18,15,19,5,0,89,9,19,3,0,78,16,19,3,1,43,5,19,4,1,90,11,19,5,0
64537363,2,11,20,4,1,76,3,19,4,1,72,11,20,5,0,87,24,17,3,0,67,14,18,3,0,33,1,19,5,0
64536963,75,22,20,5,0,53,14,19,4,1,46,16,20,4,1,33,1,19,4,1,22,3,20,2,3,90,11,19,5,0
64536502,65,16,20,5,0,20,4,19,4,1,70,6,20,4,1,59,2,20,5,0,90,11,19,3,2,27,2,20,3,1
64535882,53,14,19,5,0,87,24,19,4,1,12,7,20,4,1,31,7,20,3,2,75,22,20,4,1,90,11,19,4,1
64535421,89,9,19,5,0,46,16,19,4,0,33,1,18,1,0,57,23,19,5,0,90,11,19,5,0,35,2,19,5,0
64534876,53,14,19,4,0,87,24,19,3,2,74,3,19,3,2,84,18,19,5,0,30,13,19,3,0,17,5,17,2,2
64534685,88,3,19,4,1,65,16,20,5,0,72,11,19,3,2,5,6,19,4,1,29,1,19,4,0,76,3,18,3,1
64442778,53,14,19,4,0,87,24,20,4,1,78,16,20,4,1,18,15,20,4,1,43,5,20,4,1,65,16,20,4,1
64442215,78,16,20,5,0,37,15,20,4,1,72,11,19,5,0,29,1,20,5,0,90,11,20,5,0,33,1,20,5,0
64441618,89,9,19,4,1,18,15,19,5,0,90,11,18,5,0,68,1,18,3,0,87,24,19,4,1,18,15,19,4,1
64658245,25,11,20,4,1,80,19,20,4,1,67,14,20,3,2,82,21,20,4,1,79,8,20,4,1,35,2,20,4,1
64657481,27,9,20,4,0,82,21,19,2,2,11,18,20,4,1,11,16,19,5,0,79,8,19,3,2,78,16,19,4,1
64657013,55,14,20,5,0,25,11,20,1,4,61,5,20,4,1,59,2,20,4,1,22,3,20,5,0,6,8,20,4,1
64627614,49,19,20,2,3,81,9,20,4,1,65,16,20,5,0,58,10,19,3,2,74,3,20,4,1,60,6,19,4,1
64596224,68,1,19,5,0,81,9,19,3,2,14,21,19,4,1,90,11,19,4,1,30,13,19,5,0,9,10,19,3,2
64595718,58,10,20,4,1,76,3,19,4,1,66,24,20,5,0,52,24,20,4,1,15,6,19,5,0,59,2,20,5,0
64595400,78,16,20,4,1,31,7,20,4,0,25,11,20,5,0,18,15,20,2,3,46,16,20,3,2,88,3,19,5,0
64575727,33,1,19,5,0,80,19,20,4,1,31,7,20,3,2,75,22,20,4,1,76,3,20,4,1,17,5,20,4,1
64573324,36,5,20,4,1,31,7,20,3,2,11,16,20,5,0,38,9,20,3,2,29,1,20,5,0,53,13,19,5,0
64698086,40,6,19,4,1,89,9,20,3,2,67,14,20,4,1,1,15,19,5,0,4,3,19,5,0,21,9,19,5,0
64697793,46,16,19,5,0,39,18,19,4,1,86,1,19,2,3,89,9,20,5,0,1,18,19,4,1,88,3,19,3,1
64673394,55,14,18,2,0,90,11,19,3,1,6,8,19,3,0,6,8,20,3,2,3,21,20,4,1,77,24,20,4,1
64672303,4,13,19,4,1,11,18,20,4,1,21,9,19,3,2,77,24,20,4,1,68,1,19,4,0,15,5,19,4,1
64670465,53,14,19,4,1,10,1,19,5,0,24,21,19,5,0,11,16,18,4,0,77,24,19,4,1,80,19,19,4,0
64669412,2,10,20,4,1,22,3,20,5,0,56,20,20,4,1,78,16,20,5,0,2,11,20,4,1,42,24,20,4,1
64624823,77,24,20,3,2,38,9,20,4,1,88,3,19,4,1,53,14,19,4,1,54,8,20,5,0,78,16,20,5,0
64623350,44,25,20,5,0,89,9,20,4,1,33,1,20,5,0,29,1,20,4,1,71,14,20,3,2,87,24,19,4,1
64621762,9,10,19,4,1,10,1,20,3,2,29,1,20,5,0,14,21,18,4,1,67,14,19,3,2,13,19,19,4,0
64697966,17,5,20,4,1,74,3,20,5,0,88,3,19,3,2,27,6,19,4,0,40,6,20,3,2,59,2,20,4,1
64697726,64,24,19,4,1,33,1,20,3,2,2,11,20,3,2,17,5,19,4,1,88,3,20,5,0,90,11,20,3,2
64690608,78,16,19,4,0,72,11,19,3,2,22,3,19,5,0,14,21,17,4,0,26,9,17,2,1,33,1,19,3,1
64689979,25,11,20,4,1,18,15,20,2,3,90,11,20,4,1,61,5,19,5,0,40,6,20,4,1,73,24,19,4,0
64689561,48,3,20,5,0,64,24,20,4,1,78,16,20,5,0,11,18,20,5,0,46,16,20,4,1,28,3,20,3,1
64688823,1,15,20,5,0,19,6,20,3,2,54,8,20,5,0,33,1,19,5,0,18,15,19,4,1,21,9,20,4,1
64688348,35,2,20,4,1,22,3,20,3,2,19,24,20,3,2,81,9,20,3,2,90,11,19,3,2,20,4,20,4,1
64687022,82,21,18,4,0,44,25,18,3,2,14,21,18,3,1,15,5,17,2,0,42,24,16,4,0,53,14,17,2,0
64560387,26,9,16,4,1,7,1,17,5,0,28,3,18,4,1,19,24,16,5,0,42,24,16,3,1,18,15,16,3,1
64684814,48,3,19,4,1,86,1,19,5,0,75,22,19,4,1,81,9,19,4,1,79,8,19,4,0,74,3,19,2,1
64683461,18,15,20,4,1,31,7,19,4,1,22,3,20,5,0,85,13,19,3,1,15,5,20,3,2,28,3,19,4,0
64682850,64,24,20,5,0,80,19,20,4,1,2,11,20,3,2,1,15,20,4,0,2,10,20,4,1,40,6,20,4,0
64682095,86,1,19,4,1,33,1,18,5,0,90,11,19,5,0,80,19,19,5,0,59,2,19,4,1,72,11,18,3,2
64680440,18,15,20,3,2,10,1,19,5,0,90,11,20,4,1,80,19,20,4,1,68,1,19,4,0,65,16,20,4,1
64641276,3,21,19,2,0,48,3,19,2,0,30,13,18,1,0,34,23,19,4,1,59,2,20,5,0,29,1,19,3,2
64640893,29,1,20,5,0,8,22,20,4,1,49,19,20,5,0,76,3,19,4,1,2,9,20,4,1,31,7,20,4,1
64639725,6,8,18,5,0,24,21,18,4,1,29,1,19,5,0,33,1,18,4,0,89,9,18,3,0,77,24,18,3,1
64638272,31,7,20,4,1,76,3,19,5,0,11,18,20,3,2,51,22,20,3,2,58,10,19,3,2,89,9,20,5,0
64688828,53,14,19,5,0,89,9,20,4,1,43,5,20,3,2,29,1,19,4,1,12,7,20,5,0,1,14,19,5,0
64688005,72,11,19,4,1,10,1,20,5,0,65,16,20,3,2,79,8,20,3,2,1,18,19,4,1,29,1,20,5,0
64687679,81,9,19,4,0,59,2,19,5,0,11,18,20,4,1,72,11,20,5,0,10,20,20,3,2,47,4,20,3,2
64687356,75,22,20,3,2,28,3,19,5,0,74,3,19,4,1,31,7,20,3,2,44,25,19,4,1,58,10,19,4,1
64686498,28,3,19,5,0,14,21,19,3,2,31,7,19,4,1,64,24,20,4,1,89,9,20,3,2,65,16,19,4,1
64685550,7,1,19,3,2,59,2,20,4,1,89,9,20,3,2,65,16,20,4,0,3,21,20,4,0,2,11,20,5,0
64684757,27,6,20,3,1,58,10,20,3,2,28,3,20,4,1,2,11,19,2,0,33,1,20,4,0,19,6,19,3,1
64653043,72,11,20,5,0,75,22,19,3,2,13,15,19,4,0,78,16,20,2,2,36,5,20,4,1,11,16,19,5,0
64652536,65,16,19,3,2,58,10,20,3,2,35,2,20,2,3,87,24,19,5,0,54,8,19,4,1,71,14,19,4,1
64679602,18,15,20,4,1,40,6,20,3,2,69,9,20,3,0,83,6,20,3,2,78,16,19,3,2,65,16,19,4,1
64668049,18,15,18,5,0,78,16,18,4,1,76,3,17,4,0,22,3,17,4,1,72,11,17,4,1,44,25,18,5,0
64664446,82,21,20,5,0,20,4,20,5,0,2,10,20,4,1,61,5,19,4,0,18,15,20,3,2,90,11,20,4,1
64662665,4,13,19,4,0,59,2,19,4,0,64,24,19,5,0,11,16,19,4,1,90,11,20,5,0,1,16,20,4,1
64615014,43,5,20,4,1,44,25,19,4,1,1,15,20,4,1,65,16,19,5,0,48,3,20,4,1,82,21,20,4,0
64614192,7,1,18,4,1,90,11,18,4,1,89,9,19,5,0,82,21,19,4,0,2,10,18,4,1,4,13,18,4,0
64613030,70,6,19,4,1,42,24,19,5,0,86,1,19,5,0,58,10,18,4,1,77,24,19,5,0,56,20,19,5,0
64560886,2,11,20,4,1,11,18,20,5,0,84,18,20,5,0,29,1,19,4,1,7,1,19,5,0,72,11,20,3,2
64559946,79,8,19,3,2,23,18,19,3,1,27,9,18,4,0,48,3,19,4,1,65,16,18,4,0,35,2,19,5,0
64558791,81,9,20,2,3,16,9,20,4,1,48,3,20,4,1,72,11,20,3,2,62,11,20,3,1,88,3,20,4,0
64557552,61,5,19,4,1,62,11,19,4,1,78,16,19,5,0,81,9,20,3,2,7,1,20,5,0,35,2,19,4,0
64556337,32,5,19,3,2,1,18,19,5,0,47,4,19,4,1,65,16,19,5,0,71,14,19,5,0,69,9,18,2,1
64691280,62,11,20,4,1,65,16,19,4,1,45,4,19,4,0,78,16,20,5,0,15,5,20,4,1,70,6,20,5,0
64690966,72,11,20,4,1,20,4,19,4,1,67,14,19,4,1,13,15,20,4,1,48,3,20,3,2,72,11,20,3,2
64597544,64,24,20,5,0,28,3,20,5,0,53,14,19,4,1,82,21,19,4,1,4,13,19,5,0,14,21,20,4,1
64597016,87,24,18,2,3,53,14,19,5,0,23,18,19,5,0,28,3,19,4,1,90,11,18,4,0,67,14,19,5,0
64594973,77,24,19,5,0,20,4,18,2,1,40,6,19,3,2,56,20,20,5,0,47,4,19,4,0,33,1,19,5,0
64592426,80,19,20,2,3,69,9,20,5,0,72,11,20,2,3,39,18,20,5,0,72,11,20,3,2,65,16,20,5,0
64536734,82,21,20,5,0,88,3,20,5,0,15,6,20,3,2,90,11,20,4,1,46,16,20,4,1,27,6,19,5,0
64536222,33,1,18,4,1,72,11,19,3,2,46,16,19,4,1,8,22,19,3,2,87,24,19,4,1,30,13,18,5,0
64531717,75,22,20,5,0,11,16,20,5,0,10,20,20,4,1,22,3,19,3,2,2,11,20,4,1,26,9,20,4,1
64697312,81,9,20,4,1,11,18,20,4,1,86,1,20,5,0,52,24,20,4,0,14,21,20,4,1,65,16,20,5,0
64696483,70,6,19,5,0,37,15,20,5,0,76,3,20,4,1,71,14,19,4,1,22,3,20,2,2,1,15,20,4,1
64696209,1,16,20,5,0,3,21,20,5,0,70,6,19,4,1,86,1,18,5,0,65,16,19,5,0,3,16,19,4,1
64695958,49,19,20,5,0,50,21,19,5,0,70,6,19,3,2,17,5,20,5,0,18,15,20,4,1,76,3,20,4,0
64695543,6,8,20,2,3,26,9,20,3,2,4,3,20,4,1,1,15,20,4,1,5,5,20,3,2,86,1,19,5,0
64684490,58,10,20,3,2,28,3,20,4,1,11,18,20,5,0,20,4,19,3,1,31,7,20,4,1,22,3,19,5,0
64683079,89,9,20,5,0,47,4,20,4,1,86,1,19,5,0,1,15,20,5,0,33,1,19,5,0,38,9,20,4,1
64681042,1,15,19,3,2,5,5,20,3,2,67,14,19,5,0,30,13,19,3,0,16,9,20,5,0,1,15,20,5,0
64668722,53,14,20,5,0,90,11,20,4,1,31,7,20,3,2,50,21,20,4,1,81,9,20,4,1,65,16,19,3,1
64666260,72,11,20,4,1,22,3,19,3,2,44,25,20,5,0,6,8,19,4,1,25,11,19,5,0,29,1,19,5,0
64665163,19,24,20,3,2,25,11,20,4,1,44,25,20,4,1,61,5,20,4,0,88,3,19,2,1,81,9,20,4,0
64614666,27,9,20,5,0,72,11,20,4,1,89,9,20,3,2,22,3,19,4,0,18,15,20,5,0,14,21,20,3,1
64614046,17,5,20,5,0,33,1,20,4,1,18,15,20,4,1,74,3,20,4,1,18,15,20,3,2,72,11,20,4,1
64612989,65,16,20,5,0,14,21,20,4,1,90,11,20,3,2,77,24,20,4,1,33,1,20,5,0,27,6,20,4,0
64601651,89,9,20,5,0,70,6,20,5,0,33,1,20,5,0,25,11,20,4,1,90,11,20,5,0,2,10,19,3,2
64600586,83,6,19,5,0,9,10,20,3,2,29,2,20,5,0,65,16,20,4,1,1,15,20,4,1,54,8,20,4,1
64599589,33,1,20,4,1,70,6,20,4,0,86,1,20,4,0,18,15,20,2,3,9,10,19,4,1,45,4,20,5,0
64598929,1,14,20,4,1,82,21,20,4,1,32,5,19,3,2,22,3,20,5,0,87,24,20,5,0,18,15,20,5,0
64686446,10,20,19,5,0,90,11,19,4,1,78,16,19,5,0,77,24,20,3,2,76,3,19,4,0,26,9,20,4,1
64685271,6,8,20,4,1,29,1,20,3,2,18,15,20,4,1,74,3,19,5,0,31,7,19,3,2,80,19,19,3,2
64684395,33,1,19,4,1,22,3,20,3,2,34,23,20,4,1,31,7,20,4,1,71,14,20,5,0,33,1,20,5,0
64683885,23,18,20,4,1,77,24,20,4,1,29,1,19,4,1,19,24,20,4,1,24,21,20,5,0,61,5,20,5,0
64667516,67,14,20,4,1,22,3,20,3,2,2,9,19,4,1,75,22,20,3,2,33,1,20,4,1,70,6,19,4,1
64666715,33,1,19,5,0,72,11,18,4,1,1,15,19,4,1,59,2,18,4,1,54,8,19,4,1,22,3,19,1,2
64665124,26,9,20,4,1,74,3,19,4,0,90,11,19,3,2,11,18,20,3,2,61,5,19,5,0,21,9,20,4,1
64664331,36,5,20,3,2,19,24,19,3,2,59,2,20,4,1,28,3,19,5,0,2,10,20,4,1,71,14,20,4,1
64663828,42,24,20,4,1,78,16,19,3,2,56,20,20,3,2,56,20,20,4,1,76,3,20,5,0,32,5,20,3,2
64654900,11,18,20,4,1,77,24,19,4,1,61,5,20,3,2,82,21,20,3,2,43,5,20,3,2,35,2,19,4,1
64564506,21,9,20,4,1,14,21,20,5,0,59,2,20,4,1,46,16,19,4,1,90,11,20,3,2,47,4,20,4,1
64516435,55,14,20,5,0,2,11,20,4,1,14,21,20,4,1,21,9,20,3,2,12,7,20,4,1,16,9,20,4,1
64514968,2,11,19,4,1,21,9,18,3,2,28,13,19,4,1,87,24,18,4,1,4,3,20,4,1,88,3,19,4,1
64458531,21,9,20,4,1,18,15,20,4,1,10,1,20,4,1,78,16,20,4,1,56,20,19,5,0,89,9,19,4,1
64364998,13,19,20,4,1,77,24,19,3,2,10,1,20,4,1,58,10,20,5,0,20,4,19,5,0,9,10,20,4,1
64362375,11,18,20,5,0,2,11,20,4,1,50,21,20,5,0,65,16,19,4,1,1,15,19,4,1,76,3,19,5,0
64304991,50,21,19,4,0,29,1,20,5,0,32,5,19,4,0,56,20,20,4,1,1,15,19,4,1,69,9,19,4,0
64301261,21,9,19,3,0,76,3,18,2,1,17,5,19,3,1,58,10,20,4,1,39,21,20,4,1,29,1,20,4,1
64691332,86,1,18,5,0,39,18,18,5,0,4,13,18,4,0,7,1,19,3,2,18,15,18,4,0,35,1,18,4,0
64691146,76,3,18,4,0,40,6,20,3,2,24,21,20,5,0,29,1,19,4,1,4,13,19,5,0,2,11,19,5,0
64690996,31,7,19,3,2,54,8,20,5,0,20,4,19,4,1,29,1,19,5,0,54,8,20,3,2,84,18,20,4,1
64690606,39,21,20,4,1,26,9,20,4,1,33,1,20,4,1,53,14,20,4,1,90,11,20,5,0,18,15,20,4,1
64690441,55,14,19,5,0,89,9,20,3,2,2,11,20,3,2,85,13,20,4,1,1,15,20,4,1,66,24,20,5,0
64690228,32,5,19,3,2,89,9,20,3,2,33,1,19,4,0,11,16,19,4,1,83,6,20,4,1,21,9,19,4,1
64689812,76,3,17,5,0,1,15,18,4,0,21,9,18,4,1,58,10,18,4,1,53,14,18,3,0,27,9,18,4,0
64689545,74,3,19,5,0,21,9,20,4,1,46,16,20,5,0,67,14,20,4,1,90,11,20,3,2,11,16,20,5,0
64689273,74,3,20,5,0,81,9,20,3,2,8,22,20,4,1,54,8,20,3,1,1,15,19,5,0,11,16,20,5,0
64688812,1,18,20,2,3,59,2,20,3,2,85,13,20,3,2,5,6,20,5,0,2,10,20,4,1,14,21,20,5,0
64681174,36,5,20,4,1,20,4,19,5,0,15,5,20,4,1,1,15,19,4,1,66,24,19,5,0,27,2,19,3,0
64678839,90,11,20,4,1,14,21,20,5,0,60,6,20,5,0,11,16,19,4,0,9,10,20,4,1,36,5,20,4,1
64677075,3,21,20,4,1,56,20,19,4,1,70,6,20,4,1,42,24,20,4,1,74,3,19,5,0,70,6,20,4,1
64675383,65,16,20,5,0,2,9,20,3,2,55,14,19,4,1,4,3,18,4,1,47,4,20,4,1,70,6,19,4,1
64673338,38,9,19,5,0,15,5,19,4,1,58,10,20,4,1,54,8,20,4,1,48,3,20,4,1,68,1,19,3,1
64672586,19,24,20,4,1,28,3,20,3,2,11,18,20,5,0,90,11,20,3,2,1,14,19,4,1,86,1,20,3,2
64670747,13,19,19,5,0,62,11,20,4,1,23,18,20,3,2,31,7,20,4,1,78,16,20,5,0,25,11,20,5,0
64668395,76,3,19,5,0,43,5,20,4,1,82,21,20,4,1,39,18,20,4,1,69,9,20,4,0,50,21,20,4,1
64638588,2,9,20,5,0,29,1,20,4,1,88,3,19,5,0,67,14,19,5,0,39,21,20,5,0,37,15,19,4,1
64637400,67,14,20,4,1,17,5,20,4,1,1,15,19,5,0,75,22,20,3,2,88,3,20,5,0,7,1,20,3,2
64578118,28,13,18,4,0,88,3,17,5,0,31,7,17,4,0,25,11,17,5,0,15,5,17,4,0,74,3,17,5,0
64499670,39,18,20,4,1,90,11,20,4,1,86,1,20,5,0,80,19,20,4,1,42,24,19,4,1,61,5,19,5,0
64499213,33,1,19,4,0,23,18,19,2,2,25,11,20,4,1,25,11,19,3,1,89,9,19,3,1,56,20,19,2,3
64454049,72,11,19,3,2,17,5,19,4,1,14,21,18,4,1,83,6,19,4,0,81,9,18,5,0,90,11,18,4,1
64367939,61,5,19,3,2,30,13,18,5,0,9,9,17,3,1,72,11,19,3,1,31,7,18,3,0,9,9,18,3,0
64366966,10,1,20,5,0,90,11,20,5,0,72,11,20,5,0,1,15,19,5,0,10,1,19,4,1,66,24,20,4,1
64365497,88,3,19,5,0,90,11,19,4,1,72,11,20,4,1,76,3,18,3,1,42,24,19,3,0,2,9,19,4,0
64364461,9,10,20,3,2,82,21,20,3,2,4,13,20,5,0,78,16,20,4,1,68,1,20,5,0,25,11,19,4,1
64362450,74,3,19,5,0,36,5,19,5,0,33,1,19,5,0,77,24,20,4,1,63,15,19,4,1,90,11,20,4,1
64607390,20,4,18,1,1,31,7,19,5,0,1,15,19,3,1,42,24,19,5,0,75,22,18,5,0,85,13,19,1,3
64606583,68,1,19,2,1,25,11,20,4,1,26,9,20,2,3,81,9,20,4,1,62,11,20,2,0,11,18,20,4,0
64602848,11,18,20,5,0,56,20,20,5,0,29,1,20,3,2,33,1,20,4,1,64,24,20,2,3,23,18,20,5,0
64601997,6,8,20,5,0,74,3,20,4,1,90,11,20,4,1,88,3,20,5,0,89,9,20,4,1,11,16,20,4,1
64600923,78,16,19,4,1,30,13,20,4,1,2,10,20,3,2,78,16,20,4,1,90,11,20,4,1,28,3,20,5,0
64600398,72,11,20,4,1,26,9,20,4,1,2,11,19,4,1,74,3,19,4,1,77,24,19,4,1,11,16,19,4,1
64308373,88,3,18,4,0,28,3,19,3,1,17,5,19,4,1,90,11,20,4,1,39,18,20,4,1,6,8,20,3,1
64307707,8,22,19,3,2,38,9,18,3,1,73,24,18,4,0,65,16,18,5,0,42,24,18,4,1,47,4,18,4,0
64662164,11,18,16,4,0,87,24,16,2,0,20,4,16,2,1,84,18,16,4,0,7,1,17,5,0,21,9,17,3,1
64661033,36,5,19,4,1,78,16,20,4,1,11,16,20,4,1,64,24,19,3,2,69,9,18,5,0,37,15,19,4,1
64660436,49,19,20,4,1,64,24,20,5,0,60,6,20,5,0,13,19,19,5,0,78,16,20,3,2,90,11,20,4,1
64659031,49,19,19,3,1,12,7,19,4,0,39,18,19,5,0,80,19,20,3,1,86,1,19,5,0,61,5,19,4,1
64658374,44,25,19,5,0,3,16,20,5,0,11,18,20,5,0,65,16,20,4,1,2,9,20,4,1,54,8,20,3,2
64657494,76,3,19,5,0,1,15,20,3,2,77,24,19,4,1,49,19,20,4,1,70,6,20,3,2,27,6,19,4,0
64656743,51,22,20,4,1,46,16,20,5,0,72,11,20,2,3,33,1,19,5,0,84,18,20,4,1,76,3,19,5,0
64521269,21,9,19,4,1,46,16,19,4,1,82,21,19,5,0,31,7,20,4,0,1,18,19,5,0,78,16,19,4,1
64595488,42,24,20,4,1,47,4,19,3,2,77,24,20,5,0,33,1,19,4,1,88,3,19,2,1,72,11,20,4,1
64538896,73,24,18,4,0,65,16,19,5,0,74,3,19,4,1,81,9,19,5,0,28,3,19,3,2,23,15,19,5,0
64538471,78,16,16,3,0,81,9,15,3,0,46,16,16,3,0,4,13,16,2,0,37,15,16,5,0,40,6,14,3,0
64537774,90,11,19,4,0,24,3,19,2,1,72,11,19,5,0,65,16,19,5,0,72,11,19,5,0,17,5,19,4,1
64537323,83,6,16,3,0,90,11,16,4,0,65,16,17,4,0,1,15,16,5,0,18,15,16,4,0,63,15,17,5,0
64536944,77,24,20,4,1,85,13,19,4,1,78,16,19,5,0,90,11,19,4,1,49,19,19,4,1,88,3,19,3,2
64536017,84,18,20,4,1,2,11,20,4,1,70,6,19,4,1,84,18,20,3,2,17,5,20,5,0,55,14,19,5,0
64535673,1,15,19,4,1,47,4,19,3,2,28,3,19,4,1,53,14,18,4,1,39,21,19,5,0,25,11,19,5,0
64535309,81,9,20,4,1,35,2,20,4,1,18,15,20,4,1,74,3,19,4,1,90,11,20,4,1,86,1,20,3,1
64534749,78,16,20,3,2,74,3,20,5,0,15,5,20,4,1,80,19,20,3,1,28,13,18,3,0,17,5,19,5,0
64658916,37,15,20,5,0,58,10,20,4,1,74,3,19,5,0,48,3,18,4,1,64,24,19,4,1,3,16,19,4,1
64671620,54,8,20,4,1,81,9,20,3,2,76,3,20,5,0,66,24,20,4,1,64,24,20,4,1,77,24,20,4,1
64670703,72,11,19,5,0,81,9,20,4,1,64,24,20,5,0,84,18,19,4,1,42,24,20,4,1,88,3,20,5,0
64668023,31,7,18,4,0,11,16,19,3,0,53,14,17,3,0,76,3,18,4,0,42,24,18,4,0,34,23,20,5,0
64666782,70,6,20,5,0,50,21,20,3,1,42,24,20,5,0,90,11,20,5,0,76,3,19,5,0,15,5,20,4,1
64665583,89,9,20,3,1,87,24,20,5,0,74,3,19,4,0,78,16,20,3,2,74,3,19,4,1,4,13,20,3,2
64664468,34,23,19,4,1,76,3,19,5,0,43,5,19,4,1,38,9,18,3,2,30,13,19,3,0,88,3,19,5,0
63931946,34,23,20,3,2,74,3,20,5,0,25,11,20,4,1,11,18,20,5,0,58,10,20,4,1,18,15,20,4,1
63931302,88,3,20,5,0,14,21,20,3,2,75,22,20,3,2,65,16,20,4,1,72,11,20,3,2,28,3,20,4,1
64698845,76,3,20,4,1,74,3,20,5,0,72,11,20,3,2,3,21,20,3,2,75,22,20,4,1,86,1,20,4,1
64698347,21,9,20,3,2,88,3,20,2,3,66,24,20,4,1,81,9,20,5,0,49,19,20,3,2,50,21,20,5,0
64698059,7,1,20,3,1,14,21,19,5,0,15,5,20,5,0,16,9,20,4,0,26,9,19,2,3,53,14,20,5,0
64697749,80,19,19,4,1,2,10,20,2,3,50,21,19,4,1,79,8,20,3,2,83,6,20,5,0,86,1,20,5,0
64697203,50,21,20,4,1,72,11,20,5,0,83,6,20,4,1,76,3,20,4,1,6,8,20,3,2,11,18,19,4,1
64696636,89,9,19,5,0,11,18,20,4,1,74,3,19,5,0,6,7,19,4,1,1,18,19,5,0,53,13,19,5,0
64696346,8,22,19,3,2,59,2,19,4,1,67,14,20,4,1,23,15,18,5,0,89,9,19,4,1,29,1,19,4,1
64696198,43,5,20,4,1,81,9,20,4,1,88,3,19,5,0,40,6,20,3,2,64,24,20,5,0,44,25,20,4,1
64637415,17,5,20,4,1,85,13,19,4,1,90,11,20,4,1,85,13,20,4,1,25,11,20,3,2,4,13,19,4,0
64635643,87,24,18,4,1,1,18,19,4,1,7,1,19,5,0,67,14,18,4,1,22,3,19,5,0,72,11,19,3,2
64601476,21,9,19,3,2,86,1,18,3,0,78,16,19,5,0,64,24,18,5,0,72,11,18,3,2,7,1,18,4,0
64319390,46,16,19,4,1,42,24,19,4,1,53,14,19,5,0,74,3,18,3,0,64,24,18,5,0,34,23,19,2,1
64317566,90,11,19,2,2,74,3,18,5,0,7,1,18,4,1,79,8,19,4,1,33,1,19,4,0,74,3,19,4,1
64316345,2,10,19,5,0,12,7,19,3,2,76,3,19,5,0,90,11,19,4,1,29,1,19,5,0,65,16,18,3,1
64299686,35,1,18,4,0,84,18,17,1,0,60,6,18,4,1,74,3,18,5,0,72,11,18,4,1,42,24,17,4,1
64299096,49,19,18,5,0,73,24,16,3,0,89,9,18,3,2,76,3,17,3,0,35,2,17,4,0,89,9,18,3,1
64298331,82,21,18,4,1,67,14,17,5,0,7,1,18,4,0,53,14,17,5,0,19,24,16,3,1,42,24,16,2,1
64668809,49,19,19,5,0,84,18,19,4,1,64,24,20,4,1,70,6,19,5,0,90,11,19,5,0,35,2,19,4,1
64667538,67,14,18,5,0,82,21,19,3,1,90,11,18,5,0,81,9,19,4,1,88,3,18,3,0,2,10,18,5,0
64454403,90,11,20,4,1,14,21,19,3,1,81,9,19,3,1,74,3,19,5,0,11,16,19,4,1,8,22,20,2,3
64452759,79,8,20,3,2,18,15,19,4,1,78,16,20,4,1,50,21,20,4,1,28,3,20,4,1,89,9,19,4,1
64452255,42,24,19,5,0,64,24,19,3,2,17,5,19,3,1,74,3,19,5,0,31,7,19,3,2,88,3,19,3,2
64451277,76,3,18,2,0,78,16,19,4,1,43,5,19,4,0,31,7,19,3,2,64,24,19,4,1,33,1,19,5,0
64450773,70,6,19,5,0,73,24,18,3,0,81,9,19,4,1,29,1,18,4,0,11,16,18,4,0,19,6,18,4,1
64448017,76,3,20,5,0,54,8,20,4,1,74,3,20,5,0,45,4,19,4,1,12,6,19,4,1,70,6,20,4,1
64447238,88,3,18,4,1,75,22,18,3,2,72,11,19,4,1,76,3,18,3,0,88,3,18,2,1,9,10,19,4,0
64674474,57,23,20,4,1,4,13,20,4,1,18,15,20,4,1,82,21,19,5,0,74,3,19,5,0,90,11,19,4,0
64672559,79,8,20,4,1,53,14,19,5,0,90,11,20,4,1,63,15,20,3,2,18,15,20,4,1,7,1,20,3,2
64671205,66,24,19,5,0,67,14,19,4,1,46,16,19,4,1,66,24,19,4,1,3,21,19,3,2,1,15,19,4,1
64669204,58,10,20,3,2,46,16,19,4,1,74,3,19,4,0,81,9,19,4,1,30,13,19,5,0,84,18,19,3,2
64664949,24,21,20,3,2,33,1,19,5,0,61,5,20,4,1,44,25,20,4,1,20,4,20,5,0,52,24,20,4,1
64664323,54,8,20,3,2,28,13,20,3,2,37,15,20,5,0,56,20,20,5,0,9,10,20,4,1,82,21,20,5,0
64662650,59,2,20,4,1,28,3,20,4,1,77,24,20,3,2,86,1,19,4,1,81,9,20,3,2,82,21,19,4,1
64662214,64,24,20,4,1,15,6,20,3,2,88,3,20,5,0,71,14,20,5,0,23,18,20,5,0,2,9,20,3,2
64564068,76,3,20,4,1,90,11,20,3,2,47,4,19,5,0,64,24,20,5,0,88,3,20,2,3,1,16,20,4,1
64562165,30,13,19,3,0,78,16,19,5,0,62,11,20,5,0,53,14,19,5,0,58,10,20,4,1,74,3,19,5,0
64405453,77,24,20,4,1,46,16,20,5,0,18,15,19,4,1,15,5,20,3,2,77,24,19,5,0,90,11,19,3,2
64404935,13,15,20,2,3,90,11,20,3,2,27,16,20,4,1,19,24,20,3,2,66,24,20,4,1,90,11,20,4,1
64401009,23,18,19,4,1,78,16,19,4,1,12,7,19,4,1,11,16,19,4,1,70,6,20,5,0,73,24,18,2,0
64400399,42,24,20,5,0,21,9,19,4,1,88,3,20,4,1,25,11,19,3,2,72,11,19,4,1,67,14,20,4,1
64399392,74,3,19,5,0,36,5,19,3,2,90,11,19,3,2,23,18,20,3,2,78,16,20,4,1,12,7,20,3,2
64397321,50,21,19,4,0,90,11,20,4,1,81,9,20,5,0,89,9,19,4,1,78,16,19,4,0,30,13,19,4,0
64676594,74,3,19,5,0,38,9,19,3,2,86,1,19,5,0,33,1,18,3,0,76,3,19,3,0,31,7,19,3,2
64613415,2,9,18,3,2,74,3,18,5,0,83,6,18,5,0,55,14,19,4,0,47,4,19,4,1,48,3,19,5,0
64593915,84,18,17,5,0,68,1,17,4,1,52,24,19,4,1,33,1,18,5,0,24,21,17,3,2,28,3,18,3,2
64570861,72,11,20,3,2,64,24,20,5,0,74,3,20,3,2,58,10,20,4,1,40,6,20,3,2,74,3,20,4,1
64567596,21,9,19,3,2,81,9,19,4,1,46,16,19,3,0,2,10,19,2,1,72,11,19,4,0,12,7,19,3,0
64318216,89,9,18,4,0,74,3,19,4,1,62,11,19,4,1,89,9,19,4,1,24,21,19,3,2,67,14,19,5,0
64317138,90,11,19,3,2,16,9,20,4,1,22,3,19,5,0,43,5,19,4,1,18,15,20,4,1,86,1,19,4,1
64262156,75,22,19,4,1,6,8,19,4,1,27,9,19,4,1,83,6,20,4,1,88,3,19,5,0,26,9,19,4,1
64260728,23,18,18,4,1,81,9,19,3,1,47,4,19,4,0,48,3,20,5,0,82,21,20,4,1,67,14,19,4,0
64630148,78,16,20,3,2,39,18,20,3,2,41,24,19,5,0,64,24,20,5,0,84,18,20,4,1,67,14,20,4,1
64628805,58,10,20,4,1,23,18,19,3,2,33,1,19,4,1,63,15,19,5,0,71,14,19,5,0,83,6,20,4,1
64627535,43,5,20,3,2,76,3,20,5,0,72,11,20,3,2,39,21,20,4,1,75,22,20,5,0,50,21,19,5,0
64608781,78,16,20,3,2,50,21,19,5,0,26,9,20,4,1,39,18,20,4,1,41,24,20,4,0,26,9,20,5,0
64607350,7,1,19,3,1,56,20,20,4,1,1,14,20,3,2,58,10,20,4,0,18,15,20,5,0,11,18,20,5,0
64606700,32,5,20,4,1,17,5,20,4,1,76,3,20,5,0,80,19,20,4,1,58,10,20,5,0,18,15,20,4,1
64605731,6,8,20,3,2,59,2,20,4,1,71,14,19,5,0,59,2,19,5,0,74,3,19,4,0,87,24,19,4,1
64604531,78,16,19,4,1,30,13,19,5,0,26,9,18,4,1,31,7,18,4,1,39,18,18,3,2,41,24,17,1,0
64551116,82,21,18,4,1,54,8,19,4,1,29,1,18,4,1,72,11,18,4,1,4,13,17,3,0,2,11,18,4,1
64550212,77,24,19,4,1,78,16,19,4,1,74,3,19,4,1,72,11,19,5,0,34,23,18,3,0,85,13,19,4,0
64684502,10,1,20,3,2,87,24,19,3,2,43,5,20,3,2,69,9,19,4,0,49,19,20,4,1,28,3,19,4,1
64683234,24,21,20,5,0,77,24,20,3,2,23,15,20,4,1,78,16,20,4,1,89,9,19,4,1,80,19,19,4,1
64681970,60,6,19,4,1,9,10,20,3,2,39,21,19,3,2,53,14,19,4,1,87,24,20,5,0,72,11,20,4,1
64678001,19,6,19,4,1,72,11,19,3,2,11,16,19,4,1,47,4,19,5,0,20,4,19,5,0,90,11,20,3,2
64675776,87,24,20,4,1,88,3,20,4,1,25,11,20,4,1,9,9,20,4,0,11,18,20,4,0,29,1,20,4,0
64674426,63,15,19,3,2,82,21,18,4,1,17,5,18,3,1,72,11,18,1,2,50,21,19,3,0,18,15,19,4,0
64697387,20,4,19,5,0,17,5,19,4,1,32,5,20,4,1,9,10,19,5,0,11,18,19,5,0,41,24,18,4,0
64696827,89,9,20,4,1,53,14,20,4,1,31,7,20,3,2,30,13,20,5,0,42,24,20,5,0,58,10,20,5,0
64696405,35,1,20,4,1,28,3,20,5,0,6,8,20,4,1,20,4,19,5,0,62,11,19,3,2,74,3,20,5,0
64695853,54,8,19,4,1,18,15,20,5,0,48,3,19,5,0,77,24,20,4,1,9,10,19,4,1,23,18,20,5,0
64695462,1,18,20,4,1,13,15,20,3,1,10,1,20,4,1,44,25,19,4,1,80,19,19,2,3,43,5,20,3,2
64695083,25,11,19,5,0,85,13,19,2,1,43,5,20,5,0,25,11,19,4,1,63,15,19,4,0,55,14,18,4,0
64688746,56,20,20,5,0,65,16,20,3,2,12,7,20,5,0,65,16,20,4,1,44,25,20,4,1,1,14,20,3,2
64688003,4,13,19,3,2,31,7,20,4,1,6,7,20,4,1,44,25,20,5,0,11,18,20,4,1,58,10,20,5,0
64631515,11,18,20,3,1,28,3,20,4,1,83,6,20,4,1,65,16,20,4,0,11,16,20,4,0,90,11,20,5,0
64630210,76,3,20,5,0,17,5,20,4,1,82,21,20,4,1,34,23,20,4,1,65,16,20,4,1,30,13,19,4,1
64628536,29,1,20,4,1,52,24,20,4,1,76,3,20,5,0,65,16,20,5,0,18,15,20,3,2,86,1,20,3,2
64625612,72,11,20,3,2,20,4,20,5,0,52,24,20,5,0,8,22,19,5,0,1,14,19,4,0,55,14,19,4,0
64623623,23,18,20,5,0,47,4,20,4,1,70,6,20,4,1,72,11,18,4,0,85,13,19,3,1,28,3,19,5,0
64621563,79,8,20,5,0,53,14,20,4,0,72,11,20,5,0,2,11,20,5,0,57,23,20,3,2,11,16,19,5,0
64619752,70,6,19,2,3,9,9,19,4,1,65,16,20,4,1,76,3,20,5,0,72,11,20,5,0,24,3,20,4,1
64618375,31,7,20,3,2,33,1,19,5,0,23,15,19,4,1,33,1,20,5,0,57,23,20,4,1,79,8,19,4,1
64684156,56,20,19,4,1,34,23,19,4,1,4,13,18,3,2,88,3,19,4,1,65,16,19,4,1,81,9,19,4,1
64682703,8,22,20,5,0,33,1,20,4,1,89,9,20,4,1,42,24,20,3,2,70,6,20,4,1,4,13,20,4,1
64681979,82,21,20,4,1,71,14,20,4,1,81,9,20,4,1,71,14,20,5,0,52,24,20,5,0,70,6,20,3,2
64624962,18,15,20,5,0,1,15,20,3,2,50,21,19,4,1,63,15,20,3,2,65,16,20,5,0,58,10,20,4,1
64623613,70,6,20,4,1,39,18,20,4,1,46,16,20,4,1,82,21,20,3,0,18,15,20,4,0,33,1,20,4,0
64622418,11,18,20,4,1,71,14,20,3,2,81,9,20,3,2,90,11,20,4,1,82,21,20,4,1,77,24,20,4,1
64620695,70,6,20,3,2,76,3,20,4,1,59,2,20,4,1,70,6,20,3,1,47,4,19,4,0,58,10,20,4,1
64619750,17,5,20,4,1,64,24,20,5,0,63,15,20,4,1,34,23,20,2,3,33,1,20,4,1,80,19,19,4,1
64618895,54,8,20,4,1,59,2,19,5,0,58,10,20,4,1,44,25,19,4,1,65,16,19,3,2,62,11,19,3,2
64561848,64,24,20,3,2,74,3,20,5,0,72,11,20,3,2,40,6,20,5,0,78,16,19,4,1,85,13,17,2,0
64560900,74,3,20,5,0,31,7,20,3,2,26,9,20,4,1,74,3,20,3,2,20,4,19,4,0,58,10,20,4,1
64559723,7,1,20,4,1,85,13,19,5,0,48,3,20,3,2,57,23,20,4,1,75,22,20,4,1,30,13,19,5,0
64516317,47,4,20,5,0,20,4,19,5,0,25,11,20,4,1,9,9,19,4,0,26,9,19,4,0,81,9,19,4,1
64515016,30,13,19,2,0,15,5,20,3,1,28,13,20,5,0,27,16,19,4,0,76,3,19,4,1,77,24,19,3,2
64514106,16,9,19,5,0,48,3,20,3,2,90,11,20,4,1,53,14,18,5,0,11,18,20,3,2,76,3,19,5,0
64512673,24,21,16,3,0,90,11,16,4,0,82,21,16,3,0,2,10,16,4,1,71,14,16,2,0,33,1,16,4,0
64510023,31,7,20,3,2,47,4,20,4,1,42,24,20,4,1,76,3,20,4,0,72,11,20,5,0,14,21,19,4,0
64505118,90,11,20,4,1,11,16,19,5,0,26,9,20,4,1,24,3,19,4,1,44,25,20,3,2,17,5,20,4,1
64504263,28,13,18,4,0,1,14,17,3,0,90,11,17,4,0,90,11,17,5,0,75,22,16,4,1,39,18,17,5,0
64698728,72,11,20,3,2,74,3,19,5,0,90,11,20,3,2,53,14,18,3,0,70,6,19,4,1,78,16,20,4,1
64698126,78,16,19,5,0,53,14,19,5,0,70,6,20,5,0,46,16,19,4,1,23,18,20,4,1,67,14,19,4,1
64697874,85,13,20,3,2,77,24,20,4,1,35,1,20,5,0,85,13,19,4,0,66,24,20,5,0,17,5,20,4,1
64697415,80,19,20,3,2,71,14,19,5,0,17,5,19,3,2,75,22,19,4,1,63,15,18,5,0,60,6,19,4,0
64696867,70,6,20,3,2,10,1,20,5,0,74,3,20,5,0,53,14,20,5,0,46,16,20,4,1,58,10,20,4,1
64696367,6,8,20,4,1,4,13,19,4,1,88,3,19,5,0,81,9,19,3,2,58,10,19,4,1,82,21,19,5,0
64695890,90,11,19,5,0,58,10,20,4,1,47,4,20,3,1,43,5,19,4,1,46,16,19,5,0,52,24,20,5,0
64695746,30,13,19,4,1,11,16,19,4,1,77,24,20,3,2,55,14,20,5,0,21,9,20,3,2,90,11,20,3,2
64695495,59,2,20,4,0,36,5,20,4,1,74,3,19,3,2,47,4,18,5,0,36,5,18,3,2,89,9,19,4,1
64627159,76,3,19,5,0,31,7,20,3,2,29,1,20,4,1,7,1,19,5,0,29,1,19,4,1,75,22,19,3,2
64623635,7,1,19,2,3,29,1,20,5,0,75,22,20,4,1,14,21,18,3,1,17,5,17,3,1,86,1,19,5,0
64622618,84,18,20,3,2,50,21,20,5,0,90,11,20,2,3,74,3,20,3,2,22,3,20,4,1,81,9,20,3,2
64621907,22,3,20,4,1,4,13,19,4,1,23,18,19,4,1,59,2,20,4,0,64,24,19,4,1,72,11,20,5,0
64620267,37,15,20,4,1,90,11,20,4,1,29,1,20,5,0,21,9,20,4,1,42,24,20,4,1,78,16,20,4,1
64619203,63,15,19,4,0,74,3,19,5,0,2,11,19,4,1,31,7,20,3,2,77,24,20,4,1,20,4,20,5,0
64617885,32,5,20,4,1,44,25,20,4,1,76,3,20,4,1,2,11,20,4,1,89,9,20,5,0,76,3,19,5,0
64696524,90,11,20,4,1,47,4,20,4,1,44,25,19,5,0,5,5,19,2,3,44,25,19,5,0,47,4,19,4,0
64696173,6,8,19,3,2,79,8,20,4,1,55,14,20,5,0,28,3,19,4,1,46,16,19,4,1,35,1,19,4,1
64695728,9,10,20,4,1,30,13,20,3,2,56,20,20,4,1,28,3,19,5,0,82,21,20,4,1,89,9,20,3,2
64695364,12,7,20,4,1,1,14,19,4,1,22,3,20,2,3,42,24,20,3,2,1,14,20,4,1,22,3,20,5,0
64694617,29,1,18,4,0,21,9,19,4,1,33,1,19,3,0,1,15,19,4,1,18,15,19,5,0,33,1,19,3,2
64694250,29,1,20,4,1,25,11,19,3,2,1,15,20,3,2,57,23,20,4,1,62,11,20,4,1,53,14,19,4,0
64652656,28,3,20,3,2,83,6,20,2,3,10,20,20,3,2,49,19,20,5,0,59,2,20,5,0,2,10,19,1,0
64652079,40,6,20,3,2,1,15,20,5,0,86,1,20,5,0,21,9,19,5,0,9,9,20,5,0,90,11,19,3,2
64613448,23,18,18,5,0,67,14,17,4,0,2,9,17,2,3,86,1,17,5,0,63,15,17,4,0,26,9,17,4,1
64611643,53,14,19,3,1,72,11,20,3,2,9,10,20,4,1,49,19,19,5,0,31,7,19,3,1,61,5,19,4,1
64610931,21,9,18,3,2,82,21,19,4,1,76,3,19,5,0,21,9,17,3,0,7,1,18,4,0,46,16,17,3,1
64603829,74,3,19,3,2,26,9,18,4,0,7,1,20,4,1,40,6,17,5,0,44,25,18,3,1,72,11,17,2,1
64552179,72,11,19,3,2,74,3,18,5,0,56,20,20,5,0,64,24,20,5,0,80,19,19,4,1,31,7,20,3,1
64549829,21,9,19,4,1,77,24,20,3,2,46,16,19,2,3,53,14,18,2,0,2,10,19,5,0,42,24,19,2,3
64548752,2,11,19,3,2,11,16,19,5,0,82,21,20,3,2,79,8,20,4,1,11,18,20,5,0,76,3,20,5,0
64548137,88,3,18,3,1,2,9,18,4,1,82,21,18,5,0,19,6,17,4,1,75,22,17,4,0,90,11,18,4,1
64547163,17,5,19,4,1,86,1,19,4,1,39,21,19,5,0,80,19,19,4,0,4,13,18,3,1,9,10,19,4,1
64674549,26,9,20,3,2,20,4,20,4,0,11,16,20,4,1,90,11,20,4,1,40,6,20,5,0,20,4,19,4,0
64672703,18,15,19,4,1,90,11,19,4,1,74,3,19,5,0,33,1,19,4,1,28,3,19,5,0,90,11,18,5,0
64670168,37,15,19,3,2,79,8,18,5,0,21,9,19,4,1,65,16,19,4,1,73,24,17,3,1,28,3,19,5,0
64642935,29,1,20,4,1,90,11,20,3,2,7,1,19,3,1,72,11,20,3,2,22,3,20,5,0,61,5,20,5,0
64614492,2,9,19,4,1,90,11,19,5,0,86,1,19,5,0,46,16,19,5,0,24,3,19,4,1,59,2,19,3,1
64499919,53,14,19,4,1,80,19,20,3,2,43,5,20,2,3,2,11,20,4,1,28,3,20,3,0,66,24,20,5,0
64498956,65,16,20,3,2,90,11,20,3,2,85,13,20,4,1,60,6,20,3,2,89,9,20,3,2,88,3,20,4,1
64617365,79,8,19,3,2,23,15,20,3,2,63,15,20,4,1,1,16,19,5,0,78,16,19,5,0,45,4,19,3,0
64629299,18,15,18,4,1,64,24,18,5,0,39,18,18,4,0,86,1,18,3,1,81,9,18,4,1,70,6,17,4,1
64616295,4,3,19,3,2,82,21,18,5,0,64,24,19,5,0,90,11,19,4,1,1,18,18,3,2,44,25,19,4,1
64614673,70,6,19,3,2,4,3,19,4,1,76,3,19,3,1,40,6,19,4,1,82,21,19,4,1,89,9,19,5,0
64613931,55,14,19,4,1,72,11,19,4,1,11,16,19,5,0,66,24,19,5,0,65,16,19,4,1,7,1,19,4,1
64578727,29,1,20,4,1,89,9,20,4,1,57,23,20,5,0,90,11,20,4,1,44,25,19,4,1,89,9,20,3,2
64577747,9,9,20,4,1,25,11,20,5,0,77,24,20,4,1,22,3,20,4,1,82,21,20,4,1,17,5,20,4,1
64514007,73,24,20,4,0,89,9,20,4,1,58,10,19,4,1,84,18,19,5,0,80,19,20,4,0,48,3,20,3,2
64448437,56,20,18,4,0,89,9,18,5,0,39,18,18,4,1,73,24,17,3,1,82,21,18,5,0,4,13,18,5,0
64447629,90,11,19,3,2,11,18,20,5,0,22,3,20,4,1,89,9,20,5,0,11,18,20,5,0,59,2,20,3,1
64444091,18,15,20,4,1,21,9,19,4,1,70,6,20,5,0,68,1,19,3,1,90,11,19,4,1,72,11,19,3,2
64682064,81,9,18,3,2,37,15,19,5,0,33,1,18,4,1,26,9,18,3,1,71,14,19,2,1,74,3,18,4,0
64615507,50,21,18,4,1,64,24,18,3,2,82,21,18,5,0,11,18,18,5,0,90,11,17,5,0,86,1,18,3,2
64614356,17,5,19,4,1,4,13,19,5,0,19,24,19,5,0,1,18,19,4,1,29,1,19,5,0,23,18,19,5,0
64613604,2,11,20,4,1,56,20,19,5,0,90,11,19,5,0,66,24,18,4,0,58,10,19,4,1,14,21,17,4,0
64551885,28,3,19,4,1,67,14,19,3,2,68,1,19,5,0,17,5,19,3,2,50,21,19,4,1,11,16,19,3,2
64551110,58,10,20,4,1,74,3,19,4,1,34,23,20,3,2,29,1,20,4,1,70,6,19,3,2,28,3,19,2,2
64550121,48,3,19,4,1,40,6,19,4,1,77,24,19,4,1,81,9,19,3,2,39,18,20,3,2,33,1,19,4,1
64549471,82,21,20,4,1,32,5,19,4,1,60,6,19,4,1,42,24,18,4,0,78,16,19,5,0,21,9,20,4,0
64548379,82,21,19,4,1,53,14,18,3,1,77,24,19,3,2,14,21,18,4,0,78,16,20,4,1,15,6,19,3,2
64659338,81,9,20,4,1,33,1,20,5,0,28,13,20,4,1,22,3,20,5,0,19,6,20,3,1,59,2,20,4,0
64613646,74,3,20,5,0,53,14,19,4,0,90,11,20,4,0,82,21,20,4,1,54,8,20,3,2,89,9,20,4,1
64612543,75,22,20,3,2,33,1,20,5,0,22,3,20,4,1,52,24,20,4,1,11,16,20,4,1,33,1,20,4,1
64611508,30,13,18,3,1,32,5,19,4,1,12,7,19,4,1,23,18,19,3,0,90,11,19,5,0,49,19,19,3,0
64610607,76,3,19,4,1,72,11,19,3,2,43,5,19,2,3,79,8,19,4,1,74,3,19,5,0,31,7,19,3,2
64610171,2,11,20,4,1,49,19,19,5,0,56,20,20,4,1,59,2,20,3,2,63,15,20,3,2,75,22,19,4,1
64609319,37,15,20,5,0,74,3,20,4,1,14,21,19,3,2,25,11,20,3,2,30,13,20,4,1,6,8,20,3,2
64670788,89,9,18,4,1,40,6,19,5,0,82,21,19,3,2,68,1,18,5,0,39,18,19,4,1,9,10,18,3,2
64603072,47,4,20,3,2,89,9,20,4,1,70,6,20,5,0,19,24,20,4,1,10,1,20,4,0,74,3,20,4,0
64602303,11,16,17,4,0,58,10,18,4,1,2,11,19,5,0,12,7,18,3,1,82,21,18,2,1,14,21,18,4,0
64601475,60,6,20,5,0,31,7,20,3,2,74,3,19,5,0,4,13,19,4,0,33,1,19,3,1,90,11,20,4,1
64600169,89,9,20,4,1,88,3,19,5,0,71,14,19,5,0,75,22,20,3,2,10,1,20,4,1,39,18,20,5,0
64575424,30,13,20,5,0,33,1,20,4,1,46,16,20,4,1,55,14,19,4,1,48,3,20,4,1,72,11,19,4,1
64686070,76,3,20,5,0,2,11,20,3,2,77,24,20,5,0,15,6,20,4,1,1,14,19,5,0,11,16,19,4,1
64683651,7,1,19,5,0,64,24,19,5,0,87,24,19,3,2,90,11,19,4,1,60,6,19,2,1,50,21,19,2,0
64682518,82,21,20,5,0,14,21,20,3,2,67,14,20,4,1,90,11,20,5,0,35,2,19,4,1,53,14,19,4,1
64681472,29,1,19,5,0,75,22,19,4,1,78,16,18,4,1,35,1,19,5,0,58,10,18,3,0,76,3,17,1,0
64680762,65,16,19,4,1,1,14,19,3,2,59,2,20,4,1,89,9,19,4,1,74,3,19,4,0,44,25,19,5,0
64629455,67,14,20,3,2,81,9,19,3,2,68,1,18,5,0,21,9,20,3,2,20,4,19,5,0,17,5,19,5,0
64627448,66,24,20,4,1,36,5,20,2,3,4,13,20,5,0,55,14,20,3,1,90,11,20,5,0,89,9,20,4,0
64600648,72,11,20,5,0,13,15,19,3,0,64,24,19,3,1,17,5,20,4,0,18,15,19,3,0,88,3,18,3,0
64599172,1,16,19,3,2,65,16,19,4,1,80,19,20,5,0,70,6,19,3,2,60,6,19,5,0,86,1,19,5,0
64691495,45,4,19,4,1,72,11,19,2,3,18,15,19,3,2,1,15,20,4,1,78,16,19,4,1,44,25,19,5,0
64691239,24,3,19,4,1,89,9,20,4,1,47,4,19,4,1,13,19,20,3,0,72,11,20,3,2,18,15,19,3,2
64691033,90,11,19,3,2,22,3,19,4,1,33,1,19,5,0,78,16,20,3,2,49,19,20,4,1,90,11,19,5,0
64690775,87,24,19,3,2,28,3,19,3,2,23,18,18,4,1,28,3,19,3,1,22,3,19,4,1,47,4,19,5,0
64690465,8,22,19,4,1,90,11,20,3,2,39,18,19,4,1,30,13,19,4,0,31,7,19,4,1,18,15,19,4,1
64690241,71,14,20,4,1,66,24,20,5,0,22,3,20,3,2,28,3,20,4,1,82,21,20,3,2,69,9,20,5,0
64644282,8,22,18,4,0,31,7,20,4,1,17,5,19,4,1,10,1,19,5,0,58,10,18,4,0,65,16,20,4,1
64643456,73,24,20,5,0,72,11,20,1,4,10,20,20,3,2,90,11,20,3,2,52,24,20,5,0,76,3,20,4,1
64691106,50,21,19,4,0,34,23,19,5,0,46,16,19,4,1,87,24,19,4,1,61,5,19,5,0,45,4,18,3,1
64690812,68,1,19,5,0,81,9,20,3,2,9,10,20,4,1,66,24,20,3,2,39,21,20,4,1,2,9,20,5,0
64690607,58,10,20,4,1,18,15,20,4,1,39,18,20,4,1,77,24,20,5,0,53,14,19,4,1,89,9,20,3,2
64690347,61,5,20,5,0,74,3,20,5,0,81,9,20,3,2,19,24,20,3,1,72,11,20,3,2,13,15,18,4,0
64689954,7,1,19,4,1,63,15,19,5,0,90,11,19,4,1,8,22,18,4,1,29,1,19,5,0,11,18,18,5,0
64689627,17,5,18,5,0,8,22,18,3,2,11,18,18,4,1,84,18,18,5,0,90,11,18,4,0,7,1,18,5,0
64659380,37,15,19,4,1,10,1,19,5,0,21,9,19,4,1,75,22,20,4,1,21,9,20,4,1,4,3,20,4,1
64599216,37,15,20,5,0,5,6,20,3,2,82,21,20,4,1,89,9,20,4,1,55,14,20,5,0,58,10,20,3,2
64598086,8,22,20,3,2,67,14,20,3,2,82,21,20,5,0,78,16,20,2,3,11,16,19,5,0,81,9,19,4,1
64681365,54,8,19,4,1,17,5,20,3,2,68,1,19,4,0,71,14,19,5,0,67,14,17,4,0,15,5,19,2,3
64680606,11,16,19,5,0,62,11,19,4,1,24,3,19,4,1,68,1,19,4,1,82,21,19,4,1,17,5,20,3,2
64679998,35,1,20,4,1,24,3,20,2,3,82,21,20,4,1,44,25,20,5,0,78,16,19,4,0,33,1,20,4,1
64679120,83,6,20,5,0,24,21,20,5,0,31,7,20,2,3,65,16,20,3,2,21,9,19,2,3,88,3,20,4,1
64677168,72,11,20,3,2,68,1,19,5,0,81,9,20,3,2,23,18,20,5,0,1,15,20,4,1,67,14,20,4,1
64676102,75,22,19,4,1,10,1,18,4,0,67,14,19,4,0,72,11,19,5,0,35,1,19,5,0,83,6,19,5,0
64675453,63,15,20,4,0,70,6,20,3,2,14,21,20,4,1,21,9,19,3,2,53,13,20,4,1,75,22,20,3,2
64611994,14,21,20,4,1,90,11,20,4,1,39,21,20,4,1,18,15,19,3,2,90,11,20,3,2,76,3,19,5,0
64611003,18,15,19,4,0,54,8,20,5,0,42,24,19,4,0,27,2,19,3,1,25,11,19,3,2,11,16,19,5,0
64679002,33,1,19,4,1,10,1,19,4,1,89,9,19,5,0,80,19,18,3,1,7,1,19,3,2,33,1,19,5,0
64677893,89,9,20,3,2,11,16,20,5,0,6,7,20,3,2,32,5,20,4,1,23,18,19,4,1,63,15,20,4,1
64674778,23,18,19,4,1,89,9,20,3,2,58,10,20,3,2,82,21,20,4,1,90,11,20,3,2,65,16,20,3,2
64673588,90,11,18,4,1,44,25,19,4,1,89,9,19,3,2,3,21,19,5,0,88,3,18,4,1,57,23,18,4,1
64667700,18,15,20,3,2,2,11,20,3,2,29,1,20,4,1,53,14,20,4,1,4,13,20,4,1,11,18,20,4,1
64666395,71,14,20,5,0,47,4,20,4,1,89,9,20,4,1,1,14,20,5,0,32,5,20,3,2,19,6,20,5,0
64665743,35,2,19,4,1,58,10,19,3,2,7,1,19,4,1,18,15,20,4,1,78,16,20,4,0,17,5,20,5,0
64664925,39,18,19,4,1,24,3,19,4,0,1,15,19,4,1,37,15,19,4,1,86,1,20,4,1,13,19,19,5,0
64663914,65,16,20,4,1,26,9,20,4,1,90,11,19,4,1,18,15,20,3,2,90,11,19,4,1,30,13,19,4,1
64665265,78,16,19,5,0,42,24,19,4,1,18,15,20,4,1,4,13,19,5,0,35,2,19,5,0,21,9,19,5,0
64664201,43,5,19,3,2,9,9,20,3,2,20,4,19,4,1,4,13,19,3,2,6,8,19,4,1,90,11,19,3,2
64661257,65,16,20,4,1,75,22,20,3,2,10,20,20,5,0,21,9,20,4,1,33,1,19,5,0,49,19,20,4,1
64660294,5,5,20,3,2,78,16,20,3,2,74,3,19,5,0,4,3,20,5,0,9,9,20,5,0,90,11,20,4,1
64659470,72,11,20,4,1,22,3,20,5,0,84,18,20,4,1,20,4,20,3,1,28,3,20,4,1,72,11,20,4,1
64625598,77,24,20,4,1,80,19,20,5,0,78,16,20,4,1,17,5,19,5,0,65,16,20,5,0,38,9,20,4,1
64624739,4,13,19,5,0,62,11,19,4,1,84,18,20,4,1,10,20,20,4,1,11,18,20,4,1,75,22,20,4,1
64622608,29,1,20,5,0,55,14,19,4,1,6,8,20,3,2,72,11,19,4,1,8,22,19,4,1,79,8,20,4,1
64613040,26,9,18,4,1,1,15,19,5,0,23,18,19,4,1,87,24,20,5,0,86,1,19,4,1,28,3,20,5,0
64686501,14,21,19,5,0,82,21,20,4,1,5,5,20,3,2,18,15,19,4,1,2,9,19,4,1,46,16,19,5,0
64685841,11,18,18,3,2,29,1,19,4,1,83,6,18,5,0,6,8,18,4,1,18,15,18,4,1,48,3,18,4,1
64683746,1,15,20,5,0,86,1,19,5,0,14,21,20,5,0,3,16,20,4,1,68,1,20,5,0,39,18,19,3,2
64682637,81,9,19,4,1,84,18,19,4,1,82,21,19,4,1,31,7,18,4,1,30,13,18,3,0,21,9,19,4,1
64680202,75,22,20,3,2,33,1,19,3,2,61,5,20,3,2,15,5,20,5,0,42,24,20,3,1,44,25,19,3,1
64659715,53,14,19,4,1,28,3,19,4,1,90,11,19,5,0,22,3,18,3,0,82,21,18,5,0,72,11,19,5,0
64644598,58,10,19,3,2,39,18,20,4,1,68,1,19,4,0,11,18,19,5,0,35,2,19,4,1,7,2,20,4,1
64644020,72,11,20,3,2,53,14,20,5,0,42,24,20,4,1,32,5,20,4,1,86,1,19,5,0,88,3,20,4,1
64600071,90,11,18,3,1,78,16,19,4,1,55,14,18,3,0,67,14,19,4,1,51,22,18,5,0,4,13,18,2,1
64599262,11,16,20,5,0,80,19,20,3,2,90,11,20,4,1,75,22,20,3,2,82,21,19,5,0,38,9,19,4,1
64598651,72,11,19,4,1,40,6,20,4,1,55,14,20,4,1,65,16,19,5,0,90,11,20,3,2,78,16,19,4,1
64597853,8,22,20,5,0,28,3,20,4,1,67,14,20,5,0,14,21,20,5,0,18,15,19,4,1,81,9,19,4,1
64597371,59,2,19,4,1,12,7,19,3,1,66,24,19,5,0,39,21,19,4,1,58,10,19,3,2,14,21,18,4,1
64596556,46,16,19,5,0,22,3,19,3,2,38,9,20,3,2,83,6,19,4,1,80,19,19,3,2,20,4,18,5,0
64595830,39,21,20,4,1,33,1,20,4,1,81,9,20,4,1,84,18,20,3,2,63,15,20,4,1,82,21,20,4,1
64595341,17,5,19,4,1,23,18,20,4,1,22,3,20,4,1,1,16,19,5,0,90,11,19,4,0,11,16,19,5,0
64677378,21,9,20,4,1,68,1,19,4,1,72,11,19,3,2,44,25,19,5,0,39,18,19,3,2,47,4,19,5,0
64675611,19,24,20,4,1,69,9,20,5,0,90,11,20,5,0,9,9,20,5,0,11,16,20,4,1,4,3,20,4,1
64674059,4,3,18,3,2,87,24,18,3,2,10,1,18,4,1,71,14,19,5,0,28,3,19,3,2,58,10,18,4,1
64630654,25,11,19,4,1,10,20,20,4,1,65,16,20,4,1,5,5,20,3,2,64,24,20,4,1,76,3,20,5,0
64628497,4,13,19,5,0,58,10,20,4,1,1,14,20,4,1,9,10,20,2,3,51,22,20,4,1,88,3,19,5,0
64509093,19,6,19,4,1,86,1,20,5,0,67,14,20,3,2,48,3,20,4,1,70,6,19,4,1,87,24,19,4,1
64507794,31,7,20,3,2,63,15,20,4,1,7,1,20,4,1,58,10,20,4,1,56,20,19,3,2,35,2,20,5,0
64506141,8,22,20,2,3,7,1,20,5,0,77,24,20,4,1,76,3,20,5,0,38,9,19,3,2,18,15,20,3,2
64416912,27,16,20,3,1,59,2,19,5,0,8,22,20,4,1,90,11,20,2,3,18,15,20,5,0,65,16,20,4,0
64689346,72,11,20,3,2,54,8,20,3,2,88,3,20,4,1,46,16,20,4,0,84,18,20,5,0,54,8,20,4,1
64688712,54,8,20,4,1,59,2,19,4,1,3,21,20,3,2,84,18,19,3,0,79,8,18,3,0,59,2,18,3,0
64688333,72,11,20,5,0,90,11,19,4,1,53,14,19,4,1,84,18,20,5,0,33,1,19,5,0,89,9,20,5,0
64687682,10,20,19,5,0,17,5,20,5,0,21,9,20,3,2,31,7,20,3,2,76,3,20,5,0,78,16,20,4,1
64687475,74,3,20,5,0,40,6,20,3,2,1,15,20,4,1,59,2,20,4,1,48,3,19,4,1,41,24,19,3,2
64686974,46,16,20,5,0,10,1,19,4,1,58,10,19,3,2,81,9,20,4,1,47,4,19,5,0,1,15,20,4,1
64686253,86,1,19,5,0,22,3,19,5,0,6,7,18,3,1,74,3,18,5,0,89,9,18,3,2,11,18,18,4,1
64645356,38,9,20,3,2,42,24,20,5,0,68,1,19,2,2,17,5,20,4,1,72,11,20,4,1,79,8,20,5,0
64681285,84,18,19,4,0,70,6,19,3,2,74,3,18,4,0,90,11,19,3,1,2,11,19,5,0,33,1,17,3,0
64635793,29,1,20,5,0,74,3,19,4,1,54,8,20,3,2,76,3,19,3,0,74,3,20,4,1,87,24,19,5,0
64634743,89,9,20,5,0,53,14,19,5,0,64,24,20,4,1,30,13,19,3,0,9,10,20,4,1,31,7,20,3,2
64633657,78,16,18,4,1,4,3,19,4,1,12,7,18,4,1,78,16,19,3,2,84,18,19,3,0,6,8,19,4,1
64632109,11,18,20,3,2,87,24,20,2,3,55,14,20,4,1,90,11,20,5,0,64,24,20,4,0,4,13,19,4,0
64629611,78,16,20,4,1,15,6,19,5,0,80,19,19,3,1,19,6,20,3,2,33,1,19,4,1,40,6,19,5,0
64627592,9,10,20,3,2,82,21,19,4,1,76,3,20,4,1,90,11,19,4,1,30,13,18,5,0,88,3,19,5,0
64626344,76,3,17,5,0,64,24,17,3,1,70,6,17,4,1,2,10,16,3,1,76,3,17,2,0,82,21,17,3,0
64683556,90,11,20,3,2,23,18,20,4,1,35,2,20,5,0,31,7,20,4,1,56,20,20,5,0,89,9,20,4,1
64682019,90,11,20,4,0,46,16,20,4,0,24,21,20,5,0,72,11,20,3,2,66,24,20,5,0,76,3,19,5,0
64679914,90,11,20,3,2,56,20,20,3,2,16,9,20,4,1,77,24,20,5,0,30,13,20,3,0,84,18,20,5,0
64678687,67,14,20,5,0,71,14,20,4,1,90,11,20,4,1,25,11,19,2,3,52,24,20,3,2,20,4,19,5,0
64677113,27,16,19,4,0,6,8,20,2,3,7,1,19,4,1,90,11,19,4,0,25,11,19,5,0,30,13,18,1,0
64675529,71,14,20,3,2,62,11,20,4,1,44,25,20,4,1,90,11,20,4,1,50,21,19,3,0,59,2,19,5,0
64673845,35,2,19,4,1,24,3,20,4,1,33,1,20,4,1,85,13,19,4,1,28,13,20,3,2,72,11,19,5,0
64671522,33,1,19,5,0,89,9,20,4,1,19,6,20,3,2,25,11,20,5,0,89,9,19,4,1,28,3,20,3,2
64669464,31,7,20,3,2,86,1,20,3,2,74,3,20,5,0,54,8,20,4,1,23,18,20,4,1,56,20,20,4,1
64668001,29,1,20,4,1,72,11,20,4,1,64,24,20,4,1,82,21,20,4,1,1,15,20,4,1,23,18,20,5,0
64699262,47,4,20,4,1,19,24,19,4,1,65,16,20,5,0,82,21,19,5,0,33,1,19,4,1,64,24,20,5,0
64688409,7,1,19,5,0,88,3,19,5,0,70,6,19,4,1,65,16,19,5,0,32,5,19,3,2,86,1,19,5,0
64687954,48,3,20,4,1,57,23,20,4,1,19,24,20,4,1,78,16,19,3,2,65,16,20,5,0,35,1,20,4,1
64687541,76,3,20,5,0,49,19,20,2,3,2,11,19,5,0,74,3,20,4,1,31,7,19,4,1,21,9,20,3,2
64687059,88,3,19,4,0,18,15,17,3,0,72,11,19,4,1,55,14,18,4,0,64,24,18,4,0,40,6,19,3,2
64685973,32,5,19,4,1,33,1,19,5,0,19,6,20,5,0,61,5,19,3,2,87,24,19,4,1,76,3,19,4,1
64685281,83,6,20,5,0,9,10,20,2,3,59,2,20,3,2,38,9,20,4,1,76,3,19,4,1,36,5,19,4,1
64684794,35,1,20,3,2,89,9,19,4,1,74,3,20,4,1,42,24,19,4,0,34,23,19,3,0,18,15,18,4,0
64683641,4,13,19,4,1,19,6,20,4,1,77,24,20,4,1,44,25,19,5,0,23,15,20,4,1,90,11,20,3,2
64539128,22,3,19,3,2,17,5,19,4,1,1,15,18,4,1,55,14,19,3,2,88,3,18,4,1,37,15,18,4,1
64538765,35,2,19,4,0,86,1,19,5,0,75,22,19,4,1,64,24,19,4,1,23,18,19,5,0,4,3,19,5,0
64502736,65,16,20,3,2,39,21,20,4,1,33,1,20,5,0,36,5,20,4,1,7,1,20,4,1,33,1,20,4,1
64501455,32,5,16,5,0,33,1,17,5,0,30,13,17,5,0,7,1,16,2,0,9,10,17,3,2,63,15,18,3,0
64500402,39,21,19,4,1,33,1,18,5,0,7,2,18,4,1,65,16,17,3,0,19,24,16,4,0,71,14,17,3,0
64493670,8,22,20,4,1,56,20,20,4,1,19,24,20,5,0,28,3,20,4,1,80,19,20,2,3,27,6,20,4,1
64411708,74,3,20,5,0,72,11,20,3,2,88,3,20,4,1,19,24,20,4,1,7,1,20,5,0,57,23,20,4,1
64410143,56,20,20,4,1,4,13,19,3,1,90,11,20,4,1,50,21,20,4,1,8,22,20,5,0,19,6,19,5,0
64350779,77,24,20,4,1,74,3,20,5,0,58,10,20,4,1,44,25,20,3,2,3,21,19,4,1,90,11,20,3,2
64350175,84,18,18,5,0,42,24,18,5,0,90,11,19,4,0,76,3,19,3,0,86,1,19,5,0,21,9,19,4,1
64349505,90,11,19,4,1,74,3,19,5,0,86,1,19,4,1,79,8,20,4,1,74,3,19,4,1,35,2,19,4,1
64348986,56,20,20,4,1,81,9,20,4,1,35,1,20,5,0,80,19,20,4,1,8,22,20,3,2,14,21,20,4,1
63744439,88,3,19,5,0,82,21,19,4,1,81,9,20,5,0,88,3,19,5,0,82,21,20,4,1,9,10,20,4,1
63742960,33,1,20,5,0,24,3,20,3,2,18,15,20,4,1,73,24,19,5,0,31,7,19,3,2,74,3,20,4,1
63741569,68,1,18,5,0,70,6,19,3,2,29,1,20,4,1,63,15,18,3,0,87,24,18,4,1,28,3,18,5,0
64622884,72,11,20,3,2,11,16,19,4,1,12,7,19,4,1,53,14,19,3,1,31,7,19,3,2,54,8,19,3,0
64621535,6,8,20,3,2,2,11,20,5,0,22,3,19,4,1,58,10,20,5,0,65,16,20,5,0,55,14,20,5,0
64619907,84,18,20,4,1,60,6,20,5,0,39,18,20,4,1,4,13,20,4,0,90,11,20,4,1,72,11,20,4,1
64618903,40,6,20,4,1,1,18,20,5,0,88,3,19,5,0,70,6,19,3,2,25,11,20,4,1,4,13,19,3,1
64549794,59,2,20,4,1,70,6,20,2,3,76,3,19,4,1,76,3,20,4,1,40,6,20,3,2,1,18,20,3,2
64548571,64,24,20,4,1,90,11,20,4,1,14,21,20,5,0,56,20,19,3,2,90,11,20,3,2,76,3,19,5,0
64262647,86,1,20,4,1,7,1,20,5,0,90,11,20,3,2,34,23,20,4,1,82,21,20,4,1,50,21,20,4,1
64261449,56,20,20,2,3,83,6,19,5,0,67,14,20,3,2,67,14,19,3,2,49,19,19,5,0,82,21,20,4,1
64260051,64,24,19,5,0,90,11,20,4,1,14,21,20,4,1,21,9,19,3,0,7,1,19,4,1,1,14,19,3,2
64686189,42,24,20,3,2,82,21,20,3,2,74,3,20,4,1,79,8,20,4,1,19,24,20,4,1,4,3,19,5,0
64683870,43,5,20,3,2,82,21,20,2,3,13,19,19,5,0,11,16,19,4,1,82,21,19,5,0,77,24,20,3,2
64683323,27,16,20,4,0,15,6,20,2,3,53,14,19,4,1,72,11,20,4,1,55,14,19,4,0,89,9,19,3,2
64682724,84,18,19,4,1,55,14,20,5,0,70,6,20,4,1,4,3,20,4,1,11,18,20,4,1,1,18,20,4,1
64682107,21,9,19,3,2,29,2,19,5,0,89,9,20,4,1,84,18,19,5,0,23,18,19,3,2,39,18,20,4,1
64680575,70,6,20,4,1,48,3,20,3,2,82,21,20,5,0,84,18,20,3,2,66,24,19,4,0,39,18,20,4,1
64678952,42,24,19,3,2,82,21,19,3,2,1,18,20,4,1,42,24,19,4,0,90,11,20,5,0,82,21,19,3,1
64554275,90,11,20,4,1,14,21,20,5,0,16,9,20,4,1,1,16,19,4,1,72,11,19,3,2,86,1,19,4,1
64551926,72,11,20,2,3,47,4,19,4,1,53,14,19,5,0,63,15,19,4,1,43,5,20,3,2,82,21,19,5,0
64550731,28,3,19,4,1,21,9,20,3,2,20,4,19,5,0,48,3,19,3,1,55,14,19,4,0,29,1,19,3,2
64549457,11,18,20,3,2,65,16,19,4,1,6,8,19,3,2,46,16,20,4,1,54,8,20,4,1,14,21,20,5,0
64547873,14,21,20,4,1,11,16,20,5,0,75,22,20,4,1,83,6,19,4,0,31,7,20,4,1,22,3,19,4,0
64546445,35,1,20,5,0,72,11,19,3,2,78,16,19,4,1,36,5,19,3,2,63,15,20,3,2,11,18,19,5,0
64243683,81,9,20,3,2,1,18,19,4,1,6,8,20,4,1,75,22,19,4,1,22,3,20,5,0,65,16,20,5,0
64242266,39,18,20,5,0,29,1,20,4,1,14,21,19,4,1,59,2,20,5,0,76,3,20,4,0,2,11,20,3,2
64135848,53,14,19,5,0,59,2,19,3,2,90,11,20,4,1,76,3,19,4,1,46,16,19,4,1,49,19,20,4,1
64671424,11,18,20,4,1,50,21,19,3,2,81,9,19,4,1,74,3,19,5,0,72,11,20,5,0,65,16,19,3,2
64618678,31,7,20,5,0,67,14,20,4,1,90,11,20,4,1,90,11,20,4,1,48,3,19,3,2,72,11,20,4,1
64617501,67,14,19,4,1,39,18,19,4,1,8,22,19,4,1,58,10,18,4,0,72,11,18,3,1,85,13,18,3,0
64615972,81,9,19,4,0,11,18,19,3,1,85,13,17,3,0,78,16,19,4,0,89,9,19,4,0,20,4,18,4,1
64603607,90,11,19,3,2,44,25,19,4,1,11,16,19,5,0,78,16,19,1,4,33,1,18,5,0,79,8,19,4,1
64601081,90,11,20,4,1,17,5,20,2,3,11,16,20,4,1,64,24,20,5,0,14,21,20,4,1,89,9,20,4,1
64667710,39,18,20,4,1,87,24,20,5,0,17,5,20,4,1,55,14,19,3,0,72,11,20,5,0,9,9,20,4,1
64666860,70,6,20,3,2,25,11,19,4,1,55,14,19,5,0,38,9,20,4,1,89,9,20,3,2,35,1,20,4,1
64620939,21,9,19,2,3,61,5,19,4,1,30,13,19,5,0,90,11,19,4,1,71,14,20,5,0,48,3,20,4,1
64619890,4,3,19,2,3,82,21,19,5,0,75,22,20,4,1,88,3,19,5,0,69,9,20,4,1,65,16,19,4,1
64613675,54,8,17,3,2,81,9,18,4,1,50,21,16,3,0,1,15,17,4,1,17,5,18,4,1,72,11,18,4,1
64613165,47,4,20,4,1,88,3,19,4,1,72,11,19,3,2,64,24,20,4,1,86,1,20,5,0,36,5,20,3,2
64604290,75,22,19,4,1,6,8,20,4,1,88,3,19,5,0,75,22,19,4,1,50,21,19,4,1,74,3,19,5,0
64690226,47,4,20,3,2,89,9,20,5,0,74,3,20,5,0,70,6,19,4,1,1,18,20,3,2,18,15,20,4,1
64689819,30,13,19,5,0,82,21,19,4,1,80,19,19,4,1,58,10,18,2,2,89,9,19,3,2,27,6,19,3,1
64689380,15,5,19,4,1,88,3,19,5,0,86,1,19,4,1,25,11,19,4,1,27,9,18,4,0,88,3,18,3,0
64688962,31,7,19,3,1,67,14,19,5,0,18,15,19,4,1,7,1,19,5,0,86,1,20,5,0,2,9,20,4,1
64688478,14,21,19,5,0,25,11,19,4,1,78,16,19,5,0,70,6,19,4,1,46,16,19,5,0,28,13,19,4,0
64688133,72,11,19,4,1,80,19,19,4,0,60,6,19,4,1,4,3,19,4,0,38,9,19,3,2,84,18,19,3,0
64686257,70,6,20,3,2,11,16,20,4,1,19,6,20,3,2,26,9,20,4,1,1,18,20,3,2,20,4,20,5,0
64685296,81,9,20,3,2,78,16,20,5,0,1,15,20,5,0,76,3,19,4,1,11,18,20,3,2,90,11,19,4,1
64646324,33,1,20,2,3,6,7,20,3,2,71,14,20,5,0,63,15,20,4,1,2,11,20,4,1,4,3,20,4,1
64590897,20,4,19,5,0,25,11,19,4,1,82,21,19,5,0,6,7,19,5,0,9,10,19,1,4,55,14,18,5,0
64590582,79,8,20,4,1,55,14,20,5,0,77,24,20,4,1,72,11,20,4,1,48,3,20,4,1,11,18,19,5,0
64590274,72,11,19,4,1,11,16,19,2,3,69,9,19,5,0,29,2,20,5,0,17,5,20,2,3,47,4,19,5,0
64589989,90,11,19,3,2,79,8,19,4,1,4,13,18,4,1,2,10,20,4,1,47,4,19,4,1,88,3,19,5,0
64589003,72,11,20,5,0,75,22,20,4,1,4,13,20,4,1,89,9,20,3,2,43,5,20,3,2,7,1,20,4,1
64588218,28,3,19,3,2,64,24,20,4,1,11,16,19,5,0,18,15,20,4,1,50,21,20,5,0,17,5,20,4,1
64587774,82,21,20,5,0,64,24,20,4,1,62,11,20,3,2,70,6,19,4,0,41,24,18,2,1,86,1,19,5,0
64675382,52,24,20,5,0,10,20,20,3,2,39,18,20,5,0,2,11,20,3,2,10,1,20,4,1,49,19,20,5,0
64673590,31,7,20,3,2,30,13,20,5,0,77,24,19,2,3,65,16,20,5,0,85,13,19,4,1,16,9,20,5,0
64671666,3,19,20,4,1,10,20,20,3,2,39,18,20,4,1,89,9,19,5,0,5,5,19,5,0,76,3,18,5,0
64670134,70,6,20,5,0,28,3,19,4,1,65,16,20,4,1,3,19,19,4,1,10,20,20,3,2,46,16,20,5,0
64666854,55,14,20,5,0,25,11,20,4,1,58,10,20,3,2,89,9,20,3,2,10,20,20,3,2,84,18,20,4,1
64656296,90,11,20,2,3,82,21,20,5,0,85,13,20,4,0,4,13,19,3,0,82,21,20,4,0,7,1,20,4,1
64654229,17,5,18,3,1,76,3,18,3,1,88,3,19,5,0,87,24,18,4,1,83,6,18,4,1,1,15,18,4,1
64567688,7,2,18,4,1,37,15,18,4,0,90,11,18,4,0,72,11,17,2,1,77,24,18,4,0,10,20,17,3,1
64565827,5,6,20,4,1,29,1,20,5,0,11,18,19,3,0,52,24,19,5,0,46,16,20,5,0,10,20,20,4,1
64667438,88,3,18,5,0,72,11,18,5,0,28,3,18,5,0,90,11,17,4,0,11,16,18,4,0,74,3,17,4,1
64658162,47,4,20,3,2,64,24,20,5,0,42,24,18,5,0,25,11,19,3,2,82,21,20,5,0,65,16,20,4,1
64657492,19,24,19,4,1,3,21,19,3,2,84,18,20,3,2,1,16,19,4,1,74,3,20,5,0,90,11,20,4,1
64656776,70,6,20,4,1,64,24,20,5,0,86,1,20,3,2,7,2,19,5,0,82,21,19,3,0,19,24,19,4,1
64695125,67,14,20,5,0,81,9,20,2,3,11,18,20,4,1,4,13,18,4,0,19,24,20,5,0,9,10,20,4,1
64662734,22,3,19,4,1,33,1,19,4,1,64,24,19,4,1,22,3,19,3,2,31,7,20,3,2,86,1,19,4,1
64554494,73,24,19,5,0,59,2,20,4,1,60,6,19,2,3,71,14,20,4,0,21,9,19,4,0,82,21,20,5,0
64553330,52,24,20,5,0,49,19,20,5,0,27,16,20,4,1,10,1,20,3,2,72,11,20,4,1,34,23,20,4,1
64551274,70,6,20,4,1,4,13,19,4,1,39,18,20,3,2,10,1,20,5,0,90,11,20,4,1,82,21,20,4,1
64550685,22,3,20,5,0,82,21,20,5,0,89,9,20,5,0,4,13,18,4,1,39,18,20,2,3,11,16,20,4,1
64549566,59,2,20,4,1,63,15,20,4,1,25,11,20,5,0,45,4,20,4,1,67,14,20,5,0,77,24,20,4,1
64548185,76,3,19,4,1,89,9,20,5,0,43,5,20,4,1,75,22,19,3,1,37,15,19,4,0,11,18,18,4,0
64547227,39,18,20,5,0,1,15,19,3,2,18,15,20,3,2,28,3,19,5,0,44,25,19,5,0,38,9,20,5,0
64681456,16,9,18,4,1,24,21,18,4,0,74,3,18,4,0,1,15,18,3,0,65,16,18,4,0,89,9,18,2,1
64680590,80,19,19,4,1,90,11,19,4,1,88,3,19,4,1,29,1,19,4,1,77,24,19,5,0,71,14,19,4,1
64679701,17,5,19,3,2,90,11,19,4,1,35,1,19,5,0,6,8,19,5,0,60,6,19,3,2,89,9,19,3,0
64678199,86,1,17,2,1,53,14,16,2,1,34,23,18,5,0,79,8,18,4,0,63,15,18,4,0,21,9,17,3,0
64676133,42,24,20,5,0,68,1,19,4,1,23,15,20,4,1,75,22,18,5,0,26,9,18,4,1,90,11,18,5,0
64675555,46,16,17,3,1,17,5,16,3,0,11,18,16,5,0,59,2,17,3,1,14,21,16,3,0,89,9,17,4,0
64674183,77,24,20,5,0,82,21,20,4,1,33,1,19,4,1,25,11,19,5,0,68,1,18,2,1,64,24,19,5,0
64671768,67,14,20,4,1,90,11,20,4,1,35,2,20,4,1,67,14,20,3,2,68,1,19,5,0,6,8,20,3,2
64670863,82,21,20,4,1,2,9,20,3,2,59,2,19,5,0,6,8,20,4,1,33,1,20,5,0,90,11,20,3,2
64693710,83,6,19,4,1,28,3,18,4,1,90,11,19,4,1,86,1,19,2,2,31,7,20,5,0,76,3,20,4,0
64692988,31,7,20,4,1,22,3,20,4,1,71,14,20,4,1,75,22,20,4,1,20,4,20,5,0,3,21,19,4,1
64691137,31,7,20,4,1,43,5,20,3,2,88,3,20,4,0,8,22,20,3,1,31,7,18,2,1,55,14,18,2,0
64690807,81,9,18,4,1,68,1,18,5,0,72,11,18,2,3,76,3,18,3,0,31,7,18,4,1,75,22,18,5,0
64690446,64,24,19,5,0,4,13,18,4,0,17,5,19,2,3,90,11,18,5,0,76,3,18,3,0,14,21,18,5,0
64689906,1,15,19,4,1,29,1,19,5,0,79,8,19,4,1,85,13,18,2,0,42,24,17,2,0,64,24,18,3,0
64689447,46,16,19,5,0,70,6,20,3,2,67,14,19,5,0,82,21,20,4,0,70,6,20,3,2,63,15,19,3,0
64689105,29,1,18,3,0,42,24,19,3,0,12,7,18,4,0,71,14,18,3,1,72,11,18,2,2,11,16,17,2,1
64688525,72,11,17,2,2,83,6,17,4,0,39,18,18,4,0,1,18,16,3,0,76,3,17,1,0,89,9,16,3,0
64699347,34,23,19,3,2,23,18,20,4,1,2,9,19,3,2,78,16,20,4,0,12,7,18,5,0,1,15,19,5,0
64698908,44,25,19,3,2,90,11,20,4,1,46,16,19,3,2,82,21,19,5,0,17,5,19,4,1,76,3,18,5,0
64698660,64,24,19,4,1,49,19,20,4,1,90,11,19,4,1,80,19,18,4,0,21,9,19,5,0,37,15,20,5,0
64698107,64,24,19,2,3,41,24,18,3,0,29,1,19,4,1,4,13,18,3,0,2,11,19,4,1,10,1,18,4,1
64697597,2,9,20,5,0,31,7,20,4,1,14,21,19,4,1,70,6,19,2,3,81,9,20,4,1,88,3,19,5,0
64694410,78,16,19,4,0,79,8,19,4,0,85,13,19,4,1,30,13,17,4,1,75,22,19,5,0,90,11,19,4,1
64680797,50,21,20,5,0,53,14,19,4,1,90,11,20,5,0,67,14,20,5,0,66,24,20,2,2,82,21,20,4,0
64679745,17,5,19,4,0,76,3,18,5,0,78,16,19,4,1,74,3,19,5,0,70,6,19,4,1,66,24,19,5,0
64675989,67,14,20,3,2,75,22,20,3,2,1,18,20,4,1,23,18,20,5,0,40,6,20,5,0,64,24,20,4,1
64670158,75,22,20,3,2,78,16,19,5,0,5,6,19,3,2,72,11,20,3,2,42,24,20,5,0,22,3,19,5,0
64669127,68,1,20,4,1,17,5,19,3,2,80,19,20,4,1,39,18,20,5,0,2,9,20,4,1,29,1,20,5,0
64666273,4,3,20,3,2,66,24,20,4,1,11,18,20,4,1,2,11,20,4,0,75,22,20,4,0,11,18,20,4,0
64665151,31,7,19,4,1,78,16,20,3,2,71,14,20,5,0,55,14,19,4,1,14,21,19,4,1,6,8,20,3,1
64664522,15,5,20,3,2,4,13,20,5,0,31,7,19,4,1,78,16,20,5,0,67,14,20,4,1,1,15,20,3,2
64660926,77,24,19,5,0,56,20,19,5,0,28,3,19,3,2,74,3,18,4,0,31,7,18,5,0,29,1,18,4,0
64660192,26,9,18,4,1,72,11,19,4,1,79,8,19,3,2,70,6,19,5,0,27,9,19,4,0,75,22,19,4,1
64624652,39,18,19,5,0,3,19,19,4,1,90,11,20,2,3,50,21,18,4,0,61,5,18,4,0,54,8,19,4,1
64693424,18,15,18,3,0,78,16,18,2,0,72,11,19,4,1,73,24,18,3,1,22,3,19,4,0,21,9,19,4,1
64691546,19,24,15,4,0,28,3,15,3,1,73,24,15,4,1,21,9,13,1,0,15,5,14,3,0,28,3,14,2,0
64690760,87,24,17,4,1,74,3,16,4,0,63,15,17,2,1,19,24,16,2,0,18,15,16,3,0,73,24,16,3,1
64662463,70,6,18,5,0,64,24,18,4,1,19,24,18,4,0,85,13,17,4,0,64,24,18,5,0,58,10,19,4,1
64654167,76,3,16,3,0,7,1,16,5,0,31,7,16,3,0,67,14,12,2,0,21,9,12,1,0,53,14,14,2,1
64638717,1,15,17,5,0,26,9,17,4,1,82,21,17,3,0,76,3,15,5,0,22,3,16,3,0,18,15,15,2,2
64622940,72,11,12,2,0,11,16,13,3,0,28,3,12,2,0,64,24,11,2,0,65,16,13,3,0,53,14,12,3,0
64610678,80,19,17,3,2,22,3,16,4,0,67,14,16,4,0,22,3,15,2,0,71,14,15,1,1,67,14,14,2,0
64605336,31,7,17,4,1,78,16,18,5,0,73,24,16,4,1,67,14,17,5,0,80,19,18,3,2,82,21,18,5,0
64662977,67,14,20,3,2,21,9,20,3,2,11,16,20,5,0,10,20,20,4,1,65,16,20,5,0,90,11,20,4,1
64662112,34,23,19,4,1,90,11,20,3,2,68,1,19,5,0,29,1,20,3,1,6,8,20,4,1,80,19,18,4,0
64660599,65,16,19,4,1,81,9,19,4,1,1,14,18,4,1,31,7,19,3,2,90,11,19,5,0,61,5,20,4,0
64653101,70,6,20,3,2,29,1,20,5,0,65,16,19,4,1,53,14,19,4,1,19,24,18,4,0,21,9,18,4,0
64652797,18,15,18,5,0,74,3,18,5,0,52,24,18,3,2,18,15,17,2,0,65,16,18,4,1,26,9,17,2,0
64652177,46,16,20,4,1,90,11,20,3,2,76,3,19,5,0,13,15,20,0,0,31,7,20,4,1,48,3,19,3,2
64651939,73,24,19,5,0,23,18,20,1,4,67,14,19,2,2,33,1,19,4,0,62,11,19,3,0,84,18,19,4,0
64611809,76,3,18,3,0,47,4,19,4,0,19,6,18,5,0,82,21,17,4,1,64,24,18,4,0,1,18,17,4,1
64679872,58,10,19,4,1,76,3,19,4,0,43,5,20,4,1,1,15,20,4,1,72,11,20,4,1,68,1,18,5,0
64679151,65,16,20,5,0,6,8,20,4,1,30,13,20,4,0,82,21,20,3,2,84,18,20,3,2,16,9,20,3,2
64677956,81,9,20,4,1,7,2,20,3,2,47,4,20,4,1,1,15,20,4,1,9,9,19,3,2,67,14,20,3,2
64676543,85,13,20,4,1,90,11,20,3,2,25,11,20,4,1,12,7,20,4,1,11,18,20,5,0,90,11,20,5,0
64674534,67,14,19,3,1,79,8,20,5,0,55,14,19,3,0,82,21,20,4,1,60,6,19,3,2,76,3,18,3,0
64628480,23,18,19,4,1,42,24,19,4,1,90,11,19,5,0,90,11,19,4,1,29,1,19,5,0,44,25,19,5,0
64627112,44,25,20,4,1,89,9,20,4,1,7,1,20,5,0,88,3,20,5,0,65,16,20,4,1,54,8,20,3,2
64625088,70,6,20,3,2,23,18,19,4,1,56,20,20,4,1,32,5,19,4,1,42,24,19,3,0,33,1,19,3,0
64623182,70,6,19,4,1,85,13,18,4,1,52,24,19,4,1,70,6,19,5,0,86,1,19,3,1,33,1,19,5,0
64621673,64,24,19,4,0,59,2,18,3,1,50,21,19,1,0,21,9,20,4,1,84,18,20,5,0,15,6,19,5,0
64619723,7,1,19,3,2,73,24,18,4,0,86,1,19,5,0,70,6,20,1,4,80,19,19,5,0,6,8,20,4,1
64662484,53,13,20,4,1,27,9,20,3,2,15,5,20,3,2,33,1,20,5,0,90,11,20,4,1,46,16,20,5,0
64616628,90,11,20,3,2,20,4,19,5,0,70,6,19,3,2,29,1,20,5,0,20,4,19,5,0,62,11,19,3,1
64615876,62,11,19,4,1,18,15,20,4,1,29,1,19,4,1,63,15,19,5,0,1,15,19,4,0,89,9,20,4,1
64615079,65,16,20,4,1,82,21,20,4,1,28,3,20,3,2,89,9,20,4,1,35,2,20,5,0,78,16,20,4,1
64489047,6,8,19,3,2,53,14,19,4,1,16,9,19,4,1,65,16,20,5,0,45,4,18,3,1,90,11,19,5,0
64488320,53,14,20,5,0,44,25,20,4,1,70,6,20,3,2,7,1,20,5,0,60,6,20,4,1,78,16,20,5,0
64487625,19,24,19,2,1,10,1,20,4,1,1,14,19,5,0,90,11,19,5,0,88,3,19,5,0,89,9,19,5,0
64487202,77,24,20,4,1,55,14,19,3,2,42,24,19,5,0,27,16,20,4,0,41,24,19,4,1,46,16,20,4,1
64681281,71,14,20,5,0,47,4,20,4,1,75,22,20,4,1,74,3,20,5,0,76,3,19,5,0,58,10,20,3,2
64679462,78,16,20,4,1,56,20,19,3,1,42,24,20,4,1,58,10,19,4,1,76,3,18,5,0,72,11,19,4,1
64673882,11,16,19,5,0,31,7,20,3,2,83,6,20,5,0,30,13,20,3,2,83,6,20,5,0,6,7,20,3,2
64658151,9,10,20,4,1,23,18,20,4,1,27,9,19,5,0,68,1,19,5,0,70,6,20,2,3,2,11,20,4,1
64657475,28,3,19,4,0,35,2,20,4,0,81,9,20,4,1,64,24,20,4,1,5,5,20,3,2,2,9,20,4,1
64657012,6,8,20,3,2,23,18,20,5,0,81,9,20,5,0,72,11,20,4,0,76,3,19,3,1,16,9,20,5,0
64656125,86,1,19,5,0,85,13,19,4,1,1,15,20,4,1,36,5,19,4,1,43,5,20,3,2,30,13,19,4,1
64655851,64,24,20,4,1,84,18,20,4,1,80,19,20,4,1,65,16,20,4,1,26,9,20,4,1,90,11,20,3,2
64685184,53,14,20,5,0,39,18,20,4,1,15,5,19,4,1,21,9,20,2,3,65,16,20,4,1,33,1,20,5,0
64684420,81,9,20,4,1,78,16,20,2,3,46,16,19,3,2,72,11,20,4,1,84,18,20,5,0,74,3,19,5,0
64683593,77,24,20,4,0,67,14,20,4,1,44,25,19,4,0,27,6,20,3,1,42,24,20,3,2,1,15,20,2,3
64682823,5,5,20,3,2,90,11,20,4,1,40,6,20,3,2,32,5,20,3,2,42,24,20,4,1,88,3,20,4,1
64681205,81,9,19,4,1,72,11,20,3,2,30,13,19,3,0,88,3,19,5,0,11,18,20,4,1,90,11,20,4,1
64679410,90,11,19,4,1,65,16,18,3,2,20,4,18,3,1,27,9,18,3,1,11,16,18,4,0,63,15,18,4,0
64676672,17,5,19,3,2,23,18,19,3,2,71,14,20,4,1,63,15,19,4,1,7,1,20,4,1,65,16,20,4,1
64674824,28,3,19,3,2,55,14,19,5,0,34,23,19,3,2,86,1,20,4,1,59,2,19,5,0,67,14,20,5,0
64663928,39,18,20,4,1,64,24,20,4,1,82,21,20,3,2,65,16,20,5,0,75,22,20,5,0,90,11,20,4,1
64660310,4,3,19,3,1,28,3,20,4,1,39,18,20,2,3,20,4,19,2,2,17,5,20,4,1,16,9,20,5,0
64659720,86,1,20,4,1,31,7,20,2,3,27,9,20,5,0,55,14,20,3,0,17,5,20,5,0,6,7,20,5,0
64654281,19,6,20,5,0,14,21,20,3,2,11,18,20,4,1,56,20,19,5,0,31,7,20,3,2,65,16,19,5,0
64654011,2,11,19,3,2,14,21,19,5,0,22,3,19,5,0,25,11,19,4,1,46,16,19,4,1,86,1,19,4,1
64535544,39,21,20,4,1,31,7,20,3,2,65,16,20,4,1,61,5,20,3,2,23,18,20,4,1,7,1,20,5,0
64492429,90,11,19,4,1,50,21,19,5,0,7,2,19,5,0,18,15,19,3,2,55,14,20,5,0,25,11,20,4,1
64485858,58,10,18,5,0,40,6,19,4,1,48,3,18,5,0,33,1,18,4,0,46,16,19,5,0,21,9,19,2,2
64485379,43,5,20,3,2,88,3,20,4,1,47,4,20,4,1,74,3,19,4,1,11,18,20,5,0,33,1,20,5,0
64698727,4,13,19,3,2,83,6,19,4,1,46,16,20,3,2,47,4,19,4,1,64,24,20,4,1,88,3,19,5,0
64698404,4,13,20,5,0,1,15,20,3,2,60,6,19,5,0,10,1,19,5,0,89,9,20,5,0,59,2,20,4,0
64698012,33,1,19,5,0,77,24,19,4,1,2,11,19,4,1,33,1,19,3,2,62,11,20,4,0,55,14,19,4,1
64671539,77,24,19,5,0,67,14,18,4,1,50,21,18,3,1,46,16,18,4,1,78,16,18,4,0,60,6,18,2,1
64655302,18,15,20,4,1,46,16,20,4,1,77,24,20,4,1,39,21,20,4,1,11,18,19,5,0,17,5,20,3,1
64635322,23,18,19,4,1,74,3,19,4,1,90,11,19,5,0,25,11,19,3,2,60,6,19,3,2,35,2,19,4,0
64634561,64,24,20,3,2,30,13,20,4,1,36,5,20,4,1,82,21,19,4,1,90,11,20,4,1,71,14,19,5,0
64633455,29,1,19,4,1,28,3,20,4,1,72,11,19,3,2,90,11,20,5,0,64,24,20,5,0,18,15,20,3,2
64514945,75,22,20,3,2,50,21,19,3,2,72,11,20,3,2,21,9,20,4,1,75,22,20,3,2,11,16,19,5,0
64683116,1,18,20,3,2,63,15,19,4,1,67,14,19,2,3,22,3,20,5,0,66,24,20,5,0,53,14,19,4,1
64682488,30,13,18,3,2,60,6,18,4,1,12,7,18,4,1,22,3,19,5,0,63,15,19,5,0,83,6,20,5,0
64681546,89,9,20,4,1,75,22,20,3,2,29,1,20,4,1,72,11,20,5,0,4,13,19,5,0,64,24,20,4,1
64679793,50,21,20,5,0,30,13,20,5,0,25,11,20,4,1,26,9,20,4,1,68,1,18,2,0,72,11,20,5,0
64678852,58,10,20,4,1,19,24,20,3,2,20,4,20,5,0,30,13,19,5,0,3,16,19,4,1,47,4,20,4,1
64676927,45,4,18,3,0,17,5,20,3,2,38,9,19,4,1,2,11,19,3,1,23,18,19,3,1,74,3,18,3,0
64674500,86,1,20,5,0,53,14,20,5,0,32,5,20,2,3,67,14,20,4,1,68,1,19,5,0,17,5,20,4,1
64678591,66,24,19,5,0,74,3,18,4,1,70,6,19,4,1,11,16,19,4,1,53,14,17,2,1,82,21,19,3,1
64677130,72,11,19,4,1,30,13,18,4,0,82,21,19,3,1,76,3,18,2,1,6,8,19,3,1,1,15,19,5,0
64675931,42,24,20,5,0,31,7,20,5,0,70,6,20,4,1,72,11,20,2,3,55,14,20,4,0,10,20,20,4,1
64675159,70,6,18,4,1,74,3,19,5,0,65,16,18,4,1,90,11,19,3,2,82,21,18,4,1,33,1,19,4,1
64674186,74,3,20,4,1,77,24,20,3,2,68,1,20,5,0,90,11,20,4,1,30,13,20,5,0,80,19,20,4,1
64672256,53,14,20,3,2,83,6,20,3,2,23,18,20,3,2,88,3,19,5,0,67,14,19,5,0,25,11,19,4,1
64627035,84,18,20,4,1,82,21,19,3,2,48,3,20,5,0,66,24,20,3,2,11,16,20,5,0,16,9,20,3,2
64622891,67,14,20,3,2,33,1,19,5,0,75,22,20,3,2,7,1,19,4,1,21,9,20,4,1,56,20,20,4,1
64621138,50,21,19,3,2,90,11,19,4,1,29,1,19,3,2,86,1,18,4,1,75,22,19,5,0,28,3,18,4,1
64620484,86,1,19,5,0,2,11,20,4,1,44,25,20,5,0,27,2,19,4,0,11,16,19,4,0,31,7,20,3,2
64699182,70,6,20,5,0,35,1,20,4,1,47,4,20,5,0,2,11,20,4,1,83,6,20,4,1,89,9,20,4,1
64698903,16,9,20,2,3,19,6,20,3,2,86,1,20,3,2,28,3,19,4,0,58,10,19,5,0,37,15,19,5,0
64698704,45,4,18,5,0,90,11,19,5,0,59,2,18,4,1,22,3,18,2,1,69,9,18,3,0,90,11,19,4,1
64698430,28,3,19,4,1,39,21,19,5,0,37,15,20,4,1,28,3,19,4,1,18,15,19,5,0,65,16,19,5,0
64698120,22,3,19,3,2,58,10,20,3,2,61,5,19,4,1,90,11,18,3,0,16,9,20,4,0,67,14,19,4,0
64445266,74,3,20,5,0,35,1,20,5,0,21,9,20,3,2,39,18,20,4,1,65,16,20,3,2,44,25,20,5,0
64444450,90,11,20,4,1,67,14,20,4,1,3,21,20,4,1,11,16,19,3,1,35,1,20,5,0,21,9,20,4,1
64443973,74,3,20,4,1,34,23,20,3,2,35,1,20,5,0,88,3,20,4,0,59,2,20,4,0,90,11,20,5,0
64443177,43,5,20,3,2,24,21,20,4,1,35,1,20,4,1,83,6,20,4,1,35,1,20,4,1,67,14,20,4,1
64683686,81,9,18,4,1,2,10,18,4,1,85,13,18,4,1,70,6,18,3,1,78,16,17,5,0,18,15,17,4,1
64682387,26,9,19,4,1,89,9,19,3,2,13,19,19,4,1,2,9,20,5,0,28,3,19,5,0,19,6,20,4,1
64680999,78,16,20,5,0,72,11,20,4,1,88,3,20,4,0,88,3,19,4,1,42,24,20,3,2,70,6,19,5,0
64679748,80,19,18,3,0,47,4,17,4,0,77,24,18,4,1,12,7,17,4,1,2,10,17,3,1,68,1,17,2,0
64677095,85,13,18,3,0,70,6,19,5,0,2,9,16,2,0,88,3,20,5,0,12,7,19,5,0,67,14,18,4,1
64676211,78,16,19,4,1,55,14,19,5,0,40,6,20,4,1,55,14,19,4,1,26,9,19,4,1,78,16,19,4,1
64675026,70,6,20,4,1,18,15,19,4,1,78,16,20,5,0,75,22,19,5,0,2,11,20,4,1,80,19,19,5,0
64673636,86,1,19,4,0,36,5,18,3,1,29,1,19,4,1,33,1,19,5,0,90,11,19,5,0,2,11,18,4,0
64672266,59,2,19,5,0,74,3,19,5,0,78,16,20,4,1,57,23,19,5,0,10,1,19,4,0,80,19,19,3,0
64689808,70,6,20,4,1,11,16,20,5,0,18,15,20,4,1,76,3,20,5,0,74,3,19,5,0,43,5,20,3,2
64689425,66,24,20,5,0,52,24,20,4,1,38,9,20,3,2,31,7,19,4,1,83,6,20,5,0,89,9,19,4,1
64689167,70,6,20,4,1,47,4,19,5,0,39,21,19,4,1,76,3,19,4,1,86,1,20,4,1,43,5,19,3,2
64688800,45,4,20,4,1,21,9,20,2,3,66,24,20,4,1,4,13,19,5,0,3,16,20,4,1,84,18,20,5,0
64687678,90,11,18,4,1,56,20,18,5,0,4,3,18,5,0,81,9,17,4,1,27,9,17,3,1,31,7,17,3,1
64670780,31,7,20,4,1,42,24,20,5,0,71,14,20,5,0,67,14,20,5,0,74,3,20,4,1,90,11,20,3,2
64647435,26,9,20,4,1,70,6,20,3,2,11,18,20,4,1,66,24,20,3,0,53,14,20,3,0,3,19,20,4,0
64660321,32,5,20,4,1,84,18,19,4,1,12,6,19,5,0,39,18,19,3,1,44,25,17,1,0,79,8,19,3,0
64655469,62,11,20,4,1,28,3,20,4,1,59,2,20,4,1,90,11,20,4,1,76,3,20,5,0,37,15,20,5,0
64436924,26,9,19,4,1,55,14,19,4,1,19,6,19,3,2,21,9,20,3,2,67,14,20,4,1,46,16,20,4,1
64436518,19,6,19,4,1,44,25,20,4,1,59,2,19,5,0,70,6,19,4,0,28,13,19,3,1,65,16,19,4,0
64436226,43,5,20,3,2,28,3,20,4,1,65,16,20,5,0,17,5,19,3,1,59,2,19,4,0,64,24,19,2,0
64688042,33,1,19,4,1,84,18,20,4,1,42,24,19,4,1,44,25,19,4,1,66,24,20,3,2,11,18,20,4,1
64687441,22,3,20,5,0,15,6,20,4,1,37,15,20,4,1,79,8,19,4,1,72,11,20,4,1,54,8,20,3,2
64686613,48,3,20,4,1,89,9,20,4,1,16,9,20,4,1,11,18,20,4,1,69,9,20,4,1,89,9,20,3,2
64685685,90,11,19,5,0,89,9,19,5,0,43,5,20,5,0,28,3,19,4,1,17,5,19,2,3,72,11,20,4,1
64641837,42,24,20,4,0,84,18,19,5,0,16,9,20,4,1,61,5,20,5,0,26,9,20,3,2,8,22,19,4,1
64640027,68,1,19,5,0,90,11,20,3,2,89,9,20,4,1,43,5,19,3,1,30,13,19,1,1,52,24,18,4,0
64637495,30,13,19,3,0,72,11,20,3,2,81,9,20,4,1,2,10,20,3,2,78,16,20,4,1,10,1,20,4,1
64699527,61,5,20,4,1,58,10,20,3,2,85,13,19,5,0,17,5,20,5,0,78,16,19,3,2,86,1,19,4,1
64698893,81,9,20,4,1,1,18,20,4,1,47,4,20,4,1,12,7,20,3,2,1,15,20,5,0,11,16,20,4,1
64698226,88,3,20,4,1,90,11,20,4,1,47,4,20,3,2,72,11,19,5,0,28,3,19,4,1,33,1,19,5,0
64697529,46,16,20,4,1,80,19,19,4,1,58,10,19,4,1,90,11,20,4,1,16,9,20,4,1,8,22,20,5,0
64697227,60,6,19,3,1,74,3,19,5,0,21,9,20,3,2,47,4,19,4,1,16,9,20,3,2,67,14,20,5,0
64696965,77,24,20,5,0,53,14,20,3,2,49,19,20,4,1,33,1,20,5,0,1,18,20,4,1,80,19,20,4,1
64696609,26,9,20,4,1,11,16,19,5,0,70,6,18,3,2,39,18,19,5,0,6,8,19,5,0,47,4,19,5,0
64696193,17,5,20,4,1,65,16,19,5,0,70,6,20,4,1,20,4,19,5,0,10,1,20,4,1,79,8,19,4,1
64695791,12,7,20,4,1,28,3,20,4,1,14,21,20,5,0,2,11,20,5,0,56,20,20,4,1,54,8,19,3,2
64695356,79,8,20,3,2,11,16,20,5,0,6,8,19,4,1,28,3,20,5,0,90,11,20,3,2,1,14,20,4,1
64668931,66,24,20,4,1,72,11,19,3,2,20,4,19,5,0,14,21,19,5,0,83,6,20,4,1,11,16,19,5,0
64667175,19,6,19,4,1,90,11,20,5,0,76,3,20,5,0,35,1,20,4,1,65,16,20,4,1,69,9,19,1,0
64666622,26,9,19,5,0,36,5,20,2,3,74,3,20,5,0,2,9,20,3,2,18,15,20,4,1,22,3,19,5,0
64665307,38,9,20,5,0,88,3,19,4,0,65,16,19,4,1,80,19,19,4,1,58,10,20,4,1,33,1,20,4,1
64664346,58,10,19,2,2,28,3,19,4,1,2,9,19,3,2,58,10,20,5,0,64,24,20,4,1,67,14,20,4,1
63082181,61,5,20,3,2,81,9,20,3,2,33,1,20,4,1,58,10,19,3,2,37,15,20,4,1,64,24,19,5,0
63081591,72,11,19,3,2,42,24,19,4,1,10,1,18,5,0,64,24,19,4,0,2,9,19,3,0,53,14,19,3,0
63080166,82,21,20,2,3,74,3,20,3,2,86,1,20,2,3,63,15,19,4,0,52,24,18,4,1,64,24,19,5,0
62752980,55,14,20,5,0,75,22,20,3,2,17,5,20,3,2,31,7,20,4,1,21,9,20,5,0,29,1,20,5,0
64699750,62,11,19,4,1,63,15,20,5,0,39,18,20,4,1,63,15,20,5,0,6,7,20,3,2,53,14,20,5,0
64699098,26,9,20,4,1,81,9,19,3,1,53,14,20,5,0,86,1,19,4,1,58,10,20,4,1,46,16,20,5,0
64698531,84,18,20,4,1,40,6,20,4,1,65,16,20,5,0,75,22,20,3,2,1,15,20,4,1,4,13,20,4,1
64698253,2,11,19,5,0,11,16,20,5,0,19,24,20,2,3,89,9,20,5,0,23,18,20,4,1,61,5,20,4,1
64697704,79,8,20,2,3,72,11,20,4,1,55,14,19,4,1,67,14,20,5,0,26,9,19,3,2,23,18,19,5,0
64697286,74,3,20,4,0,64,24,20,3,2,72,11,20,3,2,13,19,20,5,0,25,11,19,3,2,86,1,20,3,2
64696883,62,11,20,3,2,11,16,20,5,0,7,1,20,4,1,78,16,20,2,3,77,24,19,3,2,59,2,20,5,0
64696400,31,7,20,2,3,20,4,20,3,2,86,1,20,3,2,76,3,19,4,0,89,9,20,5,0,87,24,19,5,0
64695979,76,3,20,4,1,31,7,19,4,1,16,9,20,5,0,31,7,20,4,1,26,9,19,3,2,59,2,19,5,0
64668990,1,15,19,4,1,69,9,18,5,0,49,19,19,2,3,76,3,20,5,0,2,11,20,2,3,11,18,20,4,1
64695829,9,10,20,3,2,27,16,20,5,0,60,6,19,4,1,72,11,19,3,2,33,1,20,5,0,85,13,20,4,0
64678119,72,11,20,3,2,53,14,20,5,0,58,10,20,3,2,53,14,19,4,0,2,10,19,5,0,7,1,20,3,2
64676626,51,22,19,4,1,31,7,19,4,1,58,10,19,3,1,62,11,20,5,0,64,24,18,4,1,53,14,20,5,0
64674623,40,6,20,3,2,37,15,20,4,1,23,18,20,5,0,55,14,19,5,0,2,11,20,3,2,26,9,20,5,0
64563249,29,1,20,4,1,90,11,20,3,2,2,10,20,4,1,80,19,20,3,2,90,11,20,4,1,81,9,20,4,1
64561740,59,2,19,4,1,2,9,19,3,2,23,15,18,4,1,76,3,18,4,0,81,9,19,3,1,78,16,19,3,2
64261047,10,20,19,5,0,62,11,19,4,1,33,1,19,4,1,33,1,19,5,0,19,6,19,4,1,25,11,19,3,2
64260398,7,1,20,5,0,16,9,20,4,1,79,8,20,3,2,58,10,20,4,1,67,14,19,4,1,18,15,20,3,2
64257819,20,4,19,5,0,83,6,20,4,1,31,7,20,3,2,74,3,19,4,1,40,6,19,4,1,46,16,20,5,0
64256934,2,11,20,5,0,56,20,20,5,0,4,13,20,5,0,57,23,20,4,1,72,11,20,4,1,71,14,19,3,2
64215388,20,4,19,5,0,75,22,19,4,1,58,10,20,4,1,27,9,19,4,0,16,9,19,4,1,72,11,20,4,1
64213668,72,11,20,5,0,74,3,20,5,0,43,5,20,4,1,9,10,20,3,2,39,18,20,5,0,11,18,20,4,1
64212524,22,3,19,5,0,85,13,20,5,0,54,8,20,4,1,35,2,19,5,0,75,22,19,4,1,7,1,19,4,0
64210695,17,5,20,4,1,28,3,19,4,1,46,16,19,5,0,8,22,19,3,2,65,16,20,4,1,63,15,19,4,1
64209542,6,8,19,4,1,52,24,20,4,1,50,21,20,4,0,18,15,20,4,0,81,9,19,4,1,22,3,20,5,0
64208375,84,18,20,4,1,21,9,19,4,1,29,2,20,5,0,78,16,20,4,1,68,1,20,4,0,81,9,20,5,0
64203206,79,8,20,4,1,28,3,20,4,1,46,16,20,5,0,74,3,20,5,0,32,5,20,5,0,15,6,20,4,1
64201039,23,18,20,5,0,28,3,20,5,0,21,9,20,5,0,22,3,19,4,1,6,8,20,4,1,42,24,20,4,1
64199417,1,18,20,4,1,84,18,20,5,0,44,25,19,4,1,66,24,20,5,0,14,21,20,3,2,22,3,20,4,1
64687908,32,5,20,3,2,56,20,19,5,0,4,13,20,5,0,72,11,20,5,0,5,6,19,5,0,88,3,19,4,1
64687130,88,3,19,4,0,86,1,19,4,0,52,24,20,4,1,65,16,19,4,1,56,20,19,4,1,51,22,19,4,1
64686805,58,10,20,5,0,65,16,20,5,0,11,18,20,5,0,90,11,20,4,1,48,3,20,3,2,29,1,20,5,0
64686195,26,9,20,5,0,71,14,20,5,0,9,10,20,4,1,72,11,19,4,1,74,3,19,4,1,79,8,20,4,1
64684907,72,11,20,5,0,79,8,20,3,2,8,22,19,3,2,80,19,20,4,1,11,16,19,4,1,81,9,19,4,1
64682005,39,18,19,5,0,89,9,19,4,1,63,15,19,5,0,89,9,19,4,1,78,16,19,3,0,56,20,19,3,0
64680695,25,11,20,3,2,10,1,19,5,0,53,14,19,5,0,30,13,19,4,1,1,18,19,3,2,25,11,19,5,0
64678607,4,3,20,4,1,25,11,20,5,0,56,20,19,5,0,25,11,19,4,1,7,1,19,5,0,74,3,19,4,1
64676971,17,5,19,5,0,1,15,20,4,1,74,3,19,4,1,27,16,20,5,0,86,1,20,3,2,26,9,20,3,2
64689456,5,5,19,3,2,65,16,19,5,0,14,21,19,5,0,29,1,18,3,0,89,9,20,4,1,68,1,19,3,0
64689175,32,5,20,5,0,17,5,20,3,2,15,5,19,4,1,38,9,19,3,0,23,18,19,5,0,76,3,19,5,0
64675745,61,5,19,4,0,82,21,18,3,0,48,3,19,4,0,84,18,19,3,1,65,16,19,4,1,36,5,19,3,2
64668433,54,8,20,4,1,50,21,20,4,1,78,16,20,3,2,38,9,20,4,0,17,5,19,3,2,76,3,19,3,0
64667461,7,1,20,4,1,30,13,19,4,1,36,5,20,3,2,21,9,20,4,0,88,3,19,2,0,6,7,20,3,1
64666188,74,3,18,5,0,44,25,19,2,3,40,6,18,4,1,17,5,18,5,0,74,3,18,5,0,33,1,18,3,2
64664967,74,3,20,5,0,44,25,20,4,1,40,6,20,3,2,25,11,20,3,2,29,1,20,4,1,33,1,20,4,1
64664107,55,14,18,3,0,42,24,17,4,1,70,6,18,3,2,23,18,18,3,2,72,11,18,4,1,10,1,18,5,0
64609103,52,24,20,4,1,64,24,19,5,0,33,1,20,4,1,21,9,20,3,2,16,9,20,4,1,42,24,19,4,1
64607637,17,5,20,4,1,67,14,20,4,1,35,1,20,5,0,52,24,20,4,1,61,5,20,5,0,33,1,20,4,1
64699632,35,2,19,5,0,72,11,19,4,1,82,21,19,3,2,47,4,19,3,2,1,15,19,4,1,90,11,19,3,2
64686046,25,11,20,4,1,29,1,19,5,0,21,9,20,3,2,72,11,19,5,0,33,1,19,4,1,48,3,20,5,0
64685504,30,13,20,5,0,90,11,20,4,1,12,7,20,3,2,81,9,18,4,1,49,19,19,4,1,33,1,17,5,0
64684843,78,16,20,3,2,90,11,19,4,1,88,3,19,4,0,75,22,19,1,2,67,14,20,4,1,42,24,19,3,2
64683716,59,2,19,4,1,78,16,19,3,2,66,24,19,4,1,65,16,20,5,0,76,3,20,4,0,26,9,20,3,2
64656601,75,22,20,4,1,62,11,20,3,2,4,13,19,5,0,86,1,19,5,0,64,24,19,3,2,77,24,20,3,2
64655643,78,16,19,5,0,67,14,19,4,1,26,9,19,5,0,63,15,19,4,1,33,1,20,4,1,53,14,19,4,1
64655310,45,4,19,5,0,84,18,19,3,2,8,22,20,3,2,21,9,20,4,1,42,24,20,4,1,28,13,20,5,0
64674873,78,16,20,4,0,53,13,19,5,0,90,11,20,2,3,78,16,20,4,1,90,11,20,5,0,29,1,20,5,0
64673112,70,6,20,4,1,48,3,19,5,0,89,9,20,5,0,77,24,20,3,2,88,3,20,4,1,33,1,20,4,1
64668189,64,24,19,4,1,30,13,19,2,1,75,22,19,3,2,72,11,19,5,0,53,14,18,2,1,75,22,19,5,0
64585235,65,16,19,4,0,64,24,20,4,1,15,6,20,3,2,78,16,20,4,1,28,3,20,4,1,10,20,20,4,1
64583926,15,5,20,3,2,68,1,20,4,1,6,8,19,3,2,90,11,20,4,1,43,5,20,3,2,11,16,20,3,1
64582886,62,11,19,4,1,64,24,19,4,1,76,3,19,5,0,29,2,18,2,1,32,5,18,4,1,14,21,19,4,1
64582060,28,3,20,4,1,2,11,20,4,1,1,15,20,3,2,26,9,20,4,1,64,24,20,5,0,17,5,20,4,1
64581378,36,5,20,3,2,86,1,20,3,2,76,3,20,4,1,33,1,20,5,0,82,21,20,4,1,9,9,20,4,1
64631925,89,9,20,4,1,11,16,20,5,0,29,1,20,4,1,27,16,19,4,1,2,10,20,2,3,82,21,20,4,1
64629627,82,21,19,5,0,46,16,20,5,0,67,14,20,4,1,89,9,20,4,1,29,1,20,3,2,4,13,19,4,0
64628334,74,3,20,5,0,31,7,19,3,2,86,1,20,5,0,77,24,20,5,0,53,14,19,4,1,32,5,20,3,2
64626937,46,16,19,4,1,50,21,19,5,0,2,11,19,4,1,59,2,18,4,1,37,15,19,5,0,90,11,19,5,0
61550931,25,11,20,4,1,82,21,19,4,1,58,10,20,3,2,46,16,20,4,1,23,15,20,4,1,21,9,20,1,4
61550021,11,18,19,3,1,22,3,19,4,0,66,24,19,4,0,15,5,19,3,0,56,20,19,3,0,68,1,17,1,1
61548578,49,19,19,3,1,51,22,19,3,0,32,5,19,3,2,9,9,19,4,1,40,6,19,4,1,41,24,19,4,0
61546793,49,19,20,3,2,65,16,20,4,1,27,2,19,2,2,29,1,19,5,0,18,15,19,5,0,4,3,20,5,0
64683946,34,23,20,3,2,2,10,20,3,2,1,16,20,3,2,29,1,20,3,2,72,11,20,3,2,4,3,19,5,0
64678971,35,1,19,3,2,26,9,19,5,0,18,15,19,4,1,37,15,19,4,1,43,5,19,5,0,62,11,19,3,1
64677240,7,1,20,3,2,33,1,20,4,1,81,9,20,3,2,35,1,20,5,0,13,19,20,4,0,71,14,19,4,0
64676003,64,24,19,5,0,29,1,20,5,0,90,11,20,5,0,44,25,20,3,2,78,16,19,5,0,46,16,20,5,0
64674870,31,7,19,4,1,24,21,19,5,0,53,14,18,4,0,82,21,19,4,1,72,11,19,4,1,9,9,19,5,0
64668812,1,15,20,3,2,42,24,20,4,1,39,18,20,3,2,31,7,20,4,1,18,15,20,3,2,68,1,19,5,0
64699783,78,16,20,5,0,46,16,20,4,1,21,9,20,3,2,50,21,19,4,1,6,8,20,3,2,47,4,20,4,1
64699311,78,16,20,4,1,16,9,19,3,2,77,24,18,5,0,78,16,20,5,0,18,15,19,3,2,25,11,19,5,0
64688965,74,3,19,4,1,8,22,19,5,0,16,9,18,4,1,60,6,19,4,1,33,1,19,3,1,89,9,19,4,1
64688565,88,3,18,5,0,42,24,17,2,0,82,21,17,4,0,67,14,16,4,0,42,24,18,4,0,78,16,18,4,0
64678561,78,16,19,4,1,86,1,19,4,1,2,11,20,4,1,81,9,19,3,2,31,7,19,4,1,76,3,19,3,0
64676748,76,3,20,4,0,2,9,20,4,1,74,3,20,5,0,4,13,20,5,0,84,18,19,4,1,2,9,20,4,1
64675145,30,13,20,5,0,89,9,20,4,1,78,16,20,5,0,72,11,20,4,1,30,13,20,5,0,84,18,20,3,2
64673747,77,24,19,4,1,90,11,19,5,0,30,13,19,5,0,4,3,19,4,1,67,14,19,4,1,69,9,19,3,0
64671290,28,3,20,4,1,70,6,20,2,3,76,3,19,4,1,85,13,19,4,0,72,11,20,4,1,23,18,20,4,1
64681147,64,24,19,4,1,75,22,20,5,0,13,15,19,5,0,47,4,19,4,1,89,9,20,3,2,7,1,20,2,3
64678895,17,5,20,4,1,65,16,20,4,0,14,21,19,4,1,82,21,19,2,3,88,3,19,3,2,66,24,20,3,2
64677104,11,18,19,4,1,14,21,19,5,0,15,5,19,3,2,76,3,19,4,1,25,11,19,4,1,2,9,20,2,3
64675248,2,10,20,2,3,74,3,20,5,0,20,4,19,5,0,72,11,19,4,1,55,14,19,4,1,40,6,19,4,1
64673504,18,15,19,4,1,29,1,19,5,0,82,21,20,3,2,87,24,19,5,0,80,19,20,5,0,33,1,19,4,1
64672283,30,13,19,4,0,32,5,20,5,0,10,20,20,4,1,33,1,19,4,1,17,5,20,5,0,86,1,19,4,0
64670711,90,11,19,4,1,4,3,19,4,1,3,21,19,4,1,90,11,19,4,1,76,3,19,3,0,27,16,19,3,1
64669832,59,2,19,5,0,64,24,20,4,1,19,24,19,4,1,50,21,19,3,0,29,1,19,5,0,81,9,19,4,1
64668293,81,9,20,4,1,38,9,20,4,1,4,13,19,4,1,55,14,20,4,1,23,18,20,5,0,90,11,19,3,2
64389453,12,7,19,3,2,9,9,19,4,1,90,11,19,4,1,9,10,18,2,2,35,1,19,4,1,59,2,18,4,0
64341958,90,11,19,2,3,65,16,19,4,1,32,5,19,3,2,65,16,18,4,1,72,11,18,4,0,71,14,17,4,0
64340450,42,24,18,5,0,90,11,16,5,0,71,14,18,4,0,67,14,17,3,0,64,24,16,2,1,73,24,17,5,0
64331921,65,16,18,4,0,78,16,19,4,1,90,11,18,4,1,13,19,18,3,0,29,1,19,5,0,90,11,18,3,1
64291231,29,1,18,5,0,11,16,17,5,0,90,11,17,4,0,18,15,16,2,1,15,5,15,4,0,28,3,16,2,0
64289960,60,6,19,5,0,33,1,19,3,2,82,21,19,4,1,12,7,19,4,1,11,16,19,4,1,54,8,20,5,0
64227445,11,16,19,4,1,89,9,20,4,1,90,11,19,3,2,60,6,19,4,0,82,21,20,5,0,90,11,19,4,1
64226528,76,3,20,4,1,18,15,19,3,2,90,11,19,3,2,28,3,20,3,0,78,16,20,4,1,18,15,18,4,1
64174758,90,11,18,4,1,50,21,18,4,1,28,3,19,3,2,65,16,17,2,1,78,16,18,5,0,73,24,17,4,0
64665155,42,24,20,3,2,70,6,20,4,1,22,3,20,3,2,1,15,20,4,1,76,3,20,4,0,77,24,20,5,0
64663934,89,9,20,3,2,29,1,20,3,2,82,21,20,4,1,6,8,20,3,2,46,16,20,5,0,1,15,20,5,0
64662840,49,19,20,4,1,10,20,20,3,2,70,6,20,3,2,56,20,20,5,0,11,16,20,5,0,77,24,20,4,1
64656897,82,21,20,4,1,70,6,20,5,0,55,14,20,4,0,29,1,20,3,2,3,21,19,5,0,1,15,19,5,0
64656246,68,1,19,3,1,70,6,20,4,1,6,7,19,4,1,83,6,19,5,0,6,8,20,3,2,36,5,20,4,1
64648223,44,25,19,5,0,59,2,18,4,0,89,9,19,2,3,28,3,19,5,0,6,8,19,4,1,82,21,18,3,1
64648041,27,16,20,3,1,5,5,19,3,2,1,15,20,3,2,31,7,20,4,1,26,9,20,5,0,20,4,20,3,1
64647573,19,6,20,4,1,6,8,20,4,1,29,1,20,4,1,11,18,20,5,0,75,22,20,3,2,26,9,20,4,1
64647310,58,10,20,3,2,39,21,20,4,1,88,3,20,4,1,72,11,19,3,2,79,8,20,4,1,30,13,18,3,0
64683597,81,9,19,4,1,23,18,19,3,2,28,3,19,4,1,20,4,20,5,0,46,16,20,2,3,5,6,20,2,3
64682814,59,2,17,4,0,2,10,18,5,0,63,15,16,4,0,11,18,17,3,0,28,3,17,3,0,69,9,16,2,0
64682059,72,11,18,4,1,2,11,18,4,0,3,19,18,4,0,75,22,16,3,0,46,16,16,4,0,1,15,17,5,0
64681463,55,14,20,5,0,72,11,20,2,3,1,15,20,4,1,1,18,20,5,0,20,4,20,4,1,81,9,20,5,0
64680182,74,3,20,3,2,75,22,20,3,2,72,11,20,4,1,82,21,19,4,1,13,19,20,5,0,6,8,20,3,2
64678666,48,3,20,4,0,67,14,20,5,0,74,3,18,3,1,14,21,19,3,2,78,16,20,5,0,90,11,19,5,0
64676863,84,18,20,3,2,42,24,20,4,1,56,20,19,5,0,29,1,20,4,1,72,11,20,3,2,7,1,20,5,0
64675748,63,15,19,3,2,11,18,20,5,0,31,7,20,3,2,10,1,19,5,0,11,16,19,3,0,21,9,19,4,1
64633355,78,16,17,3,0,50,21,17,3,1,86,1,17,5,0,62,11,18,4,0,23,18,18,3,1,82,21,17,4,0
64692609,65,16,20,4,0,31,7,20,5,0,48,3,20,4,1,1,14,19,4,1,49,19,20,4,1,31,7,20,3,2
64692336,78,16,20,5,0,18,15,20,5,0,89,9,20,4,1,47,4,19,5,0,78,16,19,5,0,17,5,20,4,1
64692111,4,13,20,3,2,21,9,20,3,2,86,1,20,4,1,28,3,20,3,2,88,3,20,4,1,79,8,20,5,0
64691940,1,15,17,1,0,53,14,18,5,0,43,5,18,3,2,69,9,18,4,1,90,11,17,3,0,7,1,18,5,0
64691763,17,5,19,3,2,54,8,19,3,2,74,3,19,4,1,18,15,18,1,0,53,14,19,4,1,72,11,17,3,0
64691529,90,11,19,4,1,76,3,19,5,0,29,1,20,4,1,1,15,20,4,1,17,5,20,5,0,84,18,20,4,0
64691259,67,14,20,5,0,72,11,19,4,1,39,18,18,4,1,2,10,18,3,2,33,1,19,4,1,63,15,19,5,0
64690942,72,11,20,3,2,90,11,19,4,1,39,18,20,5,0,48,3,20,4,1,22,3,20,4,1,50,21,20,3,2
64690751,72,11,20,3,2,67,14,19,3,2,28,3,20,4,1,29,1,20,4,1,58,10,20,4,1,37,15,20,4,1
64661912,72,11,20,5,0,39,18,19,4,1,67,14,19,5,0,17,5,20,3,1,37,15,20,5,0,19,6,20,5,0
64661163,58,10,20,4,1,52,24,20,5,0,82,21,20,3,2,18,15,20,3,2,76,3,19,5,0,27,6,20,4,0
64660826,40,6,19,4,1,11,18,19,5,0,68,1,19,5,0,36,5,19,3,1,71,14,18,3,1,89,9,19,4,1
64659243,74,3,20,4,1,66,24,20,5,0,67,14,20,4,1,18,15,20,4,1,65,16,20,4,1,42,24,20,4,1
64658771,11,16,20,5,0,40,6,20,4,1,82,21,20,4,1,42,24,20,5,0,44,25,20,5,0,17,5,20,5,0
64616206,29,1,19,4,1,67,14,19,5,0,79,8,19,3,2,89,9,18,4,1,72,11,19,5,0,11,16,19,5,0
64615774,50,21,19,4,1,37,15,19,4,1,6,7,20,4,1,2,10,20,5,0,44,25,20,4,1,58,10,20,4,1
64614790,58,10,19,3,2,4,13,18,5,0,1,16,19,3,2,48,3,19,4,1,11,16,19,5,0,33,1,19,5,0
64677498,39,21,20,3,2,84,18,20,4,1,89,9,20,5,0,25,11,20,5,0,50,21,20,5,0,66,24,20,4,0
64676653,56,20,20,3,2,65,16,20,3,2,21,9,20,3,2,27,9,20,3,1,84,18,20,3,2,33,1,20,4,1
64668502,55,14,20,5,0,72,11,20,4,1,2,11,20,3,2,74,3,19,4,1,87,24,20,5,0,13,15,20,4,1
64667448,74,3,19,5,0,32,5,19,4,1,47,4,19,3,2,62,11,19,4,1,47,4,19,4,1,53,14,19,5,0
64612055,18,15,19,5,0,20,4,17,3,1,25,11,18,5,0,33,1,18,4,1,15,6,18,3,2,77,24,18,4,1
64610966,77,24,20,4,1,67,14,19,4,1,29,1,20,5,0,22,3,20,5,0,89,9,20,3,2,4,13,20,5,0
64609785,42,24,20,3,2,46,16,20,5,0,50,21,19,3,0,1,15,20,4,1,10,1,20,4,1,31,7,20,2,3
64608395,58,10,20,5,0,82,21,19,3,2,1,14,19,4,1,7,1,19,2,2,11,16,20,5,0,26,9,19,4,0
64606894,28,13,20,5,0,58,10,20,4,1,13,19,20,3,0,25,11,20,4,1,88,3,20,5,0,74,3,20,4,1
64605584,67,14,19,4,1,48,3,20,5,0,20,4,19,4,1,29,1,20,4,1,58,10,20,5,0,47,4,20,3,2
64605042,25,11,20,2,3,55,14,20,5,0,82,21,20,4,1,35,1,20,4,1,19,24,20,4,1,82,21,20,5,0
64604451,64,24,19,4,1,75,22,19,5,0,17,5,19,2,3,77,24,18,2,1,2,11,19,4,0,14,21,18,3,0
64603447,9,10,19,4,1,76,3,19,4,0,1,15,19,5,0,64,24,18,4,1,4,13,19,4,0,86,1,19,5,0
64602488,23,18,19,5,0,67,14,18,4,1,70,6,18,3,1,87,24,17,5,0,4,13,18,3,0,9,9,17,4,1
64551237,34,23,19,5,0,72,11,20,4,1,76,3,19,5,0,68,1,19,4,0,90,11,19,2,3,8,22,19,3,2
64550495,78,16,19,4,1,85,13,19,4,1,23,18,19,4,1,20,4,18,5,0,72,11,19,3,2,90,11,19,3,2
64548654,3,21,19,4,1,61,5,19,4,1,89,9,19,4,1,72,11,19,5,0,88,3,19,4,1,28,3,18,3,0
64547361,72,11,20,3,2,52,24,19,5,0,53,14,20,5,0,18,15,20,5,0,25,11,20,4,1,68,1,19,3,1
64546082,32,5,20,4,1,60,6,20,4,1,29,1,20,4,1,20,4,19,4,0,72,11,20,4,1,89,9,19,3,2
64523447,11,16,20,5,0,8,22,19,2,3,4,13,18,4,1,67,14,18,3,1,46,16,19,5,0,2,11,19,4,0
64522636,65,16,17,2,0,11,18,16,3,0,90,11,18,5,0,53,14,17,3,0,74,3,16,3,0,77,24,16,4,1
64521071,46,16,20,5,0,1,14,19,5,0,57,23,20,4,1,65,16,20,4,1,20,4,20,5,0,72,11,20,4,1
64519573,72,11,20,3,2,53,14,19,4,1,90,11,20,2,3,18,15,18,1,0,81,9,18,3,1,88,3,20,5,0
64686170,86,1,20,3,2,62,11,20,3,2,27,9,20,4,0,39,18,20,5,0,33,1,19,5,0,17,5,20,3,2
64684004,84,18,20,5,0,18,15,20,3,2,48,3,20,5,0,32,5,19,5,0,26,9,20,4,1,74,3,19,4,1
64514865,33,1,18,2,1,35,2,19,4,0,89,9,19,4,1,89,9,19,4,0,4,13,19,4,1,10,1,19,4,1
64512746,72,11,20,3,2,67,14,20,5,0,74,3,20,4,1,4,13,19,3,0,67,14,19,4,0,12,7,20,4,1
64510439,6,8,20,4,1,78,16,20,4,1,18,15,19,4,1,55,14,19,4,1,48,3,20,4,1,31,7,20,3,2
64508994,77,24,19,4,1,45,4,19,3,2,6,8,19,4,1,13,15,18,1,1,10,20,19,4,1,77,24,19,4,1
64507418,87,24,19,2,3,22,3,19,4,1,90,11,19,2,3,4,13,18,4,0,7,1,19,4,0,2,11,20,4,1
64506409,9,10,20,4,1,20,4,19,5,0,43,5,20,3,2,26,9,19,4,1,80,19,20,5,0,78,16,19,4,0
64696500,76,3,19,5,0,75,22,20,3,2,33,1,19,4,1,53,14,20,5,0,72,11,20,4,1,83,6,20,4,1
64696050,18,15,19,5,0,39,18,19,4,1,29,1,19,4,1,29,1,19,4,1,22,3,19,5,0,21,9,19,4,1
64695789,47,4,18,5,0,82,21,18,5,0,89,9,18,4,1,75,22,17,4,0,14,21,18,3,2,49,19,19,5,0
64695535,1,18,18,4,1,65,16,19,5,0,64,24,19,4,1,28,3,19,5,0,64,24,19,4,1,90,11,19,3,0
64694996,28,3,19,4,1,65,16,18,4,1,48,3,18,3,0,74,3,18,3,0,67,14,18,3,1,70,6,18,5,0
64677265,83,6,18,5,0,18,15,18,5,0,64,24,18,4,1,89,9,18,2,2,18,15,18,3,1,72,11,18,4,1
64657936,83,6,17,4,0,2,10,18,3,2,88,3,18,4,0,64,24,18,4,0,28,3,18,5,0,2,9,18,3,1
64423105,40,6,20,3,2,20,4,19,5,0,14,21,19,3,2,89,9,19,4,1,71,14,20,5,0,81,9,20,3,2
64422075,24,21,20,4,1,67,14,20,3,2,39,18,19,4,1,4,3,20,5,0,2,11,20,4,1,29,1,20,4,1
64420679,90,11,18,4,0,56,20,19,4,0,33,1,18,2,0,74,3,18,4,0,90,11,18,5,0,28,3,18,4,0
64400738,28,3,20,4,1,36,5,20,4,1,11,16,19,4,1,35,2,20,4,1,68,1,19,5,0,31,7,20,3,2
64400077,30,13,19,5,0,72,11,20,3,2,79,8,20,5,0,42,24,19,4,1,90,11,19,5,0,50,21,19,3,1
64399772,72,11,20,3,2,35,2,20,3,2,26,9,20,4,1,48,3,20,5,0,88,3,20,2,1,6,8,20,4,1
64374662,74,3,20,3,2,5,5,20,3,2,86,1,20,3,2,40,6,17,3,0,74,3,19,3,0,28,3,19,5,0
64373168,40,6,19,5,0,72,11,20,3,2,13,19,19,2,1,82,21,19,3,0,50,21,19,3,0,72,11,19,4,0
64372400,63,15,19,5,0,74,3,19,3,2,77,24,20,4,1,49,19,19,4,1,78,16,20,3,2,34,23,20,5,0
64625418,84,18,20,5,0,74,3,20,5,0,42,24,20,5,0,35,2,18,4,0,22,3,18,2,2,17,5,19,3,1
64621827,6,8,20,3,2,2,11,20,5,0,20,4,19,4,1,28,3,20,5,0,7,2,20,5,0,90,11,20,3,2
64620374,36,5,19,4,1,21,9,20,5,0,11,18,20,4,1,61,5,20,4,1,72,11,20,4,1,76,3,19,5,0
64618843,4,3,19,4,1,68,1,19,4,1,80,19,20,4,1,31,7,19,3,2,13,15,19,1,0,67,14,19,4,1
64618186,23,18,20,5,0,33,1,19,4,1,17,5,20,4,1,89,9,19,5,0,76,3,19,5,0,9,10,19,4,1
64616729,18,15,19,4,1,22,3,20,4,1,77,24,20,3,2,30,13,17,1,0,39,18,19,4,1,2,9,20,4,0
64615543,29,1,20,5,0,67,14,20,3,2,56,20,20,4,1,21,9,20,4,1,82,21,20,3,2,50,21,20,5,0
64614493,47,4,20,5,0,71,14,20,5,0,77,24,20,4,1,74,3,20,4,1,83,6,20,4,1,24,3,19,4,1
64599985,89,9,20,4,1,67,14,20,5,0,29,2,20,5,0,78,16,20,3,2,27,6,20,3,2,1,15,20,3,2
64671432,70,6,20,5,0,34,23,20,4,1,30,13,19,5,0,79,8,20,4,1,22,3,19,3,2,80,19,19,3,2
64669640,24,3,20,4,1,86,1,20,5,0,72,11,20,3,2,88,3,20,5,0,75,22,20,4,1,70,6,20,3,2
64668401,90,11,20,5,0,21,9,20,4,1,65,16,19,4,1,42,24,20,4,1,6,8,19,3,2,74,3,18,5,0
64666635,76,3,20,4,0,81,9,20,4,1,70,6,20,5,0,77,24,20,4,1,4,13,20,3,2,1,15,20,4,1
64664681,14,21,20,4,1,63,15,19,5,0,6,8,20,4,0,83,6,20,4,1,82,21,20,3,2,42,24,19,4,1
64663713,11,16,19,5,0,56,20,20,3,2,75,22,20,3,2,46,16,20,5,0,18,15,20,4,1,77,24,20,4,1
64662032,3,19,20,5,0,80,19,20,3,1,18,15,20,5,0,11,18,20,4,1,54,8,20,4,1,27,6,19,4,0
64690750,83,6,20,5,0,28,3,20,5,0,43,5,20,4,1,89,9,20,4,1,68,1,19,5,0,29,1,20,5,0
64690291,50,21,20,4,1,39,18,20,3,2,72,11,20,4,1,30,13,19,1,1,2,11,20,2,0,25,11,20,5,0
64690000,35,1,20,4,1,23,18,19,5,0,80,19,20,3,2,90,11,20,4,1,50,21,19,4,0,11,16,19,5,0
64669691,64,24,19,5,0,28,3,19,5,0,66,24,20,4,1,66,24,19,4,1,47,4,20,4,1,88,3,18,5,0
64668128,11,16,20,5,0,23,18,20,3,2,90,11,20,4,1,2,9,20,3,1,22,3,19,5,0,80,19,19,5,0
64667479,15,6,19,4,1,74,3,18,5,0,4,3,19,5,0,90,11,18,3,0,4,13,17,3,0,11,16,19,3,1
64666983,24,21,18,4,1,35,2,19,4,1,40,6,20,3,2,76,3,18,3,0,28,13,18,3,2,79,8,18,3,0
64646398,81,9,19,3,2,67,14,19,5,0,1,15,19,4,1,81,9,19,2,3,67,14,19,4,1,9,10,20,4,1
64645890,70,6,20,3,2,83,6,20,4,1,7,1,20,3,2,75,22,20,5,0,50,21,20,4,0,12,7,20,5,0
64645464,67,14,19,3,1,33,1,19,3,2,75,22,19,4,1,64,24,16,2,0,76,3,19,3,1,79,8,19,4,1
64697445,67,14,20,4,1,86,1,20,4,1,58,10,19,5,0,29,1,20,3,2,55,14,19,4,1,2,10,20,4,1
64697103,89,9,20,3,2,55,14,20,4,1,21,9,20,3,2,88,3,20,4,0,70,6,20,3,2,71,14,20,4,1
64696642,30,13,18,5,0,46,16,19,3,2,90,11,19,2,2,6,8,18,4,0,74,3,19,5,0,11,16,19,3,1
64696414,18,15,19,4,1,72,11,19,3,2,55,14,19,4,1,7,1,19,4,0,25,11,18,5,0,31,7,18,5,0
64696061,25,11,20,4,1,19,24,20,4,1,36,5,20,4,1,16,9,19,3,1,25,11,20,4,1,71,14,20,4,0
64695606,59,2,20,4,1,18,15,20,5,0,78,16,20,5,0,46,16,20,4,1,77,24,20,3,2,1,15,20,4,1
64695343,90,11,20,3,2,59,2,20,5,0,56,20,19,4,1,89,9,19,3,2,88,3,19,5,0,78,16,20,3,2
64694912,78,16,20,5,0,31,7,20,4,1,65,16,20,5,0,42,24,20,5,0,67,14,20,4,1,44,25,20,4,1
64657890,75,22,18,3,1,69,9,18,4,0,3,21,19,5,0,21,9,18,4,1,29,2,18,3,1,59,2,19,5,0
64660471,47,4,19,4,1,2,11,19,4,0,11,18,19,4,1,4,13,19,4,0,2,9,19,3,1,23,18,19,4,1
64659927,11,16,20,5,0,65,16,20,4,1,5,6,20,5,0,67,14,20,4,0,48,3,20,5,0,32,5,20,3,2
64659055,54,8,20,5,0,81,9,19,4,1,87,24,20,4,1,20,4,19,4,1,90,11,20,4,1,72,11,19,4,1
64658094,78,16,19,4,1,72,11,19,3,2,20,4,19,5,0,66,24,19,5,0,44,25,19,5,0,29,1,20,3,1
64657037,34,23,20,3,2,72,11,20,3,2,88,3,19,4,1,74,3,20,4,1,80,19,20,4,1,52,24,20,3,2
64656469,70,6,20,3,2,58,10,20,4,1,29,1,20,4,1,17,5,20,3,2,84,18,20,3,2,65,16,20,5,0
64656012,72,11,20,4,1,22,3,19,5,0,78,16,20,3,2,28,3,19,4,1,83,6,19,3,1,78,16,19,3,1
64655665,82,21,19,5,0,17,5,19,4,1,30,13,19,3,0,84,18,19,4,1,31,7,19,4,1,58,10,19,4,0
64654941,86,1,19,5,0,42,24,19,4,1,17,5,20,4,1,90,11,20,4,1,80,19,20,5,0,37,15,20,4,1
64654492,74,3,20,4,1,62,11,20,4,1,7,1,20,5,0,87,24,19,4,0,56,20,19,4,0,33,1,19,5,0
64615980,28,3,20,4,1,90,11,19,3,2,67,14,19,4,1,3,16,20,5,0,48,3,19,4,1,90,11,20,5,0
64615058,19,6,19,4,0,29,1,19,3,1,18,15,18,3,1,82,21,18,4,1,12,7,19,4,1,33,1,18,2,1
64613599,28,3,19,5,0,90,11,20,4,1,82,21,19,5,0,65,16,20,5,0,19,6,20,3,2,90,11,20,3,2
64612953,7,1,20,4,1,34,23,20,4,1,76,3,19,4,1,59,2,20,3,2,84,18,20,4,1,21,9,20,4,1
64611726,81,9,20,3,2,27,6,20,3,1,89,9,20,3,2,11,18,20,4,1,24,21,20,5,0,4,13,20,5,0
64611080,64,24,20,3,2,3,16,20,5,0,17,5,20,4,1,64,24,20,5,0,28,3,19,5,0,58,10,20,5,0
64610081,90,11,19,4,1,63,15,19,5,0,61,5,19,4,1,10,20,19,5,0,54,8,19,4,1,14,21,18,4,1
64608748,13,15,19,3,1,72,11,20,3,2,65,16,19,5,0,28,3,19,4,1,90,11,19,3,2,82,21,19,4,1
64606350,17,5,19,5,0,11,18,20,5,0,86,1,20,5,0,28,3,19,5,0,90,11,19,3,2,82,21,19,4,1
64676788,88,3,20,4,1,15,5,20,3,2,74,3,20,4,1,28,3,20,5,0,79,8,20,4,1,33,1,19,5,0
64659880,68,1,18,3,1,67,14,18,5,0,90,11,19,4,1,82,21,18,5,0,90,11,18,4,1,67,14,18,5,0
64623282,42,24,19,3,2,11,16,19,5,0,4,13,19,3,2,31,7,20,4,1,74,3,19,5,0,23,15,20,4,1
64618726,46,16,19,4,1,47,4,18,4,1,38,9,18,3,2,38,9,18,4,1,85,13,19,5,0,78,16,18,5,0
64175265,54,8,19,3,2,90,11,17,5,0,4,13,19,4,1,58,10,18,3,2,20,4,18,4,0,19,24,18,5,0
63937184,72,11,18,3,2,74,3,18,5,0,68,1,17,4,0,84,18,17,4,0,50,21,18,5,0,58,10,18,4,1
63928419,81,9,20,3,2,72,11,20,4,1,59,2,19,4,0,65,16,19,2,0,82,21,18,4,1,2,10,20,5,0
64699249,62,11,19,4,0,64,24,19,2,3,80,19,20,3,2,72,11,19,4,1,29,2,19,5,0,81,9,20,5,0
64698874,3,16,20,5,0,76,3,19,4,0,25,11,20,4,1,28,3,19,5,0,49,19,19,3,2,90,11,19,3,2
64698305,29,1,20,3,2,7,1,20,5,0,81,9,20,3,2,79,8,20,4,1,11,16,20,4,1,27,2,20,4,0
64697819,86,1,20,5,0,75,22,19,3,2,13,15,20,5,0,37,15,19,4,0,31,7,19,3,0,90,11,20,4,1
64697473,14,21,20,5,0,25,11,20,3,2,23,18,20,5,0,74,3,19,5,0,23,18,20,4,1,25,11,20,4,1
64697307,39,18,20,3,2,47,4,19,4,1,17,5,20,4,1,40,6,20,4,1,51,22,19,5,0,56,20,19,4,1
64696769,27,9,19,4,0,90,11,19,4,1,70,6,20,3,2,9,9,20,4,1,1,16,19,5,0,51,22,19,4,1
64696541,70,6,19,3,2,53,14,19,4,1,72,11,19,3,2,52,24,19,4,1,31,7,19,4,1,45,4,18,4,1
64696111,1,14,19,5,0,64,24,20,3,2,70,6,19,4,1,58,10,20,4,0,80,19,20,4,0,11,16,20,5,0
64668027,76,3,20,5,0,18,15,20,3,2,38,9,20,5,0,21,9,20,5,0,59,2,20,4,1,33,1,19,5,0
64700048,28,3,20,3,2,90,11,20,4,1,80,19,20,3,2,81,9,20,5,0,89,9,20,4,1,33,1,20,4,0
64699565,24,3,19,4,1,63,15,20,3,2,9,9,20,5,0,11,18,19,3,2,29,1,20,5,0,41,24,18,1,0
64699207,56,20,20,4,1,31,7,20,4,1,74,3,20,5,0,33,1,19,4,1,79,8,19,3,2,76,3,20,5,0
64698891,19,6,20,3,2,31,7,20,2,3,27,2,20,4,0,23,15,20,5,0,11,18,20,5,0,50,21,20,5,0
64698568,80,19,20,4,1,11,16,20,5,0,79,8,20,3,2,66,24,19,4,1,20,4,19,4,1,59,2,20,5,0
64697997,35,2,20,5,0,84,18,20,3,2,29,1,20,4,1,33,1,20,4,1,22,3,20,3,2,11,18,20,4,1
64697538,10,20,20,4,1,30,13,20,5,0,32,5,20,3,2,11,18,20,4,1,25,11,20,4,1,30,13,20,5,0
64696200,39,21,20,5,0,7,1,20,4,1,84,18,20,5,0,25,11,20,4,1,39,18,20,4,1,11,18,20,4,1
64693471,85,13,19,0,2,81,9,20,5,0,15,5,20,3,1,78,16,19,4,1,7,1,20,4,1,42,24,20,4,1
64679342,64,24,19,3,2,53,14,20,5,0,58,10,20,3,2,76,3,19,4,1,79,8,19,4,1,63,15,19,4,1
64638469,64,24,18,4,1,76,3,18,4,0,2,9,19,4,1,11,16,19,4,0,1,18,19,5,0,80,19,19,4,0
64618750,74,3,19,5,0,82,21,20,4,1,23,18,20,3,2,50,21,18,3,0,70,6,19,5,0,78,16,18,2,0
64617639,77,24,20,3,2,64,24,20,5,0,90,11,20,3,2,90,11,18,4,1,39,18,20,4,1,71,14,20,5,0
64617151,88,3,19,4,1,64,24,19,4,1,65,16,19,4,1,29,1,18,4,1,64,24,19,4,1,28,3,19,5,0
64614210,29,1,18,4,0,59,2,17,3,0,72,11,17,5,0,70,6,18,5,0,67,14,18,5,0,80,19,18,3,2
64612903,25,11,20,3,2,76,3,20,5,0,89,9,20,3,2,22,3,20,3,2,33,1,19,3,0,72,11,20,4,1
64611576,77,24,20,4,1,23,18,20,4,1,2,9,20,4,1,61,5,20,5,0,64,24,20,5,0,4,13,20,4,0
64685949,15,5,19,4,1,78,16,20,4,1,67,14,20,5,0,82,21,18,5,0,90,11,19,2,3,39,18,19,5,0
64684823,33,1,19,3,1,16,9,19,5,0,6,8,20,3,2,90,11,19,5,0,84,18,20,2,2,37,15,19,4,1
64648419,46,16,19,4,1,74,3,18,5,0,6,8,19,3,2,30,13,18,2,1,63,15,18,2,0,84,18,19,4,1
64648131,7,1,20,4,1,67,14,20,5,0,72,11,20,1,4,88,3,18,4,1,12,7,19,5,0,84,18,19,5,0
64588856,77,24,19,4,1,31,7,19,3,2,61,5,19,5,0,65,16,19,3,2,35,1,20,5,0,90,11,19,4,0
64588403,12,7,19,5,0,21,9,20,3,2,29,1,19,4,1,70,6,19,4,1,73,24,19,5,0,71,14,19,4,1
64587736,75,22,19,5,0,82,21,19,5,0,72,11,19,4,1,28,3,19,5,0,90,11,20,3,2,22,3,19,4,1
64587210,70,6,19,3,2,88,3,19,5,0,33,1,20,4,1,64,24,19,3,1,1,15,19,3,1,67,14,19,4,0
64528550,17,5,20,4,1,64,24,20,4,1,77,24,19,3,1,78,16,20,4,1,18,15,20,5,0,36,5,20,4,1
64543802,39,18,19,4,1,55,14,19,3,2,64,24,20,5,0,33,1,19,4,1,27,16,19,4,0,90,11,20,3,2
64543149,75,22,19,4,1,31,7,18,4,1,90,11,18,5,0,12,7,19,4,1,29,1,17,5,0,86,1,18,4,1
64542456,82,21,20,4,1,49,19,20,4,1,75,22,20,4,1,7,1,19,5,0,31,7,20,5,0,28,3,20,4,1
64541962,71,14,20,4,1,58,10,20,4,1,22,3,20,5,0,75,22,20,3,2,1,18,20,4,1,59,2,20,4,1
64541148,20,4,18,3,2,10,20,20,4,1,89,9,19,4,1,17,5,20,4,1,3,21,20,3,2,65,16,20,4,1
64540243,28,3,20,5,0,1,18,20,5,0,90,11,20,3,2,63,15,20,4,1,29,2,19,4,1,77,24,20,1,4
64537261,55,14,19,5,0,89,9,20,3,2,90,11,20,4,1,63,15,20,4,1,89,9,19,4,1,47,4,19,4,1
64536994,84,18,20,4,1,89,9,19,3,2,48,3,20,3,2,2,9,20,4,1,45,4,20,4,1,47,4,19,5,0
64536531,83,6,19,2,1,21,9,19,5,0,87,24,19,4,1,83,6,19,4,1,90,11,20,4,1,59,2,19,4,1
64536025,23,18,19,4,1,7,2,19,4,1,17,5,19,3,2,58,10,19,4,0,31,7,19,4,0,78,16,19,4,1
64485759,74,3,18,4,1,90,11,19,4,1,53,14,18,5,0,8,22,18,5,0,42,24,18,4,0,82,21,18,5,0
64485149,28,3,20,5,0,33,1,20,4,1,70,6,20,3,2,67,14,20,5,0,47,4,19,5,0,87,24,20,5,0
64323683,21,9,15,4,0,47,4,16,4,0,48,3,15,2,0,28,3,16,4,0,65,16,15,3,0,25,11,15,3,0
64313910,81,9,18,4,1,39,18,18,4,0,76,3,17,2,2,53,14,18,5,0,9,10,18,3,2,28,3,17,3,0
64311411,51,22,20,3,2,65,16,19,5,0,1,16,19,3,2,77,24,20,3,2,1,15,19,3,2,88,3,19,5,0
64309856,57,23,18,3,2,33,1,18,4,1,23,18,18,5,0,48,3,17,4,0,7,1,17,4,0,21,9,17,4,0
64308420,58,10,19,3,2,35,2,20,4,1,33,1,20,5,0,18,15,20,4,0,2,9,19,5,0,82,21,20,5,0
64277521,86,1,18,3,1,90,11,19,4,1,33,1,18,3,0,90,11,19,4,1,37,15,18,5,0,71,14,18,5,0
64276614,9,9,19,4,1,50,21,19,4,1,81,9,19,3,2,33,1,19,5,0,4,3,19,5,0,31,7,19,3,2
64274735,84,18,19,5,0,90,11,20,4,1,43,5,19,3,2,65,16,20,3,2,25,11,20,4,1,90,11,20,4,1
64675445,76,3,19,5,0,24,3,19,4,1,72,11,20,3,2,36,5,19,4,0,55,14,19,5,0,70,6,20,5,0
64674323,39,18,20,5,0,79,8,20,3,1,53,13,19,4,0,53,13,20,4,1,81,9,20,2,3,25,11,20,4,1
64672861,48,3,20,4,1,11,16,20,4,1,72,11,19,4,1,78,16,20,4,1,34,23,20,3,2,64,24,20,4,1
64671508,67,14,20,4,1,63,15,20,4,1,78,16,20,4,1,90,11,20,3,2,46,16,20,4,1,39,18,20,3,2
64628356,68,1,20,5,0,17,5,20,2,3,81,9,20,4,1,44,25,19,3,0,82,21,19,4,0,84,18,19,5,0
64626235,76,3,20,4,1,39,18,19,4,1,43,5,19,3,2,8,22,20,4,1,34,23,20,4,1,4,13,19,4,1
64624532,83,6,19,5,0,88,3,19,4,1,64,24,20,4,1,11,16,19,4,1,42,24,19,3,2,46,16,19,4,1
64623184,84,18,19,4,0,20,4,19,5,0,39,18,19,3,2,72,11,19,4,1,1,18,19,4,0,88,3,19,5,0
64621602,14,21,20,5,0,90,11,20,3,2,67,14,20,5,0,70,6,20,4,1,84,18,20,4,1,90,11,20,3,2
64619943,33,1,20,5,0,1,15,20,2,3,29,1,20,4,1,33,1,20,5,0,24,3,20,5,0,47,4,20,5,0
64685727,58,10,19,5,0,12,7,19,5,0,76,3,19,3,0,67,14,19,4,1,83,6,19,4,1,47,4,19,3,2
64685073,7,2,20,5,0,46,16,20,5,0,78,16,20,4,1,44,25,20,4,0,28,3,20,5,0,89,9,20,4,1
64684350,67,14,18,5,0,90,11,19,4,1,84,18,19,4,1,90,11,19,5,0,74,3,17,2,2,81,9,19,4,1
64683740,3,21,20,4,1,72,11,19,3,2,53,14,19,5,0,31,7,19,4,0,85,13,18,1,1,81,9,19,3,0
64682409,81,9,20,4,1,29,1,20,4,1,89,9,19,3,2,31,7,20,3,2,55,14,20,4,0,46,16,19,3,2
64681339,81,9,17,4,1,29,1,18,4,0,89,9,18,5,0,55,14,17,4,0,34,23,18,4,1,48,3,18,5,0
64678105,81,9,20,4,1,29,1,20,4,1,89,9,20,4,1,21,9,20,4,1,83,6,19,4,1,14,21,20,5,0
64676644,25,11,19,4,1,27,9,18,4,0,82,21,19,4,1,57,23,20,5,0,49,19,20,3,1,4,13,18,3,0
64675574,35,2,20,3,2,87,24,19,3,2,11,16,20,5,0,65,16,20,5,0,22,3,20,5,0,34,23,20,3,2
64677163,33,1,20,5,0,25,11,20,2,3,1,14,19,4,1,75,22,20,1,4,13,19,19,4,0,18,15,20,5,0
64675181,8,22,19,4,1,80,19,20,3,2,55,14,19,4,1,17,5,19,4,1,2,9,20,5,0,63,15,19,3,2
64673171,64,24,19,5,0,77,24,18,4,0,11,16,18,2,1,88,3,19,4,1,72,11,19,5,0,55,14,18,5,0
64671895,89,9,19,4,1,87,24,18,5,0,85,13,18,3,2,42,24,19,5,0,11,16,18,5,0,1,15,19,5,0
64648028,82,21,19,4,1,14,21,18,5,0,27,6,19,4,0,2,10,19,5,0,86,1,18,4,1,7,1,18,5,0
64647863,11,18,19,4,1,5,5,19,3,2,25,11,20,4,1,11,16,20,5,0,33,1,19,4,1,43,5,19,2,3
64647553,77,24,19,5,0,87,24,18,5,0,47,4,19,4,1,33,1,18,3,1,90,11,19,4,1,78,16,18,4,0
64647374,13,15,19,5,0,39,18,19,4,1,81,9,20,2,3,65,16,19,5,0,61,5,19,5,0,75,22,19,3,2
64679927,72,11,20,3,2,26,9,19,4,1,34,23,19,4,1,15,6,20,3,2,10,1,20,4,1,16,9,20,3,2
64679200,76,3,19,4,0,72,11,20,4,1,34,23,19,4,1,27,9,20,4,0,11,16,19,5,0,2,11,19,3,2
64678097,30,13,19,5,0,14,21,20,4,1,72,11,19,3,2,88,3,19,5,0,81,9,19,4,1,84,18,19,4,1
64677296,6,8,20,5,0,14,21,19,5,0,38,9,20,4,1,32,5,20,5,0,18,15,20,4,1,74,3,19,5,0
64675459,77,24,20,3,2,54,8,20,4,1,59,2,19,5,0,72,11,20,4,1,11,18,20,5,0,4,3,19,5,0
64673804,2,9,20,4,1,1,18,19,4,1,29,1,19,4,1,1,15,19,4,1,11,16,18,4,0,89,9,19,5,0
64639592,75,22,18,4,0,9,9,19,4,1,12,7,17,1,2,39,18,18,5,0,74,3,18,4,0,81,9,17,3,0
64638215,78,16,19,3,2,19,24,20,5,0,25,11,19,4,1,17,5,19,4,1,64,24,18,4,1,33,1,19,5,0
64637261,76,3,18,5,0,2,11,19,4,1,72,11,19,4,1,76,3,18,3,1,74,3,17,5,0,89,9,18,2,3
64693871,15,5,19,4,1,67,14,19,3,2,43,5,19,3,2,1,15,19,5,0,78,16,19,5,0,60,6,19,4,1
64693623,17,5,20,4,1,78,16,20,4,1,37,15,20,3,2,1,15,20,3,2,4,13,19,4,1,14,21,20,4,1
64693463,81,9,20,4,1,88,3,20,4,1,53,14,19,4,1,22,3,19,4,0,18,15,20,4,0,90,11,20,5,0
64673471,33,1,19,5,0,2,11,20,3,2,29,1,19,4,1,11,16,19,5,0,22,3,18,5,0,6,8,19,4,1
64671057,18,15,19,4,1,53,14,19,5,0,65,16,20,5,0,5,5,20,4,1,1,15,19,5,0,90,11,20,3,2
64665455,11,16,19,5,0,58,10,20,5,0,57,23,20,0,5,53,13,19,4,0,89,9,19,5,0,90,11,20,3,2
64596656,53,14,18,2,0,14,21,19,4,0,90,11,19,2,0,25,11,19,5,0,52,24,19,4,1,78,16,20,3,2
64596230,82,21,19,4,1,70,6,19,4,1,47,4,19,5,0,2,10,19,3,2,55,14,19,5,0,59,2,19,4,1
64495264,70,6,20,3,2,89,9,20,3,2,33,1,20,4,1,52,24,20,5,0,1,15,20,3,1,65,16,20,4,0
64494559,90,11,19,5,0,47,4,19,4,1,33,1,19,4,1,74,3,17,3,0,43,5,18,4,0,35,2,18,3,1
64493318,18,15,19,5,0,7,2,19,5,0,21,9,19,2,3,76,3,18,3,1,9,10,20,5,0,75,22,19,4,1
63521971,2,11,20,4,1,46,16,20,4,1,63,15,19,4,1,87,24,20,4,1,21,9,20,5,0,76,3,20,4,1
63519467,46,16,20,3,2,63,15,20,4,1,44,25,20,5,0,84,18,19,4,1,49,19,20,5,0,79,8,19,3,2
63517917,49,19,20,4,1,89,9,20,4,1,55,14,19,5,0,82,21,20,5,0,18,15,20,4,1,84,18,20,4,1
63516641,54,8,18,4,0,89,9,19,4,0,15,5,19,3,0,31,7,19,5,0,88,3,18,4,0,33,1,18,3,1
63515369,28,3,19,4,1,65,16,18,5,0,17,5,19,4,1,77,24,19,3,2,51,22,19,4,1,82,21,18,3,1
63413833,64,24,20,3,2,10,20,20,4,1,77,24,19,5,0,1,15,20,4,1,69,9,19,5,0,78,16,19,4,1
64685881,44,25,20,4,1,65,16,20,4,1,72,11,20,3,2,4,13,20,4,1,48,3,20,4,1,11,16,20,5,0
64684802,4,13,19,4,1,48,3,20,3,1,11,16,19,4,1,47,4,19,5,0,46,16,19,5,0,11,16,19,5,0
64683578,25,11,20,5,0,30,13,20,5,0,1,15,20,4,1,89,9,20,5,0,9,10,20,3,2,33,1,19,5,0
64682534,30,13,19,3,1,40,6,18,4,1,28,3,19,3,2,35,2,17,4,0,3,19,19,4,0,89,9,19,4,1
64681136,28,3,20,3,2,9,10,20,3,2,20,4,19,5,0,31,7,20,4,1,58,10,20,4,1,2,11,20,5,0
64678464,64,24,20,5,0,78,16,20,3,2,29,1,20,5,0,44,25,20,4,1,63,15,20,4,1,4,3,20,4,1
64676640,43,5,20,5,0,4,13,18,3,1,18,15,19,3,0,87,24,18,3,1,3,21,19,3,2,11,16,19,5,0
64587624,1,18,19,3,2,4,13,18,4,0,72,11,18,3,2,67,14,18,4,1,90,11,19,3,2,49,19,19,5,0
64586130,90,11,20,3,2,55,14,20,5,0,14,21,20,5,0,78,16,20,4,1,22,3,20,5,0,17,5,19,4,1
64585392,88,3,18,4,1,1,15,19,4,1,70,6,17,3,1,22,3,17,4,0,27,9,18,5,0,31,7,17,4,0
64688914,33,1,20,4,1,79,8,20,3,2,29,1,20,4,1,29,1,20,5,0,77,24,19,5,0,89,9,20,5,0
64687991,32,5,19,4,1,61,5,20,5,0,85,13,20,3,2,58,10,19,4,1,78,16,19,4,1,1,15,20,4,1
64687612,49,19,20,4,1,82,21,19,4,1,70,6,19,4,1,74,3,19,4,1,78,16,20,3,2,70,6,19,4,1
64686064,87,24,20,3,2,27,2,20,4,0,38,9,20,3,2,70,6,19,5,0,88,3,19,3,0,67,14,19,3,0
64675372,56,20,19,5,0,32,5,20,4,1,69,9,20,4,0,3,21,20,3,2,81,9,20,3,2,33,1,20,4,1
64673814,67,14,20,4,1,55,14,20,4,1,48,3,20,4,1,16,9,20,4,1,11,16,19,3,1,70,6,20,4,1
64672131,33,1,18,4,1,36,5,18,5,0,39,18,19,3,1,23,15,19,3,2,77,24,19,4,1,84,18,18,5,0
64681613,27,16,19,4,1,78,16,20,3,2,89,9,20,4,1,88,3,19,5,0,17,5,20,4,1,86,1,19,5,0
64680622,68,1,19,5,0,67,14,19,4,1,17,5,20,5,0,88,3,19,5,0,10,1,19,5,0,2,10,19,4,1
64679533,48,3,20,3,2,59,2,20,5,0,65,16,20,4,1,21,9,20,5,0,29,1,20,5,0,89,9,20,4,1
64678491,8,22,18,5,0,80,19,19,4,1,20,4,18,2,2,59,2,18,4,1,4,13,18,3,1,81,9,18,3,2
64676834,35,1,20,5,0,1,15,20,4,1,58,10,20,5,0,50,21,19,3,0,19,24,20,5,0,36,5,20,3,2
64675826,83,6,20,4,1,88,3,20,4,1,82,21,20,4,1,47,4,20,5,0,89,9,20,5,0,78,16,19,4,1
64674119,5,5,20,4,1,11,18,20,4,1,82,21,20,3,2,68,1,19,4,1,65,16,20,5,0,75,22,20,3,2
64672279,44,25,20,3,2,69,9,20,4,0,14,21,20,3,2,64,24,20,5,0,17,5,20,5,0,29,1,20,5,0
64671197,26,9,20,3,1,17,5,20,4,1,86,1,20,3,2,90,11,20,4,1,72,11,20,3,2,11,16,20,4,1
64669804,72,11,20,4,1,24,3,20,4,1,76,3,20,5,0,40,6,20,4,1,20,4,19,5,0,58,10,20,4,1
64690379,22,3,20,5,0,83,6,20,4,1,34,23,20,4,1,43,5,20,3,2,28,3,20,5,0,7,1,20,5,0
64689949,35,1,19,5,0,2,11,20,4,1,34,23,19,5,0,78,16,20,4,1,18,15,20,4,1,19,6,19,3,0
64670307,23,18,20,5,0,16,9,20,4,1,28,3,20,5,0,75,22,20,4,1,90,11,20,5,0,88,3,19,3,2
64669772,18,15,19,3,2,74,3,19,4,1,81,9,19,4,1,21,9,19,4,0,11,18,19,5,0,75,22,18,4,0
64668525,62,11,19,3,2,3,19,19,4,1,74,3,19,4,1,67,14,19,4,1,26,9,19,4,1,50,21,19,4,0
64667090,17,5,20,4,1,8,22,20,5,0,50,21,19,3,1,20,4,18,3,1,34,23,19,2,3,77,24,18,5,0
64646870,80,19,20,5,0,74,3,20,5,0,72,11,20,4,1,76,3,19,5,0,72,11,20,2,3,70,6,20,4,1
64646247,22,3,20,5,0,14,21,20,5,0,15,6,20,3,2,90,11,20,3,2,18,15,20,3,2,33,1,19,5,0
64645744,82,21,19,4,1,31,7,19,4,1,7,1,18,5,0,68,1,19,5,0,2,10,20,3,2,64,24,20,5,0
64603360,55,14,19,4,1,25,11,19,5,0,11,18,20,5,0,46,16,19,4,1,90,11,20,4,1,88,3,19,4,1
64601569,28,3,19,5,0,62,11,19,4,1,71,14,19,5,0,78,16,17,3,1,10,1,18,3,1,90,11,19,5,0
64600665,31,7,19,4,1,53,14,19,4,1,39,18,20,5,0,80,19,20,3,2,67,14,20,2,3,46,16,19,3,2
64600167,33,1,20,5,0,42,24,20,5,0,16,9,20,4,1,85,13,20,4,1,72,11,19,5,0,42,24,20,5,0
64599768,67,14,19,4,1,42,24,19,4,0,47,4,19,5,0,63,15,19,5,0,31,7,19,4,1,65,16,19,5,0
64553656,30,13,19,5,0,70,6,20,3,2,75,22,20,4,1,26,9,20,4,1,90,11,20,4,1,47,4,19,4,1
64552964,38,9,19,2,3,64,24,19,5,0,50,21,19,5,0,30,13,19,4,1,72,11,20,3,2,21,9,20,5,0
64551969,75,22,19,4,1,56,20,18,4,1,33,1,18,5,0,44,25,19,5,0,64,24,20,5,0,70,6,18,5,0
64551224,71,14,19,5,0,6,8,19,5,0,81,9,20,3,2,75,22,20,5,0,77,24,20,4,1,28,13,20,4,1
64672490,33,1,20,4,1,34,23,20,3,2,6,8,19,3,2,74,3,20,3,1,90,11,20,5,0,14,21,20,4,1
64670770,20,4,20,5,0,25,11,20,4,1,89,9,20,4,1,39,18,20,4,1,76,3,18,3,0,34,23,20,4,1
64640940,87,24,20,5,0,70,6,19,4,1,50,21,19,5,0,81,9,20,4,1,82,21,19,4,1,50,21,19,4,1
64639569,20,4,19,4,0,43,5,20,3,1,12,7,19,4,0,64,24,20,3,2,84,18,20,4,1,69,9,20,4,0
64638329,34,23,18,2,3,50,21,18,3,0,39,21,19,4,1,10,1,18,3,0,90,11,18,4,1,42,24,18,3,1
64636405,76,3,19,4,1,2,10,20,4,1,83,6,20,5,0,7,1,20,5,0,37,15,19,4,1,89,9,19,4,1
64616168,6,7,20,3,2,25,11,20,3,2,83,6,19,4,1,31,7,19,4,1,11,16,19,3,1,83,6,19,3,1
64661700,33,1,19,3,2,28,3,19,3,2,69,9,18,4,0,72,11,19,4,1,80,19,19,5,0,39,18,19,3,2
64635664,64,24,20,2,3,88,3,20,5,0,6,8,20,2,3,57,23,20,5,0,90,11,20,4,1,37,15,20,4,1
64558966,58,10,20,4,1,29,1,20,5,0,44,25,19,3,2,36,5,19,5,0,47,4,19,5,0,90,11,19,5,0
64495245,65,16,20,5,0,7,1,20,4,0,31,7,20,5,0,20,4,19,4,1,31,7,20,5,0,83,6,20,5,0
64447421,89,9,19,3,1,71,14,19,4,1,77,24,19,3,2,83,6,19,5,0,77,24,20,3,2,72,11,20,3,2
64444872,33,1,19,5,0,29,1,20,5,0,25,11,20,4,1,81,9,20,4,1,63,15,20,4,1,21,9,20,3,2
64444323,18,15,20,4,1,77,24,20,3,2,30,13,20,5,0,83,6,19,5,0,90,11,19,4,1,43,5,20,2,3
64402676,78,16,20,2,3,4,13,19,3,2,18,15,20,4,1,90,11,20,5,0,76,3,20,3,0,72,11,20,5,0
64401791,17,5,20,4,1,13,15,19,5,0,6,8,20,3,2,50,21,20,5,0,25,11,20,4,1,15,6,20,3,2
64688417,67,14,20,4,1,77,24,20,4,1,7,2,20,4,1,19,6,20,3,2,18,15,20,3,2,55,14,20,5,0
64687672,3,21,20,5,0,14,21,20,2,3,30,13,20,5,0,72,11,19,4,1,77,24,19,4,1,7,2,20,5,0
64493976,88,3,20,3,2,79,8,20,3,2,25,11,20,4,1,6,8,20,4,1,61,5,19,5,0,8,22,20,5,0
64671137,80,19,20,4,1,56,20,20,5,0,2,11,20,4,1,29,1,18,3,1,15,6,19,4,1,67,14,18,5,0
64670090,52,24,18,4,1,76,3,18,4,0,30,13,18,5,0,78,16,18,4,0,64,24,17,4,0,55,14,18,3,0
64647333,85,13,19,4,0,78,16,19,3,1,70,6,20,4,1,31,7,20,4,1,2,10,20,5,0,67,14,19,3,1
64646885,64,24,19,4,1,12,6,19,4,1,25,11,20,3,2,28,13,20,5,0,31,7,19,3,2,44,25,19,5,0
64646513,77,24,19,4,1,76,3,18,5,0,57,23,19,3,2,48,3,18,5,0,67,14,18,5,0,49,19,19,5,0
64646335,50,21,19,4,1,31,7,18,3,2,46,16,19,4,1,65,16,17,2,1,19,24,15,3,0,31,7,17,3,0
64646053,2,11,20,4,1,86,1,20,3,2,20,4,20,5,0,72,11,20,4,1,65,16,20,4,1,76,3,19,4,0
64478879,89,9,20,2,3,90,11,20,5,0,11,18,20,5,0,76,3,20,4,1,34,23,20,3,2,59,2,20,4,1
64478449,76,3,20,4,0,26,9,20,4,1,18,15,20,5,0,80,19,19,4,1,16,9,19,3,2,10,1,20,2,3
64639321,47,4,20,5,0,4,13,19,4,1,89,9,20,3,2,6,8,19,4,1,83,6,19,4,1,76,3,20,4,1
64637080,24,21,19,3,2,88,3,18,5,0,10,20,19,4,1,11,18,19,3,2,23,18,19,3,2,54,8,19,4,1
64636273,42,24,20,4,1,86,1,19,3,2,80,19,20,3,2,22,3,19,5,0,51,22,19,3,0,72,11,19,3,2
64634761,47,4,19,4,1,58,10,20,3,2,89,9,20,4,1,37,15,20,5,0,17,5,20,4,1,30,13,20,4,0
64632581,28,3,20,4,1,56,20,20,4,1,89,9,20,4,1,7,1,20,5,0,18,15,20,4,1,61,5,19,5,0
64629394,81,9,20,3,2,64,24,20,5,0,63,15,19,5,0,34,23,20,4,1,84,18,19,4,1,89,9,19,3,2
64604861,2,9,20,4,1,85,13,19,5,0,59,2,20,5,0,76,3,19,4,1,6,8,20,3,2,7,1,20,5,0
64604215,37,15,20,4,1,90,11,20,4,1,55,14,19,5,0,47,4,19,4,1,67,14,20,5,0,70,6,20,3,2
64602928,83,6,20,4,1,78,16,20,4,1,56,20,19,4,1,19,6,20,4,1,68,1,19,5,0,90,11,20,3,2
64696120,4,13,20,4,1,7,1,19,4,1,65,16,19,5,0,35,2,20,3,2,48,3,19,4,1,12,7,19,5,0
64695734,74,3,20,4,1,19,6,20,4,1,6,8,20,2,3,78,16,20,4,1,56,20,20,5,0,17,5,20,3,2
64695515,40,6,20,3,2,76,3,19,5,0,89,9,20,4,1,48,3,19,3,2,30,13,18,5,0,72,11,19,3,2
64680822,82,21,20,5,0,2,11,20,3,2,44,25,19,5,0,65,16,20,5,0,72,11,20,5,0,58,10,20,4,1
64679739,22,3,20,4,1,9,10,20,3,2,53,14,19,4,1,29,1,20,5,0,81,9,20,3,2,33,1,20,4,1
64676891,56,20,19,4,0,21,9,20,4,1,11,16,19,3,2,89,9,19,4,0,44,25,19,5,0,33,1,20,5,0
64672819,35,2,20,3,2,12,6,20,3,2,14,21,20,3,2,1,18,20,4,1,33,1,19,5,0,21,9,20,3,2
64670984,78,16,20,4,1,48,3,20,4,1,61,5,20,4,1,53,14,19,5,0,65,16,20,3,2,15,5,19,4,1
64669179,21,9,20,3,2,22,3,20,4,1,17,5,20,4,1,33,1,20,4,1,56,20,20,5,0,48,3,20,4,1
64623458,7,1,19,4,0,4,13,19,4,1,31,7,19,3,2,11,16,18,4,0,9,10,19,3,0,55,14,18,5,0
64621947,11,16,19,5,0,21,9,20,4,1,75,22,18,3,2,88,3,18,3,0,81,9,19,5,0,11,16,18,5,0
64620262,76,3,20,5,0,1,15,20,4,1,31,7,20,4,1,90,11,20,4,1,29,1,20,4,0,31,7,20,4,1
64578767,46,16,20,4,1,76,3,20,4,1,17,5,20,4,1,23,18,19,3,2,11,16,19,4,1,19,24,19,4,1
64577131,1,15,20,4,1,86,1,20,5,0,13,15,19,3,2,76,3,20,5,0,35,1,20,5,0,38,9,20,4,1
64575058,82,21,19,4,1,42,24,18,4,0,39,18,19,4,1,29,1,18,4,1,72,11,19,4,0,42,24,18,4,0
64572398,17,5,20,3,2,44,25,20,3,2,71,14,20,5,0,54,8,19,5,0,90,11,20,5,0,29,2,19,5,0
64402080,18,15,20,3,1,77,24,20,3,1,4,3,20,5,0,47,4,19,4,1,90,11,19,5,0,20,4,19,5,0
64401166,63,15,20,4,1,64,24,20,5,0,8,22,20,5,0,90,11,20,5,0,67,14,20,5,0,31,7,20,3,2
64684216,77,24,20,4,1,18,15,20,3,2,55,14,20,4,1,82,21,20,4,1,28,3,19,4,1,30,13,19,5,0
64681644,52,24,20,5,0,26,9,20,5,0,57,23,20,4,1,50,21,20,4,0,12,7,20,4,0,90,11,20,4,1
64662936,57,23,20,3,2,48,3,20,4,1,1,15,20,3,2,71,14,20,5,0,61,5,20,5,0,88,3,20,4,1
64647459,73,24,17,4,0,64,24,18,5,0,33,1,18,4,1,15,5,16,5,0,64,24,17,4,1,42,24,14,3,0
64646209,65,16,16,4,0,70,6,16,4,0,42,24,16,3,1,70,6,16,4,1,64,24,17,5,0,63,15,17,4,1
64621061,31,7,19,4,1,14,21,20,4,0,82,21,20,4,1,70,6,20,5,0,67,14,20,4,1,22,3,20,5,0
64619635,79,8,19,3,2,82,21,20,5,0,22,3,19,5,0,18,15,18,3,0,31,7,20,4,1,72,11,16,2,0
64618404,23,18,18,4,1,17,5,17,5,0,88,3,18,4,1,82,21,17,4,0,29,1,18,5,0,21,9,18,3,2
64617834,14,21,19,2,2,47,4,18,4,0,81,9,19,4,0,21,9,18,4,0,84,18,17,4,1,76,3,19,3,1
64696148,70,6,19,3,2,65,16,19,4,1,74,3,19,4,1,60,6,19,4,1,65,16,17,4,1,25,11,19,4,1
64620690,81,9,19,4,1,83,6,19,5,0,8,22,19,3,2,64,24,19,3,2,67,14,18,4,1,42,24,19,4,1
64619475,1,15,20,4,1,67,14,19,4,1,33,1,20,5,0,55,14,20,4,1,83,6,19,5,0,44,25,19,4,1
64618435,26,9,19,4,1,74,3,19,5,0,47,4,20,5,0,15,6,19,5,0,4,13,19,3,0,84,18,20,4,0
64617176,67,14,20,4,1,11,18,19,5,0,35,1,19,5,0,31,7,19,5,0,60,6,19,4,1,44,25,19,5,0
64615343,76,3,18,5,0,67,14,18,4,1,2,11,19,4,1,90,11,18,5,0,16,9,18,4,0,1,15,19,4,1
64614627,56,20,19,3,1,21,9,19,4,1,39,18,19,5,0,48,3,20,4,1,60,6,20,4,1,83,6,20,4,1
64678208,50,21,20,5,0,72,11,20,2,3,79,8,20,3,2,77,24,20,5,0,81,9,20,5,0,30,13,20,4,0
64677340,36,5,20,3,1,33,1,20,4,1,18,15,20,5,0,1,15,20,4,1,32,5,20,3,2,30,13,20,4,1
64631938,50,21,19,4,1,37,15,19,4,1,90,11,19,4,1,83,6,19,4,1,47,4,19,5,0,89,9,20,5,0
64629621,83,6,20,4,1,65,16,20,5,0,70,6,20,2,3,2,11,20,4,1,76,3,20,4,1,29,1,20,5,0
64627785,67,14,19,4,1,78,16,20,4,1,21,9,20,5,0,4,13,19,5,0,31,7,19,3,2,78,16,20,4,1
64626278,52,24,20,4,1,55,14,20,4,1,89,9,20,3,2,81,9,19,4,1,53,13,20,4,1,88,3,20,4,1
64624779,90,11,19,4,1,54,8,19,3,2,18,15,19,3,2,77,24,17,4,0,22,3,18,4,0,76,3,18,0,0
64569945,65,16,20,4,1,53,14,20,4,1,79,8,20,3,2,90,11,20,3,2,44,25,20,4,1,89,9,20,3,2
64567728,70,6,20,3,2,44,25,19,5,0,17,5,19,4,1,33,1,20,5,0,59,2,20,5,0,87,24,20,4,1
64678616,20,4,19,3,0,64,24,19,4,1,65,16,19,4,0,11,18,20,4,0,42,24,19,5,0,14,21,19,4,1
64676835,2,11,19,3,2,78,16,19,4,1,47,4,19,5,0,29,1,19,5,0,75,22,19,5,0,45,4,18,4,0
64675729,18,15,19,4,1,20,4,19,4,0,82,21,19,3,2,74,3,18,2,2,56,20,19,4,1,75,22,19,4,1
64674548,25,11,20,5,0,74,3,19,5,0,47,4,20,5,0,28,3,20,5,0,82,21,20,5,0,22,3,19,3,2
64672722,74,3,19,5,0,64,24,19,5,0,2,11,19,5,0,58,10,19,3,2,30,13,19,5,0,2,10,19,3,2
64672026,71,14,20,4,1,41,24,18,3,1,25,11,20,4,1,46,16,19,3,1,75,22,18,4,0,21,9,19,3,1
64670287,62,11,18,4,0,1,16,17,3,1,33,1,17,4,0,20,4,16,3,0,81,9,17,3,1,82,21,17,5,0
64669467,31,7,20,3,2,29,1,20,5,0,74,3,19,5,0,70,6,20,3,2,72,11,20,3,2,59,2,20,4,1
64636065,81,9,19,3,2,31,7,19,4,1,28,13,19,5,0,81,9,19,4,0,65,16,19,4,1,4,13,18,4,0
64636938,90,11,19,4,1,21,9,19,4,1,84,18,19,5,0,31,7,18,5,0,46,16,19,4,0,11,16,18,2,0
64634162,82,21,20,4,1,22,3,20,3,2,33,1,20,3,2,48,3,20,5,0,37,15,20,5,0,67,14,19,4,1
64586190,49,19,19,4,1,59,2,19,4,1,14,21,20,3,2,89,9,20,4,1,86,1,19,4,0,2,11,20,4,1
64585226,70,6,20,3,2,46,16,20,3,2,33,1,19,5,0,6,8,20,4,1,30,13,20,4,0,29,1,20,4,1
64583839,12,7,20,4,1,20,4,19,5,0,9,10,20,3,2,77,24,20,3,2,86,1,19,3,0,26,9,19,4,1
64583318,32,5,20,3,2,11,16,19,5,0,29,1,20,4,1,63,15,19,5,0,88,3,20,4,1,79,8,19,4,1
64582222,31,7,20,4,1,59,2,20,5,0,50,21,19,4,1,77,24,20,4,1,71,14,20,5,0,11,18,20,4,1
64540442,1,16,19,4,1,85,13,20,3,1,3,21,20,4,1,72,11,20,4,1,11,16,20,5,0,31,7,20,3,2
64539757,14,21,20,5,0,7,2,20,4,1,4,13,20,5,0,16,9,19,3,2,63,15,19,5,0,3,21,19,3,2
64692540,53,14,17,5,0,64,24,17,5,0,67,14,17,3,1,31,7,18,4,0,21,9,13,2,0,15,5,17,4,0
64683859,58,10,16,5,0,53,14,18,5,0,72,11,18,3,1,72,11,18,5,0,73,24,16,3,0,64,24,15,3,0
64668955,67,14,17,4,1,53,14,17,4,0,90,11,17,4,1,90,11,18,3,0,22,3,16,2,0,80,19,17,1,0
64656572,64,24,16,4,0,78,16,17,4,0,77,24,16,3,0,11,18,17,4,1,82,21,17,3,0,34,23,17,5,0
64651370,33,1,17,5,0,65,16,18,5,0,72,11,17,3,1,65,16,17,5,0,42,24,16,4,1,70,6,17,2,2
64651144,76,3,18,4,0,19,24,18,3,1,74,3,18,5,0,72,11,17,2,0,67,14,16,4,0,53,14,17,4,1
64640841,84,18,18,4,1,10,1,18,5,0,90,11,19,4,1,82,21,17,5,0,11,16,17,5,0,64,24,18,5,0
64639841,78,16,17,3,0,88,3,18,5,0,82,21,18,4,0,81,9,18,3,1,82,21,19,4,1,89,9,18,5,0
64686988,75,22,19,4,1,90,11,19,4,1,7,1,19,5,0,26,9,19,3,2,60,6,19,4,1,33,1,20,4,1
64686235,34,23,20,2,3,43,5,20,3,2,76,3,20,5,0,55,14,20,4,0,70,6,20,5,0,15,5,19,4,0
64685187,5,5,19,3,2,60,6,19,5,0,70,6,20,5,0,19,24,20,4,1,7,2,20,4,1,31,7,19,4,1
64684390,30,13,20,5,0,1,15,20,3,2,75,22,20,3,2,90,11,19,3,1,1,15,20,5,0,55,14,20,5,0
64683809,34,23,20,5,0,42,24,20,4,1,88,3,20,4,1,47,4,20,5,0,81,9,19,4,1,84,18,20,2,3
64683158,1,15,20,3,2,26,9,20,2,3,4,13,20,5,0,9,9,19,3,2,53,13,19,5,0,78,16,20,3,2
64682659,3,19,20,4,1,36,5,20,4,1,74,3,20,4,1,78,16,20,4,1,74,3,20,5,0,86,1,20,3,2
64681702,78,16,20,4,1,45,4,19,4,0,67,14,20,5,0,18,15,20,3,2,53,14,19,4,1,58,10,20,4,1
64644370,7,1,20,5,0,2,9,19,4,1,38,9,20,3,2,3,21,20,4,1,2,10,20,4,1,22,3,20,3,2
64643866,36,5,19,4,1,30,13,19,4,0,90,11,19,3,2,70,6,19,4,0,27,9,18,4,0,3,21,18,4,1
64666060,10,20,20,3,2,53,14,19,5,0,26,9,19,4,1,4,3,20,3,1,37,15,19,3,0,54,8,19,3,0
64665384,72,11,19,5,0,30,13,19,4,1,15,5,18,4,1,23,18,18,3,1,82,21,18,4,1,36,5,19,3,2
64664332,77,24,20,4,1,11,18,20,3,2,60,6,20,5,0,64,24,19,4,1,82,21,19,4,1,2,11,19,4,1
64600026,24,21,20,4,1,19,24,20,4,1,61,5,20,4,1,39,18,19,5,0,50,21,19,4,1,17,5,19,4,1
64584622,89,9,20,5,0,13,15,20,5,0,90,11,20,4,1,22,3,20,3,2,29,1,20,5,0,32,5,19,3,2
64583494,4,13,20,4,1,46,16,20,3,2,59,2,20,4,1,50,21,20,5,0,39,18,20,4,1,19,24,20,3,2
64582315,81,9,20,4,1,50,21,20,4,1,80,19,20,3,2,72,11,19,4,1,52,24,20,5,0,58,10,20,5,0
64551327,18,15,20,4,1,2,10,20,3,1,55,14,20,5,0,37,15,20,5,0,29,1,20,5,0,65,16,20,5,0
64692437,39,18,18,4,0,21,9,18,3,2,69,9,17,3,0,76,3,17,5,0,66,24,18,3,1,72,11,18,4,1
64683963,22,3,16,3,0,79,8,17,5,0,39,18,16,3,1,17,5,16,3,0,70,6,16,5,0,30,13,16,2,0
64654716,86,1,17,5,0,42,24,17,4,1,40,6,18,4,1,88,3,17,5,0,63,15,17,4,0,69,9,16,1,0
64596933,84,18,18,4,0,90,11,18,4,1,89,9,19,4,1,89,9,17,2,0,10,20,18,2,1,58,10,17,2,0
64591572,72,11,19,3,2,78,16,18,4,1,20,4,19,4,1,28,3,19,5,0,87,24,19,5,0,76,3,18,2,0
64574126,2,10,20,4,1,59,2,20,4,1,74,3,20,5,0,77,24,20,5,0,33,1,19,4,1,65,16,20,5,0
64483477,88,3,19,4,1,18,15,19,4,1,75,22,19,5,0,76,3,19,5,0,75,22,20,3,2,54,8,19,4,1
64478761,89,9,20,3,2,86,1,20,4,1,48,3,19,4,1,21,9,19,5,0,72,11,19,3,1,65,16,19,5,0
64475530,58,10,19,4,1,89,9,18,4,1,85,13,18,2,0,42,24,17,5,0,90,11,19,3,1,19,6,18,3,1
64617656,43,5,19,5,0,75,22,18,2,2,14,21,18,4,0,29,1,19,5,0,74,3,19,4,1,9,10,19,3,2
64616241,23,18,20,3,2,72,11,20,3,2,30,13,19,5,0,90,11,20,4,1,18,15,20,5,0,76,3,20,3,2
64615247,70,6,18,3,2,42,24,18,4,1,4,13,17,5,0,23,18,18,4,1,74,3,19,5,0,17,5,18,4,1
64610029,84,18,19,5,0,2,11,20,5,0,11,16,20,4,1,11,18,20,5,0,67,14,20,3,2,6,8,20,3,2
64609432,82,21,20,3,2,81,9,20,4,1,86,1,19,5,0,74,3,19,5,0,51,22,19,4,1,72,11,19,4,1
64607891,74,3,20,5,0,82,21,20,4,1,75,22,20,5,0,40,6,19,4,1,67,14,19,5,0,71,14,19,4,1
64606128,89,9,18,5,0,6,8,19,3,2,39,21,19,4,0,49,19,18,5,0,9,10,18,4,1,77,24,19,4,1
64502213,65,16,20,4,1,21,9,20,2,3,76,3,19,5,0,84,18,20,4,1,22,3,20,4,1,66,24,20,5,0
64501116,73,24,19,4,0,82,21,19,4,1,65,16,20,3,1,64,24,19,4,1,9,9,20,4,1,11,16,19,5,0
64675686,77,24,19,4,1,78,16,20,4,1,23,18,20,3,2,55,14,19,2,0,48,3,20,5,0,29,1,20,4,1
64661342,73,24,18,2,0,81,9,20,3,2,8,22,20,3,2,61,5,19,5,0,90,11,19,3,1,23,18,19,5,0
64531094,65,16,20,5,0,27,9,20,4,1,90,11,20,3,2,39,18,20,3,2,46,16,20,5,0,2,11,20,3,2
64495977,18,15,20,3,2,88,3,19,5,0,72,11,19,3,2,15,6,18,4,1,88,3,19,4,1,29,1,19,5,0
64479453,5,5,20,4,1,90,11,20,3,2,53,13,20,4,1,31,7,19,3,2,59,2,20,4,1,50,21,20,4,1
64478574,9,9,19,2,3,90,11,19,4,1,27,9,19,3,2,72,11,19,5,0,53,14,17,1,0,67,14,18,4,0
64437500,89,9,20,4,1,71,14,20,5,0,43,5,20,3,2,65,16,20,5,0,17,5,20,4,1,3,21,20,4,1
64435315,7,1,19,5,0,46,16,19,4,1,58,10,19,5,0,89,9,19,5,0,55,14,19,5,0,72,11,19,5,0
64417677,18,15,19,4,1,55,14,19,4,1,90,11,19,3,2,64,24,17,2,1,31,7,17,4,0,22,3,18,4,1
64410126,83,6,18,5,0,35,1,18,3,2,18,15,19,4,1,81,9,18,3,0,35,2,19,5,0,70,6,18,5,0
64634637,1,15,19,4,1,90,11,19,4,1,11,16,19,5,0,80,19,19,5,0,90,11,19,4,1,39,18,19,5,0
64668897,88,3,19,5,0,6,8,20,3,2,7,1,20,5,0,20,4,19,5,0,26,9,19,4,1,40,6,20,4,1
64668142,68,1,19,4,1,33,1,20,4,1,48,3,20,3,2,9,9,20,4,1,72,11,20,4,1,83,6,20,4,1
64666765,86,1,20,5,0,83,6,20,4,1,72,11,20,3,2,20,4,19,5,0,72,11,20,4,1,18,15,19,4,0
64665051,19,24,19,4,1,45,4,19,5,0,72,11,19,2,3,86,1,18,4,1,11,18,19,5,0,81,9,19,3,2
64664391,19,6,20,5,0,58,10,19,3,2,65,16,20,3,2,1,15,20,4,1,40,6,19,3,2,33,1,19,4,1
64626347,7,1,19,5,0,13,19,19,5,0,58,10,20,3,2,74,3,19,5,0,10,20,19,4,1,90,11,19,4,1
64625233,76,3,20,5,0,81,9,20,3,2,21,9,20,4,1,50,21,20,2,3,23,18,20,4,1,79,8,20,4,1
64673084,4,13,20,5,0,2,9,20,4,1,14,21,20,4,1,28,3,19,5,0,9,10,20,3,2,16,9,20,3,2
64671553,28,3,20,5,0,62,11,20,4,1,88,3,19,5,0,89,9,19,4,1,24,3,20,4,1,58,10,20,4,1
64669864,78,16,19,4,1,64,24,20,3,2,33,1,20,2,2,67,14,19,3,2,16,9,19,5,0,23,18,19,5,0
64667834,25,11,19,3,2,76,3,20,4,1,47,4,19,4,1,31,7,20,5,0,17,5,19,4,1,83,6,19,3,1
64666890,14,21,20,2,3,31,7,19,3,2,33,1,19,5,0,27,16,19,5,0,54,8,18,3,2,46,16,20,4,1
64666401,29,1,20,3,2,46,16,20,4,1,84,18,20,5,0,17,5,19,3,0,67,14,19,3,0,14,21,20,3,2
64665197,23,18,19,5,0,78,16,19,3,2,17,5,19,4,1,67,14,19,3,2,16,9,19,4,0,49,19,20,4,0
64664452,37,15,20,5,0,74,3,20,3,2,43,5,20,4,1,31,7,19,3,2,20,4,19,5,0,63,15,19,3,2
