64645747
64645120
64644395
64643619
64642707
64641556
64640651
64639195
64637621
64668105
64666822
64665997
64664757
64664220
64663759
64663126
64659888
64658960
64658254
64658698
64657951
64657038
64656503
64655775
64655158
64652219
64651929
64651576
64651224
64664172
64663292
64662556
64661640
64667022
64666090
64664946
64663829
64591333
64590856
64587350
64586402
64585223
64656386
64655805
64654605
64654249
64653698
64653313
64653067
64652905
64652701
64664622
64663120
64659568
64658772
64657801
64657283
64656553
64655636
64635599
64633790
64631781
64629250
64627099
64625061
64623172
64621287
64619492
64617977
64560864
64559652
64558079
64556599
64649072
64648932
64648608
64648412
64648119
64647699
64646930
64616763
64598979
64596915
64568531
64537625
64411682
64318466
64311781
64270519
64656596
64655865
64586298
64585006
64584128
64582663
64580888
64579020
64577041
64593267
64592824
64592365
64591210
64590980
64522782
64521075
64519273
64435672
64551699
64550374
64549637
64547522
64546188
64545660
64544358
64542816
64541785
64540861
64667247
64665468
64663232
64662298
64661452
64660504
64659977
64656654
64655254
64586543
64576435
64643913
64643104
64642482
64641297
64593583
64592961
64550726
64549477
64548151
64653560
64648752
64648551
64648338
64648075
64647762
64647569
64590421
64494193
64493375
64492891
64492558
64491792
64490803
64480096
64479876
64661835
64661353
64660534
64659640
64658862
64658325
64657358
64642117
64641188
64651608
64651259
64651072
64624440
64615598
64661289
64657631
64667919
64666576
64664413
64661999
64636654
64634891
64667569
64666495
64665318
64663511
64661026
64660345
64659579
64659024
64644912
64644477
64643728
64642245
64641198
64639864
64638347
64637354
64635967
64668719
64667349
64666284
64665351
64663375
64662475
64661547
64660656
64659149
64659496
64657879
64657252
64632755
64631047
64629240
64627663
64625651
64647083
64646752
64646365
64646107
64645147
64644693
64644058
64641535
64640567
64666166
64664970
64643436
64641181
64640106
64638695
64602618
64593846
64488264
64440257
64430699
64424264
64404089
64400706
64393608
64645487
64644750
64644267
64643217
64642072
64641388
64627473
64624698
64594044
64593673
64593438
64593117
64592548
64592139
64591916
64591581
64658376
64657563
64656870
64655994
64655595
64654998
64654568
64653971
64653497
64659207
64658660
64654441
64644894
64644173
64643361
64642884
64620475
64619169
64611842
64610916
64609930
64662233
64659332
64653849
64653595
64642715
64641649
64640704
64640146
64638985
64589497
64588807
64588077
64587502
64663692
64662949
64635452
64633232
64631553
64586618
64585944
64585121
64584243
64665126
64664483
64658489
64657654
64656221
64655648
64654913
64654387
64646068
64645518
64645235
64644524
64611664
64611066
64609485
64608173
64607168
64662126
64621395
64616353
64615290
64613860
64612921
64603832
64602596
64601779
64600954
64646194
64645970
64645558
64644723
64644327
64643484
64660000
64647202
64638917
64636686
64606327
64554773
64495171
64485708
64433664
64629591
64627193
64626166
64624133
64622584
64620822
64619165
64617780
64616870
64615708
64594124
64533751
64503488
64502721
64501949
64495517
64434757
64434608
64398717
64591455
64540531
64454368
64385759
64383255
64377886
64364842
64354839
64351847
64605107
64603977
64587500
64586044
64584482
64563659
64561915
64560801
64559605
64558860
64601090
64594123
64563858
64553937
64530274
64500129
64487811
64443504
64440830
64660659
64660249
64659724
64658371
64658049
64657176
64656565
64656119
64655653
64669419
64668159
64667513
64666073
64665386
64664330
64668212
64651160
64609635
64608877
64607387
64596226
64595635
64595312
64669919
64669111
64647315
64645702
64645348
64644655
64643382
64642533
64641773
64639642
64655482
64654854
64654191
64633931
64632291
64629979
64627970
64619060
64618127
64493705
64493110
64667054
64665933
64665352
64664718
64664044
64663419
64662770
64662336
64661097
64635865
64633699
64573821
64571054
64569077
64567023
64565149
64563014
64660849
64659150
64577215
64576086
64573098
64571243
64670707
64668994
64663546
64668873
64657894
64656703
64616563
64615287
64614577
64598285
64644835
64644487
64643802
64587970
64587097
64586578
64585314
64584666
64670110
64669134
64660813
64660173
64659310
64658391
64657685
64642700
64641555
64640430
64645287
64644843
64644479
64643803
64642890
64642454
64483897
64483646
64483356
64618646
64616448
64585389
64584088
64582709
64581221
64659011
64658237
64656400
64655908
64655000
64611319
64610762
64609312
64607826
64666945
64652927
64652668
64651684
64651355
64610594
64601040
64600439
64592945
64661546
64660603
64660324
64658457
64657657
64656852
64655939
64652436
64652080
64663070
64652102
64481043
64466882
64435851
64428841
64397128
64386141
64379627
64660546
64660108
64659063
64658607
64658317
64657855
64657422
64657026
64635695
64634888
64633508
64631251
64627848
64625893
64409691
64644289
64643706
64589114
64588779
64587372
64586330
64572196
64570254
64567896
64635883
64627888
64626060
64623881
64666085
64665178
64664556
64663876
64615953
64611986
64610685
64610055
64608267
64670775
64613852
64612544
64610013
64609285
64605518
64604426
64603164
64602530
64664031
64663370
64661665
64658029
64657482
64656986
64656494
64655832
64655262
64654661
64654300
64653921
64653204
64652270
64651861
64653823
64652937
64586389
64484560
64484141
64406192
64404932
64404524
64363635
64671329
64664989
64664199
64663591
64662925
64662404
64661906
64661308
64634218
64632666
64630843
64628561
64626496
64624479
64622986
64569232
64567345
64565599
64661067
64655624
64655236
64651498
64651234
64643274
64642081
64667852
64666472
64665371
64606092
64604548
64601868
63926902
63356180
64670076
64668739
64640974
64640300
64588234
64587566
64585575
64584789
64583735
64666433
64665904
64664569
64663810
64662860
64661819
64557780
64557102
64555736
64670755
64669452
64668701
64668055
64666944
64634306
64633366
64631884
64630308
64628846
64644316
64643076
64642343
64641058
64639849
64638904
64637300
64636118
64633560
64498055
64497552
64496498
64602855
64559088
64557718
64556481
64555393
64554133
64553475
64552870
64551973
64618806
64618153
64616682
64615368
64614817
64614021
64612267
64609900
64481938
64409810
64405633
64396247
64384962
64384376
64383885
64367647
64366701
64647117
64646618
64646370
64646036
64645660
64645420
64644329
64643781
64643021
64637198
64636314
64634398
64633188
64631622
64657130
64534005
64496701
64495890
64491477
64489019
64488130
64482028
64481687
64648640
64486551
64458092
64442515
64432716
64430878
64430184
64377549
64375192
64671347
64646022
64645512
64644372
64643804
64642955
64641685
64640389
64636317
64645385
64578946
64541136
64494982
64444509
64437266
64423795
64642936
64642283
64641657
64640309
64639656
64638854
64554360
64553886
64524052
64665487
64663185
64662909
64626758
64617814
64615557
64614533
64610139
64671320
64662528
64649896
64530331
64500542
64435521
64420051
64418326
64413418
64392883
64663022
64661881
64645177
64644637
64644177
64634988
64632011
64630779
64557171
64671002
64669567
64668555
64666376
64665267
64664600
64662903
64661876
64661086
64670935
64669365
64667378
64644120
64643508
64567951
64432017
64431305
64430583
64648316
64648194
64647921
64647697
64647452
64647004
64668115
64666861
64665431
64664751
64662682
64662099
64657783
64655507
64655007
64654468
64611210
64609803
64609098
64604728
64603464
64602156
64599260
64598716
64597877
64666298
64665029
64663009
64662512
64662008
64661502
64660438
64659794
64640918
64638786
64614235
64611767
64564563
64563468
64664867
64642909
64610715
64592591
64496563
64492392
64452347
64424622
64401501
64635930
64634420
64630514
64628936
64627640
64625646
64623096
64621867
64620801
64640852
64638010
64636195
64634312
64631964
64630048
64629088
64664131
64663577
64663038
64662654
64660550
64659588
64658688
64646090
64645354
64643825
64672373
64671058
64668825
64667388
64666555
64665326
64664575
64663804
64662815
64660753
64659671
64659142
64658545
64657731
64657352
64157213
64155407
64154465
64153015
64560191
64558828
64557963
64556766
64556312
64555434
64554967
64553121
64519748
64645080
64644639
64245588
64245006
63998454
63996639
63995654
63994337
63960156
64672155
64670246
64656823
64656144
64655614
64654935
64641991
64640640
64639904
64666700
64666095
64664847
64656340
64655615
64655213
64499131
64498464
64671323
64669470
64668127
64667125
64592709
64592546
64592326
64592129
64591894
64591549
64642685
64642183
64641366
64640736
64639131
64638596
64637958
64471591
64470831
64610480
64519033
64497490
64488263
64483801
64482347
64424341
64412162
64389802
64612996
64593792
64558476
64524342
64504452
64491137
64438087
64436348
64416144
64586203
64583676
64582446
64523946
64522514
64520715
64518990
64483053
64639177
64638500
64637589
64580891
64580000
64578231
64526659
64525918
64524632
64673303
64671389
64669711
64609224
64608068
64606811
64605888
64605190
64603795
64539794
64539190
64538410
64417206
64413773
64395761
64259797
64258124
64254761
64660941
64660088
64659325
64658961
64658572
64657835
64657401
64656824
64655537
64662674
64646798
64646574
64646162
64644841
64644141
64630727
64601803
64593541
64587049
64526710
64432869
64429941
64421488
64647828
64647163
64646682
64646235
64645752
64645269
64640459
64638935
64637215
64607518
64606582
64604109
64603083
64364910
64363672
64361836
64360984
64318783
64673451
64671956
64670812
64669831
64668886
64667755
64666411
64665127
64664070
64657696
64657063
64656332
64655698
64613214
64609601
64608318
64612707
64611866
64610833
64609524
64608453
64606855
64605542
64604812
64603651
64602926
64659250
64530837
64530446
64530022
64529545
64529116
64528803
64528440
64527585
64648610
64648340
64648062
64647655
64647311
64647141
64646917
64646422
64591123
64524717
64655460
64654997
64649217
64649059
64648733
64648511
64648270
64647671
64647365
64673381
64671880
64670867
64670084
64668622
64668089
64667356
64666455
64665378
64664191
64660358
64659512
64658134
64657291
64656541
64655869
64654825
64654366
64674643
64672726
64589279
64588377
64587883
64586965
64586419
64585123
64461119
64677398
64675505
64674366
64672757
64671771
64670099
64668654
64667754
64666587
64665332
64620476
64616653
64592374
64592054
64591834
64590720
64590293
64590013
64672425
64671281
64670433
63052115
64668061
64667297
64665536
64663566
64662864
64662176
64661333
64654743
64358747
64670508
64667496
64666608
64666010
64665459
64629285
64627372
64625868
64621173
64635458
64632973
64630334
64625477
64623452
64622392
64620928
64565163
64646444
64645296
64613425
64612323
64611285
64609788
64556532
64555609
64412951
64678843
64677856
64676936
64675317
64673762
64672652
64671861
64670806
64669038
64634206
64678840
64677067
64675077
64673221
64671585
64670042
64667664
64666671
64665906
64631698
64574398
64572878
64571537
64569513
64568718
64566399
64564758
64563308
64561774
64559917
64563470
64562286
64560482
64557459
64547096
64546514
64545888
64679209
64674570
64673008
64670992
64669238
64665998
64664938
64663687
64662908
64662120
64671201
64669918
64667129
64665797
64664662
64660062
64658440
64614004
64612579
64509104
64506696
64505555
64673601
64672639
64669339
64667752
64493107
64492375
64672595
64671068
64669997
64669069
64667867
64665558
64664840
64664132
64663347
64662299
64661602
64661119
64648248
64647943
64647632
64646567
64646052
64679285
64677308
64675540
64665575
64664583
64664097
64663631
64637036
64635901
64663189
64654925
64654340
64551931
64550841
64549841
64548532
64547433
64679853
64678360
64677215
64654636
64654092
64653716
64633384
64631556
64630117
64676320
64675299
64674087
64671277
64669930
64669073
64668383
64661776
64661261
64660791
64639728
64638619
64637997
64636316
64578412
64577442
64572066
64569400
64568266
64675568
64674394
64673663
64671677
64670714
64669445
64667975
64666668
64668296
64667720
64666501
64613746
64613102
64611705
64609247
64618570
64617103
64616560
64586377
64585703
64584693
64583672
64582208
64580500
64679911
64678323
64677162
64676210
64674531
64671939
64642303
64640900
64676590
64675240
64673296
64672673
64670743
64669206
64667934
64666899
64665850
64642731
64650915
64650717
64635765
64634151
64625318
64623444
64621373
64619711
64615591
64668801
64667501
64666793
64665936
63930152
63925621
63925376
63924898
63924109
64679446
64678078
64676357
64662454
64661698
64641117
64639786
64638997
64634493
64676041
64674842
64672959
64671295
64670130
64668314
64666375
64665853
64665132
64679771
64678061
64638022
64636404
64584238
64583633
64582720
64581738
64580774
64676665
64675093
64671018
64667386
64666842
64646657
64646378
64646066
64588857
64499873
64498769
64498034
64397530
64396688
64660328
64453619
64439013
64429469
64425608
64422114
64420312
64401096
64394354
64644935
64644582
64644104
64643380
64642414
64641283
64640809
64632804
64631100
64653116
64652729
64652437
64652011
64651713
64648781
64648671
64648493
64560865
64679129
64677997
64676452
64675103
64673095
64671866
64652740
64652589
64652143
64651802
64336243
64289360
64284913
64186386
64110811
64110209
64106871
64105045
63971283
64555273
64498935
64498001
64493767
64401773
64381181
64356978
64069282
64675447
64674249
64671247
64670288
64669175
64668370
64667669
64624138
64623040
64650109
64649728
64649444
64649228
64648985
64647898
64651884
64651621
64610091
64609116
63709623
64679567
64677819
64675927
64675222
64673366
64672221
64671202
64670329
64669414
64613290
64604224
64603198
64602253
64601098
64598365
64597728
64555745
64554375
64553728
64680139
64678246
64676309
64663848
64662217
64661277
64660597
64659743
64664338
64663376
64662559
64574979
64572992
64571719
64569950
64568889
64679706
64677878
64676691
64674432
64671802
64669921
64614984
64567187
64678810
64677785
64676589
64634970
64633140
64630367
64628880
64627569
64625408
64678339
64677424
64675674
64673610
64671927
64669998
64668913
64667320
64608878
64622695
64584944
64584123
64583322
64582046
64580817
64579445
64578267
64576805
64678457
64676303
64675158
64673846
64671825
64669801
64667456
64665833
64594834
64594427
64593707
64592700
64535048
64534429
64534047
64533726
64532905
64666909
64423512
64422704
63353178
63352804
63316208
63315821
63293166
63290649
64678090
64676234
64658263
64657127
64656664
64655449
64654953
64660041
64659171
64658869
64658485
64657691
64431446
64431079
64430435
64430125
64497234
64496798
64495957
64495379
64494551
64433152
64432720
64346928
64346116
64684186
64682786
64681947
64680866
64679966
64640859
64640331
64360864
64359370
64357671
64684942
64684560
64683216
64654509
64653974
64647547
64646758
64646276
64645718
64677824
64676104
64674530
64672720
64670939
64669441
64668351
64665589
64544294
64543216
64542263
64541595
64540949
64540559
64539547
64538788
64538355
64453661
64669319
64668322
64666958
64666308
64665116
64664629
64664211
64630127
64628017
64626827
64623605
64622957
64621951
64620869
64619519
64618780
64659961
64604382
64603084
64601971
64601251
64600486
64665074
64621994
64621090
64619822
64618724
64618016
64616962
64615607
64614485
64659805
64658975
64653907
64651196
64351197
64348660
64347976
64327965
64326571
64665250
64664696
64616283
64614893
64614425
64613065
64588512
64587177
64586302
64659054
64626644
64610044
64601577
64442068
64439733
64438257
64427668
64419529
64664250
64663317
64662533
64661599
64661116
64660642
64660135
64659603
64637935
64636730
64685624
64684529
64683181
64681727
64680027
64679006
64678224
64672337
64670592
64669769
64669044
64667691
64666438
64665703
64665066
64621646
64620104
64619230
64560150
64659159
64658556
64658086
64657333
64656555
64655921
64654973
64654603
64654266
64682185
64680719
64679256
64676268
64643314
64642151
64640919
64639972
64639084
64683380
64682591
64680163
64607976
64606785
64605539
64604746
64603524
64602522
64676351
64672863
64663411
64662892
64661852
64660931
64677489
64675481
64674545
64673566
64670995
64668562
64665866
64664766
64613302
64645699
64645349
64645090
64644732
64644149
64643586
64642798
64642027
64641446
64640087
64681240
64680053
64679117
64677364
64675982
64674718
64672394
64669839
64668136
64619800
64619182
64603012
64602441
64601654
64601276
64600645
64588340
64383741
64348597
64689159
64688817
64688438
64688043
64687378
64686715
64685862
64684654
64683523
64682716
64546528
64487550
64480643
64441194
64440863
64435928
64429870
64385226
64368640
64602098
64600908
64600083
64028931
64028128
63875251
63874366
63873672
64669460
64667510
64666961
64665990
64664917
64664089
64620840
64619805
64673089
64671991
64670362
64668684
64668208
64667551
64666177
64665535
64664853
64663944
64683605
64682200
64680848
64679574
64678775
64677341
64675471
64673325
64642377
64681448
64680603
64679239
64623397
64621792
64620149
64619347
64618548
64650728
64650420
64675636
64674468
64672725
64671655
64669585
64640099
64639178
64637682
64635445
64634134
64674342
64673074
64672278
64669223
64626134
64625080
64624169
64622936
64621896
64552467
64551372
64550034
64549094
64548235
64546748
64545384
64544120
64542739
64541633
64673561
64672450
64671714
64670924
64670160
64668627
64667928
64666994
64612062
64686898
64686057
64685179
64684019
64682871
64681880
64680807
64679686
64678922
64677009
64629798
64628188
64627051
64625264
64621768
64574899
64573664
64571569
64570348
64204807
64202494
64201057
64199263
64198390
64196798
64196065
64195506
64194434
64193835
64676709
64612980
64611874
64610431
64609299
64573808
64572678
64571199
64635398
64565878
64564654
64671224
64651789
64651617
64651482
64651270
64634654
64632748
64617075
64615995
64672360
64671438
64670339
64669333
64668503
64665727
64604713
64603936
64677519
64675141
64663209
64636861
64635826
64634573
64632824
64630985
64628898
64688168
64687724
64687284
64686752
64686136
64685443
64671357
64670608
64669466
64646589
64670558
64662831
64661929
64661070
64660211
64563749
64489730
64629875
64565077
64563123
64561605
64669806
64668677
64667933
64666907
64665945
64665412
64648425
64648167
64647889
64647556
64638152
64636578
64635600
64580122
64578368
64577577
64574932
64572528
64669241
64668509
64618617
64617628
64616292
64614095
64612774
64611683
64607500
64222941
64221830
64220273
64218535
64217522
64210508
64209067
64206998
64205751
64203918
64676392
64674482
64673659
64672783
64671932
64671171
64670037
64668993
64668094
64657536
64657135
64549077
64547610
64546461
64539443
64523980
64523369
64522332
64521325
64678083
64676317
64674389
64672753
64646710
64646492
64646240
64645824
64645499
64683499
64682205
64681062
64661175
64660292
64659161
64644201
64643447
64642497
64694742
64685520
64681738
64680664
64675987
64674527
64672007
64669870
64668343
64657716
64657258
64655758
64655293
64654992
64654775
64625414
64623712
64679834
64678795
64677415
64668752
64667979
64667057
64634120
64632367
64630094
64620178
64662219
64661654
64661006
64660290
64659461
64658749
64657947
64657412
64656619
64674857
64654789
64654404
64653903
64652154
64651905
64651582
64651312
64634835
64632926
64616361
64615714
64614831
64612658
64554544
64553533
64604355
64601953
64601061
64600210
64599248
64597918
64597389
64596762
64530692
64530494
64530210
64529884
64529457
64528982
64528375
64527818
64527198
64659884
64658218
64657775
64655423
64631955
64629951
64628744
64626982
64625222
64622232
64507784
64505484
64503066
64502136
64501183
64499411
64497667
64496540
64494437
64659684
64658066
64656714
64655058
64639563
64664598
64657453
64536538
64536093
64485745
64485437
64485012
64484522
64681531
64680782
64678315
64677164
64675001
64673288
64671844
64670942
64642871
64689829
64689644
64689042
64688681
64688099
64687547
64687171
64686538
64685515
64684683
64683742
64682805
64680896
64679597
64678081
64677261
64676459
64675328
64640199
64639369
64638120
64636287
64635589
64633240
64628875
64627126
64625776
64623756
64692520
64683795
64682575
64673658
64672406
64671143
64653514
64653090
64641831
64640362
64678151
64676769
64618416
64617418
64616403
64614872
64613938
64612224
64690573
64690258
64690043
64685409
64684744
64684288
64683678
64680814
64680258
64679008
64687731
64686918
64686297
64685219
64684432
64683375
64682483
64681011
64663191
64662400
64683152
64682391
64675244
64673489
64672114
64670303
64661513
64660970
64660067
64639438
64638724
64634875
64631363
64628950
64628184
64627074
64605070
64604335
64603594
64602841
64602408
64601443
64601056
64600732
64599676
64599433
64695653
64695250
64694858
64694650
64694339
64694080
64681559
64679831
64678752
64677091
64677329
64675204
64674074
64673348
64671556
64670880
64669316
64661587
64661245
64679153
64678272
64676824
64674934
64674170
64672953
64670420
64668898
64667449
64666327
64683649
64682042
64686783
64685774
64677558
64654637
64654355
64653865
64653500
64644873
64681344
64679827
64679167
64677684
64676036
64578532
64575615
64574566
64573412
64650663
64613537
64590331
64574548
64549880
64496737
64488888
64455793
64429280
64692543
64692318
64688412
64687661
64686999
64665133
64664443
64663458
64662569
64661541
64688089
64687595
64686797
64686173
64684698
64678714
64641525
64640663
64639697
64630463
64628217
64627134
64625449
64524566
64523006
64692305
64692067
64691969
64691710
64686781
64686167
64685221
64684595
64683488
64682503
64633727
64632365
64631210
64629955
64627723
64626646
64621245
64620360
64619765
64619113
64678817
64675711
64674558
64671359
64685768
64684775
64684078
64683607
64642526
64641912
64641210
64493856
64493171
64647241
64646793
64645844
64645545
64644975
64644240
64643720
64642184
64641563
64693255
64692910
64559221
64558006
64557148
64483884
64483411
64483062
64676758
64674931
64673848
64672707
64671800
64663505
64662660
64661071
64679219
64677148
64675564
64673587
64671925
64630948
64628924
64626770
64683164
64681919
64680864
64680026
64640985
64639992
64639016
64638252
64637272
64687828
64687140
64686353
64685786
64685085
64684425
64683599
64667999
64666886
64686571
64685470
64671131
64670028
64668642
64667503
64666366
64665741
64587849
64587343
64689714
64689157
64688845
64688276
64687925
64687530
64686819
64685335
64684540
64687132
64686285
64685294
64684820
64683954
64683102
64682267
64681431
64680510
64678609
64589851
64589613
64589208
64588418
64587615
64586746
64585859
64584982
64582485
64667290
64666432
64665439
64664731
64663449
64638116
64636636
64635690
64659239
64653756
64653269
64652924
64652220
64631811
64630738
64628257
64626091
64681326
64679577
64678194
64675882
64671015
64583772
64582471
64581040
64541356
64540341
64539491
64512809
64671447
64669680
64668403
64667064
64666099
64561434
64670587
64669118
64667581
64663470
64662966
64661558
64656304
64655965
64682458
64681497
64643471
64642457
64641691
64640050
64639060
64637751
64635710
64629560
64657985
64657502
64656767
64539039
64538453
64511961
64510721
64508844
64506783
64412550
64611820
64611200
64609879
64608454
64607147
64606523
64605501
64553526
64552475
64551345
64627369
64625211
64623052
64620946
64618841
64617457
64615924
64590506
64590139
64591628
64591305
64591062
64590389
64590148
64589712
64588986
64588282
64587470
64675391
64674058
64672104
64670872
64669229
64661224
64660775
64659973
64659347
64658537
64657671
64657116
64590249
64589863
64657417
64656742
64595642
64584279
64582151
64581277
64580491
64578627
64576701
64694441
64694256
64694004
64693582
64693328
64641679
64641287
64684415
64683968
64682432
64680838
64679543
64675830
64674226
64673047
64671394
64669136
64677193
64675957
64674562
64673866
64661237
64660083
64659612
64658657
64658113
64657308
64665480
64623290
64621614
64620610
64619638
64618122
64615220
64680678
64679433
64676795
64675850
64636506
64635462
64633671
64631903
64630556
64690563
64690186
64689770
64689318
64660140
64659372
64658946
64658284
64645009
64692217
64691937
64691685
64691090
64690834
64625497
64623497
64621725
64596240
64595575
64684041
64683170
64682170
64681125
64683063
64681514
64679670
64677724
64676207
64674077
64673116
64672550
64638763
64638211
64639129
64637944
64102467
64101351
64100149
64098771
64098161
64096804
64674265
64512922
64511223
64506796
64504724
64503974
64459614
64457514
64456170
64605977
64604516
64603880
64603017
64602282
64600656
64556950
64587694
64586951
64651122
64650875
64650577
64650446
64650263
64650066
64649758
64633691
64631904
64609538
64662745
64662259
64661810
64661143
64659993
64659160
64658734
64639831
64639196
64637829
64636927
64635284
64633436
64587223
64586382
64670412
64662926
64662292
64661438
64660499
64450475
64450049
64449470
64449192
64624253
64622462
64582244
64570860
64569648
64548255
64547335
64545947
64586989
64553385
64552255
64551154
64550184
64549322
64548806
64547994
64606908
64605972
64604781
64510647
64509133
64421026
64419813
64418744
64417180
64690936
64690797
64690592
64689419
64686184
64685267
64683601
64682532
64680612
64671263
64670403
64655419
64638823
64637795
64635894
64633988
64611117
64610268
64692033
64691794
64691559
64691375
64691095
64690912
64653693
64478500
64478005
64644572
64637190
64634951
64583443
64582323
64580601
64579259
64576393
64575710
64552229
64551468
64550224
64549130
64547681
64438327
64438155
64437782
64437456
64424865
64408790
64407953
64407428
64406834
64406188
64405634
64404969
64404603
64403676
64402810
64533224
64532996
64532787
64532718
64532474
64532307
64532052
64531870
64484094
64647977
64647422
64647205
64646884
64592825
64592605
64592332
64614613
64613654
64612449
64244001
64243094
64241934
64240903
64240197
64239540
63880981
64674334
64673111
64670873
64653289
64592032
64591504
64590796
64548996
64685669
64684611
64683326
64682306
64681434
64680723
64679810
64678218
64676978
64675151
64691412
64691145
64690988
64690803
64690495
64690271
64689971
64689492
64687291
64686882
64690015
64689748
64689071
64688562
64688062
64687220
64686335
64685615
64684925
64650254
64687270
64686940
64686286
64685363
64684788
64683532
64682752
64681112
64679595
64678064
64686687
64685775
64685180
64683997
64683229
64682025
64681082
64679707
64677872
64673321
64638141
64635978
64634569
64632809
64631594
64519238
64517441
64640014
64638528
64636976
64635676
64634472
64528768
64528300
64527452
64520491
64686755
64686277
64685270
64683233
64682436
64646450
64646064
64645719
64645304
64695742
64695363
64682686
64681991
64679919
64677553
64676114
64671418
64652828
64666747
64665617
64664721
64640422
64639313
64638337
64637689
64636370
64635611
64671216
64668453
64667240
64666596
64665772
64664764
64632369
64630513
64628479
64358911
64358256
64357213
64355306
64321634
64320591
64315544
64286242
64248178
64680144
64678747
64677854
64675810
64673896
64671461
64669901
64667623
64469407
64686511
64686029
64683635
64682593
64647636
64647177
64646915
64646376
64646011
64645652
64645432
64644774
64612327
64679081
64677475
64671989
64670461
64668851
64666141
64678181
64677027
64675869
64674173
64672901
64672048
64670408
64590346
64590050
64685402
64684886
64684313
64683644
64681784
64680378
64679683
64678717
64676774
64671116
64669340
64667707
64666384
64665354
64663735
64617125
64614796
64613818
64617760
64616827
64616166
64615479
64614703
64612806
64610999
64610066
64544129
64690713
64690403
64689965
64625439
64624395
64623148
64621389
64620566
64618225
64670624
64645703
64645001
64644346
64643925
64588213
64587014
64585880
64641853
64641245
64640536
64620715
64619313
64516147
64514933
64513713
64510993
64690080
64689796
64689362
64689085
64688771
64688368
64687867
64686866
64685856
64684532
64675428
64673446
64672741
64551989
64551422
64550197
64548991
64547816
64546024
64676742
64675840
64672772
64671506
64670601
63989951
63988926
63904099
63902169
64643914
64643099
64642601
64642006
64640832
64640100
64638696
64675915
64674866
64672924
64671354
64669686
64668863
64666948
64665661
64665113
64664315
64680480
64679079
64677755
64676511
64675561
64674242
64672214
64670458
64669827
64661953
64661396
64660712
64099968
64099222
64097783
64096055
64095069
63969825
64688680
64688275
64687941
64687536
64679856
64678581
64606439
64605357
64603633
64602223
64601735
64600985
64575403
64691584
64691453
64691244
64691047
64690444
64689857
64689601
64688051
64687466
64686728
64661147
64660221
64618337
64617623
64613124
64609616
64574482
64572486
64570355
64569191
64568440
64566183
64564712
64563585
64506310
64689076
64688603
64688286
64687592
64686812
64685840
64684806
64683018
64643408
64672207
64670712
64610316
64608880
64599424
64598810
64598287
64551168
64550553
64645849
64554349
64553374
64552362
64551117
64548910
64348721
64347925
64347386
64302554
64681943
64680687
64679122
64677286
64676440
64675209
64673989
64671941
64670732
64665397
64615372
64613782
64612495
64611593
64610121
64608718
64607280
64605856
64604658
64603576
64660624
64657876
64671805
64670800
64668751
64668068
64662730
64661666
64660959
64660392
64624875
64628135
64627122
64141430
64549474
64373579
64372204
64287369
64270543
64268460
64267846
64266651
64264313
64673674
64672933
64469604
64468782
64468120
64466166
64448370
64447950
64404214
64623286
64621809
64619278
64599563
64598791
64598100
64597299
64596914
64558199
64641162
64639855
64638571
64637927
64637346
64636345
64632876
64630876
64629751
64694317
64694008
64642530
64641897
64641074
64640168
64639521
64638023
64636914
64636322
64536107
64535922
64686350
64685824
64684985
64673035
64671905
64670921
64669728
64629374
64626950
64625525
64676389
64614607
64505210
64504241
64502702
64497844
64486361
64459261
64457777
64456889
64692961
64692866
64692640
64484512
64623560
64589508
64588867
64489755
64484909
64437783
64431779
64397457
64394742
64359382
64347481
64341946
64694536
64694358
64694208
64688935
64687845
64685193
64684058
64683405
64663612
64663091
64603914
64603220
64602558
64601588
64600620
64493728
64493138
64492606
64659407
64658286
64620111
64615515
64589346
64588854
64588087
64587414
64566723
64686412
64685955
64661892
64660781
64659371
64658332
64657348
64654242
64653721
64577459
64692438
64692282
64692194
64692058
64691828
64691697
64691585
64691334
64690808
64690582
64670537
64668847
64659831
64659012
64658552
64602213
64601101
64578441
64576682
64691550
64691382
64686889
64685857
64685022
64683854
64682751
64672926
64670390
64668753
64692504
64692283
64691992
64691744
64691534
64691343
64691181
64690856
64690517
64657822
64657122
64651476
64615393
64330360
64329340
64328292
64327568
64323317
64676993
64676095
64674625
64672689
64670848
64665544
64664466
64664014
64663056
64662481
64688533
64688059
64646275
64052944
64052696
64052280
64052079
64051643
64696096
64695757
64679669
64651256
64650921
64607511
64606347
64598362
64690568
64690176
64689853
64689421
64688664
64687487
64658394
64658188
64688317
64687644
64686982
64686481
64685466
64683613
64681927
64680358
64678969
64676934
64664537
64663437
64662809
64661973
64661366
64660528
64659263
64658386
64656751
64624672
64622726
64622068
64620409
64619085
64618238
64616685
64616075
64615388
64589681
64681588
64680369
64679605
64676484
64674528
64564825
64563598
64562042
64560546
64553232
64552059
64550838
64550448
64689277
64688923
64685992
64684834
64681264
64621136
64619728
64618370
64617285
64597241
64596427
64595539
64595039
64594769
64594314
64594005
64512209
64677389
64675968
64675113
64443992
64443368
64442629
64442316
64441634
64441062
64696806
64695854
64695413
64663360
64662087
64661216
64660625
64660188
64621540
64620402
64692034
64648140
64593113
64585319
64526089
64433745
64394988
64392262
64683579
64682862
64679954
64678283
64677003
64674973
64672823
64644772
64644071
64675127
64673025
64610280
64609424
64607918
64562295
64561345
63834582
63833103
64695134
64694950
64686387
64679868
64678538
64677298
64676434
64675065
64656150
64660789
64660420
64659289
64658702
64634724
64632466
64631541
64630312
64605754
64687694
64687283
64686486
64685797
64684471
64683332
64682625
64665974
64692542
64691702
64691612
64691032
64690656
64695571
64593010
64480959
64341939
64337774
64291567
64289820
64289382
64168859
64605321
64604415
64603776
64602487
64601745
64442830
64442074
64292524
64268112
64683241
64682327
64681080
64679662
64677789
64675918
64673954
64671547
64669701
64668386
64664077
64663582
64614797
64614144
64613716
64596251
64595817
64595337
64595003
64677766
64676755
64675294
64673012
64671784
64669926
64669009
64665460
64665057
64684312
64682894
64656268
64655513
64654709
64654085
64647337
64646846
64629890
64626407
64625070
64623807
64622247
64620753
64619881
64558322
64557587
64555464
64553048
64552118
64551090
64549600
64683202
64682186
64681393
64680412
64678296
64677743
64672549
64671572
64669992
64696291
64690071
64689816
64688435
64680225
64679715
64666879
64666426
64655893
64655246
64654949
64654507
64630640
64629740
64628258
64626150
64625375
64624619
64695237
64695017
64694649
64694430
64693992
64685437
64684780
64684057
64683002
64653686
64653187
64650916
64620113
64547832
64484414
64484203
64435558
64435347
64677312
64676405
64674475
64671225
64669408
64668108
64667212
64666077
64655192
64673534
64672695
64667732
64626893
64625643
64669816
64604194
64603435
64534351
64510096
64508801
64507098
64415628
64414230
64696505
64696118
64685010
64683910
64682403
64672454
64671576
64668596
64662047
64686747
64686208
64685243
64684508
64683766
64681790
64681058
64679548
64693898
64677440
64675316
64673958
64672563
64670933
64658986
64655197
64618741
64617744
64617234
64614025
64612950
64571016
64569815
64506353
64505551
64214519
64212760
63419683
63418244
64687054
64685975
64685375
64643713
64643300
64642008
64641549
64640641
64639182
64637735
64663737
64663230
64662551
64697141
64696633
64690548
64690106
64689741
64689576
64689264
64688750
64688111
64687696
64678016
64654905
64654560
64390489
64390082
64338999
64337269
63983324
64667404
64560073
64534496
64636286
64633557
64625800
64624179
64470932
64468800
64467689
64376945
64375967
64677504
64675763
64674123
64673189
64671220
64669602
64668114
64666830
64665229
64691029
64690853
64690532
64690332
64689994
64689790
64689500
64688961
64688358
64608995
64607915
63648724
63604918
64636455
64635702
64634026
64632437
64630552
64628885
64627626
64626522
64623894
64655019
64654469
64654175
64653783
64621731
64620103
64618571
64610855
64609852
64666056
64595580
64595367
64535510
64535218
64506224
64505384
64504380
64450775
64671753
64670649
64667728
64666322
64458689
64458117
64456826
64456158
64690031
64652842
64646746
64587864
64556914
64533742
64530100
64520185
64479234
64691458
64691209
64691051
64690814
64690639
64690426
64690182
64689918
64689650
64663950
64688212
64687815
64687128
64686324
64685752
64684983
64682366
64681461
64668379
64654156
64441386
64441035
64440840
64410217
64408620
64407583
64323874
64628085
64626961
64624406
64623343
64258211
64185878
64142777
64140948
64138747
64694379
64689148
64688723
64688143
64687794
64687305
64686460
64684323
64683265
64682484
64671669
64670875
64669498
64668190
64630932
64627516
64625906
64624182
64622052
64679891
64675952
64674976
64673818
64635532
64634005
64633242
64632476
64630395
64629532
64697094
64696778
64696507
64696323
64696107
64695830
64695647
64617816
64637383
64635708
64634899
64633452
64631452
64630099
64627938
64627045
64626078
64695075
64674788
64673233
64671429
64669513
64667888
64665685
64664762
64664339
64656941
64679045
64677408
64676257
64634081
64632545
64631269
64629841
64628733
64670902
64669258
64667801
64606501
64605288
64519137
64516324
64513964
64511606
64682675
64671738
64667304
64666388
64665246
64664194
64622660
64621014
64620136
64696994
64696662
64696386
64696001
64692509
64692296
64692153
64692063
64688718
64664365
64663634
64662758
64661958
64660194
64659265
64658367
64570251
64566990
64565745
64563912
64562196
64560746
64560230
64559259
64558323
64691777
64691654
64691471
64690910
64690605
64690265
64689852
64689215
64668520
64667250
64682265
64664432
64663402
64662587
64662108
64656636
64656096
64654687
64654109
64629429
64628518
64626719
64625306
64623917
64621881
64620834
64447020
64446462
64445631
64676884
64675812
64674369
64673237
64671533
64669727
64632498
64631609
64630347
64651676
64651303
64650776
64650503
64650241
64649975
64597246
64596900
64596494
64533741
64676966
64676066
64674508
64598410
64597643
64493929
64493208
64492690
64491993
64491346
64490947
64490465
64489455
64486752
64679873
64678400
64676629
64675409
64674355
64672016
64671000
64670437
64669430
64680181
64668331
64632188
64622670
64616743
64672659
64671862
64670214
64669313
64667920
64666524
64665592
64627403
64626249
64543610
64542609
64537038
64536544
64535860
64535153
64455190
64640843
64640021
64638952
64637363
64634042
64626131
64424452
64676127
64674449
64673049
64640996
64640225
64634816
64633195
64631158
64621818
64684244
64682748
64681096
64679014
64674111
64668484
64671702
64670871
62931606
62930885
62930286
62929522
62929137
62928236
62927403
64674195
64671472
64669972
64632744
64629937
64581304
64691734
64686681
64674948
64643074
64550371
64534790
64450357
64445974
64436702
64643645
64642912
64641498
64160812
64159760
64158876
64157529
64155992
64154649
64681097
64675578
64673812
64672512
64670938
64669580
64668380
64633946
64632420
64691764
64686436
64673397
64580853
64460928
64407923
64693192
64692633
64692322
64692101
64691965
64691814
64346662
64666050
64665300
64664703
64662929
64590966
64590440
64590273
64589931
64589350
64676281
64675284
64660208
64659280
64658349
64657646
64644715
64644241
64643244
64663169
64661746
64661290
64660576
64659230
64658712
64588032
64587208
64667882
64666317
64402465
64401926
64401261
64400697
64399748
64399332
64623833
64633107
64632450
64631746
64630508
64629050
64627654
64625426
64624465
64622727
64629501
64624805
64586559
64573535
64557724
64479249
64456077
64447329
64446238
64609706
64608370
64607441
64606780
64605290
64604637
64603635
64602469
64600548
64554814
64554210
64553320
64552082
64550909
64550227
64549064
64547935
64513118
64511362
64635652
64633662
64631727
64598068
64597346
64596636
64595954
64542173
64541354
64477848
64697410
64689926
64689656
64689154
64688622
64688147
64675365
64674021
64682765
64678568
64633620
64631655
64629423
64588554
64587779
64587035
64677225
64675280
64673466
64672021
64670562
64669895
64668415
64667498
64666040
64624260
64586785
64586152
64584996
64458730
64457693
64456787
64454883
64454067
64453056
64694154
64693819
64679266
64669275
64668219
64660229
64600196
64595255
64594966
64688339
64687301
64686660
64671730
64670504
64659369
64646156
64697612
64696844
64696266
64695787
64695496
64695335
64693691
64693317
64693202
64681558
64678578
64677197
64675192
64672102
64670173
64656023
64655490
64678268
64676673
64675358
64673462
64672771
64671493
64670464
64567692
64565581
64693805
64693496
64693384
64693146
64692982
64692804
64692683
64692531
64692312
64692095
64685418
64684483
64683398
64681320
64679262
64638626
64637709
64637019
64677486
64675793
64674133
64672161
64670546
64567422
64565309
64563187
64505216
64671264
64669362
64667734
64663826
64663554
64567080
64564963
64563017
64553622
64627810
64626662
64622739
64621487
64620011
64618980
64617603
64616423
64611606
64626173
64624183
64622621
64621238
64619788
64259059
64258202
64257538
64256292
64639701
64638289
64636839
64636116
64635161
64588745
64588325
64676497
64675425
64674263
64621694
64620770
64618827
64573126
64570634
64568443
64642521
64641440
64640371
64639476
64636773
64635743
64634963
64632998
64632082
64662794
64662397
64661454
64661150
64660387
64659326
64658344
64657622
64656837
64418683
64417465
64414434
64268661
64267126
64265070
64263890
64262547
64261475
64689046
64688751
64688181
64687819
64686824
64685971
64685106
64684506
64683425
64620396
64619508
64617646
64616753
64615966
64614960
64614131
64612868
64612173
64676332
64674835
64673585
64672505
64671410
64667812
64667078
64666009
64665174
64670905
64656520
64655846
64655426
64655041
64654712
64616349
64615586
64599101
64598376
64695384
64695027
64615806
64614859
64613576
64485683
64485081
64400159
64692660
64692527
64692331
64692187
64652313
64651521
64641963
64640802
64639559
64636716
64635835
64634796
64632838
64630618
64697058
64696792
64696491
64696071
64695379
64695154
64694846
64694531
64694180
64693304
64693098
64693002
64692798
64692689
64692585
64692403
64692166
64691957
64691837
64564771
64563117
64561688
64559465
64558821
64557360
64555533
64680987
64678489
64676875
64675535
62869302
62867969
62866625
62865351
62864665
64684168
64682775
64681377
64679728
64678628
64675893
64674729
64696389
64696014
64688576
64687515
64685789
64683035
64632779
64630721
64628818
64626975
64625841
64620351
63331201
64615643
64614064
64606515
64605980
64605177
64602691
64601534
64600591
64599550
64690498
64647371
64646987
64646776
64646490
64646332
64645628
64645045
64493983
64493571
64492683
64444791
64443977
64443580
64443052
64442324
64682203
64680640
64679112
64678552
64676895
64675329
64673800
64671903
64668928
64673434
64672506
64669572
64668035
64608895
64607857
64606851
64606003
64664642
64627599
64617730
64616579
64543598
64542137
64541479
64471226
64470385
64468793
64665095
64662687
64662011
64660464
64659385
64619657
64619106
64617707
64672122
64669619
64668488
64667374
64553063
64551786
64525463
64525014
64586975
64539003
64537320
64536114
64690878
64690482
64690279
64690044
64689898
64686500
64685632
64685203
64684171
64669343
64695955
64695528
64695345
64695088
64677733
64675884
64660783
64659972
64659348
64658962
64673400
64672317
64670720
64669421
64635798
64632646
64412686
64411972
64410935
64696310
64661900
64661094
64625918
64624072
64622086
64620843
64695916
64658471
64657322
64656164
64698074
64697635
64696529
64696236
64696003
64695607
64695410
64666046
64656382
64676579
64675723
64673709
64672339
64671507
64670072
64668996
64667761
64641550
64668569
64667239
64664743
64545397
64544683
64543688
64542484
64541465
64540471
64663587
64624152
64623053
64622011
64620263
64619352
64616355
64614798
64665571
64664572
64664247
64663324
64662401
64661468
64528443
64580578
64579093
64577513
64575946
64575083
64573769
64563945
64562009
64561444
64679363
64677758
64676286
64674356
64672470
64671480
64670216
64668759
64667580
64685977
64685583
64639390
64638384
64636797
64635028
64577802
64576786
64510166
64508211
64680399
64679498
64677548
64676282
64674908
64674300
64669447
64667923
64640496
64518094
64674855
64673430
64672578
64671019
64669661
63686303
63590514
64676400
64675379
64674274
64669610
64667259
64628981
64627457
64624458
64689019
64687543
64682456
64677124
64674917
64672799
64646993
64556517
64555317
64554261
64552857
64523642
64522189
64521050
64519918
64518332
64698450
64697901
64696934
64696504
64648133
64647928
64647611
64681583
64679897
64665970
64664151
64663523
64657895
64657557
64683711
64662431
64661579
64661035
64615854
64615204
64614418
64613398
64612098
64679314
64669936
64569644
64566873
64645099
64644390
64643564
64643034
64642022
64623585
64622272
64671918
64669810
64584363
64583460
64582637
64581315
64478940
64478590
64478030
64663158
64662362
64661818
64661007
64644887
64644590
64643970
64643371
64642995
64641818
64677801
64675831
64673888
64672361
64671250
64635375
64633594
64630836
64628683
64626638
64645473
64644905
64643683
64580504
64579824
64578568
64576718
64529768
64529319
64590204
64479035
64399790
64388383
64387412
64348517
64343262
64329645
64685784
64684434
64683725
64682812
64681940
64680354
64678915
64677902
64698567
64698102
64696960
64696584
64695937
64695674
64694827
64686473
64518054
64516444
64146905
64145069
64090232
64088919
64087391
64086060
63462642
64590799
64590414
64590130
64529438
64529142
64528624
64477867
64477281
64476891
64476516
64698884
64671486
64669289
64667571
64689035
64687914
64686808
64686484
64685472
64681827
64680198
64333742
64333534
64332890
64332212
64331337
64330953
64330118
64329680
64192011
64191337
64551625
64550496
64697153
64696616
64696181
64695805
64676544
64674937
64673852
64671412
64695419
64695062
64694691
64694500
64694248
64693922
64693570
64693335
64693070
64692823
64663884
64662845
64661982
64661109
64658119
64657597
64483674
64483434
64483130
64698477
64689535
64689003
64688774
64688462
64688129
64687335
64686373
64685606
64675178
64673507
64624001
64622209
64620339
64612983
64612153
64558434
64654123
64653521
64653060
64652618
64652269
64651951
64651630
64461954
64460234
64670538
64667630
64666652
64665463
64597594
64596905
64596308
64596042
64595510
64691667
64691416
64691255
64691060
64690859
64690545
64690216
64689555
64661750
64653395
64537363
64536963
64536502
64535882
64535421
64534876
64534685
64442778
64442215
64441618
64658245
64657481
64657013
64627614
64596224
64595718
64595400
64575727
64573324
64698086
64697793
64673394
64672303
64670465
64669412
64624823
64623350
64621762
64697966
64697726
64690608
64689979
64689561
64688823
64688348
64687022
64560387
64684814
64683461
64682850
64682095
64680440
64641276
64640893
64639725
64638272
64688828
64688005
64687679
64687356
64686498
64685550
64684757
64653043
64652536
64679602
64668049
64664446
64662665
64615014
64614192
64613030
64560886
64559946
64558791
64557552
64556337
64691280
64690966
64597544
64597016
64594973
64592426
64536734
64536222
64531717
64697312
64696483
64696209
64695958
64695543
64684490
64683079
64681042
64668722
64666260
64665163
64614666
64614046
64612989
64601651
64600586
64599589
64598929
64686446
64685271
64684395
64683885
64667516
64666715
64665124
64664331
64663828
64654900
64564506
64516435
64514968
64458531
64364998
64362375
64304991
64301261
64691332
64691146
64690996
64690606
64690441
64690228
64689812
64689545
64689273
64688812
64681174
64678839
64677075
64675383
64673338
64672586
64670747
64668395
64638588
64637400
64578118
64499670
64499213
64454049
64367939
64366966
64365497
64364461
64362450
64607390
64606583
64602848
64601997
64600923
64600398
64308373
64307707
64662164
64661033
64660436
64659031
64658374
64657494
64656743
64521269
64595488
64538896
64538471
64537774
64537323
64536944
64536017
64535673
64535309
64534749
64658916
64671620
64670703
64668023
64666782
64665583
64664468
63931946
63931302
64698845
64698347
64698059
64697749
64697203
64696636
64696346
64696198
64637415
64635643
64601476
64319390
64317566
64316345
64299686
64299096
64298331
64668809
64667538
64454403
64452759
64452255
64451277
64450773
64448017
64447238
64674474
64672559
64671205
64669204
64664949
64664323
64662650
64662214
64564068
64562165
64405453
64404935
64401009
64400399
64399392
64397321
64676594
64613415
64593915
64570861
64567596
64318216
64317138
64262156
64260728
64630148
64628805
64627535
64608781
64607350
64606700
64605731
64604531
64551116
64550212
64684502
64683234
64681970
64678001
64675776
64674426
64697387
64696827
64696405
64695853
64695462
64695083
64688746
64688003
64631515
64630210
64628536
64626691
64625612
64623623
64621563
64619752
64618375
64684156
64682703
64681979
64624962
64623613
64622418
64620695
64619750
64618895
64561848
64560900
64559723
64516317
64515016
64514106
64512673
64510023
64505118
64504263
64698728
64698126
64697874
64697415
64696867
64696367
64695890
64695746
64695495
64627159
64623635
64622618
64621907
64620267
64619203
64617885
64696524
64696173
64695728
64695364
64694617
64694250
64653227
64652656
64652079
64613448
64611643
64610931
64603829
64552179
64549829
64548752
64548137
64547163
64674549
64672703
64670168
64642935
64614492
64499919
64498956
64632588
64630520
64628687
64625592
64623620
64621621
64620546
64618424
64617365
64629299
64616295
64614673
64613931
64578727
64577747
64514007
64448437
64447629
64444091
64682064
64615507
64614356
64613604
64551885
64551110
64550121
64549471
64548379
64659338
64613646
64612543
64611508
64610607
64610171
64609319
64670788
64603072
64602303
64601475
64600169
64575424
64686070
64683651
64682518
64681472
64680762
64629455
64627448
64600648
64599172
64691495
64691239
64691033
64690775
64690465
64690241
64644282
64643456
64642977
64691106
64690812
64690607
64690347
64689954
64689627
64659380
64599216
64598086
64681365
64680606
64679998
64679120
64677168
64676102
64675453
64611994
64611003
64679002
64677893
64674778
64673588
64667700
64666395
64665743
64664925
64663914
64665265
64664201
64661257
64660294
64659470
64625598
64624739
64622608
64613040
64686501
64685841
64683746
64682637
64680202
64659715
64645197
64644598
64644020
64600071
64599262
64598651
64597853
64597371
64596556
64595830
64595341
64677378
64675611
64674059
64630654
64628497
64509093
64507794
64506141
64416912
64689346
64688712
64688333
64687682
64687475
64686974
64686253
64645356
64681285
64635793
64634743
64633657
64632109
64629611
64627592
64626344
64683556
64682019
64679914
64678687
64677113
64675529
64673845
64671522
64669464
64668001
64699262
64688409
64687954
64687541
64687059
64685973
64685281
64684794
64683641
64539128
64538765
64502736
64501455
64500402
64493670
64411708
64410143
64350779
64350175
64349505
64348986
63744439
63742960
63741569
64622884
64621535
64619907
64618903
64549794
64548571
64262647
64261449
64260051
64686189
64683870
64683323
64682724
64682107
64680575
64678952
64554275
64551926
64550731
64549457
64547873
64546445
64243683
64242266
64135848
64671424
64618678
64617501
64615972
64603607
64601081
64667710
64666860
64620939
64619890
64613675
64613165
64604290
64690226
64689819
64689380
64688962
64688478
64688133
64686257
64685296
64646324
64590897
64590582
64590274
64589989
64589003
64588218
64587774
64675382
64673590
64671666
64670134
64666854
64656296
64654229
64567688
64565827
64667438
64658162
64657492
64656776
64695125
64662734
64554494
64553330
64551274
64550685
64549566
64548185
64547227
64681456
64680590
64679701
64678199
64676133
64675555
64674183
64671768
64670863
64693710
64692988
64691137
64690807
64690446
64689906
64689447
64689105
64688525
64699347
64698908
64698660
64698107
64697597
64694410
64680797
64679745
64675989
64670158
64669127
64666273
64665151
64664522
64660926
64660192
64624652
64693424
64691546
64690760
64662463
64654167
64638717
64622940
64610678
64605336
64662977
64662112
64660599
64653101
64652797
64652177
64651939
64611809
64679872
64679151
64677956
64676543
64674534
64628480
64627112
64625088
64623182
64621673
64619723
64662484
64616628
64615876
64615079
64489047
64488320
64487625
64487202
64681281
64679462
64673882
64658151
64657475
64657012
64656125
64655851
64685184
64684420
64683593
64682823
64681205
64679410
64676672
64674824
64663928
64660310
64659720
64654281
64654011
64535544
64492429
64485858
64485379
64698727
64698404
64698012
64671539
64655302
64635322
64634561
64633455
64514945
64683116
64682488
64681546
64679793
64678852
64676927
64674500
64678591
64677130
64675931
64675159
64674186
64672256
64627035
64622891
64621138
64620484
64699182
64698903
64698704
64698430
64698120
64445266
64444450
64443973
64443177
64683686
64682387
64680999
64679748
64677095
64676211
64675026
64673636
64672266
64689808
64689425
64689167
64688800
64687678
64670780
64647794
64647435
64660321
64659144
64658275
64655469
64436924
64436518
64436226
64688042
64687441
64686613
64685685
64641837
64640718
64640027
64637495
64699527
64698893
64698226
64697529
64697227
64696965
64696609
64696193
64695791
64695356
64668931
64667175
64666622
64665307
64664346
63082181
63081591
63080166
62752980
64699750
64699098
64698531
64698253
64697704
64697286
64696883
64696400
64695979
64668990
64695829
64678119
64676626
64674623
64563249
64561740
64261047
64260398
64257819
64256934
64215388
64213668
64212524
64210695
64209542
64208375
64203206
64201039
64199417
64687908
64687130
64686805
64686195
64684907
64682005
64680695
64678607
64676971
64689456
64689175
64675745
64668433
64667461
64666188
64664967
64664107
64609103
64607637
64699632
64686046
64685504
64684843
64683716
64656601
64655643
64655310
64674873
64673112
64668189
64585235
64583926
64582886
64582060
64581378
64631925
64629627
64628334
64626937
61550931
61550021
61548578
61546793
64683946
64678971
64677240
64676003
64674870
64668812
64699783
64699311
64688965
64688565
64678561
64676748
64675145
64673747
64671290
64681147
64678895
64677104
64675248
64673504
64672283
64670711
64669832
64668293
64389453
64341958
64340450
64331921
64291231
64289960
64227445
64226528
64174758
64665155
64663934
64662840
64656897
64656246
64648223
64648041
64647573
64647310
64683597
64682814
64682059
64681463
64680182
64678666
64676863
64675748
64633355
64692609
64692336
64692111
64691940
64691763
64691529
64691259
64690942
64690751
64661912
64661163
64660826
64660125
64659243
64658771
64616206
64615774
64614790
64677498
64676653
64668502
64667448
64612055
64610966
64609785
64608395
64606894
64605584
64605042
64604451
64603447
64602488
64551237
64550495
64548654
64547361
64546082
64523447
64522636
64521071
64519573
64686170
64684004
64514865
64512746
64510439
64508994
64507418
64506409
64696500
64696050
64695789
64695535
64694996
64677265
64657936
64423105
64422075
64420679
64400738
64400077
64399772
64374662
64373168
64372400
64625418
64621827
64620374
64618843
64618186
64616729
64615543
64614493
64599985
64671432
64669640
64668401
64666635
64664681
64663713
64662771
64662032
64690750
64690291
64690000
64669691
64668128
64667479
64666983
64646398
64645890
64645464
64697445
64697103
64696642
64696414
64696061
64695606
64695343
64694912
64657890
64660471
64659927
64659055
64658094
64657037
64656469
64656012
64655665
64654941
64654492
64615980
64615058
64613599
64612953
64611726
64611080
64610081
64608748
64606350
64676788
64659880
64623282
64618726
64175265
63937184
63928419
64699249
64698874
64698305
64697819
64697473
64697307
64696769
64696541
64696111
64668027
64700048
64699565
64699207
64698891
64698568
64697997
64697538
64696200
64693471
64679342
64638469
64618750
64617639
64617151
64614210
64612903
64611576
64685949
64684823
64648419
64648131
64588856
64588403
64587736
64587210
64528550
64543802
64543149
64542456
64541962
64541148
64540243
64537261
64536994
64536531
64536025
64485759
64485149
64323683
64313910
64311411
64309856
64308420
64277521
64276614
64274735
64675445
64674323
64672861
64671508
64628356
64626235
64624532
64623184
64621602
64619943
64685727
64685073
64684350
64683740
64682409
64681339
64678105
64676644
64675574
64677163
64675181
64673171
64671895
64648028
64647863
64647553
64647374
64679927
64679200
64678097
64677296
64675459
64673804
64639592
64638215
64637261
64693871
64693623
64693463
64673471
64671057
64665455
64596656
64596230
64495264
64494559
64493318
63521971
63519467
63517917
63516641
63515369
63413833
64685881
64684802
64683578
64682534
64681136
64678464
64676640
64587624
64586130
64585392
64688914
64687991
64687612
64686064
64675372
64673814
64672131
64681613
64680622
64679533
64678491
64676834
64675826
64674119
64672279
64671197
64669804
64690379
64689949
64670307
64669772
64668525
64667090
64646870
64646247
64645744
64603360
64601569
64600665
64600167
64599768
64553656
64552964
64551969
64551224
64672490
64670770
64640940
64639569
64638329
64636405
64616168
64661700
64635664
64558966
64495245
64447421
64444872
64444323
64402676
64401791
64688417
64687672
64647015
64645589
64493976
64671137
64670090
64647333
64646885
64646513
64646335
64646053
64478879
64478449
64639321
64637080
64636273
64634761
64632581
64629394
64604861
64604215
64602928
64696120
64695734
64695515
64680822
64679739
64676891
64672819
64670984
64669179
64623458
64621947
64620262
64578767
64577131
64575058
64572398
64402080
64401166
64684216
64681644
64662936
64647459
64646209
64621061
64619635
64618404
64617834
64696148
64620690
64619475
64618435
64617176
64615343
64614627
64678208
64677340
64631938
64629621
64627785
64626278
64624779
64569945
64567728
64678616
64676835
64675729
64674548
64672722
64672026
64670287
64669467
64636065
64636938
64634162
64586190
64585226
64583839
64583318
64582222
64540442
64539757
64692540
64683859
64668955
64656572
64651370
64651144
64640841
64639841
64686988
64686235
64685187
64684390
64683809
64683158
64682659
64681702
64644370
64643866
64666060
64665384
64664332
64601190
64600026
64584622
64583494
64582315
64581393
64551327
64692437
64683963
64654716
64596933
64591572
64574126
64483477
64478761
64475530
64617656
64616241
64615247
64610029
64609432
64607891
64606128
64502213
64501116
64675686
64661342
64531094
64495977
64479453
64478574
64437500
64435315
64417677
64410126
64634637
64668897
64668142
64666765
64665051
64664391
64626347
64625233
64673084
64671553
64669864
64667834
64666890
64666401
64665197
64664452
64689507
64689074
64688574
64688320
64688077
64687333
64686539
64685889
64685043
64684187
64664857
64664038
64663653
64625206
64624031
64608034
64606660
64605571
64656002
64655411
64654918
64654713
64700330
64699732
64699037
64698515
64697705
64697432
64684918
64684373
64682996
64681430
64685226
64684430
64683975
64681238
64579055
64576657
64574327
64524284
64522582
64469345
64698247
64697695
64696366
64695959
64695662
64684578
64683410
64619080
64561691
64560235
64558643
64557357
64556765
64455953
64455188
64454160
64699983
64698374
64698054
64695874
64693886
64681646
64678312
64662911
64657524
64698360
64697861
64695361
64662270
64661730
64659134
64657365
64656864
64652582
64615889
64614668
64326389
64325465
64324293
64323001
64321689
64319844
64318435
64689290
64688849
64475357
64474599
64473858
64225461
64224491
64223681
64222342
64579950
64578421
64577294
64573709
64571796
64531945
64531607
64531493
64531062
64678886
64677922
64676049
64674397
64672522
64671307
64636247
64634993
64633513
64564201
64561953
64560279
64581579
64579773
64577079
64575047
64513936
64511609
64510225
64508634
64506567
64700617
64700035
64658081
64656774
64658298
64657056
64656462
64644804
64644313
64643500
64642893
64639848
64638648
64683199
64681647
64680121
64678865
64677972
64676974
64675324
64673825
64671931
64670586
64680860
64678890
64675796
64675173
64673899
64673305
64480961
64480819
64684085
64682897
64681474
64679819
64678611
64640521
64582187
64579785
64521997
64666776
64665657
64664755
64664299
64663891
64663356
64662596
64660873
64689625
64689212
64688385
64686817
64686489
64685490
64684099
64683373
64672318
64671624
64670289
64669242
64626986
64625440
64461787
64460819
64459676
64683552
64681417
64665342
64664480
64663569
64662863
64662070
64666485
64665642
64664510
64663556
64662589
64661205
63692206
63691266
63690712
64700509
64700189
64699681
64699372
64698928
64698317
64697763
64697223
64696698
64683912
64682880
64681659
64679933
64629938
64628638
64624963
64585661
64584343
64700595
64671207
64670191
64668681
64569381
64568338
64566855
64565716
64564306
64404756
64403216
64401958
64348662
64323092
64322072
64321097
64319425
64282093
64668338
64510002
64508754
64506780
64505848
64504400
64503603
64318736
64317776
64684930
64684287
64683205
64681916
64680941
64679465
64678642
64677291
64674970
64691879
64691650
64691466
64691304
64691102
64644957
64388980
64380599
64340453
64335678
64295947
64227485
64226468
64189031
64695297
64694934
64694750
64689144
64685538
64681318
64680550
64678682
64672883
64627114
64625737
64574805
64573694
64571909
64526842
64525700
64524511
64523855
64522971
64674005
64673270
64672100
64670731
64669515
64595733
64595433
64636377
64635454
64633833
64631099
64629898
64572984
64570638
64187214
64186245
64688652
64688130
64685048
64683275
64681926
64678158
64677343
64676340
64675067
64671982
64670990
64669709
64668544
64610456
64609166
64608149
64607355
64606527
64694455
64693603
64693446
64681674
64680305
64678444
64659574
64658668
64685473
64683289
64682454
64681450
64680184
64678716
64559409
64680938
64680019
64678265
64677488
64674414
64672789
64671822
64701066
64700738
64665786
64665156
64664216
64663321
64662514
64661726
64617637
64635683
64634138
64632490
64631334
64688604
64668636
64667429
64665047
64661827
64660561
64659676
64658409
64657559
64686386
64678248
64674733
64546022
64545145
64544265
64526523
64525886
64277737
64276980
64275861
64561803
64560188
64558958
64557743
64556655
64555432
64554292
64552552
64551267
64625433
64624830
64622777
64621033
64602734
64600740
64600327
64195467
64684165
64679362
64677594
64687990
64684022
64683053
64682072
64680448
64679476
64677671
64675986
64673322
64671902
64670885
64624433
64622375
64620784
64619986
64619155
64617064
64616179
64615502
64669235
64666228
64665731
64628199
64625784
64623952
64622953
64374727
64373864
64687032
64670493
64669186
64659522
64658562
64637803
64631032
64630001
64623176
64682482
64681419
64699747
64699234
64698839
64698372
64697959
64664021
64660844
64659916
64658937
64658408
64558742
64557051
64521221
64520570
64519030
64517391
64514803
64513068
64511449
64700421
64699770
64699094
64698601
64698089
64697540
64696972
64696603
64696208
64625286
64556657
64555618
64554368
64553416
64552720
64552144
64547220
64498750
64643281
64642821
64642310
64583564
64582290
64580542
64579610
64578219
64577400
64691639
64592394
64592115
64591895
64591608
64591256
64590936
64569743
64567599
64697156
64695887
64693841
64689805
64593102
64558135
64598145
64597727
64597085
64596002
64595467
64595101
64593868
64593681
64690478
64648206
64647952
64647198
64621134
64619371
64617268
64616793
64646182
64592720
64531771
64340767
64336177
64291056
64289275
64231953
64219851
64686109
64683682
64683192
64682197
64681137
64679950
64678749
64677713
64653997
64608557
64607195
64604976
64603650
64602476
64601678
64600872
64600236
64599511
64689620
64689200
64688943
64688522
64688145
64687856
64687065
64685746
64685056
64697518
64697037
64612237
64611279
64610418
64609814
64582239
64581481
64580717
64579992
64678782
64619097
64602419
64418093
64391142
64384322
64365883
64340576
64657514
64656896
64656288
64655324
64617887
64616592
64615858
64614783
64614147
64698858
64698343
64697617
64697090
64696632
64696140
64695727
64695325
64692960
64587369
64586602
64585916
64585305
64584638
64583765
64582305
64580877
64579760
64578398
64700627
64699933
64699291
64698914
64698206
64697634
64697084
64696702
64655032
64683352
64682466
64681648
64680242
64540357
64527759
64352546
64351691
64302712
64302139
64298200
64297784
64253600
64656444
64586549
64585346
64584020
64582820
64581166
64579467
64380077
64683898
64661809
64614869
64606146
64605204
64628185
64626516
64624483
64623529
64622265
64620654
64619741
64618221
64617488
64689968
64689398
64689079
64688797
64680707
64678274
64677461
64638959
64637638
64691156
64690528
64690232
64689730
64689406
64688993
64688515
64675377
64673516
64663226
64661995
64660882
64660266
64659502
64686050
64684883
64683994
64681268
64679245
64678211
64528517
64527919
64527164
64678695
64654769
64654275
64653660
64653367
64653184
64652707
64619000
64617783
64617343
64697765
64697491
64639677
64638542
64637397
64636135
64635505
64633621
64632127
64631415
64668946
64667051
64665619
64353375
64293444
64248806
64166866
64166674
64025370
64700004
64651730
64651480
64644014
64633413
64620139
64619325
64610846
64610247
64654001
64653688
64653242
64652822
64652502
64652101
64651636
64651327
63579751
64679290
64674668
64625587
64623628
64595871
64572879
64571015
64568951
64628929
64627207
64625814
64623775
64622037
64621322
64571020
64568976
64566840
64565656
64644340
64643225
64640803
64639930
64638612
64636702
64634093
64632980
64586759
64585825
64584623
64508819
64506047
64335013
64334478
64334175
64333793
64692030
64690654
64690234
64684717
64683148
64521560
64445248
63870641
63870209
63337392
63336172
63334913
63333263
63331742
64689583
64689190
64688674
64687742
64687213
64686364
64685283
64684222
64682806
64648547
64336982
64336205
64233356
64169943
64168153
64114407
64111388
64110633
64109960
64678023
64676826
64515887
64514597
64513322
64501206
64680890
64680088
64580230
64579080
64577991
64576358
64471879
64471122
64470218
64425951
64623954
64622128
64621248
64672399
64671095
64668378
64627862
64627087
64624972
64624077
64622690
64621868
64606835
64605881
64605040
64603807
64602796
64584115
64582652
64580522
64563447
64527303
64436434
64434915
64430287
64429307
64390999
64353684
64342309
64578048
64576283
64574076
64570382
64568453
64550655
64549885
64548608
64669555
64599729
64599312
64598529
64598199
64597477
64597139
64596880
64596451
64663617
64647563
64643639
64605852
64575588
64480299
64426269
64411864
64399397
64698365
64697636
64697269
64696940
64696611
64696182
64695577
64695313
64695002
64694870
64417196
64415201
64413860
64412144
64410545
64409760
64407527
64406755
64406169
64690565
64690365
64690138
64689539
64688517
64647991
64647678
64646822
64701883
64699402
64620741
64619824
64619093
64618245
64614518
64596065
64674880
64670836
64645426
64644869
64644406
64643647
64642926
64641906
64688931
64688508
64687960
64687533
64686843
64685354
64645229
64644569
64643856
64684951
64683878
64646553
64644854
64641269
64639847
64471937
64665025
64664581
64664121
64663210
64662614
64491093
64490082
64489282
64667081
64665972
64664761
64663123
64654522
64654021
64653519
64653055
64652859
64621385
64620318
64618908
64617662
64616538
64615733
64611701
64610621
64608999
64643016
64642411
64640731
64639778
64638548
64637652
64635833
64634287
64628795
64625642
64624563
64679796
64502936
64501951
64073646
64067536
64066266
64065040
64702046
64701187
64683429
64682269
64680683
64679642
64658736
64658189
64656771
64656367
64655548
64654540
64654327
64429304
64408275
64407095
64406477
64403175
64313373
64678841
64677838
64676697
64674825
64673319
64636687
64635892
64633877
64631913
64653488
64652329
64633571
64581594
64556649
64487041
64482254
64481849
64690485
64689728
64689510
64689080
64688568
64632660
64628670
64626871
64623183
64355302
64354145
64699735
64699351
64699030
64597456
64596984
64596703
64596378
64595888
64595446
64595171
64700238
64698871
64697586
64697130
64694538
64694029
64693081
64692765
64692239
64678398
64676534
64673481
64670622
64667262
64632561
64681724
64679029
64641191
64640253
64639346
64586041
64584587
64583591
64695952
64657995
64596376
64575655
64531118
64478628
64437016
64434704
64337472
64670930
64669695
64668649
64667658
64652216
64651993
64619107
64617984
64616692
64615183
64701403
64701103
64700605
64699924
64699507
64698832
64698396
64697853
64697313
64674120
64672817
64671760
64668849
64668079
64293738
64635940
64634821
64633101
64630935
64629637
64627547
64626457
64624807
64623895
64513124
64569242
64567183
64565075
64563319
64558894
64551906
64679046
64677391
64676616
64675665
64673957
64672057
64635596
64631560
64629969
64669800
64635845
64578142
64576743
64539516
64538861
64538316
64490227
64489416
64666743
64666259
64665046
64600947
64600556
64599710
64547662
64506865
64504667
64617024
64615288
64558462
64557620
64556295
64509851
64507677
64462060
64460645
64702170
64701375
64700696
64700117
64679912
64679265
64666843
64665798
64665102
64663923
64663177
64662371
64649479
64649209
64694309
64693985
64693788
64693575
64693377
64693170
64692919
64692116
64691994
64661533
64660762
64660026
64647574
64647273
64647035
64646554
64646134
64645587
64695819
64695650
64654826
64617810
64580125
64556927
64537459
64519323
64503905
64678442
64676507
64625429
64623433
64622174
64620952
64604546
64603627
64602392
64696339
64696091
64686176
64685586
64684738
64682114
64681075
64689604
64689265
64689091
64688549
64688260
64687909
64687227
64686508
64685827
64684887
64690989
64690653
64690466
64681196
64679369
64632481
64627818
64625538
64624624
64696735
64696179
64695521
64694888
64655122
64654633
64653857
64690960
64690555
64620445
64618838
64617360
64616036
64614815
64613551
64613093
64612562
64690448
64679677
64677714
64676675
64674593
64673388
64671210
64669563
64668750
64634365
64672055
64670183
64669342
64645376
64601893
64601129
64600157
64599323
64598475
64597887
64595837
64595500
64549559
64702418
64701901
64701525
64701078
64653622
64653314
64464647
64463023
64447305
64446915
64686634
64655052
64654753
64654449
64654067
64653317
64653037
64652144
64651920
64697403
64696952
64696552
64549469
64547301
64546636
64633766
64631633
64623534
64618768
64617391
64616599
64615976
64614839
64613703
64612351
64660475
64659412
64658825
64658079
64657245
64656878
64656568
64656154
64604263
64702082
64660264
64659825
64659266
64658809
64615568
64614177
64607394
64698356
64697892
64697470
64696903
64691314
64669160
64667182
64666761
64609743
64601186
64600351
64597170
64596657
64596137
64669106
64668310
64573221
64571912
64410972
64261846
64259707
64205248
63895726
64663814
64662883
64662167
64661278
64660672
64660252
64282575
64281669
64702557
64701796
64701051
64700520
64700056
64699398
64698876
64698392
64574415
64572871
64570899
64570180
64556739
64555747
64555174
64553646
64552809
64522322
64701613
64701096
64699758
64699019
64698806
64683993
64683040
64672168
64701132
64700721
64680103
64678429
64677458
64675214
64674084
64672309
64702414
64701621
64700694
64700151
64670941
64669807
64611109
64606982
64606310
64604827
64603845
64602404
64698649
64697488
64697143
64696836
64696467
64669113
64668102
64666599
64664248
64678469
64675335
64672857
64670907
64669805
64668616
64667968
64667463
64702691
64701771
64652851
64651981
64625393
64622789
64621106
64619545
64661293
64660654
64659189
64642576
64641487
64640223
64639312
64638288
64699509
64698408
64694829
64689461
64683573
64670257
64661243
64649006
64647109
64684493
64683751
64682106
64681234
64679441
64678450
64674763
64449489
64448664
64624035
64623438
64622047
64620383
64619011
64617751
64616478
64615425
64614135
64681971
64680634
64679792
64678395
64676621
64675021
64673750
64671383
64668458
64666589
64615618
64605387
64603621
64599748
64599203
64598389
64597768
64694585
64694242
64662738
64661951
64281212
64280452
64279618
64278758
64128460
64511663
64509194
64508152
64474365
64473308
64472703
64471751
64471075
64422518
64420299
64654590
64654310
64653329
64693829
64652296
64642916
64603382
64594169
64574037
64572280
64567307
64556454
64676942
64676374
64672890
64672005
64671146
64669994
64669004
64667825
64667222
64666687
64570489
64568209
64566404
64565815
64563068
64562206
64560974
64560022
64558955
64670542
64669693
64669079
64668477
64667559
64633016
64631527
64630153
64628715
64627836
64665559
64664759
64663768
64613377
64612308
64610948
64609430
64608733
64607696
64675585
64674520
64672727
64669679
64667554
64666154
64618359
64627287
64626296
64624931
64623671
64615642
64555069
64553835
64700586
64699931
64699537
64654463
64653513
64652624
64620441
64698160
64697727
64696824
64696493
64696138
64695814
64695618
64695303
64655470
64677180
64582917
64464863
64394352
64382845
64378104
64356399
64341429
64640569
64639141
64637738
64636188
64634341
64633221
64632173
64630325
64629195
64626841
64574328
64700919
64700598
64694902
64683652
64681550
64679802
64623357
64622159
64621026
64619968
64702816
64702487
64692561
64692337
64692113
64593224
64592927
64592658
64592369
64592245
64702768
64701908
64701353
64700177
64699800
64699277
64688124
64687527
64686049
64685412
64659017
64658244
64657505
64541974
64541384
64540311
64539406
64538557
64538178
64496269
64691122
64690968
64690665
64690361
64689978
64689602
64688083
64687685
64687110
64630171
64626395
64624733
64619438
64618528
64684371
64683729
64493473
64492516
64491776
64490881
64490403
64447913
64673163
64252418
64251453
64249924
64248348
64247234
63995347
63994273
63992486
64680042
64679454
64664410
64615370
64608688
64598648
64597783
64565260
64554295
64703013
64702201
64701857
64701396
64663129
64662194
64661120
64660187
64658642
64658219
64633122
64631795
64628347
64625163
64624044
64622379
64615609
64499968
64498556
64498227
64496879
64496492
64495613
64495231
64494547
64493036
64695703
64694883
64694611
64694333
64694051
64693705
64654033
64653544
64610329
64609389
64540452
64499128
64443749
64423713
64422086
64358000
64307874
64702565
64701140
64676300
64675332
64673773
64672630
64672092
64670841
64660834
64695076
64694932
64694529
64694296
64677720
64676582
64669410
64657669
64657095
64659936
64659402
64658787
64658306
64657690
64657000
64656408
64642921
64641936
64640980
64702492
64702074
64645887
64562346
64560772
64559827
64558517
64555933
64550295
64665283
64664516
64663888
64662900
64554030
64553367
64552751
64508217
64506498
64505827
64667242
64666567
64625430
64624059
64621942
64614776
64597272
64596593
64596304
64279977
64278584
64277727
64275995
64274167
64272368
64270875
64269868
64268326
64265736
64690082
64689758
64689446
64689040
64688709
64683880
64682549
64680989
64656573
64655435
64617030
64566402
64695474
64695176
64694787
64694391
64693980
64680786
64678111
64620216
64618124
64514290
64512648
64509940
64508127
64506903
64504700
64627593
64619191
64618054
64617040
64616501
64612084
64610679
64609506
64608146
64606704
64667766
64666875
64665654
64664507
64427823
64426774
64425773
64359956
64358671
64640548
64639365
64638175
64636819
64635178
64633783
64631663
64629528
64469479
64652395
64652077
64651836
64680953
64678805
64539219
64538732
64538141
64537425
64536977
64536229
64535691
64535358
64535057
64534643
64637801
64635987
64634568
64632663
64624539
64609494
64605447
64577853
64575973
64673731
64421124
64419766
64372696
64370916
64369689
64678614
64540677
64540015
64539308
64538994
64312760
64311404
64310541
64309179
64308338
64637378
64635884
64622494
64621478
64619899
64590684
64589249
64588564
64587693
64586715
64007250
64694107
64651108
64610218
64609017
64560633
64557814
64450277
64373485
64026784
64675318
64673997
64670553
64665648
64634702
64633036
64631700
64630321
64685597
64684926
64684215
64682992
64678382
64640338
64639518
64637166
64690811
64662859
64662161
64648353
64684048
64682006
64680824
64678663
64676399
64674860
64673633
64545780
64544594
64690097
64689851
64685787
64666966
64666181
64665305
64664098
64663420
64661370
64638873
64637560
64636321
64532024
64531769
64531424
64531098
64530742
64530279
64529834
64672386
64671047
64669256
64668150
64667120
64666084
64665564
64613656
64612313
64669306
64667637
64623209
64619578
64618271
64602565
64601945
64703340
64454056
64296995
64093133
64020158
63977403
63976909
63813834
63813202
64700086
64699728
64699350
64698910
64698429
64697820
64696892
64696573
64696158
64695868
64669027
64668376
64666985
64665901
64664882
64662476
64623166
64678831
64678074
64676551
64674746
64673390
64631896
64629544
64628643
64669432
64668046
64665977
64665088
64664626
64663684
64663121
64569857
64568226
64701439
64700669
64661503
64660925
64660552
64659795
64654710
64510545
64509146
64506902
64505177
64503788
64502880
64500583
64256055
64254892
64582198
64578552
64577827
64701780
64698471
64689750
64689385
64671678
64661252
64655101
64645822
64645292
64686735
64686220
64685570
64683749
64682799
64643383
64642774
64641859
64640811
64636696
64633669
64631453
64630314
64081414
64079606
64077616
64075514
64047030
64666149
64665121
64664461
64663650
64662740
64662169
64617822
64616378
64615608
64613296
64666829
64665730
64664680
64663772
64400476
64399575
64398439
64703965
64703514
64702714
64701963
64701480
64700744
64700226
64690518
64690167
64662487
64661777
64651567
64216421
64214626
64213536
64152308
64151017
64097345
64648161
64647810
64647148
63311512
63311104
63264085
63199198
63091573
64608298
64607649
64607225
64606553
64605490
64495415
64700451
64699153
64698555
64697142
64696041
64694810
64694362
64693906
64692463
64691507
64653760
64653294
64653005
64652854
64641381
64640277
64639068
64637965
64636211
64633923
64632671
64630645
64629188
64695837
64658305
64654923
64643634
64631468
64607074
64606114
64603021
64583386
64578013
64699300
64698042
64697722
64696694
64696377
64695538
64691707
64690477
64683025
64700651
64700281
64699943
64698710
64682510
64681014
64634595
64633573
64629626
64618545
64614768
64612641
64611892
64557992
64556603
64507306
64506201
64668710
64667218
64666358
64665261
64664706
64626039
64624902
64623929
64622911
64621156
64696130
64693808
64662091
64616481
64615403
64609544
64609085
64607957
64588200
64703064
64679967
64451128
64425920
64425349
64407287
64196414
64066458
64025872
64676567
64674738
64672696
64670450
64669643
64668271
64698547
64665803
64636524
64635854
64634332
64524815
64523957
64522914
64521557
64520156
64704092
64678885
64677889
64676391
64674602
64673408
64639471
64638601
64609628
64608183
64624078
64623179
64660164
64659608
64657937
64657145
64656569
64655905
64655442
64655176
64690203
64689890
64689435
64689051
64688552
64688067
64687677
64687366
64691948
64691731
64691544
64597595
64597044
64596612
64595997
64595765
64685759
64629931
64628758
64626028
64683101
64681858
64680629
64639696
64637245
64636492
64631534
64614348
64613090
64585873
64682737
64681722
64679003
64677205
64676305
64674787
64673399
64671313
64637323
64704138
64703292
64664729
64664066
64663714
64662411
64662089
64661614
64661251
64660984
64680724
64679009
64606243
64588283
64587415
64586495
64585851
64585248
64584189
64629883
64628281
64627013
64626029
64460736
64459781
64458556
64415451
64413879
64630954
64629557
64628163
64624050
64622679
64292147
64162355
64161584
64113957
64667969
64626697
64624826
64622228
64620656
64619024
64518034
64516291
64462365
64688987
64688221
64687865
64687524
64685758
64685121
64703208
64702798
64702241
64701885
64701387
64663127
64661401
64390637
64341527
64337765
64336593
64288345
64166827
64165372
64151530
64695622
64695189
64694760
64634222
64632189
64597491
64597098
64596435
64595899
64603290
64602398
64601642
64547258
64545717
64544649
64543764
64543243
64542298
64541169
64672546
64625691
64623987
64306252
64257386
64108129
64086325
64055873
64049383
64684374
64683832
64643478
64643176
64642768
64641851
64640935
64639653
64611773
64576571
64573249
64571671
64569145
64568235
64564824
64622639
64621091
64619472
64618687
64617811
64605585
64605046
64603904
64602867
64669841
64668819
64667111
64666092
64655778
64655341
64654858
64654061
64633984
64704136
64703746
64703454
64702814
64702437
64699482
64699086
64680303
64679174
64677451
64691417
64691273
64690979
64690524
64690145
64690005
64689716
64662620
64642211
64640920
64608204
64703786
64703425
64703123
64702670
64701950
64701255
64700609
64699967
64699326
64699018
64680937
64675499
64673650
64672500
64600971
64587382
64586754
64678588
64675655
64674816
64672962
64632276
64630307
64628975
64627605
64626613
64704028
64703182
64663537
64662791
64662220
64661648
64660995
64637523
64636385
64704198
64696634
64693409
64688388
64666193
64658038
64654641
64652943
64646535
64607975
64607344
64606587
64605922
64605094
64604317
64603479
64602870
64602162
64565364
64618101
64616660
64615841
64581339
64579644
64577218
64575242
64573102
64464552
64702430
64700862
64699181
64693032
64686665
64683774
64677782
64638020
64633429
64640112
64639271
64637037
64636128
64634251
64632529
64631673
64630936
64629762
64702493
64702090
64701302
64700794
64700155
64699552
64699075
64698485
64574516
64572899
64571336
64569163
64567067
64565770
64564549
64553915
64530404
64699700
64699064
64698556
64675976
64674029
64673105
64670962
64669822
64658492
64657825
64703914
64686160
64685161
64684460
64683082
64664159
64663090
64662499
64677161
64675293
64673974
64672795
64671938
64669599
64667946
64615670
64614685
64596051
64540028
64539188
64538954
64538334
64537923
64537582
64536902
64536476
64535854
64690625
64656051
64652551
64650552
64647233
64640575
64594203
64533161
64532395
64516397
64693136
64692871
64643506
64642308
64641870
64640739
64639776
64638716
64637464
64635932
64702724
64702069
64701770
64700957
64609449
64608232
64607458
64606109
64605355
64595387
64594785
64203747
64188764
64188053
64187140
64186014
64185382
64184214
64531976
64531856
64531645
64530775
64530468
64337496
64337263
64336945
64661582
64660137
64659351
64646622
64606219
64589935
64589615
64589237
64588397
64704066
64703608
64663882
64662960
64662038
64440164
64439661
64439277
64438899
64353759
64674396
64672718
64671955
64671163
64636114
64612956
64612010
64610888
64658395
64657896
64657143
64656761
64452198
64451322
64450731
64449563
64423985
64423021
64421887
64420780
64377463
64375908
64694594
64693228
64687114
64670737
64663506
64662749
64662235
64637389
64688618
64687901
64687224
64686346
64653567
64652240
64651953
64651401
64651048
64700726
64700362
64700012
64699481
64661193
64660646
64656130
64655809
64282582
64281505
64280326
64265455
64264700
64263076
64686777
64684201
64679606
64665587
64661959
64633549
64631240
64577248
64575127
64572471
64571262
64517573
64516151
64514901
64465116
64463983
64463058
64681683
64680438
64678519
64676901
64675370
64672976
64671633
64670164
64669163
64480094
64390680
64339633
64233359
64166618
64114889
64114147
64111416
64110914
64697032
64674406
64584160
64561540
64559892
64525934
64524995
64474398
64433254
64698675
64698239
64697504
64679310
64677652
64676713
64674523
64673574
64662204
64661717
64661267
64659732
64659253
64658641
64558457
64466967
64602024
64583997
64555858
64538670
64537781
64518206
64511589
64510085
64509009
64656652
64656093
64655785
64655501
64655247
64655061
64654671
64654408
64654131
64653757
64698094
64697797
64697468
64596437
64596151
64595651
64581819
64579779
64577938
64674351
64672697
64671169
64398543
64397594
64397194
64395728
64395487
64383160
64673969
64672287
64630065
64628410
64612444
64610786
64608532
64566673
64646882
64646425
64645891
64645443
64645097
64643867
64483599
64483324
64483057
64590032
64589460
64588736
64588255
64587718
64586719
64585567
64584401
64542911
64611898
64611032
64604655
64534073
64533207
64476928
64474082
64473448
64472710
64650581
64650395
64650189
64650030
64642997
64642152
64641298
64593103
64592936
64592736
64704647
64703902
64703078
64702682
64702247
64701319
64639854
64648552
64648406
64648126
64634650
64632133
64529968
64529245
64576399
64575440
64444790
64442057
64399868
64343584
64343194
64301328
64599522
64511359
64497360
64464352
64463034
64461383
64460212
64444243
64442022
64419096
64622994
64618983
64617966
64617081
64606792
64600461
64599626
64598583
64597978
64604731
64603589
64445975
64445477
64444917
64444176
64355076
64354237
64353234
64695790
64695564
64695375
64694974
64694814
64693715
64533502
64687774
64653263
64652217
64595329
64487647
64475788
64445017
64405384
64390734
64670482
64667936
64666826
64549819
64547293
64546266
64545122
64492411
64491685
64680879
64680360
64678532
64676220
64675009
64674314
64642032
64641540
64640451
64672344
64670640
64668659
64663384
64565454
64564022
64468675
64684494
64683254
64682303
64681352
64677921
64676071
64648190
64647938
64668505
64667603
64632340
64631102
64629963
64627943
64611463
64610738
64609841
64608418
64683151
64681890
64681413
64679832
64678415
64676490
64675043
64673842
64672966
64672191
64642451
64641571
64640392
64639832
64634112
64632062
64577958
64575917
64573737
64603248
64602324
64601308
64600966
64564941
64563375
64561769
64560372
64698526
64697981
64697478
64696870
64696628
64686949
64685915
64685114
64682830
64676017
64669523
64667432
64612287
64611432
64610138
64609218
64608455
64606511
64605842
64604992
64604190
64703854
64703344
64699842
64699587
64679764
64677762
64676770
64701402
64700479
64699964
64699385
64698878
64698501
64688633
64688318
64687753
64687281
64705054
64690111
64689962
64689556
64689043
64688431
64687638
64686618
64643299
64642347
64641880
64641010
64639818
64636997
64635671
64633325
64631296
64640060
64638276
64636671
64580018
64578460
64576587
64565903
64565126
64704958
64704190
64703546
64702630
64701941
64700536
64700197
64699716
64664898
64663757
64663398
64660126
64659067
64657826
64656707
64667583
64666150
64619775
64618066
64616604
64615463
64607793
64605041
64603892
64592543
64684736
64683998
64672919
64640200
64639307
64676780
64675646
64674128
64671144
64660639
64660214
64659519
64656915
64699816
64699466
64661089
64660598
64656925
64656537
64615436
64561604
64545744
64703087
64702645
64699108
64696880
64696438
64695753
64695468
64694576
64702251
64701414
64700986
64695881
64695557
64695200
64694834
64694463
64694187
64678800
64691557
64691305
64690672
64690355
64689733
64704698
64703868
64702450
64701273
64700372
64699642
64699002
64698131
64697614
64697224
64644069
64643235
64642870
64642207
64641863
64640814
64639561
64602625
64601602
64600977
64678169
64676816
64676165
64675190
64673917
64672314
64669913
64502452
64501398
64500305
64499421
64310690
64309361
64308030
64307180
64598698
64202010
64122442
64078759
64015425
63976444
63975755
63975307
64618994
64617715
64616667
64615121
64614175
64557939
64557009
64554596
64688859
64668231
64653839
64650798
64645810
64609562
64590579
64569175
64702945
64702476
64701721
64701365
64700888
64683129
64681929
64679751
64520706
64519659
64518690
64517703
64516079
64515350
64472197
64413414
64698604
64690820
64690185
64655161
64446834
64372691
64320458
64246954
64238901
64238052
64237283
64624423
64621676
64620896
64619729
64618293
64614659
64613632
64676050
64660907
64660512
64651771
64651424
64651035
64649091
64648911
64605242
64604322
64688470
64687936
64687349
64428624
64428206
64427779
64426746
64426036
63376655
64674782
64672201
64669783
64618647
64554687
64554000
64553234
64545308
64704402
64678367
64677437
64675347
64674631
64673124
64671952
64670966
64674741
64597211
64597017
64596744
64553208
64551911
64550707
64549512
64678781
64677864
64668264
64666096
64634730
64596083
64549509
64548827
64518987
64620645
64619769
64618244
64594753
64594400
64593974
64593744
64583102
64576897
64700007
64699323
64698821
64698548
64670079
64668037
64665223
64663750
64699435
64698798
64695723
64692425
64692303
64690729
64666632
64683419
64682045
64680436
64678621
64676198
64520146
64518492
64517493
64516115
64703260
64702025
64694641
64671963
64670910
64665200
64664429
64661048
64697878
64697512
64696689
64678328
64676330
64675225
64611105
64572673
64703356
64702753
64702308
64701472
64701134
64685918
64685371
64684895
64684439
64682971
64681184
64679390
64639982
64638415
64637455
64697040
64696457
64696162
64695800
64695411
64695191
64694872
64621406
64620390
64705172
64690580
64684669
64681665
64677020
64674762
64668388
64652024
64657076
64653347
64602600
64562048
64540637
64540262
64494382
64466710
64465608
64678940
64677325
64675291
64634908
64633968
64631850
64630397
64605150
64679356
64629716
64628810
64627215
64625964
64521855
64520417
64610616
64609483
64607613
64665862
64640390
64539500
64538855
64537958
64496767
64496046
64484822
64484347
64671977
64669811
64668369
64667375
64666535
64665286
64636922
64635604
64632747
64700922
64617771
64687292
64686654
64686206
64685269
64430298
64429830
64429004
64427977
64427106
64426159
64643519
64643146
64642145
64640094
64638965
64626746
64625751
64516117
64455934
64455254
64454009
64395885
64394421
64368726
64366880
64675064
64674205
64672099
64670462
64626410
64460386
64372291
64370955
64320384
64686938
64686605
64685651
64683850
64682905
64681360
64679335
64677778
64675807
64697018
64696558
64696371
64696184
64695986
64678174
64676145
64674915
64691386
64691041
64637017
64635682
64633982
64629767
64705469
64704661
64673720
64668799
64633410
64683449
64682455
64680942
64680269
64678273
64677108
64676081
64674664
64669474
64668071
64666883
64666155
64636209
64635231
64633681
64628241
64626108
64619183
64614554
64605547
64602805
64597305
64596871
64700833
64700287
64699907
64699340
64698976
64698436
64697867
64697411
64696848
64696503
64684166
64683685
64682274
64603617
64602951
64602131
64601470
64679838
64678665
64677648
64573607
64572608
64570985
64569291
64568381
64638886
64636120
64634596
64630152
64629035
64627111
64624238
64654317
64634349
64576918
64575152
64507600
64503235
64502189
64470871
64468726
64609539
64606084
64605402
64603817
64058529
64057470
64057038
64019608
64677165
64675191
64673404
64671291
64669819
64668564
64667165
64666381
64656223
64655768
64697838
64697200
64549952
64549507
64548227
64483200
64482904
64482671
64524389
64523195
64477470
64477144
64476292
64475839
64475298
64474353
64472694
64693548
64693261
64693124
64672471
64671454
64670745
64669956
64668512
64657533
64657180
64656850
64655834
64654938
64654587
63924934
63924277
64619228
64696410
64658101
64657377
64656992
64651252
64650861
64622161
64621514
64620574
64666527
64665336
64664802
64663752
64647603
64497586
64496671
64433533
64409416
64408505
64696362
64696045
64695836
64682571
64665744
64664286
64701477
64700634
64699939
64699604
64699033
64698043
64697739
64659820
64658968
64668983
64667693
64598215
64597639
64597225
64596795
64596242
64580279
64578599
64704393
64703597
64702820
64702182
64701498
64700703
64700005
64699610
64699103
64698500
64688182
64685083
64683626
64682978
64669172
64666157
64644684
64644012
64643320
64642908
64641445
64640650
64639617
64638470
64637525
64673751
64670063
64632424
64630364
64627530
64625864
64679951
64677803
64675676
64674820
64672960
64575712
64573376
64572189
64570203
64432536
64341313
64292081
64290249
64231728
64167090
64163223
64113092
64107983
64654479
64653966
64625959
64623654
64568695
64566827
64566209
64563961
64634065
64632985
64631961
64629686
64628112
64626364
64624897
64623878
64622883
64631892
64629497
64628055
64624442
64616620
64615926
64615431
64614865
64487702
64487047
64486767
64486422
64485989
64485587
64485394
64485113
64441400
64687498
64612265
64553045
64551109
64516107
64513330
64511939
64510627
64506435
64703778
64703083
64702419
64701654
64689299
64689053
64677434
64689036
64688585
64682623
64680970
64702337
64701464
64700733
64699540
64698327
64697891
64697422
64503543
64665665
64621675
64620158
64497710
64496887
64452372
64705682
64694160
64687445
64686689
64685769
64684416
64669569
64658969
64656882
64531858
64482968
64439243
64435509
64432388
64397081
64389859
64387921
64705786
64704904
64696753
64668397
64666893
64665699
64664768
64607276
64605958
64603949
64603223
64602145
64551118
64550549
64493053
64492607
64519759
64347868
64331107
64325029
64286728
64286231
63856158
63795778
63784695
64283210
64282640
64678183
64677624
64677023
64623890
64622365
64619766
64565145
64563887
64562959
64701415
64700644
64700026
64699686
64699054
64698499
64660535
64606951
64705368
64704807
64704083
64703422
64702538
64701876
64701117
64700347
64686721
64686010
64117849
64117339
64116938
64116558
64116077
64115427
64114715
64094117
64092429
64668324
64661083
64645686
64638223
64637204
64631770
64626068
64559636
64558651
64557666
64703549
64703036
64702000
64701683
64701363
64700658
64700014
64692711
64670371
64667997
64667001
64666197
64665399
64664263
64663055
64662612
64667659
64666279
64665214
64664529
64663926
64661136
64660349
64704747
64703282
64702527
64692896
64691782
64654433
64649709
64649591
64677971
64676092
64673928
64672756
64618490
64606926
64603389
64602653
64573831
64702650
64701990
64701588
64701142
64700624
64699949
64699407
64687564
64685411
64671301
64659477
62061622
64676306
64674616
64672958
64636717
64634801
64631596
64630192
64629410
64687238
64659318
64658443
64653179
64643746
64634088
64632976
64631664
64575924
64529065
64528047
64527637
64527030
64526461
64402747
64401945
64401160
64400727
64672003
64626600
64624687
64622197
64619121
64617761
64617283
64589044
64680506
64679259
64678186
64676627
64676029
64674999
64655678
64655021
64654836
64635772
64634553
64631048
64629658
64588888
64588252
64587103
64586337
64584509
64498865
64498250
64492119
64482756
64482565
64482286
64481998
63776593
63776112
63775487
64667258
64621580
64621165
64620051
64619157
64618210
64606267
64605365
64604477
64611963
64609547
64608071
64251833
64250628
64249465
64660977
64660570
64658790
64542086
64541448
64540561
64539571
64538774
64607291
64606539
64605552
64604049
64603451
64602574
64600854
64600018
64551775
64678432
64677804
64676150
64673278
64627297
64625584
64624275
64621966
64577973
64575975
64574405
64571986
64570434
64565867
64563828
64420342
64703203
64698776
64698124
64697644
64697439
64696593
64696102
64702534
64702169
64701448
64700878
64688815
64688248
64686815
64685891
64684863
64683899
64682509
64645930
64645303
64674990
64670120
64669587
64639924
64637115
64645201
64644694
64643944
64667562
64554331
64509506
64507811
64457173
64456215
64455440
64406670
64405853
64705205
64704482
64703954
64703443
64702968
64702389
64701569
64701048
64700550
64641668
64640881
64594117
64593971
64593691
64590356
64589738
64589078
64588349
64661391
64660742
64659821
64647536
64646695
64646381
64694442
64676883
64674918
64657351
64671552
64670856
64669215
64668554
64667744
64497810
64497140
64496152
64495073
64494213
64492369
64491734
64491312
64704264
64703300
64660902
64660421
64659309
64634067
64632892
64631479
64629640
64659027
64657800
64547512
64546208
64541551
64495510
64445475
64442672
64404930
64674209
64672712
64661762
64661170
64658815
64658037
64657147
64706106
64703327
64701912
64700581
64697905
64694139
64693826
64693390
64693122
64639986
64639358
64638529
64637477
64636244
64634412
64632517
64631089
64629928
64611964
64611449
64609954
64605648
64586958
64586517
64585876
64699702
64699471
64678007
64660246
64659593
64627683
64419443
64417349
64690547
64690174
64689895
64689260
64688907
64688015
64686772
64686052
64684761
64684023
64683513
64681768
64638960
64637711
64636570
64634820
64693733
64693499
64693378
64693158
64691409
64691227
64690932
64690604
64690618
64690075
64689232
64688889
64687690
64687175
64703721
64702464
64701810
64701334
64700851
64677669
64676109
64674312
64672672
64626454
64625020
64622861
64619830
64617605
64575825
64571511
64633331
64632075
64630418
64628982
64679903
64678917
64677420
64676549
64673445
64671587
64566960
64667056
64665678
64664648
64694231
64694069
64690130
64689262
64688639
64688239
64521867
64520544
64519522
64518626
64517181
64514931
64495047
64487630
64338227
64337881
64674887
64673418
64618224
64617437
64556931
64555977
64555254
64553936
64552987
64552028
64627508
64624229
64622875
64621347
64616879
64607566
64606113
64602364
64707223
64665537
64610394
64609229
64607677
64606833
64604508
64579252
64578192
64675754
64623088
64621596
64617600
64567841
64561575
64559943
64558959
64558120
64672426
64670644
64670008
64668603
64665878
64665069
64656278
64655641
64680457
64636249
64634920
64630859
64629255
64627799
64625781
64633054
64631897
64629977
64626877
64618651
64610343
64608953
64681939
64681036
64679382
64677806
64675988
64670297
64704398
64703717
64702716
64692005
64691397
64690937
64690670
64591260
64590892
64590513
64590062
64368135
64366645
64364399
64362434
64358484
64685175
64684449
64636774
64635763
64633932
64561739
64560003
64558559
64690826
64690687
64690307
64529658
64529338
64528820
64528452
64286824
64682836
64681801
64680469
64678662
64677813
64675919
64672557
64671012
64669494
64684331
64683569
64678573
64677115
64676463
64675060
64673422
64671889
64635756
64635052
64318369
64590061
64589355
64588933
64522972
64521599
64191964
64191262
64190085
64188682
64672717
64672151
64670428
64669090
64668490
64666275
64665679
64665253
64664940
64525361
64524231
64523453
64521804
64350840
64350388
64349311
64348728
64346917
64692736
64656295
64654170
64588884
64586007
64558609
64547044
64540934
64486921
64679440
64678727
64676650
64675859
64672676
64632399
64630713
64629692
64628608
64685901
64684913
64683698
64682188
64680011
64677090
64674150
64671435
64703334
64701566
64700985
64700648
64691691
64691579
64691372
64691073
64690353
64638964
64616011
64615581
64588161
64554091
64553384
64537978
64537395
64537163
64589390
64589138
64586926
64585672
64584524
64583783
64583090
64580987
64692903
64528597
64527778
64436884
64396436
64396060
64391005
64611607
64610251
64608804
64589609
64588948
64461264
64459298
64457540
64455933
64706684
64705769
64697384
64659769
64651967
64651641
64651373
64603180
64601969
64658184
64652445
64652053
64571142
64570381
64567864
64542639
64641633
64640418
64639273
64637870
64636781
64636050
64634359
64629901
64628940
64481989
64451065
64450132
64449892
64448948
64448263
64447568
64446069
64445405
64445052
64707073
64706486
64705865
64704677
64704279
64703381
64702680
64693655
64693386
64693174
64692986
64622206
64620421
64619242
64617753
64631168
64628821
64627454
64691977
64689189
64688155
64646820
64646454
64646223
64644817
64644208
64684208
64683037
64680798
64678389
64669817
64659283
64658791
64658454
64656997
64435250
64384016
64365920
64355305
64291174
64284880
64108970
64101415
64071769
64658539
64654416
64653884
64646424
64644573
64630157
64615766
64594786
64590905
64680199
64678531
64676851
64674204
64672533
64671832
64671149
64661891
64701686
64698846
64698552
64682702
64682128
64681390
64612114
64707731
64677102
64676279
64674018
64672171
64669290
64668449
64667214
64530860
64530458
64530242
64529728
64529285
64528623
64527378
64435117
64434967
64664074
64633753
64591857
64591645
64591402
64591134
64590863
64590294
64589902
64589285
64588685
64587860
64686586
64686087
64685532
64684770
64683858
64682691
64681244
64678209
64616888
64615728
64614399
64613483
64612227
64610290
64608426
64607783
64635936
64634477
64630761
64628455
64484111
64483748
64483297
64482731
64678479
64672846
64669872
64669102
64502010
64500434
64498220
64314708
64189201
64188393
63861730
63861556
64620442
64619461
64618188
64616730
64615399
64614686
64613677
64612917
64606112
64603730
64699200
64690866
64626665
64479976
64436760
64424042
64406704
64402447
64581642
64580945
64578483
64577309
64576369
64574150
64571867
64570670
64569949
64645788
64644661
64530843
64530544
64530302
64529767
64529134
64528798
64700113
64690774
64690267
64689397
64689180
64656510
64649260
64647639
64640207
64635350
64692103
64657666
64653898
64624954
64704753
64692911
64672209
64663147
64656213
64641146
64637187
64615765
64603974
64687542
64687290
64686635
64685954
64685078
64683943
64683016
64682225
64680074
64678703
64702196
64700870
64698554
64695508
64694766
64694191
64693591
64691876
64610967
64609527
64607565
64567356
64565076
64563368
64562370
64561413
64542646
64265197
63902231
63820597
63819456
63818829
63817780
63816634
63815895
63815268
64696621
64660213
64659498
64658868
64658452
64657700
64656975
64656733
64656106
64655751
64705626
64678123
64669524
64663725
64661355
64652899
64649939
64636978
64633418
64629887
64626084
64589762
64589472
64588830
64582139
64581574
64580424
64578874
64564612
64647626
64623449
64579421
64577549
64573962
64572295
64478518
64478260
64641301
64640589
64615927
64563761
64459128
64458236
64456589
64454723
64453351
64667949
64667172
64616027
64614970
64613619
64658428
64657791
64657231
64656683
64655578
64573867
64572725
64571058
64569795
64707717
64707131
64687740
64681370
64646669
64572348
64428524
64428155
64425746
64692545
64692349
64655446
64609291
64607859
64543647
64534233
64533797
64533638
64685645
64684657
64683514
64682152
64679712
64679143
64678176
64697396
64697025
64695043
64707347
64624125
64621333
64619920
64619227
64617793
64616706
64694138
64693683
64692610
64692343
64652619
64650898
64691241
64664976
64650894
64531027
64481709
64480750
64439145
64431170
64707241
64705913
64676373
64673830
64619546
64618975
64604547
64603357
64624542
64622636
64620413
64616689
64615421
64614437
64612256
64701230
64700806
64655998
64622122
64611770
64544965
64543754
64605860
64605176
64604710
64603917
64603281
64602562
64600764
64600141
64599825
64702975
64686097
64662862
64651797
64651294
64649045
64633544
64602432
64681853
64680985
64677882
64676378
64675598
64674781
64673724
64671892
64670782
64689788
64654718
64600897
64592430
64592191
64439445
64391840
64387374
64341947
64662250
64661637
64607719
64606952
64604717
64604024
64707121
64706676
64706312
64705740
64705229
64704293
64703641
64703209
64702456
64701797
64681789
64680266
64678680
64676244
64674459
64673263
64630176
64628430
64701483
64701011
64700549
64699203
64698729
64698310
64694090
63851199
64696933
64592976
64525711
64483617
64482544
64384352
64342921
64292076
64287949
64231723
64577228
64570917
64264666
64262875
64261531
64260650
62749375
62748872
64680722
64707757
64679550
64648805
64648684
64647994
64647731
64647392
64646934
64646089
64634184
64680263
64678838
64678051
64677347
64656511
64628042
64626002
64622165
64687187
64686570
64685687
64682240
64707803
64685167
64682825
64306496
64305756
64305237
64304562
64669636
64456723
64454999
64453655
64452610
64363551
64361474
64360316
63953253
64684722
64682939
64679576
64678403
64455116
64453659
64707993
64706315
64705405
64704898
64704246
64703713
64703205
64702730
64702240
64692724
64481148
64433709
64433184
64405287
64269853
64233732
64225301
64164508
64708407
64707924
64707297
64706326
64706019
64667687
64666342
64665547
64664513
64688364
64687641
64686740
64685839
64684056
64682873
64644691
64643832
64529248
64528905
64528637
64527817
64526904
64525970
64525233
64524134
64654879
64654354
64653549
64487009
64486707
64486441
64485930
64485648
64677630
64675590
64673939
64669395
64668977
64668054
64637419
64635646
64660441
64586011
64585029
64584360
64487100
64486391
64468431
64467169
64465004
64648499
64648341
64648032
64647748
64647416
64647124
64532942
64532648
64532465
64532231
64683086
64682238
64680957
64679880
64638423
64637504
64635915
64635074
64576737
64620447
64619910
64618232
64616869
64615869
64449431
64448819
63793988
63793366
64363393
64361063
64359393
64358115
64297699
64613384
64528406
64527635
64526591
64525966
64524800
64523947
64522209
64518996
64695897
64695497
64695213
64694843
64694460
64700305
64693078
64692664
64692464
64692356
64690468
64614086
64613516
64612229
64609611
64608726
64607059
64603390
64602875
64491770
64631214
64624708
64623382
64622581
64613741
64612377
64611234
64610400
64599613
64685879
64685159
64684097
64682547
64681500
64680104
64678467
64675161
64671920
64670445
64669305
64668022
64527483
64527011
64525894
64524654
64523688
64439905
64387808
64341953
64334983
64290825
64289937
64166946
64114198
64653046
64652830
64652549
64444299
64443462
64442829
64601425
64600994
64599902
64599084
64569117
64567564
64566877
64565175
64563297
64708276
64671562
64670325
64668347
64667573
64666564
64665426
64645954
64645413
64644995
64707173
64706273
64705656
64705147
64704749
64704120
64699304
64698748
64698163
64697708
64700962
64700482
64699373
64698850
64698311
64697936
64615207
64614320
64613544
64709081
64706549
64705442
64704487
64702468
64699654
64697023
64695633
64694243
64693722
64693502
64693246
64689349
64688594
64688106
64687841
64687408
64532775
64532177
64531958
64530074
64529494
64513384
64510306
64506605
64505541
64682678
64595918
64662148
64661689
64661068
64659675
64658830
64658553
64658027
64657408
64694768
64667863
63419311
62854602
62623618
64589247
64588656
64587957
64587297
64586699
64512855
64508135
64701964
64699096
64698752
64683244
64681825
64680503
64679969
64679358
64660540
64647953
64647609
64647326
64646886
64646613
64531698
64531458
64531147
64702676
64702059
64701422
64692056
64659276
64648506
64648345
64648225
64626778
64664240
64550420
64582782
64582008
64580541
64578924
64574703
64572530
64570098
64568513
64566511
64626034
64622102
64621324
64619668
64410845
64409282
64405371
64404435
64645210
64644554
64643054
64642591
64641988
64640829
64640357
64638887
64636513
64684268
64681446
64396955
64670343
64624427
64597294
64596923
64594193
62736389
62735964
62735472
62734590
64699739
64699332
64698765
64698407
64697790
64697301
64696703
64684662
64683666
64636799
64635469
64634785
64570840
64520849
64519101
64517999
64515278
64513870
64584314
64581437
64580702
64579801
64578144
64576950
64576050
64573604
64571695
64708845
64700480
64700054
64699809
64699597
64699055
64698809
64698416
64698106
64584766
64583470
64581130
64580100
64579095
64577969
64573429
64572059
64681516
64680534
63417105
63416040
63413988
63411543
63410083
63408772
63407619
64596628
64596217
64595727
64595356
64577510
64576315
64573835
64572447
64534105
64533845
64679144
64677399
64673785
64672581
64671442
64669964
64668353
64666496
64649165
64648989
64648832
64648616
64648396
64647858
64646954
64646562
64676385
64673635
64672110
64670543
64565154
64561579
64560167
64709083
64708102
64707507
64706503
64551527
64677942
64676361
64675218
64674223
64639058
64637512
64635478
64633416
64622264
64694195
64687446
64686980
64686643
64662967
64660530
64660149
64656734
64634772
64590546
64590016
64589600
64585949
64584459
64554001
64552524
64648369
64648219
64648122
64647798
64647571
64647179
64687849
64687050
64686168
64685132
64684038
64682744
64650401
64581988
64538400
64484209
64483585
64482410
64480143
64471507
64433416
64683782
64683036
64682302
64681524
64679959
64678638
64676480
64674864
64672794
64619961
64618667
64618034
64617049
64616335
64551065
64549964
64549315
64548547
64697678
64697513
64697044
64696496
64696350
64689136
64688747
64688379
64687262
64707001
64706370
64681092
64679865
64637737
64702151
64660880
64658746
64658528
63686316
64705019
64704581
64703648
64703144
64702567
64691592
64691384
64690890
64690699
64690461
62784729
62784561
62784348
64709747
64708292
64683261
64682280
64681031
64679884
64631825
64623873
64564251
64683695
64682382
64637610
64578948
64577468
64576321
64518417
64517254
64470411
64709334
64707568
64706678
64681249
64680267
64679141
64678122
64676245
64700343
64699787
64699408
64698849
64698420
64694874
64694485
64694264
64694053
64693888
64683427
64682439
64609665
64608396
64607377
64606418
64605127
64604283
64539967
64699978
64657011
64656593
64089264
64087293
64085620
64083025
64080780
64079304
64076910
64696203
64696043
64706672
64706079
64705191
64395927
64395504
64394938
64375524
64374872
64707194
64706591
64705416
64704981
64704388
64703002
64702129
64701323
64700610
64710003
64708559
64674093
64665651
64665003
64687006
64685499
64684792
64684064
64683190
64682375
64680623
64679085
64679870
64678439
64676397
64634653
64633279
64631015
64629916
64628549
64626835
64694565
64544630
64543679
64542573
64541685
64540784
64539894
64539369
64539054
64710093
64708710
64708204
64706978
64706225
64638825
64695799
64695008
64694815
64694467
64694159
64693859
64693241
64693109
64699472
64699025
64698549
64698176
64697663
64696859
64657968
64614244
64613450
64612358
64611106
64610636
64609872
64608437
64607606
64498992
64686013
64604574
64521446
64519741
64677245
64675605
64668096
64634567
64632269
64631088
64629278
64678871
64642833
64642316
64627822
64566698
64564560
64502973
64456510
64647513
64647320
64646702
64646447
64646246
64646021
64645696
64480072
64710262
64704208
64695509
64692228
64687714
64687338
64682901
64681509
64667243
64675341
64674521
64673440
64670849
64669020
64667699
64665424
64709981
64709093
64707859
64706938
64705710
64678844
64676917
64675087
64673809
64666020
64192576
64191833
64190900
64189788
64189059
64187796
63955196
63953550
64656121
64655584
64655235
64636740
64631828
64630766
64572893
64582734
64580683
64579813
64577554
64576288
64574094
64572609
64571233
64570027
64568614
64661785
64661088
64660162
64659772
64659135
64658398
64657762
64657270
64656704
64399601
64398936
64398107
64397707
64397187
64396792
64395699
64395027
64392925
64701578
64664894
64663348
64661687
64660425
64659016
63438867
63438065
63437671
64657029
64656335
64655956
64654934
64654552
64654265
64653765
64710051
64682851
64682036
64679164
64677256
64675813
64567334
64565795
64663307
64661418
64496231
64495602
64494882
64494109
64493154
64492676
64686181
64685155
64641067
64639790
64637081
64635438
64679893
64678619
64676987
64675837
64673713
64672740
64644940
64605496
64700552
64695033
64664887
64653551
64651426
64647696
64647098
64645960
64620186
64545167
64544591
64543375
64542543
64540849
64539311
64526649
64525623
64508444
64506462
64710261
64709486
64708156
64707681
64706878
64705916
64705232
64704395
64703613
64648264
64656803
64656423
64671842
64670280
64669428
64668390
64667272
64666392
64665380
64665033
64663702
64610429
64608570
64477642
64430169
64429748
64428995
64428125
64297070
64296711
64700295
64699748
64706596
64705677
64704301
64703702
64703004
64668974
64702618
64702257
64701981
64656575
64558565
64595355
64595031
64594734
64594340
64593912
64538593
64538081
64537442
64704459
64668582
64666712
64665788
64665248
64650826
64294703
64167972
64119647
64116615
64114967
64109003
64106293
62848317
64673936
64673398
64671473
64624413
64622226
64613072
64612031
64710766
64710518
64708962
64704018
64698248
64697754
64697331
64696825
64696472
64679138
64678091
64639925
64638945
64637695
64636072
64634361
64676721
64675530
64674007
64673094
64634500
64632358
64631666
64629258
64636661
64635376
64631497
64629289
64628181
64625823
64582444
64581504
64580599
64688092
64687255
64686616
64685548
64684517
64642605
64621120
64619727
64618550
64693836
64693616
64693388
64693234
64692904
64484699
64481839
64435775
64345922
64705458
64705140
64704746
64704316
64679124
64676141
64674081
64672142
64711772
64710001
64709019
64708193
64707531
64706375
64678013
64676819
64675680
64625396
64624147
64607618
64606222
64604907
64602008
64576526
64690246
64688404
64626446
64624577
64623003
64622219
64671845
64670096
64669130
64668363
64666872
64665898
64630254
64629142
64593098
64673392
64671958
64573686
64542945
64541914
64633305
64454487
64425474
64365190
64362909
64299685
64282004
64273627
64200092
64705009
64704491
64703824
64699737
64699271
64678830
64677459
64675403
64673407
64677472
64675935
64673802
64672265
64670874
64669327
64629122
64613978
64700278
64699062
64698563
64698154
64697632
64697091
64696579
64696250
64696011
64705621
64705164
64670253
64644369
64643592
64642766
64642040
64627959
64625974
64587580
64585776
64584628
64583971
64582615
64581264
64579425
64578375
64577202
64689268
64688808
64688386
64687708
64687361
64685082
64684180
64682770
64682916
64681499
64679841
64712902
64712016
64701605
64701104
64700706
64672877
64634696
64633632
64631683
64533640
64677877
64676797
64669425
64667786
64666648
64665425
64636827
64635057
64686468
64685604
64683390
64616016
64614622
64614093
64422120
64421396
64420098
64258882
64257937
64256372
64255337
64254532
64253767
64201117
64198933
64130870
64129869
64697022
64696727
64635413
64633427
64632219
64630379
64628548
64622546
64620581
64618689
64702966
64702520
64702109
64701560
64701225
64700647
64699990
64678812
64677937
64676865
64713071
64711860
64663553
64551443
64550347
64326848
64325312
64323734
64686016
64684874
64681267
64676175
64674336
64673379
64671403
64675514
64671727
64670011
64664454
64663620
64662978
64662634
64682826
64681248
64680257
64678528
64677592
63822417
63315437
63314157
63313315
63268115
63267960
63267782
63267627
63267415
64671327
64668400
64654269
64653673
64538532
64535471
64534570
64489016
64488495
64487109
64689840
64689565
64646785
64646457
64646004
64712739
64711004
64707261
64622184
64619673
64618195
64617467
64599383
64598916
64713371
64712464
64711452
64700208
64699867
64699476
64677534
64676168
64674760
64673453
64631360
64629251
64615160
64613984
64612995
64612366
64609664
64608938
64608205
64676568
64631146
64572724
64571363
64464392
64463390
64462502
64583381
64581392
64580536
64497856
64676807
64672331
64670689
64669538
64668702
64666898
64643122
64704590
64704317
64649129
64533575
64533314
64532985
64532703
64532456
64532134
64531917
64667594
64563608
64507240
64505986
64503356
64463947
64463160
64462313
64415823
64631159
64629763
64625705
64624257
64621150
64618960
64614156
64713473
64711661
64709979
64708830
64707400
64682221
64680686
64679631
64677867
64676804
64712610
64711791
64710202
64709410
64708511
64707466
64706866
64705921
64705228
64704628
64676744
64666439
64499096
64498134
64497728
64458007
64407429
64405106
64404606
64713564
64712053
64711336
64696696
64696358
64695823
64695431
64695084
64689008
64688484
64687746
64687198
64686319
64684239
64682179
64608349
64607131
64561199
64521914
64520121
64443372
64443013
64412033
64678427
64050237
63996360
61464443
61464003
61463191
61215286
61214711
61214161
64687905
64687549
64686991
64686450
64645187
64644204
64589873
64589226
64687324
64686899
64686192
64685902
64685264
64684861
64684248
64644457
64643548
64708083
64707529
64705868
64680148
64679224
64677417
64675521
64672833
64498898
62115353
62115182
62114756
62114443
62054346
62053589
64662503
64661516
64661248
64625462
64700490
64699761
64699336
64698945
64657643
64656967
64656551
64614003
64612951
64612388
64556192
64549926
64549261
64548308
64547726
64546496
64542147
64643842
64643322
64642933
64641116
64640664
64639887
64638780
64433008
64613776
64538312
64537680
64496643
64450589
64450172
64449616
64390393
64390013
64449282
64678748
64677531
64675577
64673975
64672809
64671756
64632393
64630653
64698811
64694672
64669292
64562260
64560430
64501198
64500510
64697829
64697162
64057151
63973291
63972716
63972381
63971910
63971649
63971207
64616337
64615792
64614479
64613687
64612511
64611732
64610787
64605707
64604972
64578744
64559759
64336310
64234206
64233756
64111366
64111062
64110766
63501683
64641641
64640806
64640235
64552106
64550987
64550234
64529642
64529113
64646298
64645865
64645592
64613311
64610784
64609561
64602656
64548348
64547773
64680929
64706255
64705704
64705256
64703898
64700317
64699769
64698757
64698201
64713321
64712736
64710557
64700022
64699533
64698625
64697580
64687535
64714368
64712850
64599673
64598874
64598266
64597755
64502981
64502234
64500692
64714064
64712719
64693222
64693067
64692818
64642107
64641495
64639975
64639205
64638352
64569820
64551432
64550616
64549787
64549095
64548168
64545588
64544461
64512518
64606827
64605353
64603693
64426627
64426095
64425138
64423989
64422880
64419164
64714728
64713275
64712639
64710997
64710085
64709229
64713282
64712225
64710702
64709352
64705680
64704785
64701136
64713425
64712427
64669121
64667291
64666143
64665030
64684574
64683790
64680324
64643378
64641413
64640486
64639918
64636926
64566474
64564917
64446396
64444351
64396204
64393415
64709196
64707964
64707217
64684866
64634326
64633088
64626762
64625262
64599481
64598623
64597977
64597383
64455111
64454230
64453434
64452798
64696430
64695777
64418560
64416431
64381121
64380442
64333579
64318951
64317121
64696513
64696192
64617849
64617354
64616872
64615675
64561318
64559851
64558502
64557484
64538013
64625796
64624872
64623991
64622837
64621654
64620880
64584047
64714177
64712527
64711025
64709677
64708282
64707591
64705279
64663601
64662979
64512804
64511340
64510319
64508245
63783689
63782242
63781015
63779232
63778023
64681355
64680143
64679277
64678198
64676262
64675142
64635354
64633400
64631317
64575260
64573928
64571805
64428035
64427000
64425715
64424239
64422618
64421723
64381963
64504908
64502828
64501803
64493528
64492253
64491151
64671335
64669655
64668377
64663550
64661935
64661172
64660396
64659957
64324858
64324018
64321957
64319831
64317748
64315792
64314472
64313642
64300092
64299682
64684429
64673144
64670594
64669429
64633819
64631227
64628887
64510325
64463113
64420625
64419627
64321913
64320042
64318604
64316289
64676751
64675266
64673921
64662786
64662005
64705105
64690572
64588848
64531294
64490263
64405616
64680235
64679330
64677953
64676019
64674295
63627105
63626630
63626088
63625499
64620805
64619185
64617850
64616815
64615939
64613352
64612329
64611228
64610540
64703444
64442792
64437172
64258500
64210125
64208190
64207352
64182339
64159188
64688779
64687164
64685679
64684533
64683004
64636701
64630411
64592781
64338445
64164805
64118237
64114807
64112473
64111869
64107641
64103233
64642727
64640965
64640448
64596271
64595823
64594694
64594510
64594207
64593895
64713816
64712813
64675326
64670861
64668002
64666801
64666045
64715275
64713289
64712327
64711388
64710321
64709062
64705717
64705017
64704471
64703797
64630819
64627269
64625381
64624217
64621952
64621115
64619447
64610413
64609634
64648658
64389437
64388175
64343869
64340070
64339063
64336253
64232759
64220077
64214676
64709357
64707700
64706455
64705683
64693739
64647788
64607595
64690323
64690113
64689757
64645273
64644398
64700217
64699489
64682407
64632724
64599786
64599357
64639542
64638870
64638285
64637567
64560427
64196806
64196026
64194963
64602268
64601826
64623748
64622168
64619033
64580441
64579345
64577476
64575550
64621573
64619592
64618888
64617242
64607186
64606520
64587932
64587328
64710459
64662128
64661872
64660532
64659722
64648034
64647722
64647592
64712012
64710991
64709533
64708763
64708152
64707119
64706600
64706102
64705596
64675107
64688250
64687600
64686931
64644332
64643535
64641449
64641113
64639050
64680317
64675434
64672167
64671376
64668327
64679939
64678600
64676885
64674571
64670121
64668778
64667520
64686137
64685119
64684543
64683117
64679753
64677829
64675921
64674034
64671490
64714861
64713832
64712853
64684708
64684143
64683041
64667451
64628677
64627102
64712648
64710894
64709916
64709252
64708210
64706385
64705096
64704493
64672275
64623419
64621530
64565859
64518722
64517665
64516110
64513947
63888563
64713528
64676249
64675175
64673661
64672494
64615375
64600647
64599918
64582535
64667601
64666658
64665757
64602996
64602346
64542113
64541480
64523803
64522603
64605946
64604523
64602636
64562149
64560654
64559976
64558493
64543318
64700795
64345645
64339012
64337938
64337534
64337251
64237060
64234919
64171671
64713167
64711579
64710718
64689688
64689289
64688732
64688109
64686120
64685468
64614114
64612873
64612020
64609971
64609488
64608241
64607501
64606715
64557213
64712571
64710993
64710062
64708781
64707627
64706609
64700816
64700380
64699790
64699125
64641439
64640538
64639398
64637839
64624341
64623502
64622455
64621462
64619763
64700953
64700638
64699895
64699431
64698886
64698216
64693552
64693425
64644942
64644126
64631133
64627879
64624567
64623372
64601398
64600326
64599367
64704809
64704188
64703711
64666609
64664564
64663743
64617435
64616205
64714150
64713350
64712265
64711422
64679506
64675879
64637237
64636241
64709051
64708094
64707511
64706569
64705041
64704141
64703341
64666932
64665867
64712100
64711231
64710442
64709464
64702152
64701610
64701286
64700872
64668435
64716447
64715362
64713561
64711829
64710371
64674166
64673431
64671794
64670050
64668878
64697421
64696220
64695815
64695395
64695128
64694778
64693744
64693595
64693289
64695443
64690151
64685753
64684701
64652376
64652058
64590855
64614045
64611772
64610997
64610210
64597537
64596912
64526127
64712256
64711521
64710658
64705978
64703530
64702785
64702200
64697675
64692205
64635561
64634460
64631277
64573906
64572404
64570051
64568363
64566930
64565679
64580634
64579217
64577522
64575543
64573510
64572048
64569991
64568160
64566562
64663767
64662422
64661553
64658683
64658322
64657751
64657285
64656846
64709305
64707498
64706724
64662301
64661481
64659955
64621386
64619858
64685828
64684933
64680395
64679405
64709333
64708240
64707305
64668070
64666025
64665522
64621265
64620433
64561407
64685594
64684498
64684162
64642047
64640886
64639872
64638235
64636783
64636070
64634958
64581310
64580277
64578498
63924724
63823197
63822083
63821642
63820691
63820352
63819184
64629671
64627726
64626924
64478069
64477643
64220927
64219156
64217623
64216459
64656258
64655890
64655405
64654612
64448533
64609792
64609159
64608165
64606902
64606097
64597585
64557157
64556147
64550504
64716592
64715229
64714110
64713171
64711575
64620821
64617953
64616669
64615693
64660422
64659705
64657687
64677053
64675635
64674246
64673299
64672363
64643712
64643062
64642401
64014136
64716071
64714743
64712186
64711302
64710319
64709245
64682030
64633035
64632088
64629904
64628931
64627525
64566119
64564458
64562708
64561116
64509380
64696755
64696296
64695221
64694928
64685401
64684923
64683923
64679316
64678093
64711597
64701555
64700934
64700704
64602842
64601787
64600679
64600079
64599509
64599157
64598515
64598207
64601639
64567097
64564829
64563063
64561767
64560715
64559144
64557746
64556557
64250932
64012694
64011871
64010000
64009137
63970870
63967410
63967084
63966843
64705390
64671884
64653363
64644471
64643969
64643012
64642676
64629489
64627461
64626175
64715079
64713280
64712556
64711404
64710451
64680792
64680016
64678872
64677650
64715537
64714386
64707327
64699942
64698895
64698386
64697123
64696837
64385446
64371855
64330643
64293669
64227202
64220993
64156949
64111114
64102957
64639525
64637818
64636910
64636048
64632543
64631209
64619129
64617824
64616899
64704582
64679812
64679243
64677718
64675036
64627598
64626417
64624824
64623686
64644025
64420444
64370273
64335480
64210101
64115429
64110212
64108490
64099539
64095997
64715615
64713951
64713062
64711389
64709858
64709223
64708346
64706864
64682910
64715902
64714242
64713209
64632736
64629487
64623294
64621964
64706920
64706454
64677089
64673592
64574027
64506121
64696421
64695679
64695239
64695055
64694911
64693955
64687704
64687253
64686397
64683028
64682291
64680877
64680013
64678387
64555593
64554825
64551690
64469998
64468696
64467892
64467154
64466563
64390730
64390332
64381349
64380974
64380147
64716972
64711773
64711076
64710340
64709497
64708072
64681693
64667621
64665900
64664870
64691117
64690715
64690288
64690098
64685539
64684233
64624011
64615297
64548186
64547352
64546675
64490755
64484745
64489057
64487671
64487056
64423894
64421991
64421262
64419550
64417951
64398451
64605152
64540523
64539843
64680094
64640172
64639523
64638292
64637311
64614496
64614043
64613507
64665072
64663289
64583027
64581365
64580709
64579432
64414306
64412897
64412316
64679773
64678801
64706210
64705813
64696585
64696090
64672551
64670031
64649352
64625123
64665616
64663593
64663194
64662462
64661615
64661030
64556483
64555579
64554503
64717457
64715759
64693439
64693310
64680511
64674006
64672929
64658168
64657665
64675905
64672307
64669124
64667656
64659136
64658437
64656822
64655974
64706744
64705782
64703280
64702853
64702385
64701049
64698898
64698410
64698038
64697713
64703081
64688826
64643668
64601202
64555163
64554600
64426419
64675494
64668857
64626216
64624916
64624225
64623495
64622215
64587713
64586690
64710936
64706913
64689281
64672290
64659687
64658229
64651481
64613680
64717449
64716522
64714787
64713637
64712960
64711100
64688387
64687249
64685938
63622525
63621929
63620756
63619183
63379272
64706881
64660898
64660442
64657040
64655372
64653593
64653339
64652954
64543410
64542335
64541763
64717427
64716497
64715516
64714212
64639950
64637716
64636491
64634031
64664972
64604341
64555282
64554643
64553214
64552100
64551431
64550175
64549144
64619200
64593253
64593061
64560627
64559266
64557248
64408395
64717236
64715663
64714072
64713139
64711915
64710961
64710047
64709367
64708554
61888369
61887323
61886748
61545522
61543748
61541780
61540416
64573287
64567901
64566280
64564689
64501577
64500061
64465062
64463417
64461819
64460249
64716776
64715536
64714092
64712076
64711226
64709766
64708977
64707685
64707003
64661946
64661575
64660857
64644163
64643670
64643141
64642349
64641469
64639032
64697430
64696680
64451143
64428172
64427651
64427043
64426499
64425296
64716643
64716053
64636352
64635382
64705033
64659905
64659473
64658368
64657165
64656741
64655984
64653694
64653089
64652683
64621537
64620015
64618715
64617022
64614929
64491912
64707142
64706345
64705996
64705128
64704255
64703989
64703588
64702845
64701779
64701350
64684576
64683654
64681395
64679857
64609130
64608238
64607460
64606393
64491016
64490369
64489504
64488845
64476261
64475686
64400121
64398992
64398288
64411843
64717783
64716602
64714972
64713214
64712137
64708931
64707791
64706943
64706387
64705550
64717366
64715486
64713606
64712830
64691842
64691600
64182931
64140815
64139485
64137549
64136553
64650375
64650117
64649861
64649641
64649469
64649300
64649119
64648881
64648768
64648498
64713865
64703102
64674465
64672623
64637472
64627410
64441853
64441255
64441027
64625425
64623915
64620866
64549362
64548662
64499880
64687131
64686377
64685709
64683754
64682350
64681306
64679731
64678577
64530519
64657382
64656791
64656043
64654823
64653754
64653318
64675913
64674260
64672336
64670903
64669878
64668445
64180210
64179349
64165007
64718609
64717804
64715816
64692843
64692654
64692476
64676422
64620906
64620153
64618636
64617676
64616663
64569004
64567727
64566072
64564092
64656556
64656101
64655747
64655297
64611981
64610654
64610020
64608516
64607071
64605763
64718559
64716495
64715401
64701878
64701131
64700920
64700429
64699362
64649526
64649430
64649207
64648965
64648846
64648682
64648084
64647967
64676817
64674979
64673182
64671747
64669011
64668475
64460059
64459155
64611469
64608692
64607057
64606011
64605240
64604554
64507076
64310178
64694624
64694260
64693907
64476426
64475955
64475435
64474969
64474039
64473081
64679936
64674710
64670126
64669356
64421658
64717795
64716865
64715040
64713505
64712659
64710372
64709402
64708411
64700611
64683187
64682641
64681575
64681060
64679409
64678233
64676565
64674591
64717825
64716694
64715232
64714229
64713000
64684007
64683015
64608657
64607523
64676550
64674687
64421711
64420000
64418996
64417861
64416686
64415879
64369691
64367942
64645294
64643444
64642985
64641093
64640465
64639072
64637436
64635861
64640758
64640306
64638743
64637088
64636408
64634854
64633109
64682745
64681758
64680800
64584178
64583427
64582343
64581126
64579859
64699043
64694915
64688792
64683851
64648554
64648189
64595396
64584527
64682883
64679308
64626424
64624503
64623521
64622523
64621500
64699863
64699343
64697428
64663579
64606121
64605201
64603912
64602709
64650729
64650557
64650172
64649971
64649628
64649452
64649364
64717865
64716899
64703723
64703062
64702649
64675714
64667998
64637442
64635089
64600086
64599286
64598684
64537831
64536515
64535948
64717961
64716304
64714683
64711795
64710494
64709404
64708487
64707323
64706729
64717753
64710782
64708424
64702549
64695745
64694956
64690804
64690096
64685471
64718547
64703464
64699935
64675302
64673593
64671764
64671231
64669996
64673010
64671815
64670423
64667372
64666460
64664918
64664311
64663153
64662079
64707089
64680519
64668156
64651991
64634076
64630391
64627486
64612755
64610230
64715979
64714338
64713077
64711448
64710418
64672474
64667196
64666059
64625483
64624166
64714322
64713149
64709729
64708792
64708355
64707235
64706563
64705912
64671693
64669947
64595754
64512697
64509805
64484688
64484520
64514185
64250236
63845670
63844789
63843951
63790152
63789051
63787501
63785830
64669178
64668234
64679223
64581236
64576856
64510230
64508005
64372344
64368654
64366472
64331158
64586996
64585816
64584091
64583170
64581495
64424200
64422522
64157204
64097674
64542884
64540316
64539814
64538866
64538350
64077772
64074877
63744394
63742615
64719510
64717533
64698147
64697847
64696901
64696385
64695732
64685576
64684679
64640081
64638580
64590060
64589056
64588808
64587989
64586689
64585517
64584668
64583938
64582553
64712454
64669370
64667482
64619361
64618449
64602999
64601485
64572395
64559830
64559003
64558444
64557087
64555754
64526815
64526064
64525173
64524684
64523839
64721364
64720672
64700818
64700308
64700031
64699484
64699090
64683022
64680761
64679087
64651941
64435115
64385761
64287705
64232763
64118266
64112695
64106945
64106413
64548458
64547871
64546633
64546127
64545197
64541005
64540664
64539856
64369404
64672617
64642112
64641119
64640321
64638600
64636906
64635273
64644382
64642651
64641639
64473107
64472453
64471575
64470172
64468447
64466752
64523650
64522808
64521998
64521470
64520585
64519110
64518023
64516093
64713069
64619264
64618154
64616865
64616145
64611447
64610183
64607640
64606284
64605853
64660337
64658474
64637647
64636862
64635721
64634857
64633411
64522016
64677760
64675945
64674613
64673242
64377520
64375570
64374258
64373123
64371574
64641460
64640251
64639554
64580761
64523331
64521677
64520614
64518730
64516382
64697860
64697348
64696699
64696363
64696083
64695467
64655220
64654764
64595755
64595325
64594882
64594635
64594306
64593987
64593855
64593506
64575023
64714778
64713127
64711843
64710282
64709161
64708012
64707193
64706484
64705981
64705285
64682949
64681865
64680847
64411439
64410645
64409087
64408455
64407049
64406104
64721726
64720340
64718781
64716935
64712742
64711546
64710672
64708871
64707708
64706951
64715445
64713661
64712043
64667293
64666030
64665272
64664807
64509511
64508682
64722245
64721639
64720066
64718828
64718181
64717581
64714842
64712264
64700412
64699952
64721678
64720324
64718267
64617224
64616079
64614782
64614252
64613074
64612161
64575126
64715679
64710258
64707640
64691129
64663697
64656530
64655127
64645902
64639108
64561675
64470716
64343834
64343621
64253529
64252429
64250966
64234875
64234304
64180344
64713482
64706853
64705001
64701116
64698513
64697273
64695131
64694707
64670342
64669150
64666148
64664727
64664149
64663159
64662712
64661885
64613526
64612204
64610556
64609086
64550418
64548925
64410843
64252734
64510382
64506499
64504894
64465210
64463861
64463144
64461527
64680329
64678948
64677946
64691308
64649446
64649259
64649049
64648921
64648759
64648185
64546993
64544638
64543685
64542444
64540215
64539535
64538943
64696803
64696314
64695924
64695707
64699960
64699095
64656172
64646353
64641615
64581376
64580170
64579221
64577140
64575027
64572709
64569336
64516612
64515323
64513705
64511891
64717486
64715919
64713889
64712039
64710771
64659639
64658685
64658032
64570463
64568379
64567121
64278288
64277109
64275805
64274266
64272137
64270395
64218140
64713066
64712200
64710654
64709714
64708898
64707907
64707283
64706813
64704966
64687075
64685152
64620106
64619457
64618267
64616705
64615492
64615032
64530810
64530399
64529973
64529497
64529232
64528940
64527744
64527376
64526619
64657836
64657054
64656425
64655679
64655396
64654959
64654555
64654219
64653724
64653499
64689465
64689062
64688341
64489935
64489244
64488465
64487683
64487112
64286121
64679227
64641820
64640579
64639422
64465133
64463962
64461968
64413718
64411640
64699195
64698014
64697250
64696764
64696307
64719392
64717778
64715803
64714409
64712545
64711153
64709874
64707991
64598556
64597087
64596396
64595877
64595637
64595424
64595112
64538791
64538395
64537561
64709312
64660467
64624195
64644610
64644245
64643707
64641398
64640233
64662085
64660613
64655370
64655005
64654225
64653701
64543767
64620030
64619350
64618132
64617439
64616734
64615883
64402114
64401323
64399887
64623967
64623201
64620787
64619892
64605095
64604172
64602892
64602110
64718656
64717079
64715627
64714496
64680492
64677620
64673448
64665719
64664497
64663261
64662360
64661326
64660801
64696104
64695736
64693217
64692955
64692571
64691913
64691809
64708904
64702894
64701900
63627125
63626816
64578123
64575613
64573999
64572117
64569973
64567975
64555420
64515400
64375510
64721712
64719794
64569625
64567269
64461622
64460429
64458404
64456756
64455739
64614421
64613089
64611908
64611238
64610503
64609850
64583756
64710941
64710057
64709278
64693690
64573665
64571382
64566989
64706195
64701798
64697643
64659731
64653558
64652295
64648469
64644128
64593668
64592971
64730448
64729878
64729417
64728949
64728497
64727969
64727523
64727048
64726259
64708429
64707206
64698180
64697696
64694043
64693787
64692938
64731343
64730982
64730674
64730359
64729943
64729353
64690776
64689998
64703141
64702683
64701871
64695273
64607639
64606385
64604769
64562635
64712317
64703986
64673583
64663213
64632477
64630475
64616177
64614133
64611160
64576819
64691430
64663188
64662672
64648650
64648409
64648104
64647935
64647635
64647331
64646887
64709670
64708225
64665638
64610880
64609933
64608958
64611537
64553585
64552519
64551399
64718674
64716964
64715143
64713579
64712682
64609054
64284214
64283414
64282806
64281816
64281344
64280338
64279005
64277837
64231267
64230921
64548434
64547139
64545075
64544557
64717506
64698942
64681543
64599078
64542315
64491467
64462577
64423815
64721382
64719380
64718235
64715996
64711813
64671609
64637213
64633745
64690538
64690314
64689935
64650548
64647430
64647120
64722859
64721238
64719737
64718722
64712971
64711675
64710114
64708988
64707310
64706793
64618455
64617122
64615762
64614590
64613796
64605078
64686989
64686411
64679801
64678128
64676469
64711196
64709795
64709099
64499396
64498388
64497447
64356122
64355180
64354061
64674301
64673205
64671860
64670840
64663113
64662541
64639297
64698161
64697238
64662664
64661095
64721796
64720314
64719610
64638519
64634426
64632612
64627637
64625977
64565080
64564240
64562080
64561064
64559997
64558523
64557982
64557092
64555807
64555463
64719789
64718203
64717062
64714080
64712602
64521821
64521027
64476786
64474713
64455149
64730690
64729874
64728451
64726998
64723481
64720728
64718455
64717505
64706408
64704598
64436649
64430442
64339034
64293226
64116630
64111501
64111200
64109847
64107798
64670610
64668604
64667411
64664877
64664546
64664142
64663638
64663088
64725375
64724820
64723418
64721589
64720093
64656090
64655649
64619798
64618996
64563486
64730613
64730110
64729428
64729037
64708519
64707995
64706831
64252402
64250655
64248956
64248148
64199147
64194895
64192444
64641072
64639059
64638213
64634189
64632319
64630023
64629191
64721551
64629871
64627945
64625452
64623304
64559046
64558382
64557515
64537392
64100018
64098769
64097160
64096074
64093781
64090924
63913248
63912392
63911268
64724936
64723925
64721623
64721079
64720261
64718168
64714956
64706655
64705850
64699309
64714719
64711090
64710251
64675972
64674916
64672880
64664862
64635662
64723458
64722468
64721652
64720897
64719052
64715199
64681568
64680681
64676508
64715818
64714513
64712942
64711839
64710671
64675501
64674404
64672521
64628566
64723812
64722270
64674436
64672600
64671566
64671037
64669404
64629381
64628159
64590874
64643313
64642379
64593813
64593452
64429892
64429094
64663597
64551686
64125155
64060065
64059403
64058774
64058212
64057486
64725392
64724562
64723219
64721583
64720567
64719772
64718482
64717279
64715911
64687323
64665213
62308799
62308480
62308092
62307848
62307578
62307062
62306398
62201695
64729978
64729501
64728678
64727659
64726796
64644933
64644146
64643295
64642311
64641521
64729184
64708334
64707811
64497013
64475498
64472995
64401398
64400921
64723716
64720076
64716500
64706101
64688513
64682615
64675614
64656404
64652147
64651492
64704906
64704603
64703742
64702695
64701714
64701089
64700570
64697759
64697314
64699677
64693139
64685027
64650400
64592765
64473064
64437052
64429532
64636956
64635733
64633351
64578828
64576917
64653527
64653020
64652117
64645213
64644717
64644095
64643196
64730498
64595359
64590952
64534677
64534161
64480828
64345129
64342550
64655491
64655135
64654245
64654029
64627894
64626793
64624740
64623042
64699778
64698754
64697078
64591472
64591129
64590098
64589577
64618436
64617513
64616642
64613563
64611013
64545644
64544843
64543989
64543367
64722572
64720811
64719769
64717611
64715506
64714550
64713691
64712805
64711259
64709718
64657010
64656298
64655911
64655318
64654829
64654212
64653668
64653228
64541143
64526391
64525787
64524999
64368224
64321560
64310299
64304631
64302046
64301182
64682116
64678767
64730743
64730413
64726092
64717828
64703818
64697323
64683240
64667662
64666069
64660119
64705171
64704546
64615743
64614419
64515508
64514023
64408901
64408458
64407441
64400527
63899500
63898336
63897441
63604893
63604402
63254326
63253770
63252789
64614251
64613255
64611837
64608930
64608367
64606004
64604825
64603362
64697290
64696899
64696607
64696305
64695972
64695608
64695287
64695010
64694681
64694490
64701063
64700793
64698486
64698061
64697753
64676570
64655744
64655238
64728472
64727568
64726497
64712868
64711261
64710405
64709011
64707643
64683337
64729178
64728432
64727750
64727454
64726353
64725243
64545876
64544754
64543674
64543112
64719724
64718533
64716913
64716289
64714973
64713634
64709948
64709214
64626531
64547677
64546890
64692586
64658603
64649226
64530959
64525575
64481366
64387515
64339142
64301625
64681038
64529575
64529251
64528017
63295976
63294789
63293277
63292250
63262451
64687584
64687058
64686577
64685711
64642934
64642189
64640967
64639105
64519380
64655495
64704534
64703674
64677992
64675867
64674719
64674153
64608326
64606997
64606232
64710367
64708852
64619975
64619215
64617972
64590650
64590308
64589864
64589521
64613114
64612044
64611499
64603102
64602224
64601395
64600352
64599906
64599385
64712188
64709479
64708604
64707468
64706186
64662584
64449366
64448440
64730834
64730576
64730066
64729427
64729006
64728407
64727863
64726973
64726234
64725339
64677890
64619520
64618294
64612851
64458195
64457206
64455428
64445228
64444897
64711254
64710150
64709671
64708275
64707653
64706767
64706274
64705762
64704979
64704660
64706907
64701783
64693926
64689885
64686782
64685156
64684272
64665755
64661476
64660092
64618094
64403675
64403113
64402632
64338108
64337908
64337651
62743632
62742270
64648604
64485863
64169797
64114348
64110146
64109879
64107996
64618868
64617333
64616369
64574638
64571919
64728293
64727514
64726465
64725267
64687413
64686939
64686331
64656183
64630067
64626615
64581873
64580236
64708974
64708105
64707204
64675108
64673787
64673238
64667778
64666572
64503035
64457313
64244563
64244088
64243443
64212946
64211260
64210438
61863155
64733057
64728768
64719711
64717459
64705112
64704607
64702759
64700990
64696863
64734185
64733967
64733799
64733668
64733479
64733217
64733072
64726295
64725373
64722652
64547789
64533205
64532918
64532664
64532589
64532438
64532269
64325109
64324209
64652556
64717032
64715077
64634779
64633952
64631979
64619650
64601325
64582440
64327907
64326306
64325815
64272147
64214996
64599954
64557391
64531556
64530826
64530503
64530071
64529684
64680805
64678683
64677881
64674812
64672699
64730587
64688220
64550713
64501901
64489511
64479762
64476417
64404325
63945692
63870585
63845793
63844193
63817327
63816515
63764357
64362600
64329027
64270166
64268504
64267565
64227946
64723735
64620277
64619326
64610387
64609093
64608055
64606914
64605256
64603811
64652724
64652357
64599621
64598807
64597723
64597204
64546419
64545812
64545018
64727168
64726363
64725285
64724599
64723046
64721867
64718582
64716344
64714274
64712994
64680574
64678910
64678279
64677028
64675978
64675031
64671117
64669683
64668926
64667542
64660424
64659599
64659084
64658169
64657341
64657036
64640437
64639509
64638011
64606401
64721040
64719284
64718521
64716615
64715947
64713904
64712685
64711665
64709934
64674215
64673001
64671016
64669736
64668605
64667819
64529325
64528753
64528092
64694580
64694252
64693863
64693606
64693355
64693197
64694601
64694265
64653631
64653432
64652511
64592198
64440408
64439971
64389532
64682844
64680565
64679537
64224938
64221267
64289900
64234917
64228058
64168380
64167980
64165733
64114483
64112214
64111031
64669426
64668461
64667354
64632120
64630071
64629107
64574360
64571232
64569417
64729091
64728733
64728054
64726354
64724903
64723520
64722832
64720381
64718826
64701673
64700943
64700576
64694106
64693752
64693539
64693433
64656936
64650778
64606085
64597166
64595123
64594754
64593301
64652858
64594483
64591292
64542705
64537289
64531130
64494978
64492096
64480478
64683092
64681410
64326219
64325290
64324311
64322988
64321292
64679614
64677403
64676605
64674879
64667365
64666616
64633091
64728145
64727205
64726101
64724780
64723361
64722256
64720277
64718584
64717651
64716640
64731813
64731577
64731190
64730867
64730425
64730054
64729628
64729298
64728792
64728426
64735540
64734874
64730940
64730457
64701451
64699083
64696394
64659205
64656929
64674331
64671346
64670443
64669022
64667640
64666942
64665706
64634014
64633059
64629653
64627738
64317913
64316052
64315239
64313241
64311449
64625353
64623515
64621659
64620070
64619317
64617862
64616368
64605620
64604431
64603185
64720666
64611218
64610145
64607728
64605231
64603868
64603260
64602740
64725603
64724618
64658430
64657799
64657288
64656923
64656579
64656017
64655596
64654808
64618551
64617831
64617034
64615723
63986406
63985284
63952753
63951344
63950026
64716691
64715277
64712891
64711462
64651484
64651183
64614343
64602802
64594614
64594257
64593794
64548716
64668423
64566021
64563908
64500460
64499221
64454852
64407974
64406549
64605970
64603457
64602614
64601447
64600571
64599058
64534832
64534638
64534380
64712996
64712127
64711019
64709637
64708513
64702321
64700212
64676783
64730824
64696450
64691001
64532686
64483072
64391260
64291922
64288227
64220737
64688338
64687866
64687179
64686354
64685929
64630091
64555566
64554410
64553770
64586097
64585687
63519987
63518765
63516867
63515190
63514166
63512109
63510541
64734419
64734192
64733783
64732960
64731347
64728882
64727569
64716705
64704575
64703109
64725781
64725053
64724236
64723325
64722243
64720581
64718787
64716790
64715666
64714676
64720837
64716627
64714977
64713894
64712825
64712239
64711295
64709699
64708190
64707013
64720612
64719127
64717439
64716818
64715303
64713223
64712243
64710521
64678030
64676952
64619632
64458086
64363828
64704877
64703934
64691758
64650679
64649533
64615679
64593992
64591828
64725246
64723959
64723372
64721899
64720767
64720014
64719396
64717443
64683909
64545649
64544793
64543736
64542766
64528057
64527061
64525271
64524425
64523306
64626789
64625618
64624790
64615866
64614730
64582563
64581531
64580766
64578314
64577243
64723161
64721341
64660709
64660182
64659410
64248772
64247969
64247150
64246132
64656007
64654431
64654101
64599445
64598428
64597916
64597408
64735739
64735462
64735279
64735027
64734766
64734527
64709587
64708330
64707465
64706932
64596377
64595833
64595284
64594432
64594268
64594045
64480866
64480649
64480445
64663666
64735831
64735447
64735263
64735023
64700925
64688764
64637330
64635555
64721000
64719657
64694822
64694411
64687254
64686357
64685474
64684818
64684001
64709997
64708389
64657732
64656320
64640669
64639833
64638821
64637091
64635306
64730411
64729973
64729498
64688416
64688165
64677262
64547598
64546343
64545204
64544253
64734953
64734751
64734618
64734492
64555310
64554285
64553235
64602091
64599636
64599088
64597849
64243918
64242465
64240914
64240211
64239077
64623337
64622808
64621851
64620434
64619831
64619038
64617872
64616517
64558935
64556789
64714266
64670520
64665737
64665232
64664858
64663895
64654003
64653722
64653026
64386489
64331024
64228089
64191145
64112684
64110129
64108511
64077159
62785321
64722057
64720617
64719719
64588383
64585022
64583827
64582991
64717057
64715310
64714698
64713700
64712819
64712204
64711648
64710656
64709392
64689511
64697645
64697335
64696896
64696709
64696239
64693650
64693451
64674769
64671450
64255990
64255477
64254951
64254311
64633755
64632018
64618468
64570774
64563093
64516783
64515562
64513463
64511058
64679510
64676457
64674819
64672236
64572786
64489489
64726891
64726174
64725493
64724483
64723153
64721994
64720154
64719133
64683656
64682543
64560199
64558593
64557808
64550983
64546243
64545439
64544902
64464478
64463549
64413341
64517228
64515610
64513437
64512218
64511297
64509930
64508155
64504760
62875202
64552465
64516459
64506410
64500528
64499389
64467346
64464308
64379167
64679367
64659842
64659246
64658777
64658341
64657544
64654294
64726563
64725655
64724466
64723382
64722450
64721305
64682588
64680836
64679600
64678482
64638850
64637222
64636534
64635859
64634030
64633169
64630468
64628458
64627476
64629714
64628049
64626935
64354629
64318291
64309396
64724272
64723567
64721877
64720560
64720005
64718921
64716996
64715480
64719757
64717998
64715543
64713502
64711541
64706568
64705655
64705158
64704641
64704040
64671719
64669812
64667857
64666644
64662726
64662332
64662558
64659345
64658598
64593338
64533328
64533075
64489787
64404967
64689422
64688876
64688510
64688102
64687353
64686472
64685927
64683826
64586507
64737998
64692408
64371012
64343885
64342693
64338444
64336881
64292221
64234029
64167232
64642851
64642382
64641570
64640955
64639644
64638926
64638017
64637271
64635606
64634483
64711887
64710354
64709451
64708863
64677064
64628840
64627244
64626230
64550323
64549592
64549082
64548327
64546850
64545810
64545288
64544551
64543732
64542770
64724768
64690067
64689581
64688950
64673796
64672164
64670455
64721320
64719919
64719326
64718142
64716279
64714508
64712913
64681872
64680980
64679496
64727881
64727032
64726513
64682746
64681965
64681029
64734435
64734284
64734142
64733897
64592164
64591652
64591450
64591335
64728059
64727286
64726552
64725646
64724490
64706709
64705931
64705571
64705280
64704868
64692953
64610674
64609012
64534743
64534576
64534321
64534122
64405408
64344679
64737899
64711578
64710159
64728898
64728517
64718857
64716708
64714797
64713270
64712003
64711096
64690102
64689836
64709484
64707994
64707303
64706640
64666540
64560411
64557066
64608996
64606360
64605197
64604458
64603275
64602464
64602067
64600888
64396262
64717068
64715726
64713962
64708613
64706490
64705758
64705274
64666957
64666192
64706372
64699781
64696160
64655037
64592096
64590158
64589554
64582007
64568515
64730557
64730338
64730034
64729381
64728919
64679458
64677638
64675626
64674462
64725565
64724968
64639528
64638103
64637160
64636429
64634617
64554504
64328140
64327656
64708980
64708532
64635300
64632404
64625801
64535415
64663526
64662637
64662063
64661496
64660614
64660103
64634813
64633055
64614239
64613294
64725058
64723724
64721853
64720339
64632043
64629917
64627478
64572379
64662986
64662677
64661437
64660702
64660073
64659488
64658401
64658051
64547550
64546701
64544990
64501241
64499743
64499044
64452451
64451688
64451087
64450567
64631530
64630531
64628440
64627344
64612639
64611983
64611284
64610291
64608929
64723040
64721070
64718965
64717230
64716262
64680422
64679351
64675954
64674427
64433713
64433494
64433225
64433039
64432853
64432589
64432332
64431921
64431427
64430811
64691659
64691520
64691351
64691075
64689512
64688400
64687934
64687419
64737314
64722077
64720345
64718710
64717078
64716340
64714495
64712693
64710120
64662420
64662074
64661605
64452041
64450348
64449835
64448900
64303604
64071366
64706492
64694729
64690061
64687354
64663133
64595856
64591192
64590471
64587875
64721062
64719250
64717464
64715941
64714213
64713147
64711466
64709767
64631056
64711625
64710484
64709555
64652998
64652340
64393449
64392825
64355867
64708823
64707617
64707128
64706481
64706012
64705484
64704712
64704168
64703488
64702659
64629992
64628796
64605121
64604000
64602684
64595212
64594794
64594285
64572462
64720774
64719796
64717995
64703390
64665479
64596988
64596696
64438714
64292743
64290196
64289892
64288577
64118286
64112363
64111768
64596830
64596203
64559717
64558903
64557777
64703015
64678534
64730514
64730120
64596847
64546543
64545400
64544339
64543709
64542833
64541860
64456446
64455078
64453577
64452350
64418975
64415547
64413611
64412634
64410746
64701303
64700637
64700373
64699864
64699474
64698982
64698464
64697585
64697344
64681065
64678904
64676716
64674608
64587899
64586856
64586476
64585736
64584818
64736817
64736379
64694747
64694323
64692125
64657129
64654856
64438993
64636359
64635588
64633935
64632679
64631798
64401304
64379125
64377731
64329651
64530448
64529410
64253594
64252326
64251185
64227792
64227076
64226564
64225601
64626171
64623457
64586868
64530936
64625706
64624668
64623167
64621504
64615314
64613711
64591550
64591079
64590373
64589886
64645023
64644592
64643863
64637973
64636351
64709383
64708964
64708394
64707894
64707490
64675095
64673362
64596180
64595990
64489576
64488697
64488283
64452006
64451172
64450427
64449653
64449230
64448723
64602385
64560352
64559363
64558146
64557192
64556343
64555825
64554789
64554114
64553455
64327660
64326636
64325022
64323564
64322525
64321054
64319556
64317947
64315919
64314079
64707668
64706700
64705615
64669427
64668176
64734508
64734366
64734012
64733589
64732357
64732091
64731940
64731615
64733574
64434293
64366729
64341959
64335652
64292647
64168370
64119034
64117833
64583573
64434074
64115565
64103970
62341784
64667137
64666636
64665039
64561982
64560444
64558950
64556301
64554802
64554251
64732364
64732061
64731660
64566743
64433574
64433329
64432965
64432761
64431975
64693594
64693453
64692926
64692427
64670607
64669039
64667789
64706762
64706076
64705504
64704413
64703732
64700182
64699672
64699378
64692515
64697127
64696871
64696620
64696280
64696040
64695788
64695386
64695168
64624928
64623588
64621313
64620337
64550449
64549052
64547709
64547025
64714308
64712785
64712164
64616503
64615341
64525811
64525266
64524038
64523228
64703423
64696780
64672238
64670151
64394029
64720171
64718813
64717188
64716521
64715465
64714731
64679455
64676685
64675325
64673499
64727919
64727544
64727070
64726576
64725367
64724573
64723804
64722231
64691810
64674572
64672920
64672107
64670599
64665697
64664022
64629073
64631533
64629382
64625553
64624736
64622648
64621268
64620488
64001353
63999622
64724123
64722998
64721183
64719754
64718014
64716299
64713988
64515008
64512526
64489009
64217052
64168642
64166468
64166062
64163497
64111061
64110247
64106802
63970033
64591287
64590933
64590082
64553254
64552438
64550764
64549436
63938049
63604839
64736023
64671995
64668806
64667472
64666816
64666240
64726445
64725606
64724751
64723992
64723122
64718573
64688156
64687773
64686392
64676485
64675525
64673987
64672570
64671055
64634471
64632677
64629343
64728127
64727626
64726531
64725237
64475520
64474513
64473735
64471935
64470566
64719502
64715278
64714000
62509375
62508420
62508036
62507081
62506191
62483031
64731382
64693546
64290960
64288816
64214685
64165819
64113269
64107976
64081569
64659898
64648619
64640566
64532343
64434201
64399628
64343704
64339393
64639467
64638179
64637353
64635602
64634585
64633354
64632093
64451190
64450608
64711868
64669574
64667324
64626759
64624623
64581639
64579413
64578496
64439198
64438900
64414097
64122330
64121402
64120733
64120102
64119085
64118438
64726568
64725847
64724953
64724083
64723353
64682047
64679625
64678141
64677246
64690993
64687141
64686513
64685967
64685479
64684101
64247984
64247121
64246308
64245660
63940515
63939277
63938720
62962787
62961941
64714116
64713455
64712325
64711549
64710237
64709265
64708229
64626808
64625627
64623999
64673749
64672729
64671491
64670161
64668119
64666744
64665686
64608803
64602965
64540687
64539769
64539138
64538153
64537611
64537161
64688648
64687996
64614954
64613470
64612431
64612060
64610749
64610330
64609135
64729063
64725527
64724927
64724068
64722901
64721650
64675894
64673860
64672195
64670728
64670010
64667909
64664611
64726342
64725727
64724816
64724084
64722499
64720805
64616878
64615748
64551164
64700456
64699841
64699607
64696428
64345777
64345192
64344540
64214728
64212735
64705686
64705426
64671199
64598434
64597684
64597416
64544711
64543907
64718269
64716045
64675285
64672380
64668467
64664960
64461032
64459060
64412313
64465510
64464531
64463261
64461771
64421869
64358190
64356898
64696740
64696277
64695665
64695463
62818176
62566990
62566496
62566077
62273559
64714601
64713532
64710988
64709779
64708811
64708141
64684569
64613756
64612777
64666963
64666152
64602645
64601259
62889897
62828072
62827424
62827177
62795450
64706124
64705614
64705231
64704766
64503328
64501908
64501334
64499886
64365210
64617992
64617237
64616500
64615587
64614825
64610874
63828922
63828501
64705490
64664388
64663875
64661942
64659729
64658984
64616978
64730535
64730015
64729682
64729166
64728776
64727957
64727135
64725837
64724825
64669990
64637340
64502287
64500649
64499906
64719008
64716984
64715197
64713686
64711636
64685120
64677690
64673952
64722702
64721863
64720541
64718617
64717841
64716219
64715326
64713670
64712550
64734320
64733863
64733670
64733326
64731155
64730854
64730065
64716438
64715484
64623004
64566760
64564515
64562620
63950329
63949365
63947582
64713331
64711421
64710496
64705548
64655437
64654975
64654691
64654235
64620901
64737337
64672469
64634950
64634181
64597562
64570071
64567974
64559141
64698698
64698148
64693624
64702623
64702015
64580910
64579698
64576766
64558461
64556802
64554173
64595222
64594983
64594407
64593227
64592246
64591997
64591919
64591429
64591060
64590898
64714115
64711619
64696821
64668632
64599752
64599187
64595987
64595490
64594963
64594648
64594334
64568076
64565933
64564151
64723200
64721631
64720523
64710154
64707705
64679483
64642404
64641854
64640968
64640202
64638826
64637122
64634444
64586245
64736459
64735533
64735250
64702184
64701658
64701308
64694505
64694095
64738750
64738400
64736683
64735775
64735507
64733546
64733151
64731973
64729263
64730697
64730342
64730070
64729594
64729157
64728540
64727962
64726931
64724219
64722878
64658415
64657773
64647730
64647280
64647041
64646599
64646148
64645619
64645077
64285225
64284576
64283619
64282579
64281385
64157878
64156727
64121201
64120469
64277820
64275300
64239182
64237071
64234844
64233674
64146736
64143169
64140824
64139348
64721969
64695947
64695617
64695445
64695129
64659484
64722262
64721658
64720954
64719346
64718721
64717738
64716634
64715877
64714228
64677110
64713684
64711692
64674730
64672941
64634451
64629579
64575357
64516708
64633314
64630063
64628333
64583157
64581563
64580446
64578245
64637692
64404618
64403716
64339618
64339247
64338828
64328227
64280618
64279403
64721126
64719263
64717309
64715491
64714736
64711349
64709799
64707322
64706597
64605122
64603782
64515291
64514331
64511965
64509861
64490826
64490327
64489476
64716307
64715561
64714538
64604732
64602978
64602501
64601516
64600539
64598154
64590839
64590577
64590330
64589946
64589602
64589368
64588799
64588155
64587862
64561992
64698596
64698083
64686031
64652634
64652002
64651543
64650684
64650418
64650184
64719210
64717969
64691132
64690802
64690450
64690206
64690087
64689735
64719869
64718888
64717281
64716586
64714006
64712199
64711468
64709932
64709274
64736028
64734008
64705591
64694597
64690975
64688945
64688104
64686456
64661166
64732552
64732222
64731832
64731372
64731181
64730807
64730222
64729823
64729551
64691519
64729861
64711571
64707365
64664951
64655195
64645299
64641023
64637479
64633906
64674291
64673367
64671811
64669879
64667642
64667009
64534759
64534338
64533943
64533643
64533429
64533253
64497884
64452911
64452277
64673523
64672240
64670635
64634940
64621979
64621133
64620258
64619202
64721042
64719676
64718460
64717568
64715598
64712807
64709498
64708209
64689153
64688114
64687572
64686640
64685663
64684991
64683905
64680680
64738278
64737853
64737560
64737271
64736989
64736492
64736086
64719655
64717441
64715552
64555003
64554072
64256584
64255878
64613402
64612759
64611952
64610566
64609762
64608859
64607601
64606328
64605757
64604934
64362722
64360698
64358950
64357429
64151466
64149439
64148365
64146920
64144508
64502831
64501825
64500505
64498597
64497412
64676288
64674734
64674008
64672407
64565835
64520730
64519064
64602173
64714588
64713037
64711523
64709822
64708491
64707403
64706789
64687451
64686836
64729001
64728482
64727621
64726631
64725358
64724924
64723493
64701433
64687891
64686066
64685494
64685103
64684279
64005364
64004756
64687628
64686540
64683650
64682870
64681432
64680458
64679016
64723260
64721182
64683884
64683342
64681713
64635699
64634727
64633971
64630280
64627131
64626163
64624776
64610272
64608909
64607133
64606381
64605891
64604745
64601601
64600963
64534895
64534463
64534085
64533949
64703246
64702782
64702190
64701662
64700984
64700438
64699909
64662927
64634525
64632993
64738146
64699204
64650426
64593180
64592940
64532529
64496592
64487031
64441964
64716127
64684610
64683588
64682174
64681024
64679981
64648029
64711293
64709426
64708893
64599167
64598459
64571718
64569710
64557134
64556126
64739077
64737013
64736661
64736463
64736102
64735797
64719915
64718846
64716902
64714320
64739034
64738544
64738054
64737801
64736395
64718030
64716496
64715460
64713841
64677191
64674199
64672968
64671063
64670426
64669082
61615797
61615587
61615055
64735244
64730224
64703650
64699777
64694804
64682989
64670378
64646359
64644252
64633761
64707634
64707037
64706153
64683967
64678776
64560664
64559837
64558513
64737365
64702930
64653926
64624892
64623349
64473329
64472118
64471350
64470447
64671574
64667633
64667144
64631676
64626979
64624903
64622834
64551700
64550744
64549865
64001550
64000159
63998977
63997417
63995023
63936109
63934836
63934297
63933706
64337255
64295620
64290715
64287896
64234914
64230347
64167978
64145377
64117910
64700754
64700424
64699934
64699305
64680401
64678913
64676613
64250156
64248551
64738011
64724580
64722122
64720296
64718511
64710235
64706493
64696492
64696137
64675253
64673686
64730521
64725186
64710011
64709301
64702238
64695144
64694771
64684575
64739002
64738762
64726935
64726384
64725191
64723815
64722222
64720419
64718558
64700075
64581631
64579948
64478869
64478452
64431932
64431529
64431120
64430429
64720353
64718908
64717728
64716610
64715337
64713760
64515481
64514232
64513087
64612518
64610812
64610068
64376656
64139771
64138095
64136543
64135261
64727656
64726962
64725641
64666888
64663949
64659364
64644798
64644044
64639424
64655987
63935122
63933648
63596526
63596058
63595422
63356996
63356534
63356157
64736878
64736283
64717225
64716476
64703284
64701933
64701580
64699608
64698487
64616071
64615070
64614176
64611922
64611102
64609605
64599373
64598931
64728221
64727331
64726204
64724983
64723574
64700699
64698961
64698630
64737146
64737010
64727887
64726743
64715384
64714389
64711797
64583333
64582484
64581338
64579522
64575416
64573673
64571366
64569680
64567618
64566079
64634352
64633312
64631679
64628904
64627150
64624861
64568701
64564842
64563188
64557445
64738067
64737733
64737274
64736019
64735671
64735252
64734912
64734638
64734208
64475967
64475019
64683280
64680661
64682795
64681831
64680072
64674532
64673554
64671840
64670266
64731240
64730952
64730610
64730255
64729657
64729180
64728766
64726906
64701399
64700688
64699377
64699151
64663728
64662627
64662274
64633347
64730863
64730018
64705511
64692373
64660812
64654798
64651251
64645632
64594640
64737240
64736979
64699316
64696016
64535816
64738165
64737670
64737323
64727722
64727151
64725120
64692762
64691340
64690783
64692552
64663413
64650166
64597122
64592420
64589729
64530779
64436578
64393833
64716006
64709868
64708668
64707860
64706804
64699409
64698985
64698582
64732050
64730590
64726388
64706068
64697963
64690788
64666817
64658707
64648856
64648172
64611331
64610019
64609210
64608197
64545706
64544421
64543527
64542751
64542365
64694058
64598209
64596485
64533103
64480954
64439091
64436350
64346759
64341158
64671592
64670309
64668680
64667681
64666844
64665518
64605957
64604242
64603441
64163908
64163292
64162676
64162101
64161039
64160593
64159396
64158903
64157406
64156558
64713444
64711736
64710210
64708929
64704594
64704297
64703692
64703148
64702601
64638132
64637435
64636350
64634747
64633797
64632915
64631849
64589185
64580352
64654514
64653866
64633401
64632338
64630253
64628672
64626816
64467231
64719496
64717840
64706241
64585596
64585056
64724422
64723604
64722695
64683078
64682241
64672302
64638538
64637010
64668531
64632775
64607436
64606285
64605634
61802081
61801460
64696898
64597776
64597251
64596587
64462343
64461194
64521989
64518569
64214507
64212487
64211514
64209017
64207089
64204999
64722623
64721316
64720138
64679586
64614571
64604683
64603863
64563095
64720254
64718596
64717793
64617461
64615929
64615367
64613634
64612614
64611483
64666033
64664154
64663266
64662822
64610159
64609619
64606565
64605488
64604180
64603156
64601695
64695143
64651648
64591650
64437921
64389784
64389485
64384002
64341773
64337288
64737962
64737473
64737163
64736810
64736581
64713080
64711503
64710270
64708736
64739138
64738774
64730533
64730002
64729563
64728793
64727906
64727152
64726461
64725755
64623493
64621499
64618878
64618071
64616744
64615895
64530280
64529542
64723889
64713193
64576772
64572322
64570042
64569266
64497064
64495946
64739311
64738718
64734883
64734701
64734489
64709472
64708026
64707385
64706981
64675224
64674536
64673919
64671398
64670336
64668804
64667632
64667108
64665976
64730368
64426629
64366789
64365000
64363823
64362660
64361077
64360000
64651824
64651532
64598971
64598369
64739166
64738802
64738196
64669774
64663021
64659765
64434043
64340355
64289245
64167100
64120353
64119490
64114063
64109108
64738646
64738129
64737764
64737489
64714640
64636232
64737695
64737580
64737293
64715743
64703126
64702333
64695879
64695406
64695099
64679756
64610153
64608807
64607450
64606657
64605339
64603471
64588595
64588194
64587690
64727310
64726335
64725461
64703554
64702501
64701719
64701054
64632730
64722134
64720933
64719425
64717452
64716360
64712176
64709889
64605014
64604135
64603531
64547230
64545688
64474859
64474330
64473288
64472185
64647068
64646764
64646302
64645886
64588672
64588170
64587218
64586328
64585428
63752691
63752027
63751286
63750254
63748896
63711012
63710573
63709788
63709049
64720582
64719479
64717544
64714296
64608511
64607122
64606547
64605168
64671420
64670351
64669378
64666491
64729780
64729303
64728400
64727508
64726467
64691166
64690921
64733943
64703984
64649185
64531830
64437387
64435498
64341763
64289882
64721275
64719319
64716641
64714515
64157123
64155431
64154518
64152433
64684646
64684087
64683411
64682245
64589544
64563587
64738022
64734775
64729213
64712201
64691902
64654863
64601478
64599656
64714790
64713508
64711369
64709770
64617184
64616080
64615535
64614426
64429804
64679583
64678052
64676192
64673283
64669465
64724789
64724017
64722676
64721504
64720425
64719428
64715462
64714384
64681441
64682493
64680295
64679005
64677447
64674949
64672988
64632048
64628800
64627148
64614696
64614044
64613240
64611792
64611440
64577955
64638251
64714216
64712669
64680808
64679842
64678349
64636306
64634037
64633315
64631656
64734695
64734039
64733859
64729107
64690064
64689227
64651218
64647391
64538366
64582557
64580419
64579727
64577028
64247996
64247361
63935499
63933946
64727122
64708221
64657105
64627214
64599044
64591582
64580353
64569690
64651326
64242132
64241523
62483681
64726601
64725452
64724951
64724147
64722843
64659726
64659191
64658633
64658201
64685985
64594577
64578783
64555281
64520806
64519057
64518056
64516937
64514922
64724792
64723996
64723417
64721823
64720555
64716951
64715603
64714406
64712681
64622073
64618883
64618262
64617357
64574375
64572207
64570527
64569142
64567263
64718232
64641185
64639501
64638720
64637865
64631162
64205986
64203755
64201486
63839317
63119254
62850825
64669132
64668017
64666422
64665957
64664864
64632013
64628678
64627248
64625656
64615999
64459579
64458364
64439768
64739510
64706054
64705472
64704648
64703771
64703076
64696728
64696202
64695981
64695779
64725139
64724477
64723576
64715525
64714530
64674148
64671922
64670738
64728024
64727394
64726717
64726053
64725337
64663532
64661801
64661307
64724766
64721104
64720503
64716945
64715505
64684966
64684235
64683528
64681542
64708947
64662731
64619493
64617178
64720875
64719710
64717872
64716871
64715667
64691178
64690967
64690703
64690425
64690263
64737558
64734673
64728934
64727413
64693367
64691514
64690163
64687671
64665912
64554338
64553692
64552301
64550816
64549623
64548667
64546572
64545719
64544547
64538277
64342109
64341586
64341044
64340740
64340424
64339224
64288288
64246278
64732039
64731710
64731356
64731101
64730656
64687486
64687184
64685836
64715126
64681786
64680710
64679052
64678487
64676699
64665598
64664730
64663771
64663331
64439846
64435480
64434071
64431123
64294273
64286863
64231954
64114965
64722679
64677031
64675542
64673141
64615930
64614956
64613898
64613263
64579021
64704118
64703482
64675235
64673369
64670776
64670054
64669156
64667881
64666889
64738981
64723546
64721887
64720938
64719632
64718703
64716188
64700500
64699843
64632495
64631562
64628689
64626387
64624398
64621374
64620707
64640114
64639527
64636494
64634351
64586641
64585556
64584312
64735754
64733425
64728881
64723172
64722285
64710474
64705725
64704668
64695908
64739919
64739302
64738911
64738459
64528910
64528341
64527478
64526468
64524347
64690063
64665175
64591035
64478346
64438599
64733156
64729210
64726727
64696525
64691964
64657851
64739507
64739206
64738957
64738428
64700006
64699241
64698665
64698333
64739754
64735444
64732795
64659499
64651123
64646138
64534477
64532079
64435590
64625100
64623817
64622890
64046056
64045454
64044522
64043367
63999951
63998207
64477556
64477178
64476518
64476140
64475615
64474682
64474215
64473647
64432705
64432204
64736937
64736727
64736149
64735864
64735527
64735391
64735210
64735062
64734798
64616279
64615640
64614772
64613840
64613103
64612165
63895790
63894220
63892896
64727633
64726657
64643063
64642466
64576843
64538816
64523272
64487276
64473134
64629348
64627161
64623575
64622401
64621225
64619785
64619077
64618446
64718909
64717264
64715571
64714030
64712510
64685305
64684100
64711284
64684762
64684116
64682872
64682055
64659487
64658157
64415839
64414036
64412280
64410952
64400870
64400213
64399465
64398582
64397713
64396949
64565771
64563657
64562254
64561240
64408261
64708998
64707257
64706248
64705670
64676191
64674611
64672589
64671928
64481336
64337360
64232199
64114748
64107924
64106883
64104097
64679646
64678275
64677033
64675292
64672229
64671426
64669689
64632422
64630956
64724436
64723201
64721461
64719550
64718792
64718021
64715528
64714455
64712124
64709466
64610558
64609393
64589832
64589265
64588626
64586520
64585468
64584674
64583265
64732763
64649687
64649100
64590830
64484644
64389858
64346589
64340622
64339612
64656952
64655797
64655155
64654857
64654292
64653855
64653358
64499157
62748461
64234055
64233587
64233256
64232830
64232480
64232100
64231792
64231521
64231123
64230799
64729706
64729228
64728351
64727550
64726947
64726451
64713664
64712390
64711138
64698111
64697242
64696726
64536126
64401900
64401358
64400386
64399530
64616059
64615166
64613792
64612838
64611951
64533915
64533605
64728200
64727305
64708131
64707454
64707024
64705961
64705533
64704922
64704106
64697450
64696448
64694097
64483080
64433771
64336455
64288956
64288453
64284892
64151865
64111526
64679430
64678410
64677581
64675780
64670038
64636835
64635100
64634285
64635872
64631936
64629342
64627429
64401324
64400263
64399228
64398256
64714843
64574003
64529787
64528485
64491257
64456664
64440800
64615046
64578303
64576444
64574961
64572904
64545036
64543947
64542731
64542006
64736372
64732875
64731398
64724934
64701026
64690423
64686901
64668121
64661519
64657392
64718941
64717055
64714593
64713762
64712103
64711368
64710463
64709267
64708329
64316461
64314648
64738471
64737999
64737737
64737273
64736912
64736512
64698024
64697637
64697064
64696520
64725643
64724224
64722704
64721162
64719781
64610323
64609019
64608407
64739668
64739017
64705440
64696920
64655382
64654989
64645880
64645108
64721073
64718472
64716375
64715290
64681898
64680386
64679459
64730374
64729129
64721591
64708868
64703931
64695492
64684522
64664907
64658918
64738269
64735900
64719010
64708462
64698790
64683180
64670264
64666537
64663233
64653212
64726196
64725387
64724165
64720543
64504914
64503367
64502013
64501216
64719339
64715680
64714155
63895287
63892605
63891661
63890146
64605864
64604903
64604202
63185806
63175276
63174070
63173399
63172152
63171155
64719111
64716332
64715388
64662180
64661909
64619279
64617944
64616595
64714881
64713922
64710990
64671953
64671001
64670081
64669560
64629919
64682389
64680844
64711431
64679264
64677387
64675697
64673728
64671827
64670563
64559182
64716552
64714715
64712834
64664618
64633554
64629404
64628559
64708766
64707750
64706622
64705887
64703427
64700817
64700225
64699513
64688735
64688446
64688103
64586528
64585130
64573919
64572600
64571051
64681223
64679717
64678632
64676829
64630172
64578212
64520980
64508672
64507502
64504734
64469142
64515425
64514080
64511899
64471318
64277679
64275862
64275218
64274325
64273024
64271308
64520697
64467608
64466476
64323964
64648636
64585406
64584451
64583578
64582420
64581309
64579415
64562371
64561204
63707163
63705387
61738696
61737751
61737332
61737034
61415380
61309261
61307819
61285493
64586726
64585764
64585166
64583664
64582146
64581200
64580317
64525055
64660235
64659673
64659006
64658426
64657509
64657021
64656629
64656189
64712630
64711154
64709152
64707614
64706885
64705968
64705185
64704599
64576394
64574846
64572362
64571556
64569203
64427781
64426693
64425760
64424335
64733460
64733199
64732740
64732409
64732138
64672453
64670627
64669517
64422508
64420475
64692366
64647271
64643185
64599114
64528912
64527082
64478102
64453552
64438773
64659690
64658936
64658092
64657554
64657093
64656749
64562167
64560386
64558824
64550935
64549814
64548574
64547412
64025665
64001713
63943085
63941948
64726683
64725400
64674337
64671481
64670835
64669522
64666807
64625320
64736014
64732164
64731460
64730657
64729602
64728865
64709990
64705746
64701821
64634711
64629055
64712385
64678292
64677093
64632617
64631695
64630487
64629465
64574940
64573682
64733649
64733470
64733203
64732999
64732744
64692006
64691781
64691545
64691297
64147488
64145333
64143829
64142255
64140979
64139837
64138634
64137591
64136376
64135164
64719857
64718217
64715541
64671374
64627601
64680540
64677144
64674460
64673014
64671984
64453861
64661677
64661200
64611336
64570206
64569103
64568015
64565160
64405730
64404776
64371436
64370056
64368965
64367401
64365918
64364820
64363662
64013911
64013694
63977980
64678976
64676976
64673903
64673214
64670276
64617898
64617444
64740003
64738625
64733375
64733170
64732929
64732702
64732432
64715087
64713736
64553272
64552632
64550310
64707644
64678783
64603553
64561026
64560505
64549581
64547717
64545489
64721157
64719615
64718080
64716182
64714722
64713636
64712516
64680466
64602349
64601511
64600704
64525357
64524612
64518640
64422962
64421916
64417201
64355771
64354999
64354285
64292039
64291768
64291467
64291134
62219096
62218535
64730008
64729285
64728490
64727831
64726879
64725662
64723790
64722575
64721739
64734830
64697751
64592463
64482645
64482008
64432892
64336135
64740046
64735592
64733920
64733509
64732469
64732322
64731697
64730391
64730020
64726736
64737396
64736954
64736531
64736271
64735907
64735593
64732887
64732696
64732449
61710642
61529015
61528348
61527677
61527122
61526045
61525542
61524714
61522704
64423790
64730927
64730466
64729979
64729793
64729219
64728318
64727593
64702866
64702094
64701330
64723048
64721873
64720777
64719007
64718020
64716184
64697486
64697266
64738159
64713877
64712576
64709127
64707824
64707130
64700801
64655241
64654268
64632342
64583741
64582183
64580569
64526594
64733726
64733531
64733335
64733096
64691766
64691603
64691438
63988949
63987521
63986572
63985556
63984574
63983600
63982965
63982474
63981879
64485448
64484568
64484226
64474902
64473791
64473312
64096004
64094872
64093748
64388418
64341974
64337294
64230995
64114560
64112044
64110472
64107564
64101600
64638745
64630951
64628769
64580452
64579909
64576978
64326449
64662066
64660505
64659414
64658727
64658061
64657616
64656208
64579846
64683067
64682339
64615922
64614732
64723026
64715443
64713229
64668683
64633205
64631970
64620400
64619637
64714623
64712972
64709784
64708449
64399202
64398281
64397634
64397092
64152035
64722680
64721048
64719968
64719175
64680927
64678408
64479478
64612565
64611304
64609782
64503573
64502463
64501140
64499926
64457357
64455490
64738695
64738398
64736168
64735946
64733755
64713272
64706097
64705180
64638491
64700731
64700291
64699643
64699003
64698822
64662513
64313990
64312405
64310589
64659545
64659138
64566008
64564647
64563557
64396253
64351298
64667944
64667177
64651345
64651198
64650878
64650674
64650568
64650415
64626660
64625131
64608330
64606173
64598717
64598095
64507775
64505763
64411173
64410004
64408995
64736910
64713467
64706845
64698284
64695377
64690724
64688160
64667191
64728657
64727924
64726996
64726434
64724417
64723427
64721837
64662855
64726992
64720721
64740487
64739786
64739048
64738751
64738230
64735102
64711239
64709929
63847359
63799800
63798110
63796828
63794233
63739324
63738339
63737382
64740254
64703935
64676859
64674715
64671639
64692519
64383100
64227530
64208091
64157149
64133817
64109413
64107417
64105823
64730748
64730420
64729595
64728868
64728355
64688528
64553521
64550702
64725741
64725216
64724506
64723883
64723086
64721851
64685096
64683507
64740980
64740303
64739835
64739355
64738796
64738574
64738226
64676958
64675634
64637355
62994099
62993877
62993578
62993267
62737920
64671948
64671191
64631545
64629884
64628523
64546693
64723597
64722321
64720779
64718528
64716676
64637456
64635986
64632187
64631381
64606044
64605380
64558509
64539336
64538730
64363689
64362061
64360164
64305056
64561230
64527518
64526912
64450089
64449214
64448576
64430459
64402730
64401708
64401441
64612692
64611975
64610082
64178500
64178124
64177158
63982412
63981618
63980606
64603385
64602791
64601433
64600506
64553403
64551405
64440803
64440290
64546594
64546101
64545323
64544156
64543050
64485651
64485124
64484647
64210172
64728182
64727707
64727139
64721242
64712118
64721209
64720233
64718563
64610014
64607157
64489811
64489373
64731426
64692068
64691799
64660555
64644607
64595259
64593832
64581181
64535129
64711527
64710240
64709442
64659899
64659340
64657921
64641314
64663941
64663661
64661597
64661031
64660372
64659846
64652271
64720272
64718744
64717586
64716887
64715294
64713694
64713177
64711585
64710284
64718022
64738772
64720571
64718622
64703455
64703106
64521778
64520022
64518814
64516960
64514311
64427398
64426429
64424922
64423425
64422817
64727129
64726269
64725210
64723869
64720904
64718873
64716808
64714923
64735983
64735672
64735352
64735077
64734773
64732593
64732293
64731821
64441759
64441142
64714766
64713852
64658467
64402805
64725446
64682983
64682271
64614278
64612782
64611005
64609383
64586860
64586048
64499988
63440700
63439944
63414599
63397314
63396385
63395087
63370801
63370194
63368967
64604859
64603529
64597519
64311975
64730154
64729520
64729056
64728739
64727646
64726679
64334371
64334143
64333695
64710384
64709417
64708150
64686567
64417818
64416471
64414416
64413064
64713464
64711854
64710409
64709032
64707657
64706900
64706237
64679895
64676940
64725912
64724830
64724105
64663275
64634598
64629832
64628752
64627357
64625234
64348623
64318500
64316540
64214776
64213353
64211219
64209335
64207563
64180624
64674455
64673510
64642575
64641729
64639877
64639014
64638178
64637240
64636071
64620961
64620342
64619412
64732952
64677561
64650204
64650130
64649863
64649652
64645934
64645556
64710138
64709444
64708349
64606994
64605401
64598642
64597293
64596911
64596595
64726749
64725318
64724280
64723580
64722579
64721493
64720341
64719626
64717970
64701248
64699146
64697598
63585361
63585181
63584875
63472314
63470544
63469702
63467811
63466312
63465123
64611549
64609355
64608573
64607568
64577753
64575698
64550857
64549803
64548649
64705895
64712255
64710891
64708660
64670682
64668720
64666720
64686329
64685393
64685060
64683076
64680536
64677046
64674994
64739283
64675028
64673558
64672686
64671081
64652870
64652667
64651809
64703304
64352117
64350888
64270675
64269522
64267736
64266621
64264990
64732298
64732123
64731743
64731400
64639449
64638373
64637086
64730926
64730491
64730029
64729518
64729284
64685681
64684714
64683800
64681152
64615837
64613379
64612038
64610726
64609581
64602500
64546564
64545970
64717393
64716198
64715319
64667382
64459554
64458612
64457451
64456004
63906952
63905608
63904327
63902725
63869563
63869076
64727549
64696554
64694971
64673703
64669312
64657455
64654304
64650995
64634383
64631714
64736932
64705271
64704433
64704037
61817738
61817206
61816427
61816060
61815470
64652084
64651606
64651365
64651015
64650704
64650479
64650330
64650055
64649796
64720620
64719049
64718295
64698228
64697982
64679257
64724122
64723258
64722137
64720468
64676660
64674094
64673353
64671397
64720800
64719740
64716770
64715152
64713486
64712114
64710831
64710339
64711970
64710234
64633943
64631912
64630796
64628740
64519514
64517535
64723291
64721550
64718067
64714860
64713781
64712006
64725382
64724731
64723355
64686718
64685749
64656972
64656290
64655724
64711574
64706618
64699669
64698759
64698238
64696772
64695456
64679208
64671625
64681656
64047906
63440375
64719181
64717199
64716075
64714463
64713029
64682445
64680902
64679685
64678462
64677231
64731162
64730707
64730190
64729550
64729172
64728577
64727597
64726761
64725543
64686867
64722547
64720966
64718876
64718170
64656832
64656297
64655995
64655545
64736224
64736006
64735677
64735337
64733801
64733700
64649734
64602991
64601613
64600932
64585977
64585289
64584463
64583408
64723182
64722566
64707820
64664547
64631174
64629677
64682097
64680341
64679477
64153017
64151247
64149528
64147852
63900660
63898876
63896920
63794640
63793884
64729972
64729606
64728841
64728097
64727456
64726524
64721401
64684771
64603314
64602294
64560105
64559319
64500633
64500053
64467475
64466343
64629596
64627897
64626525
64624626
64612576
64553298
64552311
64551706
64548947
64501589
64500139
64498932
64496982
64495995
64324487
64323490
64321756
64641329
64639038
64638110
64637168
64586359
64585401
64584039
64675848
64673832
64637547
64636158
64631312
64628607
64626284
64667746
64666833
64665818
64665012
64664372
64663868
64663454
64540275
64539161
64715933
64714134
64674555
64670016
64668599
64569706
64568783
64567264
64565909
64648120
64595720
64593587
64584094
64439012
64433696
64292465
64234559
64232748
64508222
64506955
64505755
64503987
64249850
64704935
64704251
64703890
64703230
64702449
64701763
64665059
64664192
64625499
64623762
64622059
64621034
64619421
64613694
64612747
64129922
64129137
64128424
63996660
63871498
64669014
64667873
64666620
64665404
64619969
64618691
64612744
64609783
64727189
64725916
64724680
64724040
64723203
64721527
64720400
64718820
64717714
64715359
64669785
64668201
64452543
64451791
64402960
64402645
64741705
64724740
64723008
64721379
64719553
64695991
64695243
64584815
64583426
64528337
64527014
64526228
64525413
64524127
64226864
64226415
64225522
64224536
64641164
64640334
64584130
64582755
64517813
64516455
64515165
64513696
64512707
64464228
64665745
64665184
64664289
64663805
64663519
64638733
64636374
64597470
64596922
64674245
64672084
64669062
64375030
64372864
64366354
64365216
64628275
64600551
64560475
64559811
64550299
64548799
64542406
64541441
64539266
64657811
64656352
64656118
64655113
64654211
64649531
64648691
64483176
64366141
64341917
64167962
64135162
64112715
64112108
64109369
64354266
64306354
64243439
64242333
64240913
64234398
64233860
64233582
64201505
64735397
64734962
64594287
64593998
64593633
64593156
64592937
64546452
64491351
64736874
64736604
64713138
64711943
64668641
64667545
64666682
64739692
64739217
64738953
64725021
64723757
64722770
64720950
64706545
64706191
64705302
64740929
64740630
64739366
64738044
64737604
64737401
64737262
64737022
64736778
64667567
64653789
64653446
64652966
64652552
64652218
64651721
64651516
64651165
64650943
64650646
64589200
64588420
64587618
64587005
64586445
64585391
64584034
64582669
64581144
64580147
64738105
64732915
64730872
64724160
64723070
64712041
64711106
64706865
64704789
64701943
64701376
64659114
64658693
64658158
64657483
64656874
64656170
64609756
64634313
64509445
64507824
64488076
64419327
64416493
64415236
64245297
64172962
64717297
64684114
64683435
64682677
64681073
64677947
64675971
64667698
64666607
64689211
64688871
64644348
64643850
64642959
64471952
64470568
64334118
64283988
64241425
62503286
62248939
62248546
64719117
64717219
64714920
64713793
64712409
64711074
64704178
64703734
64702749
64701991
64622111
64620557
64619349
63697539
63696548
63695067
63693998
63693455
64713394
64712144
64596162
64595566
64595085
64578452
64577326
64576016
64573847
64729489
64651566
64387139
64343742
64341911
64337423
64336208
64293855
64231968
64724767
64723999
64722788
64668214
64667190
64665978
64661567
64660694
64660054
64659686
64723025
64721966
64718864
64660841
64660218
64640949
64639757
64638416
64637270
64711437
64710625
64709681
64256094
64254986
63900250
63894555
63892582
64737286
64736909
64736496
64702051
64700708
64700116
64672884
64671164
64669511
64668584
64667121
64616759
64596014
64595705
64741360
64737195
64736785
64736289
64734859
64734720
64734248
64727668
64725412
64707429
64665923
64665098
64664644
64442745
64674126
64624570
64623527
64548517
64510997
64729536
64729009
64728531
64727427
64687096
64686399
64685599
64642666
64615451
64614441
64613158
64612238
64595629
64232370
64232089
64231758
64197108
64737692
64612139
64337928
64232719
64227225
64113115
64111580
64107448
64107087
64591827
64407949
64406584
64405507
64404877
64403823
64403103
64402626
64254472
64694143
64689766
64686886
64666891
64653443
64647861
64622361
64647240
64646779
64646603
64646172
64645636
64645377
64644876
64644460
64740512
64740075
64739193
64733682
64733513
64732313
64632454
64631710
64630236
64629524
64715787
64714183
64712978
64711257
64710393
64709476
64701993
64703525
64702933
64701364
64700750
64698639
64692702
64606757
64559612
64557925
64534216
64480869
64717385
64713364
64711858
64710196
64708802
64707380
64706391
64663071
64741994
64741737
64741156
64697288
64696784
64696326
64667718
64667315
64712412
64710388
64709232
64667435
64666289
64712909
64711626
64707736
64686288
64331835
64331208
64330146
64276113
64275058
64586453
64585901
64584924
64583448
64581949
64580214
64579269
64578349
64576348
64722412
64721528
64719612
64717620
64662875
64659505
64631376
64552327
64551377
64550425
64544406
64543680
64540031
64146993
63841363
64724652
64721223
64710255
64697854
64682566
64660529
64636046
64633626
64665285
64615265
64612999
64609003
64607519
64602038
64601469
64732576
64732341
64732020
64731839
64731555
64731304
64731083
64730719
64730279
64729889
64582497
64466161
64384306
64378223
64377535
64375585
64355465
64352081
64228711
64616903
64615735
64614915
64614143
64719548
64718102
64716168
64713742
64712145
64710832
64709422
64677900
64672504
64632309
64616884
64611719
64610728
64609392
64607997
64689206
64434643
64341310
64340116
64338222
64337520
64167215
64741966
64741690
64741355
64741066
64740759
64732384
64732081
64731762
64731386
64719934
64718194
64626065
64625178
64619990
64598829
64598043
64596060
64595416
64742071
64741562
64740904
64740318
64740041
64739764
64739264
64738951
64613283
64604810
64603708
64603232
64572526
64571303
64569671
64515588
64420362
64741268
64740922
64740577
64740012
64739559
64694833
64658145
64614099
64676482
64675386
64671479
64669747
64662237
64661361
64713511
64707276
64706883
64706207
64691886
64663738
64593837
64710103
64709454
64708684
64668852
64667471
64630276
64628226
64626765
64680227
64679247
64677982
64676700
64674840
64673280
64671950
64670353
64699764
64699080
64698227
64697590
64697151
64696471
64695982
64695709
64695340
64694891
64741575
64740422
64725567
64707888
64704327
64695931
64684357
64662064
64659169
64656317
64528663
64527511
64526721
64526058
64740835
64740363
64739847
64739201
64732780
64732534
64731749
64350239
64349485
64348358
64705412
64704631
64703823
64703170
64702491
64701727
64700960
64722828
64721815
64720599
64718716
64657620
64656283
64655855
64741518
64741085
64740563
64740327
64739855
64697946
64661315
64633791
64526021
64429975
64386774
64342217
64289867
64233182
64229869
64640117
64638871
64634878
64633388
64631630
64585246
64584158
64542635
64508834
64507989
64504934
64503824
64503230
64502034
64501278
64498954
64269807
64711487
64710102
64708733
64707214
64706607
64706049
64674287
64673512
64672878
64722925
64722112
64720461
64695994
64695784
64695004
64619555
64618821
64730796
64730273
64729806
64729098
64727900
64590588
64590113
64589631
64588944
64675306
64604696
64576864
64575139
64574130
64456843
64409472
64351613
64318619
64713266
64711789
64467967
64461694
64459814
64458407
64411325
64410429
64409409
64538936
64538570
64538009
64537497
64537155
64536563
64536156
64535848
64535409
64730637
64729258
64722489
64709456
64705289
64692984
64669444
64663124
64659725
64649756
64682596
64646667
64645599
61635722
64728759
64712171
64702334
64687812
64665356
64649501
64644428
64586927
64561244
64552110
64579302
64577408
64489620
64395819
64394903
64284165
64283652
64283076
64120147
64102779
64591703
64591552
64591202
64590871
64590351
64589489
64589183
64284144
64283215
64742630
64742311
64731217
64731008
64730639
64730191
64729661
64729339
64728978
64742683
64741903
64739029
64738487
64738192
64701696
64700942
64616702
64599208
64586017
64734272
64683276
64682123
64645973
64645364
63350419
63350002
63349697
64725581
64549374
64521387
64210928
64209302
64208213
64132678
64125456
64125035
64623822
64621897
64620772
64569901
64521870
64520126
64497471
64727822
64727366
64726303
64725061
64723985
64723163
64722333
64720512
64719484
64718598
64720298
64718510
64717121
64715565
64714057
64713185
64711783
64710799
64728897
64728412
64727554
64726324
64662093
64661151
64660356
64659804
64623142
64688882
64688350
64684321
64429758
64737960
64737501
64737119
64736779
64729849
64728966
64728487
64727470
64737352
64635759
64576617
64574045
64484469
64483959
64472987
64472001
64732380
64732006
64731819
64731379
64731097
64730804
64730488
64729922
64729688
64728923
64719466
64717507
64714419
64711764
64710698
64569086
64567983
64566802
64711537
64709345
64669658
64603919
64603018
64601924
64600124
64578502
64577368
64686698
64685848
64684141
64682859
64681480
64680411
64678094
64699806
64699488
64698455
64698193
64456965
64410693
64308216
64728814
64728462
64727951
64727322
64726118
64724688
64722371
64720162
64718741
64738139
64737494
64703765
64699410
64696278
64692179
64651330
64534080
64530966
64712344
64710434
64631359
64626910
64560054
64723207
64722114
64720500
64718643
64670291
64667295
64620189
64731922
64731777
64731371
64731143
64730577
64729737
64728323
64727538
64726569
64717391
64716216
64715158
64714569
64713348
64712432
64672583
64671752
64670363
64741817
64741241
64740838
64740561
64740191
64739685
64720430
64719077
64725520
64724339
64722595
64721577
64700741
64636573
64635828
64634794
64632723
64631215
64629764
64627768
64618573
64616116
64736589
64736394
64736158
64725422
64724663
64723813
64722507
64721651
64720327
64718289
64538006
64537287
64535575
64535250
64489705
64621702
64617854
64617090
64567784
64566559
64565226
64742576
64741586
64698232
64490641
64490188
64489402
64489013
64663988
64663243
64662841
64618212
64616782
64714889
64681015
64679360
64677395
64676410
64673817
64636081
64634566
64632202
64711147
64710395
64709542
64707256
64706775
64664129
64663610
64656668
64730398
64729852
64728724
64727469
64644463
64644088
64643355
64719112
64717519
64680211
64678564
64677657
64465590
64328541
64326953
64325440
64323487
64321598
64319807
64318626
64316396
64692714
63780395
62251254
62250867
64739260
64738816
64738296
64737820
64737578
64737309
64737091
64701572
64663019
64661453
64660887
64660076
64658441
64564569
64518151
64516205
64511555
64510636
64509176
64507690
64585905
64584947
64583807
64582457
64581331
64579684
64577893
64575834
64573842
64741664
64739912
64738507
64737607
64731965
64729691
64725513
64724628
64726815
64725503
64718823
64638772
64607543
64606033
64604784
64603645
64548509
64547602
64513650
64717923
64715890
64714132
64713218
64711911
64711219
64709697
64707155
64457759
64479178
64385298
64291033
64290769
64289361
64114148
64112232
64109275
64699563
64698987
64698145
64696434
64695601
64694712
64556346
64554111
64552635
64551448
64371567
64370621
64368718
64367086
64589900
64572832
64434873
64431477
64343739
64337790
64337329
64289870
64274181
64212667
64607906
64607335
64606544
64598113
64597792
64596985
64585055
64699428
64689491
64689183
64688765
64688479
64688138
64687112
64646143
64645955
64645635
64645308
64526197
64525265
64524174
64522910
64521464
64689821
64689359
64688973
64688497
64641864
64590988
64590827
64590615
64590106
64589748
64740340
64739879
64739196
64738810
64738309
64717010
64715061
64713683
64712452
64711246
64668951
64667798
64665428
64664815
64627395
64624602
64623199
64622088
64727397
64726419
64684627
64683464
64641417
64635246
64631696
64619528
64532114
64531968
64531664
64531560
64531178
64530797
64530413
64529947
64529442
64529060
64736653
64292937
63981731
63981333
63961232
63960072
63381598
63381091
64732429
64731966
64731643
64731036
64730162
64729557
64728684
64670138
64669042
64578822
64577425
64576319
64574591
64571535
64569295
64670066
64669321
64668167
64667143
64321196
64320157
64318731
64317778
64316129
64682111
64680760
64677508
64676329
64674114
64625925
64736836
64736675
64736431
64694947
64694472
64652232
64651985
64651875
64651649
64737639
64737217
64696756
64696536
64696252
64695878
64695499
64695146
64694896
64715358
64713948
64507655
64506350
64505360
64503725
64502809
64366401
64364790
64639210
64610337
64609339
64608737
64607619
64606703
64654064
64653534
64653106
64743075
64742366
64741717
64741044
64740416
64629202
64627903
64625872
64624847
64623410
64739911
64739631
64708920
64673405
64650196
64650005
64635155
64576362
64739661
64739418
64735436
64735129
64706461
64705949
64697887
64697552
64659801
64720949
64719578
64718124
64716356
64715180
64681740
64680171
64676714
64675491
64722135
64721029
64613327
64612602
64611940
64611341
64605797
64604182
64491081
64490214
64489540
64489112
64488542
64614369
64613229
64611436
64608881
64607584
64605515
64713610
64711654
64678496
64676275
64674647
64672267
62724550
62712643
62426892
64738092
64644596
64637214
64593684
64526640
64479589
64445260
64438268
64435568
64404640
64719287
64717252
64714983
64701647
64701172
64700554
64699902
64641264
64610730
64534492
64055726
64055436
61599001
64743495
64742878
64742452
64741886
64741525
64741007
64723637
64722802
64720642
64738002
64697096
64696874
64653575
64486233
64740437
64706779
64705409
64699866
64699178
64698897
64698028
64736536
64728373
64726816
64726152
64724459
64722609
64719572
64718064
64714930
64678553
64677101
64675965
64674218
64718158
64716820
64715464
64714467
64712568
64698250
64556511
64555939
64554615
64722052
64721167
64720031
64612673
64611021
64643214
64642417
64641248
64742326
64741820
64739961
64711803
64710491
64706155
64700389
64688550
64675053
64538057
64536311
64536105
64535529
64535301
64535008
64534541
64533795
64533442
64670316
64669358
64668130
64666513
64665322
64728311
64727391
64726629
64725575
64724406
64722931
64720820
64719825
64718229
64568367
64567199
64565380
64550075
64549037
64742561
64728930
64717797
64712507
64688460
64685272
64683833
64674939
64735825
64735461
64735257
64696921
64696527
64659390
64658872
64649562
64649429
64649151
64736280
64723227
64695477
64695262
64651779
64596564
64699838
64699144
64693759
64691510
64691243
64649862
64649460
64595744
64590969
64540079
64625182
64623258
64621774
64615137
64579856
64499144
64498611
64497540
64496933
64743498
64742950
64731472
64731211
64730761
64730422
64730109
64729855
64729234
64728695
64726300
64725514
64724158
64722525
64721532
64700683
64700286
64699876
64574753
64570375
64568883
64567870
64566347
64515576
64514819
64513910
64512656
64728265
64686082
64661305
64660466
64659641
64332747
64689487
64689245
64688809
64688202
64430867
64430049
64429241
64384835
63530944
64729836
64729057
64728605
64728035
64727338
64726201
64668427
64642472
64641508
64693519
64651644
64480870
64375499
64342174
64295151
64236100
64145395
64114741
64676453
64626590
64625108
64623847
64537067
64536797
64536370
64535834
64743256
64742954
64742695
64742356
64714953
64712410
64711022
64722043
64701441
64678124
64665832
64661348
64657918
64644617
64605652
64600605
64691429
64690412
64689985
64689560
64668966
64312851
64311333
64310535
64309865
64234449
64234257
64233606
64728364
64704268
64702614
64701732
64590813
64590406
64742354
64731667
64731476
64683306
64681866
64680495
64679137
64636337
64635069
64633679
64631374
64630019
64724721
64723620
64721910
64682412
64743778
64743124
64742773
64741993
64741403
64704758
64703265
64610602
64568632
64566779
64565547
64560185
64559382
64558606
64480258
64480036
64479809
64479540
64479350
64479075
64478697
64478527
64472501
64727116
64726498
64724863
64724195
64723779
64719969
64630229
64629266
64673064
64568961
64567062
64564149
64551768
64550661
64549327
64548684
64677059
64257865
64256668
64255942
64254826
64253917
64065316
64622126
64657185
64656179
64655864
64655654
64655325
64654993
64654599
64512803
64492317
64743331
64716234
64715297
64659443
64658735
64657651
64613410
64742304
64741695
64741278
64740708
64740008
64739602
64701911
64512833
64502371
64501081
64500147
64498909
64677950
64676861
64626663
64573267
64511913
64466266
64418754
64366826
64322432
64738101
64737826
64737387
64736643
64708457
64707398
64705988
64705198
64675539
64647618
64647407
64655308
64732191
64729154
64726936
64684135
64646256
64645966
64645446
64711522
64710641
64696078
64451459
64450579
64350058
64349029
64739384
64738941
64738789
64737635
64737425
64737095
64736721
64725815
64721570
64720098
64718240
64714494
64713194
64712038
64711227
64742475
64741246
64738197
64732569
64693167
64692097
64689712
64653923
64650442
64688936
64688117
64687537
64686794
64685921
64684932
64684091
64683492
64682687
64681732
64707913
64706833
64705885
64705613
64651663
64651357
64651211
64650749
64650664
64743918
64740260
64484265
64482800
64436962
64404785
64391870
64629350
64622438
64621782
64606882
64587826
64705875
64705396
64617395
64616234
64615408
64596269
64594413
64593942
64705333
64665145
64663105
64668452
64622481
64621301
64620316
64619383
64618794
64618128
64617317
64685165
64684234
64683370
64682314
64681451
64736690
64736454
64440908
64394397
64393900
64393509
64290457
64290252
64289763
64289494
64681985
64681134
64679471
64755311
64754745
64753520
64752235
64750929
64750380
64749475
64749017
64748187
64702594
64701972
64700158
64699657
64605764
64355206
64353400
64261980
64748581
64747118
64745800
64745331
64737159
64731173
64705074
64703398
64699425
64751475
64745332
64593692
64559805
64551072
64549835
64548832
64547891
64546603
64545463
64406105
64405355
64123116
64122432
64121819
64092298
63796998
62904934
62797189
64769565
64768810
64768361
64767224
64765955
64764481
64762892
64761577
64642014
64640895
64736982
64650970
64434265
64338565
64337211
64274460
64116621
64114129
64113504
64722187
64661194
64660732
64660297
64639610
64638343
64637517
64546932
64493917
64493408
64771500
64764449
64761922
64760095
64752273
64746307
64742926
64734794
64729697
64705691
64709026
64707872
64681359
64679947
64678728
64668042
64667130
64666563
64566509
64565639
64564063
64563137
64562199
64560615
64761770
64759998
64758845
64757935
64756857
64755293
64754397
64752674
64725221
64724386
64730062
64729335
64728045
64727170
64726091
64724654
64723396
64687566
64687153
64686375
64435794
64435651
64164775
64164346
64164046
64163143
64162648
64161801
64160917
64159758
64574593
64572347
64571352
64567288
64717820
64676546
64615321
64582437
64569048
64540553
64514708
64513424
64733436
64733165
64732961
64732800
64693602
64693376
64693213
64692964
64692745
64767181
64766334
64765740
64764678
64763739
64762234
64761392
64759608
64757982
64756223
64755419
64616255
64614487
64612120
64611503
64610352
64609300
64608085
64653541
64653121
64652883
64652465
64488501
64213418
64212236
64210303
64207983
64762085
64760817
64758720
64757697
64756398
64755516
64754376
64511661
64510229
64508958
64740239
64734637
64731976
64697370
64695219
64692126
64691220
64689901
64656028
64607391
64605233
64600566
64599661
64766395
64764890
64764017
64762947
64662767
64662363
64661754
64661226
64504207
64502836
64639285
64635841
64633729
64632644
64467827
64466325
64465342
64464634
64604300
64531669
64531528
64531289
64530813
63807324
63807120
64700740
64700276
64599760
64543362
64441576
64394236
64298075
64244797
64771638
64771354
64771002
64769236
64768865
64768142
64767241
64765723
64764537
64770960
64770381
64769514
64768522
64767041
64766198
64765227
64763991
64762071
64760854
64724621
64723776
64721828
64718008
64715882
64715037
64713430
64712091
64710503
64757069
64746953
64736029
64735781
64733640
64732097
64720911
64696368
64695052
64693706
64760774
64758751
64757090
64756058
64745890
64745466
64704537
64692861
64666639
64738324
64737979
64737561
64737147
64736850
64735870
64735623
64735474
64604764
64604116
64603251
64559332
64558276
64557255
64751091
64750262
64749063
64748295
64747603
64746729
64714995
64711985
64626722
64765029
64764047
64763396
64705309
64704511
64703915
64700229
64767792
64766540
64765664
64764880
64764000
64763155
64716959
64715582
64714432
64762784
64761860
64760334
64759079
64757612
64756573
64755378
64753889
64716484
64761338
64759873
64758800
64756897
64755760
64752041
64751011
64750271
64749539
64748992
64634247
64632654
64631466
64629207
64627364
64625913
64623863
64621665
64620128
64763322
64761530
64759504
64758200
64756616
64754671
64753487
64752450
64722668
64720929
64718833
64564347
64451192
64449092
64444950
63915501
63915048
63914834
63914055
64759777
64757823
64740436
64739829
64739419
64710389
64632709
64628808
64627928
64625878
64621218
64619982
64618803
64574574
64573642
64710324
64708910
64707741
64706750
64705984
64705421
64704128
64703343
63367317
64726774
64725551
64724404
64723613
64722017
64720683
64719434
64718690
64717649
64747572
64746981
64716741
64715602
64712584
64711725
64710886
64710065
64758390
64756366
64755010
64753128
64752073
64751548
64750313
64749718
64749114
64748151
64747197
64746332
64745804
64745042
64741910
64741484
64740815
64740372
64739852
64735986
64734860
64734714
64734539
64734350
64772789
64772489
64771943
64771273
64770879
64770379
64769909
64764185
64762204
64581352
64579943
64578318
64576465
64573035
64570982
64569778
64523466
64522664
64766932
64766230
64765622
64764029
64760858
64758617
64637612
64635072
64729292
64623810
64621918
64189678
64188575
64187760
64186962
64147380
64145723
64756074
64755020
64754005
64752359
64751651
64747374
64667743
64665576
64543380
64728160
64714614
64693747
64683204
64676727
64654233
64649434
64643883
64641407
64727967
64727218
64726181
64723970
64722633
64722035
64720553
64686847
64686579
64551130
63784749
63714477
63714148
63713943
63713661
63713265
63712848
63712606
64711582
64666601
64499656
64498416
64307632
64306721
64001356
63999625
64769620
64769191
64768867
64768005
64766716
64765960
64765285
64764275
64762832
64761227
64748620
64747584
64745144
64705422
64704597
64704045
64703263
64679428
64677853
64633516
64661498
64660539
64633788
64632861
64522497
64521566
64520695
64519583
64517468
64505974
64755474
64753578
64731688
64731540
64730730
64730563
64730175
64721490
64621521
64620577
64619716
64507702
64407556
64406780
64405664
64404781
64404159
64658844
64658034
64657282
64631686
64630752
64628832
64594703
64594065
64614427
64613345
64303951
64266098
64193100
64177514
64176914
64170070
64671809
64561450
62804770
62642414
62610577
62609579
62608532
62607507
62606891
64705831
64704587
64704053
64703596
64623609
64606500
64605236
64559148
64585562
64585042
64581382
64580351
64579400
64540499
64530698
64530477
64529516
64679732
64675652
64673638
64568244
63293982
63292585
63291624
63290331
63259494
64768219
64767081
64766184
64764860
64726081
64724947
64723507
64721884
64721168
64397934
64397368
64396601
64395786
64554775
64554157
64552741
64551854
64550852
64325280
64324140
64323212
64275627
64668939
64667602
64223295
64222697
64221937
64221176
64220419
64219333
64218427
64756985
64755753
64754126
64752633
64751917
64751061
64712090
64711400
64670442
64750864
64749423
64708335
64707446
64618489
64766046
64714850
64712974
64667828
64628572
64499661
64498532
64497310
64496651
64759756
64758682
64757530
64756371
64754606
64753655
64752642
64751232
64750673
64682758
64741462
64727643
64726921
64725405
64724326
64722102
64721087
64714610
64606680
64380324
64379047
64377630
64375918
64375051
64372846
64767869
64766702
64765525
64763291
64713291
64711183
64709740
64708648
64606315
64604489
64603339
64602307
64601927
64601288
64596243
64595703
64692399
64482585
64437925
64434142
64423128
64388577
64340910
64292083
64693540
64687208
64663508
64655825
64654206
64653253
64652337
64587919
64710500
64709609
64708552
64707510
64707017
64706562
64706051
64688640
64764112
64762346
64761212
64760127
64758199
64756681
64755831
64754834
64634047
64632483
64551402
64550705
64550187
64549061
64548208
64547303
64546428
64545982
64545283
64702821
64702303
64701889
64701111
64700502
64468137
64466273
64465177
64463210
64772460
64771933
64771298
64729088
64727299
64726557
64725752
64677140
64770739
64770189
64769754
64768686
64767544
64766903
64765727
64764119
64762592
64761742
64721600
64680271
64678899
64676084
64675138
64671711
64668139
64359369
64357902
64677609
64676443
64674796
64672769
64671159
64670260
64638318
64635001
64744195
64741641
64734331
64639625
64592892
64531931
64494673
64480459
64769721
64768903
64767959
64767069
64747895
64747360
64746653
64746225
64745704
64745290
64761428
64759443
64758410
64757340
64754752
64725068
64710822
64749230
64742982
64742054
64725352
64724433
64689490
64688650
64688309
64735063
64343876
64339388
64337858
64337319
64336558
64297562
64291844
64291566
64230891
64749245
64748193
64747187
64746759
64746273
64745590
64744995
64744269
64743593
64742839
64713182
64712209
64711484
64710309
64708933
64707754
64663404
64662648
64771587
64771075
64583277
64528213
64527828
64764798
64763019
64762114
64760211
64759089
64757097
64755062
64754114
64752536
64751113
64743925
64741776
64741392
64740288
64738690
64738121
64735478
64735243
64735116
64285298
64284518
64284224
64283624
64282782
64282321
64280634
64279531
64278232
64738410
64738087
64737876
64737189
64701288
64700448
64249094
64247776
64196120
64194656
64193885
64192573
64156737
64154665
64153421
64131573
64677576
64672970
64672231
64415824
64414526
64413548
64408705
64408194
64701710
64700044
64699452
64698344
64658805
64772411
64771862
64725458
64724836
64722626
64721202
64720367
64699687
64699250
64640906
64639266
64637659
64258952
64221982
64221194
64220291
64216988
64144801
64744720
64744268
64743562
64742331
64741496
64740894
64740277
64739581
64739310
64742536
64741933
64741378
64701381
64700707
64700104
64688983
64386191
64335992
64292173
64290186
64112867
64752546
64620744
64603692
64554176
64552055
64545426
64544101
64762574
64760465
64731000
64730713
64730211
64729483
64728515
64727786
64755980
64754830
64752698
64751039
64749630
64749036
64712851
64710949
64709368
64708410
64608210
64602205
64537987
64537506
64536752
64492461
64491872
64490617
64489630
64738815
64729506
64697454
64690846
64652559
64595781
64591405
64538838
64532723
64670539
64668924
64667840
64610148
64609491
64493074
64492386
64388325
64746395
64731366
64647234
64646704
64593815
64439359
64436102
64386837
64636358
64633775
64632767
64630181
64628426
64627607
64626241
64624143
64719438
64717701
64716068
64711084
64627659
64625126
64620366
64619531
64561689
64561062
64758008
64756272
64754411
64752656
64751570
64750732
64749525
64748340
64711064
64726239
64725168
64723904
64723005
64722183
64686448
64685863
64747280
64736524
64728498
64697383
64692826
64651491
64649829
64606573
64602179
64763181
64762072
64761006
64676972
64676006
64673781
64672774
64161141
64160020
64158746
64752592
64751054
64749779
64749424
64741097
64740801
64740343
64739749
64737725
64737517
64713413
64712174
64711265
64708895
64707514
64580814
64578806
64352035
64350934
64231292
64231153
64230806
64230542
64230305
64230005
64229636
64229263
64705946
64647557
64535224
64504435
64423543
64407355
64399973
64395610
64592180
64591893
64728303
64727789
64727063
64726469
64725947
64725391
64723687
64471859
64470457
64743116
64742421
64742132
64737423
64736743
64727010
64725925
64725564
64760404
64756567
64756024
64746420
64745934
64743071
64742387
64738761
64738570
64736985
64770522
64769976
64756166
64754573
64753614
64748715
64747629
64745517
64744870
64743953
64760202
64758936
64757854
64756102
64755463
64753752
64753093
64752436
64751518
64742987
64550610
64545820
64488006
64389232
64342413
64340077
64339870
64337321
64337064
64615800
64615231
64772324
64771766
64771416
64770490
64646231
64645742
64644690
64643962
64614381
64612695
64612066
64551667
64550210
64549372
64512939
64511379
63770261
64773327
64772936
64772614
64772153
64771667
64771260
64770395
64769845
64769326
64768788
64750159
64749480
64748569
64747532
64706281
64705537
64704890
64662750
64608213
64654375
64653815
64653573
64652850
64652408
64652061
64650812
64699165
64698257
64609459
64608990
64608162
64606675
64605626
64487454
64486734
64629772
64627204
64625466
64623519
64621845
64621059
64618857
64612452
64611153
64450924
64516352
64513934
64512842
64511274
64509164
64507161
64506294
64505599
64503674
64634116
64630709
64574731
64602669
64532009
64531859
64531570
64531235
64528649
64528051
64714241
64713327
64711878
64708560
64624565
64758239
64756530
64755621
64753008
64751931
64750734
64749726
64749243
64748122
64747469
64716444
64714523
64713246
64190808
64665160
64664257
64663980
64555022
64509935
64407757
64406435
64396728
64396333
64586467
64585867
64584878
64584071
64583017
64581329
64580169
64578615
64529501
64528821
63775382
63774666
63774224
63773833
63773484
63264150
63263864
63263173
63262788
63034106
64733621
64733528
64733282
64733047
64732884
64732624
64732309
64695490
64693301
64755576
64754680
64752993
64751434
64750273
64749298
64747669
64744530
64744147
64737862
64642328
64482434
64436304
64337149
64113684
64112314
64108192
64107929
64753892
64752434
64715225
64664605
64604878
64604361
64603191
64622768
64621664
64620848
64620029
64618460
64617154
64615420
64614651
64614162
64636529
64634620
64633230
64631704
64629402
64627841
64624949
64623923
64623149
64435084
64297352
64295968
64295191
64291513
64232715
64165941
64109940
64074492
64580132
64578886
62511248
62510599
62510233
62509754
62509052
62508499
62507714
64732796
64732467
64731784
64731568
64698027
64696746
64696459
64610971
64609958
64607016
64563699
64563043
64560995
64442742
64441566
64291040
64287535
64233765
64232769
64115824
64114610
64113594
64733895
64698044
64691737
64648196
64590378
64534718
64533039
64768965
64768471
64767850
64766818
64766108
64764760
64763107
64761691
64760412
64758774
64546465
64545684
64528254
64526989
64525567
64524235
64521850
64520072
64425517
64423816
64422789
64421077
64316904
64315532
64314819
64313191
64312564
64707311
64705977
64705471
64671516
64668999
64625193
64572872
64659556
64658933
64655539
64654936
64745048
64744508
64743809
64743327
64742637
64742394
64741917
64741339
64740984
64740434
64772148
64771917
64771276
64771051
64770632
64770057
64769548
64730813
64686037
64642188
64743451
64721872
64507942
64505901
64504948
64503361
64502474
64420985
64744231
64743795
64743400
64743026
64742149
64740951
64740612
64740357
64739967
64684732
64682616
64681856
64680309
64677897
64676915
64675664
64640231
64639037
64696488
64695901
64687629
64687204
64686615
64685970
64771729
64771455
64771061
64770601
64770201
64756273
64754525
64753539
64752328
64704131
64762761
64761174
64759960
64757949
64756599
64716848
64714669
64713617
64712182
64347562
64347030
64766303
64764889
64764016
64762557
64759085
64753956
64752155
64750283
64749363
64748689
64691840
64691679
64691148
64657272
64656441
64646236
64742537
64742111
64741503
64740947
64740331
64739504
64700748
64700107
64699567
64753696
64752477
64751596
64750430
64749621
64748073
64746578
64722309
64720902
64719364
64750090
64669493
64667255
64666463
64626620
64315647
64314765
64313605
64312849
64311702
64310526
64199933
64197939
64196327
64755610
64753888
64723971
64601071
64600012
64599528
64490523
64128058
64127465
64066551
64065036
64719486
64668086
64667213
64665927
64652004
64651570
64651375
64457560
64456636
64691989
64676412
64672472
64671733
64634325
64631729
64569607
64567988
64566096
64517347
64514250
64427922
64426701
64718042
64716701
64715796
64714815
64713645
64710265
64708213
64739441
64735742
64735569
64696777
64656550
64654324
64535511
64391571
64707176
64706166
64705488
64450624
64449802
64448941
64448265
64447724
64403298
64744094
64743598
64743279
64742863
64740793
64740275
64739846
64739543
64739097
64738705
64738481
64737986
64737525
64735590
64735268
64696013
64695678
64416917
64414938
64413197
64410293
64408445
64746469
64745594
64744171
64743861
64743317
64742914
64701577
64700746
64670223
64770950
64770642
64770115
64769558
64768793
64768080
64767424
64765980
64765199
64764096
64437374
64437181
64436981
64436645
64403383
64402471
64401813
64401317
64400852
64400099
64717137
64715622
64714380
64712822
64589427
64438996
64429846
64428937
64395033
64335640
64278274
64239489
64725319
64724398
64722526
64717469
64715421
64661271
64660506
64659786
64712069
64710653
64709594
64388819
64388484
64211467
64210221
64203199
64202598
64654585
64654178
64488572
64488190
64487713
64487347
64486668
64486405
64486087
64485719
64759926
64758753
64757430
64755211
64739798
64739106
64738717
64737915
64747191
64742778
64742181
64741729
64736243
64680471
64663987
64752423
64751848
64673547
64671304
64759788
64757952
64756548
64754516
64753772
64752095
64751075
64569013
64566941
64564995
64703404
64702663
64701786
64615186
64614328
64613495
64612384
64611660
64610710
64768891
64768159
64764415
64757698
64752806
64747618
64743652
64741374
64740430
64739588
64744612
64706896
64701312
64695762
64693448
64689120
64681619
64661759
64643389
64723078
64721542
64773875
64773604
64773209
64738746
64738454
64735608
64734950
64734661
64624814
64622819
64721285
64717070
64715284
64586708
64584653
64583920
64582460
64581101
64759837
64758914
64757044
64755993
64754633
64753699
64752492
64737947
64737598
64737434
64689431
64689064
64636622
64616435
64759198
64756860
64679601
64653780
64652969
64652679
64652303
64652075
64651764
64757968
64756279
64754294
64727496
64727026
64726542
64671619
64670929
64687369
64686726
64645517
64645254
64644747
64644190
64643565
64643037
64641022
64725266
64724207
64722896
64721955
64660971
64616424
64764396
64760485
64758705
64756778
64755023
64753932
64752285
64751143
64749011
64722232
64720977
64720350
64718930
64716909
64715060
64714026
64638646
64761858
64757002
64754864
64753596
64751737
64751105
64721750
64720868
64718955
64701701
64701241
64630829
64622874
64610736
64609791
64609132
64711062
64710025
64708663
64623853
64623000
64622259
64620478
64619612
64493259
64609337
64608662
64607589
64606202
64604396
64603172
64602081
64529681
64529128
64528846
64105916
64105308
64104744
64103975
64103093
64102144
64737922
64737306
64684694
64684062
64682865
64681511
64676939
64675344
64673071
64424736
64424062
63447369
63446749
63445754
63262838
63262264
63261893
63224380
62766653
62766036
64762334
64760343
64759053
64746669
64746159
64738683
64738426
64715944
64714964
64768685
64767700
64767007
64765471
64752754
64750772
64745746
64700735
64700200
64699544
64756376
64755186
64754163
64753158
64751602
64750826
64749894
64584015
64582658
64580865
64578780
64577481
64575449
64573273
64572033
64570850
64666219
64621509
64619989
64618061
64607385
64606241
64771312
64770725
64770208
64740484
64739938
64738536
64737836
64629230
64625341
64624501
64613408
64612784
64611188
64610492
64505645
64504657
64727803
64726941
64725892
64427618
64426358
64424656
64365927
64363812
64736650
64736227
64484835
64434167
64413577
64353035
64336551
64336428
64746176
64745573
64745136
64744436
64743875
64703418
64702928
64702177
64660357
64772439
64770813
64769575
64763204
64753884
64751618
64748374
64747611
64741256
64738364
64737843
64759560
64758110
64756865
64755939
64754212
64632718
64631481
64627564
64624793
64671025
64669058
64667148
64561145
64560450
64558990
64477625
64477110
64628392
64626565
64624647
64764989
64763659
64762110
64752561
64710827
64595362
64535589
64535082
64606266
64605174
64604308
64603075
64600672
64599943
64586224
64773748
64773589
64773157
64769786
64768676
64753719
64748173
64747335
64746936
64746371
64636028
64632260
64630025
64628724
64474981
64473990
64462320
64289579
64288583
64220081
63225919
63106073
62818076
62649886
61848601
64716098
64715070
64712288
64492407
64491597
64490472
64710504
64460810
64459470
64458561
64456430
64450487
64449795
64449024
64448289
64765329
64761445
64755381
64753894
64731499
64727315
64725827
64715583
64710330
64722421
64721512
64719726
64717792
64714163
64713197
64711664
64771382
64748665
64767128
64766281
64764862
64763376
64761578
64760422
64758820
64757436
64756330
64754875
64629272
64628286
64627400
64751149
64710957
64539932
64539434
64501994
64501092
63707767
63678420
63678077
64747006
64705974
64705050
64670385
64669391
64667816
64664670
64609839
64607945
64715072
64713243
64651376
64651061
64650464
64650251
64768383
64767188
64755426
64753732
64751283
64711561
64707172
64706657
64705495
64763671
64762187
64761156
64759750
64757737
64755773
64754619
64753553
64752541
64704951
64704191
64703794
64702829
64699879
64699126
64698332
64697784
64756301
64593769
64536869
64536449
64506698
64505073
64362498
64361505
64258478
64561203
64415896
64415261
64414265
64412752
64411698
64410566
64409821
64408873
64408003
64753658
64750146
64747545
64733736
64726479
64721984
64697741
64658653
64637642
64636381
64595875
64595377
64595117
64487986
64487189
64448012
64447244
64446267
64751082
64750178
64749565
64748438
64747432
64746961
64746611
64739762
64739266
64738660
64640914
64639793
64634679
64631330
64629194
64628082
64620512
64720514
64718869
64717212
64716668
64591448
64591069
64590820
64590280
64716261
64714855
64713836
64713189
64710542
64709548
64708979
64684821
64716252
64714902
64685757
64685208
64684812
64683510
64681527
64680671
64747147
64746458
64745787
64745413
64744934
64744660
64700058
64699449
64698958
64640539
64634966
64470410
64469419
64468865
64467299
64465743
64463504
64500944
64500164
64499290
64497981
64496712
64495855
64495310
64494237
64493256
64492570
64604527
64602468
64601393
64600743
64599569
64586399
64585366
64755135
64753561
64752626
64749822
64749250
64748255
64745643
64717534
64265195
64263865
64262155
64259123
64257630
64254663
64253335
64251844
64250776
64249314
64769439
64768739
64767644
64766970
64766331
64765704
64727553
64726463
64725708
64724708
64612864
64610810
64449076
64448572
64448128
64447677
64446786
64445468
64759116
64757675
64756818
64753807
64741122
64740790
64740213
64752532
64751680
64750639
64748437
64747917
64709317
64708461
64593522
64593281
64501785
64763585
64761866
64760236
64758047
64756014
64755060
64717704
64716185
64710713
64769691
64768893
64767446
64765944
64764791
64762886
64761730
64760353
64757913
64756380
63903578
63901851
64677450
64675866
64674071
64672493
64671089
64668685
64636302
64634040
64741807
64722426
64710725
64707019
64687231
64675333
64650301
64644922
64578335
64576944
64575690
64573838
64571637
64570361
64569663
64703598
64702175
64701074
64700340
64295083
64293739
64293091
64761431
64760234
64758726
64756787
64754873
64753775
64752668
64703673
64761763
64760444
64758819
64757447
64755677
64753929
64753293
64751606
64750510
64748697
64767961
64721510
64720974
64719096
64704248
64703936
64703509
64703311
64773910
64772945
64771116
64769687
64768570
64767459
64764664
64751777
64752784
64751761
64750646
64749350
64656584
64655975
64655557
64655181
64654650
64654037
64749813
64748779
64719756
64717699
64707605
64707047
64706137
64673234
64672252
64671176
64633227
64631751
64630233
64572907
64571031
64569629
64568965
64768837
64768175
64767112
64765989
64743313
64742399
64727936
64726975
64726119
64660746
64660236
63355314
64768373
64767858
64767489
64766804
64766248
64765088
64764098
64763531
64761302
64762549
64760762
64759262
64757563
64754200
64752601
64751648
64716022
64508687
64507731
64506554
64504915
64504008
64502759
64501916
64457271
64456535
64766183
64765419
64764154
64763207
64761645
64760547
64724435
64722954
64721923
64720625
64731384
64731151
64730717
64520951
64520006
64721161
64720384
64632983
64574018
64571672
64570569
64568804
64514276
64512483
64770850
64770012
64769224
64768694
64768094
64766870
64729404
64675267
64674486
64472725
64472182
64471011
64209219
64208174
64205900
64748114
64664868
64663858
64663403
64517758
64516632
64515533
64474295
64473408
64472786
64472059
64470943
64468498
64467844
64638939
64637296
64636637
64613837
64612857
64612290
64611904
64596952
64766954
64727267
64725667
64724391
64721809
64713372
64711212
64704453
64699228
64696970
64773156
64748860
64728469
64710824
64692198
64601049
64492808
64438310
64755525
64754813
64753634
64746664
64745842
64745403
64744911
64743383
64742932
64753645
64752427
64717364
64715904
64669629
64668005
64666870
64665510
64664698
64668921
64662265
64579166
64576491
64467677
64466718
64465804
64464992
64423438
64773078
64772724
64772264
64771961
64771611
64771270
64770846
64770482
64769873
64769343
64614347
64613266
64612485
64611145
64543840
64542992
64418482
64530842
64432086
64431587
64431287
64422438
64385209
64384773
64382419
64381812
64508980
64508180
64506760
64465377
64464619
64462296
64459075
64457360
64456788
64760270
64758981
64757931
64603414
64600907
64599297
64373760
64746725
64746144
64716944
64714611
64774322
64773965
64773600
64773346
64773117
64772445
64772003
64771381
64720067
64684817
64683904
64682604
64681488
64680097
64679248
64667254
64666227
64665736
64571762
64569568
64567273
64565036
64466318
64463459
64461523
64459608
64320955
64750817
64743560
64739338
64737672
64734542
64696875
64689092
64687654
64685035
64679418
64597904
64597372
64597055
64572450
64570120
64742942
64742235
64741552
64740880
64740614
64663167
64662742
64662347
64661791
64663685
64653357
64618423
64609164
64600823
64600129
64585860
64582242
64561482
64748421
64747739
64746905
64746136
64715636
64714356
64685990
64684693
64763338
64761151
64760144
64748876
64748111
64747219
64717864
64716209
64714333
64705657
64704923
64704161
64703397
64702988
64702325
64678115
64762664
64761122
64758959
64496221
64452399
64372784
64371218
64305225
64082381
64706916
64706369
64705891
64705030
64384515
64384136
64383771
64383063
64757092
64754537
64753485
64714009
64712283
64710895
64709573
64754386
64753298
64752087
64751060
64750472
64749632
64749070
64748060
64663080
64429434
64428784
64428351
64427689
64426871
64405214
64206526
64204894
64202713
64767559
64766329
64765137
64763502
64762500
64650669
64650524
64716239
64714422
64713040
64711266
64710607
64693764
64693490
64684362
64682577
64772947
64772228
64769148
64768174
64763616
64750696
64749471
64747999
64747143
64742122
64767361
64766492
64766051
64764847
64763124
64754563
64753188
64752471
64751608
64750402
64771086
64770592
64769609
64768845
64767132
64766416
64765614
64764636
64763471
64691927
64691664
64691306
64691056
64690767
64641585
64640341
64639737
64638692
64637138
64635573
62985408
62960888
62960514
64745994
64745524
64745150
64704589
64704055
64703631
64675172
64673670
64749320
64748678
64747804
64683815
64683043
64772193
64771670
64753015
64751649
64726806
64725415
64673088
64629638
64774374
64774104
64773812
64773475
64773087
64772686
64772267
64771669
64734424
64718127
64717041
64716352
64715155
64448430
64025162
64024504
64578149
64577076
64492927
64492445
64458615
64457288
64456309
64445215
64248009
64671022
64669865
64668971
64668498
64766190
64765107
64763694
64762522
64760764
64684082
64683142
64681660
64770234
64769433
64683072
64678157
64641948
64527228
64770371
64758703
64741154
64728100
64725142
64686583
64682491
64670922
64670065
64761462
64759545
64757574
64755781
64754068
64352345
64351732
64351080
64350312
64274655
64273453
64271887
64270058
64268004
64754661
64753077
64751615
64725711
64725100
64612932
64610707
64609982
64772362
64771971
64771535
64770922
64770384
64769726
64769267
64768461
64767871
64767407
64371313
64369442
63256234
63255623
63254538
62905007
62903817
62902699
64759976
64758466
64718995
64716710
64677588
64609266
64607912
64576542
64728384
64727602
64726927
64662059
64661337
64660176
64475336
64474718
64474228
64743689
64742164
64741424
64740794
64740133
64739549
64738992
64738641
64744588
64744002
64743394
64705326
64704887
64662743
64662022
64639025
64633182
64630375
64561585
64225141
64224221
64223255
64222545
64221459
64220068
64521840
64520179
64518844
64385363
64384806
64384452
64384091
64383704
64383009
64615574
64554303
64549658
64549028
64255845
64254468
64246920
64235448
64608655
64512636
64450898
64405528
64404823
64367719
64365796
64307290
64306563
64262670
64507862
64506608
64504638
64503455
64379438
64351967
64351386
64350278
64349716
64559972
64558545
63937432
63936974
64734900
64734657
64693484
64693201
64693043
64650600
64650414
64650210
64649991
64593909
64752646
64751301
64750013
64748661
64747745
64747211
64746565
64745993
64749366
64748104
64707711
64706936
64705936
64705084
64704396
64703513
64702960
64705800
64705482
64704577
64703856
64659767
64658816
64657633
64633185
64571265
64562843
64561596
64560307
64558863
64557839
64557048
64744168
64740360
64728561
64701541
64698503
64697388
64696066
64769946
64769371
64768796
64768149
64767088
64765871
64765017
64728559
64727231
64761047
64759913
64758987
64757564
64755648
64754437
64753062
64750681
64749356
64718977
64557136
64555818
64532289
64531881
64531249
64530501
64529044
64701482
64700981
64700385
64699877
64661991
64660821
64656877
64656357
64655964
64729685
64728621
64727794
64727016
64726067
64725305
64480776
64439904
64439247
64764266
64762899
64760893
64758863
64757032
64755352
64754456
64752885
64751781
64750974
64560125
64557518
64557016
64556061
64555004
64548730
63893066
63891063
63890271
64691686
64670777
64668589
64667931
64615684
64614535
64761037
64754682
64715039
64713872
64669782
64504275
64773545
64773273
64772886
64696275
64592909
64482190
64434756
64432099
64387459
64290332
64730512
64730117
64729666
64729218
64683952
64681199
64774337
64731270
64707504
64706717
64705581
64577235
64575050
64573012
64571532
64569045
64566750
64566130
64564004
64562500
64560541
64774580
64774454
64774177
64773866
64773690
64773546
64773363
64772943
64724843
64724103
64698266
64751275
64750441
64707350
64639023
64637651
64615131
64614594
64613845
64550938
64697061
64655280
64532524
64437905
64338680
64297559
64234039
64233004
64231154
64737201
64736948
64736695
64736210
64735920
64735624
64156408
64154784
64153231
64151106
64769504
64768954
64767579
64746147
64745128
64742857
64704859
64704236
64703776
64686962
64769090
64746507
64740927
64738180
64736455
64730885
64728729
64722454
64720442
64719603
64717164
64716067
64573457
64571316
64569999
64561804
64774694
64774485
64774276
64774015
64773552
64773257
64772966
64772668
64772408
64400028
64399290
64398974
64386705
64386384
64386201
64385779
64385425
64385041
64384670
64749056
64748097
64747659
64747141
64710918
64709750
64704565
64750671
64727428
64726414
64723569
64652046
64624105
64568237
64567311
64759924
64758259
64636748
64518341
64517667
64517070
64043752
64042338
64027236
64746110
64744894
64743999
64743674
64743041
64741877
64741581
64713952
64656849
64656599
64655203
64654866
64660079
64659464
64653433
64536983
64487921
64487217
64486757
64486268
64755390
64753612
64711151
64709113
64674234
64629736
64729775
64715387
64710899
64709534
64666610
64665980
64665084
64655741
64655451
64635770
64631315
64630175
64628442
64531964
64531634
64531365
64530815
64530530
64543097
64540936
64540132
64539304
64538958
64538134
64326245
64325157
64323886
64733481
64731349
64730446
64729958
64729635
64728892
64767743
64767000
64766217
64715363
64713825
64712443
64667300
64762883
64742822
64742168
64741678
64740745
64740408
64739580
64737759
64746988
64710214
64600530
64536663
64536118
64535266
64534914
64534613
64741335
64740697
64699512
64699297
64698788
64698003
64694849
64657660
64653891
64735741
64735400
64735170
64734922
64694515
64694291
64693990
64693758
64693142
64744426
64696710
64696442
64663969
64663415
64662698
64662286
64600256
64599202
64762723
64761629
64759864
64758723
64757729
64756814
64755369
64718532
64716826
64600773
64412646
64355365
64307307
64306384
64259956
64259324
64195541
64194399
64760959
64759983
64757939
64755288
64754164
64752735
64628623
64627237
64659177
64657804
64657469
64656947
64490597
64489966
64489480
64489017
64488648
64743782
64743080
64741682
64741145
64740879
64700584
64700203
64699765
64673982
64671630
64664490
64663924
64551826
64550538
64549155
64540941
64619482
64596157
64595807
64579677
64578542
64577321
64575018
64573973
64768402
64767338
64765949
64764792
64764202
64762232
64711304
64699120
64770973
64770314
64769791
64768847
64768398
64767524
64766122
64764590
64763787
64596003
64595528
64391211
64390666
64390375
64390098
64389893
64389685
64389359
64389065
64774008
64773673
64773266
64772788
64771985
64769149
64768038
64767464
64758673
64757158
64737044
64601386
64534505
64486297
64485784
64438002
64436115
64435912
64292858
64518568
64343925
64343454
64284298
64283583
64282709
64281987
64267326
64265506
64704076
64703243
64702863
64701479
64660769
64362444
64360541
64269704
64268229
64266598
64225877
64225146
64224632
63496072
63495200
63493997
63492905
63492300
64765849
64765037
64763804
64762052
64726140
64725362
64724199
64723726
64723043
64625325
64624135
64619497
64616150
64614805
64613684
64612443
64745013
64744274
64743492
64729387
64728646
64652463
64643924
64642881
64393703
64393056
64392689
64392243
64307738
64306544
64304984
63912701
63803190
64739027
64685908
64597940
64597434
64597172
64693783
64501747
64500609
64494913
64494088
64492178
64491587
64490695
64488842
64488253
64774783
64771979
64771469
64770141
64756747
64755300
64745861
64739331
64738327
64772275
64740082
64739379
64726762
64726456
64725586
64705644
64704891
64561651
64560179
64482089
64481566
64374120
64372321
64733389
64481136
64291299
64289617
64289231
64288759
64223788
64166646
64115381
64771866
64771436
64763576
64762155
64761182
64760525
64752200
64750282
64749361
64748269
64754374
64752920
64751785
64750583
64749622
64748584
64747861
64746976
64746354
64745427
64734911
64695810
64694795
64694397
64694047
64693630
64597559
64747313
64702566
64651913
64592103
64588288
64524378
64481212
64479537
64755348
64754499
64752724
64750632
64750133
64749207
64680697
64738600
64738161
64737810
64737605
64737443
64712055
64710800
64693584
64692796
64764654
64763425
64761950
64761007
64727479
64727004
64687330
64640845
64639558
64766535
64765948
64764725
64763764
64762525
64760720
64759307
64758516
64757244
64755436
64774762
64774571
64774387
64774020
64699614
64675536
64674279
64659843
64741301
64740686
64740281
64740054
64710213
64708857
64708017
64707500
64706829
64706376
64774756
64774613
64774328
64774021
64773813
64773497
64724726
64723679
64723119
64710592
64709968
64709167
61384518
61384315
61324250
64690662
64690213
64689082
64688713
64688284
64687933
64763380
64762240
64760660
64758646
64754352
64637486
64761062
64760050
64759042
64715731
64713001
64711332
64706173
64701197
64700470
64768336
64767817
64767231
64766345
64748592
64747825
64747267
64724635
64723245
64772782
64772325
64771832
64771267
64770756
64769827
64768870
64767064
64765794
64404046
64403154
64402708
64401735
64401256
64389882
64389637
64389301
64389098
64388681
64756379
64752997
64751690
64751043
64750637
64749672
64712403
64710694
64650769
64480655
64228890
64107994
64071847
64056357
63387547
64760894
64758901
64757725
64755738
64754293
64753629
64736390
64736128
64735759
64735496
64679585
64677351
64671107
64670052
64537944
64755869
64754919
64670878
64615488
64553602
64521606
64612966
64612468
64611595
64608883
64607887
64606376
64605345
64604272
64432267
64431422
64431086
61434252
61433931
61433396
61432816
61432222
64759012
64757112
64754828
64753876
64752579
64751405
64750116
64749140
64639690
64638449
64635678
64634605
64571341
64568956
64567123
64761263
64760265
64759455
64757620
64756630
64755918
64753820
64753046
64752106
64751341
64760600
64759300
64758076
64757256
64756079
64754474
64753519
64752551
64751306
64749980
64669982
64668968
64667729
64665618
64664415
64425478
64424600
64423260
64422239
64774734
64773786
64772758
64769496
64760076
64756783
64755863
64753495
64750872
64615429
64613751
64612091
64610815
64609632
64531195
64530777
64530178
64529908
64297117
64296748
64296206
64276708
64275961
64272478
64271709
64668837
64667395
64666123
64770165
64769209
64748409
64747934
64747350
64746773
64746162
64766611
64765331
64764252
64759425
64683089
64682275
64680818
64731154
64648937
64648706
64648456
64648230
64479567
64742823
64742259
64741629
64741016
64729938
64729236
64728943
64727876
64727614
64653620
64653356
64651898
64366759
64343175
64338449
64294848
64288690
64231870
64118268
64116507
64773103
64769537
64749294
64743321
64740045
64731373
64696145
64736654
64736399
64695634
64695025
64694711
64694279
64754835
64738084
64737582
64737318
64726838
64725539
64723618
64722451
64774931
64769895
64759821
64756518
64753796
64746847
64744874
64742851
64761797
64760171
64758911
64757703
64404133
64403673
64403066
64402598
64400451
64556679
64522825
64521933
64520522
64519396
64518450
64516781
64513617
64512493
64715218
64678213
64676929
64674359
64673535
64671865
64669285
64668590
64697124
64693503
64692158
64533452
64436020
64430083
64389487
64341632
64630594
64627788
64626670
64624379
64622530
64620890
64616641
64615501
64614281
64612949
64771528
64771158
64726586
64722090
64720231
64669398
64668153
64665951
64758252
64756404
64753254
64751582
64750276
64749581
64748936
64747866
64747242
64743269
64742651
64697956
64696530
64696264
64663342
64646719
64654496
64654228
64653905
64653672
64653396
64653086
64645062
64644321
64643632
64642862
64725344
64724579
64723275
64721697
64719824
64718719
64715103
64738148
64706112
64696456
64640458
64639777
64742208
64740919
64740676
64713406
64712310
64710478
64709500
64660978
64199993
64198243
64197059
64136303
64134513
64133409
64132259
64131479
64766885
64763770
64751334
64749089
64727270
64726503
64728717
64727875
64727028
64725908
64724975
64724020
64722768
64721362
64719760
64756349
64754253
64671808
64669965
64623685
64616972
64606394
64605301
64531594
64531256
64529879
64529607
64529105
64528101
64527619
64526424
64741211
64736834
64736197
64732659
64730993
64717072
64713120
64710369
64694659
64665915
64737574
64341985
64336405
64230994
64167664
64117997
64114000
64113516
64113160
64764573
64752172
64751726
64750423
64749701
64748217
64747318
64746289
64745813
64529638
64529023
64527886
64455692
64454347
64453933
64409684
64359942
64358502
64770882
64667945
64666709
64666111
64620209
64618808
64617978
64617110
64615991
64614606
64619078
64618464
64617858
64547087
64545795
64544138
64543079
64542722
64541108
64421559
64710427
64709465
64708169
64707115
64706753
64706313
64705136
64735495
64735224
64735016
64734879
64662186
64661296
64660778
64660063
64478877
64478456
64478074
64476965
64476520
62693448
62256882
62256295
62255503
64751436
64621758
64619850
64559609
64559074
64558236
64556450
64653188
64485382
64484797
64468645
64466641
64465104
64401569
64712446
63650508
63649327
63648721
63648287
63647963
63647578
63646835
63646148
63645415
63644691
64768044
64767319
64766477
64765164
64750950
64748377
64747821
64747329
64696992
64594014
64593590
64536798
64536130
64535726
64535240
64534710
64534318
64533879
64533561
64489990
64489111
64488298
64487725
64487384
64486029
64485525
64485251
64451126
64628164
64319818
64768518
64764500
64763593
64762006
64761422
64759129
64757342
64753758
64749977
64669618
64669007
64668268
64645921
64645593
64645007
64644675
64643852
64643123
64642436
64750841
64709607
64708884
64708332
64707232
64669162
64668213
64631285
64630129
64628141
64627089
64625707
64578154
64576057
64571732
64772847
64771619
64771073
64770535
64769880
64769428
64767815
64766602
64765776
64692243
64483600
62663653
62662725
62624056
62623736
62621587
62621196
62620716
62618149
64748341
64719902
64716467
64709943
64669961
64667350
64618425
64603468
64635523
64634509
64632387
64631395
64627725
64422205
64421427
64306625
64305495
64304947
64656722
64606790
64604624
64603710
64504650
64503207
64502386
64479698
64767068
64765592
64764641
64762088
64760340
64754931
64753784
64752991
64751525
64380014
64697239
64696706
64659274
64658342
64657531
64656817
64656396
64655870
64622127
64762671
64758674
64757505
64756432
64755365
64745079
64744681
64743819
64743155
64771058
64767698
64766252
64731272
64730921
64730471
64729927
64739508
64728825
64727982
64727370
64702217
64666261
64665207
64663732
64667087
64666005
64664808
64654253
64653854
64653645
64582920
64581671
64580710
64765899
64764811
64734575
64734475
64673376
64593561
64571774
64569907
64352925
64351975
64351242
64350758
64350241
64349780
64349267
64348298
64347336
64346415
64771252
64745896
64742242
64741123
64739313
64737563
64734441
64734314
64729905
64567379
64565861
64563883
64562548
64770799
64770158
64768368
64767309
64766633
64765532
64686954
64686307
64685308
64770814
64769975
64769501
64768420
64767269
64766064
64764684
64763262
64762448
64760807
64695450
64694740
64694396
64652189
64651879
64651489
64651199
64699696
64647804
64647001
64646393
64645987
64645466
64645105
64644004
64730500
64718766
64714720
64702777
64697532
64696002
64691298
64674488
64680753
64629451
64627766
64626656
64625504
64623907
64527285
64526307
64525620
64679657
64769044
64767794
64766459
64765046
64764203
64762772
64760183
64758307
64756228
64769410
64767758
64767025
64765982
64764382
64763295
64719226
64717447
64716781
64741174
64659287
64617174
64489062
64488443
64445769
64390676
64390255
64504025
64502259
64500646
64499963
64498812
64498421
64497430
64496803
64495690
64737170
64736976
64604612
64603286
64602706
64551866
64550519
64528743
64766693
64765856
64714391
64711610
64710591
64696749
64773654
64737789
64699802
64697904
64691806
64601499
64600226
64730125
64628794
64627246
64613950
64396683
64370244
64158030
61639850
61639643
61468152
64707584
64686553
64627382
64573933
64480420
64453598
64423699
64741305
64740420
64739947
64739576
64739147
64528412
64408866
64408101
64389001
64759646
64758542
64712574
64706705
64706233
64704026
64763919
64762050
64760911
64759192
64757814
64756339
64755415
64754150
64752499
64751472
64771029
64770408
64769794
64769443
64768248
64747716
64747121
64746342
64696189
64601943
64439969
64428042
64345242
64342379
64335748
64292560
64290902
64770780
64765250
64763909
64761814
64683665
64681742
64764900
64763790
64709546
64708217
64706867
64705226
64703761
63915529
63910734
63910075
63883429
63876491
63875421
63874543
63874014
63873161
63872451
64771498
64770682
64769890
64647933
64647585
64647214
64743812
64743293
64723310
64722654
64418269
64416695
64415231
64766158
64727889
64723641
64757872
64757212
64756084
64521485
64502426
64490008
64489404
64437713
64437398
64437152
64639347
64638604
64573400
64572582
64642138
64641172
64432476
64379842
64360728
64359994
64358805
64330362
64306035
64757198
64689967
64492635
64478605
64387870
64385961
64386698
64340616
64340233
64291854
64215931
64168368
64167983
64624737
64447747
64447236
64446890
64445815
64444842
64428507
64427909
64645613
64631993
64619799
64449790
64429861
64428818
64428025
64427430
64426754
64771890
64771403
64771043
64770294
64769497
64768158
64766926
64766065
64765424
64767796
64767194
64766069
64764526
64763632
64762147
64759331
64757523
64756151
64705433
64705075
64704557
64775125
64774260
64773649
64771930
64770760
64763397
64754139
64752768
64750948
64748975
64700877
64705812
64705367
64635243
64634084
64765643
64762868
64761674
64760860
64759559
64723561
64722596
64721971
64721268
64326433
64325061
64323995
64322987
64321739
64319242
64121232
64120314
64119328
64118512
64725588
64725010
64722155
64774957
64751630
64737178
64736846
64736571
64736150
64735856
64735531
64735347
64492102
64427592
64425590
64422748
64421762
64420230
64417595
64416027
64414609
64768881
64768070
64750755
64749721
64723157
64721198
64719118
64717692
64595947
64542167
64486895
64444960
64319673
64235754
64174814
64112634
64057115
64751390
64750522
64738591
64738055
64713054
64710249
64597411
64773973
64770666
64769353
64754892
64750536
64728038
64707244
64702386
64677313
64742530
64658210
64656431
64615918
64605839
64604254
64756728
64754542
64753452
64752068
64749289
64748802
64715887
64775142
64774900
64744015
64743002
64742654
64742220
64741621
64740995
64740285
64730423
64672249
64668934
64636810
64635091
64633915
64632224
64631072
64628685
64621224
64634797
64633095
64631888
64630968
64629667
64627553
64626503
64611970
64611187
64428583
64426825
64424815
61834168
61818485
61810452
64426642
64426032
64376260
64374890
63961716
63901577
63900302
63844149
63802946
64735314
64734145
64699118
64692061
64680136
64671126
64664301
64769003
64768324
64766324
64765505
64662843
64767623
64766036
64764513
64763174
64761562
64756737
64755655
64754403
64752834
64751835
64735234
64725517
64724771
64723722
64759944
64758210
64756854
64751288
64749962
64748208
64747353
64746995
64746090
64745663
64671343
64670053
64274840
64273476
64272486
64270649
64262433
64261321
64260515
64742781
64741351
64655117
64597127
64595614
64594980
64548352
64696950
64623972
64623029
64580836
64579928
64577867
64575499
64572745
64570641
64585496
64585071
64584465
64583033
64581893
64579983
64575661
64756410
64755096
64754071
64752292
64751487
64746891
64746397
64745815
64614464
64512524
64511279
64509517
64507660
64484917
64484634
64712149
64710510
64709664
64320264
64319057
64318273
64317362
64236827
64765136
64575853
64574365
64570921
64568945
64567035
64565986
64565125
64564156
64774297
64774091
64773889
64773741
64773484
64771816
64771132
64770710
64770070
64773876
64773645
64773318
64773116
64772644
64732444
64732088
64731520
64646830
64755793
64754124
64752451
64722546
64721051
64719235
64717306
64715272
64667902
64660045
64659128
64658793
64658333
64658025
64598694
64597871
64597571
64596887
64552813
64339289
64339123
64338546
64337800
64336788
64299005
64298088
64241566
64773460
64773044
64772636
64772171
64771621
64771156
64770361
64769928
64769002
64768338
64719130
64718040
64716425
64715170
64714037
64712491
64711580
64678869
64677453
64721714
64720919
64719943
64716815
64715657
64713434
64710898
64709682
64708807
64336472
64290925
64241432
64237638
64232786
64170817
64752318
64751426
64750215
64749542
64748894
64747831
64747084
64746638
64745976
64721236
64731517
64731029
64725846
64690791
64590448
64590218
64589812
64589049
64769942
64769138
64768655
64768032
64729773
64729465
64729096
64727797
64727148
64738740
64667107
64631023
64433140
64429843
64420830
64715512
64714865
64702546
64701630
64615205
64614211
64612815
64611435
64564420
64757373
64756229
64754600
64707447
64706602
64706159
64705693
64705167
64673145
64764673
64762945
64761106
64760126
64758469
64701804
64701233
64700781
64700384
64550844
64549807
64548172
61611045
61414581
64700132
64698802
64698491
64754832
64753101
64748866
64763334
64761749
64751858
64750589
64667383
64665925
64651772
64651455
64651118
64736085
64735635
64735375
64734837
64734608
64734363
64694970
64694579
64757431
64756394
64754728
64753252
64751285
64750636
64748376
64747439
64742068
64706055
64592087
64388100
64289425
64229563
64154404
64111510
64109738
64104440
64099641
64762266
64760442
64752103
64703812
64702943
64626752
64622912
64561860
64560024
64493205
64772693
64769442
64737388
64733732
64732159
64696542
64693200
64663866
64659833
64759591
64721256
64718858
64670943
64625943
64624727
64622450
64736918
64736563
64736275
64735802
64735460
64735341
64735074
64734885
64734633
64769459
64768358
64767518
64766735
64700524
64700231
64682676
64680854
64679767
64537421
64485415
64452627
64408082
64358499
64312047
64240497
64239257
64771428
64769405
64768306
64767161
64765979
64765281
64763968
64762245
64735098
64697768
64697352
64650596
64650397
64623480
64618405
64617847
64534970
64738666
64738435
64738039
64737699
64737299
64737023
64736637
64736368
64736003
64558337
64557431
64520591
64496630
64495741
64494637
64486083
64773196
64772868
64729237
64728734
64689333
64664707
64663903
64663580
64637693
64636461
64632485
64629288
64607263
64604760
64583932
64579375
64708685
64707623
64707036
64706095
64705286
64624219
64622410
64620624
64619290
64626399
64620911
64564223
64563299
64519242
64517472
64515630
64725849
64724725
64723639
64722934
64721093
64719021
64682767
64548409
64547899
64546902
64545693
64544744
64543413
64542654
64541894
64541394
64591246
64480138
64392591
64340895
64336629
64292406
64291379
64289737
64771944
64765589
64764277
64762781
64762045
64760977
64759404
64758572
64755154
64713079
64534030
64533707
64533473
64533341
64533191
64532735
64511813
64454478
64734969
64503493
64501876
64500735
64500070
64252987
64719948
64719014
64715707
64713622
64678006
64676074
64673127
64680050
64676923
64638756
64636987
64565946
64564805
64563417
64754053
64752493
64750154
64638400
64637749
64636718
64635143
64633763
64631730
64727755
64727289
64726375
64725381
64724049
64722784
64720418
64718705
64675124
64673162
64671712
64670692
64669017
64637667
64636417
64635567
64633956
64764100
64763420
64737062
64702348
64688408
64687809
64687199
64675012
64774530
64295817
64228867
64110252
64079282
64075369
64066264
64645019
64644482
64643580
64640763
64640228
64639377
64637946
64637162
64635297
64632563
64581670
64767108
64766193
64764944
64730067
64729807
64729589
64729206
64681863
64681071
64754638
64753168
64752241
64720317
64705964
64704584
64703860
64682305
64636669
64633043
64630503
64628358
64584125
64583348
64581968
64751619
64750396
64748167
64747503
64747011
64746375
64745940
64725409
64723956
64731848
64731486
64731035
64730837
64698992
64655779
64654260
64648570
64648106
64733091
64732995
64732894
64731750
64375959
64374929
64741880
64741482
64716202
64663047
64662361
64661816
64608984
64607587
64606742
64764163
64763464
64759537
64757713
64756304
64753528
64752171
64738928
64760348
64758702
64756839
64755045
64753480
64751976
64750840
64717320
64771100
64770463
64769622
64768648
64767692
64766753
64765174
64764224
64634758
64633651
64632783
64631200
64382765
64382138
64360567
64359173
64357165
64355993
64422854
64340296
64275570
64234414
64232278
64167799
64116417
64112405
64111332
64772229
64770689
64770045
64735471
64733173
64730833
64722484
64711379
64705803
64700714
64687494
64686701
64685316
64351024
64334037
64333450
64310865
64309480
64068127
64767697
64766670
64757604
64756061
64754180
64753030
64748815
64748224
64747661
64746787
64527819
64526671
64524645
64523873
64729487
64728884
64724245
64535053
64512545
64510526
64508423
64506573
64504677
64669183
64629309
64628575
64626913
64622488
64620941
64610257
64577639
64590290
64589548
62998760
62998460
62998264
62998075
62997862
62997484
64557663
64556332
64555732
64554547
64553809
64527837
64527140
64525874
64775461
64771853
64771370
64770679
64769747
64768352
64767821
64765880
64764589
64570012
64566554
64564714
64562840
64561783
64514531
64512654
64510863
64510114
64722646
64721671
64720827
64718508
64717415
64655767
64655406
64713426
64712400
64708936
64708090
64707331
64706747
64668430
64667377
64666710
64593247
64587678
64587058
64585884
64585231
64584601
64583503
64581892
64680839
64679520
64678240
64655129
64641509
64640666
64639958
64638993
64638391
64623287
64552856
64545841
64501584
64483351
64409020
64362795
64383785
64383117
64382435
64381755
64381259
64380271
64378809
64377245
64375588
64727477
64726299
64725390
64660346
64764809
64763839
64763214
64760990
64654198
64611224
64610686
64609669
64608923
64607554
64713555
64711713
64710745
64709945
64708647
64707671
64707075
64684142
64681381
64679569
64677863
64673384
64672572
64764348
64724468
64723725
64675888
64672130
64670765
64669974
64717110
64715496
64714252
64712440
64606477
64604648
64379542
64378217
64743755
64743476
64742946
64742209
64741113
64740747
64740225
64731458
64731178
64765523
64763938
64762585
64761727
64752517
64751946
64751112
64749844
64725621
64758224
64757415
64754302
64753302
64752444
64751776
64750791
64750021
64762178
64720479
64719805
64639292
64701384
64692146
64689879
64539896
64539172
64538331
64724413
64668160
64658906
64657317
64725758
64724765
64675074
64674016
64664245
64678214
64595604
64595273
64594954
64527976
64527129
64526243
64595055
64594610
64594368
64552918
64542423
64541358
64540668
64540246
64534250
64748799
64747592
64742367
64718326
64717004
64715268
64713512
64682833
64665754
64695029
64693389
64682127
64658853
64648101
64646475
64633172
64653798
64315168
64313419
64312424
64310861
64309343
64307099
64306287
64305430
64437255
64383980
64354486
64275789
64162762
64106423
64105528
64770388
64769793
64769195
64768078
64766469
64765028
64763300
64728927
64728247
64751180
64749141
64747642
64747170
64684107
64681275
64537527
64482850
64388790
64387994
64287743
64287064
64243100
64713625
64712623
64707804
64707170
64627480
64625755
64402634
64402369
64402092
64401366
64401064
63973635
63939581
63880878
63839728
64771011
64770128
64769345
64767925
64766031
64765156
64728579
64727839
64639261
64637814
64637000
64773377
64768560
64767570
64743136
64700306
64699853
64699263
64763370
64762315
64725364
64724201
64723443
64640161
64638958
64637714
64750437
64749435
64748821
64748284
64709983
64709146
64629171
64693117
64593161
64592251
64592079
64591821
64591261
64591112
64590974
64590727
64590501
64763813
64762180
64760276
64758011
64719270
64718099
64717173
64758840
64753844
64752163
64751137
64749549
64718114
64715948
64714328
64745372
64744634
64702779
64702150
64701251
64663359
64684301
64681052
64677704
63172785
63171317
61475586
61475100
64373940
64372104
64370626
64367815
64365020
64364295
64275553
64274752
64273312
64272204
64764711
64726517
64725795
64724455
64685726
64684622
64683331
64682235
64771449
64770701
64770235
64769878
64645595
64645125
64644084
64616513
64614838
64613923
64612687
64611581
62692803
62692196
62691814
62691341
64598347
64554139
64499699
64448744
64354448
64353629
64310825
64309077
64245053
64601979
64600075
64599178
64598550
64504594
64503607
64409358
64345974
64345583
64633743
64630981
64628741
64627503
64625775
64605335
64603992
64602911
64601854
64725132
64722107
64721257
64719935
64716341
64675279
64671858
64750006
64713960
64712721
64710719
64709311
64706581
64448294
64392340
64390300
64292429
64160083
64111872
64104526
64056387
64749142
64747962
64744839
64742425
64741785
64730101
64729546
64728280
64752337
64751327
64773829
64773514
64771124
64770203
64769394
64768502
64767467
64731887
64686917
64631974
64630790
64589505
64588877
64588338
64587478
64586061
64643460
64581898
64572244
64570111
64568405
64542007
64541103
64762893
64761116
64759841
64746324
64745597
64745146
64744732
64744295
64762444
64760748
64758823
64756776
64676741
64674859
64673530
64671606
64775463
64692949
64435555
64388477
64338200
64111488
64109064
64108327
64719493
64717410
64716246
64666683
64657761
64657233
64656521
64639211
64762885
64760258
64741477
64736868
64734920
64733487
64696452
64696059
64681629
64757096
64719325
64717932
64671132
64669561
64634062
64577726
64573815
64571735
64651207
64650836
64650300
64650146
64650054
64648520
64647606
64595698
64595394
64748371
64746868
64746426
64693086
64648669
64648388
64648118
64741216
64740571
64739940
64739046
64704804
64704387
64703619
64661749
64661154
64660226
64722194
64720665
64718771
64200463
64199371
64764448
64763555
64761625
64758650
64756669
64755848
64752912
64751666
63158102
63156782
63156141
63155505
64610777
64258266
64257631
64256651
64255755
64254867
64253641
64252948
64251722
64737498
64737109
64731542
64731040
64730756
64730201
64728596
64675237
64648068
64639450
64637877
64636476
64634932
64631261
64588164
64587426
64586886
64615108
64614201
64609053
64607499
64598443
64597766
64596681
64617540
64616231
64612961
64611665
64608613
64607079
64594498
64593306
64707387
64706636
64667342
64619298
64766030
64764412
64762432
64761229
64759524
64758668
64756613
64745585
64774262
64773870
64742283
64741720
64695448
64695180
64694774
64694591
64692782
64366752
64365274
64753311
64751577
64750392
64749068
64715710
64711820
64710208
64673907
64636436
64635572
64634445
64633024
64628828
64627001
64589478
64588893
64770788
64739850
64738629
64730858
64702358
64699839
64694719
64692386
64709958
64709337
64702422
64701148
64700163
64699197
64698538
64773661
64341971
64339274
64334986
64305001
64231272
64168086
64135762
64114892
64578960
64576075
64573971
64572540
64570839
64569805
64568511
64567758
64566048
64763985
64762367
64759241
64758101
64756150
64754717
64753508
64753024
64756756
64751431
64729161
64728387
64727570
64727212
64725071
64723945
64550903
64550013
64549110
64548520
64548096
64546973
64320765
64319396
64318193
64316458
64772949
64772180
64770875
64768929
64765911
64764855
64764192
64761028
64757572
64754539
64491297
64490410
64489502
64488646
64475460
64474597
63149772
64657362
64635294
64547205
64518486
64516319
64514197
64758319
64757013
64755637
64753837
64752020
64750623
64724420
64723128
64724847
64724053
64723066
64719779
64718761
64716915
64714383
64712600
64628585
64626610
64624304
64708103
64707313
64704669
64703901
64656658
64746304
64745374
64744991
64744713
64743789
64743499
64742737
64742299
64741953
64741251
64529578
64528513
64527788
64430131
64429687
64428630
64405623
63004650
62959968
64644397
64643546
64642940
64766689
64766020
64724845
64724075
64721902
64626550
64625557
64624686
64616465
64615521
64614222
64613151
64611998
64611270
64608936
64608132
64241570
64240436
63652561
63651044
63345755
63345517
63345378
64677084
64617895
64574074
64572794
64571647
64570197
64557604
64556538
64555556
64545990
64544953
64543829
64542670
64542240
64541366
64540459
64765657
64763973
64763355
64762425
64726339
64725736
64725152
64723432
64706601
64534744
64492752
64491457
64127214
64126210
64125733
64124871
64123847
64087468
64085949
64747746
64707222
64673614
64672235
64670869
64611746
64610861
64609948
64367042
64105838
64105093
64104831
64104166
64102154
64101357
64100238
64099536
64472774
64469336
64467918
64466654
64450134
64449568
64395615
64390545
64390174
64771783
64771377
64770704
64770255
64769803
64768740
64768206
64766296
64728491
64775851
64770700
64748372
64740928
64706921
64703652
64697894
64736106
64735779
64735490
64735204
64734645
64734445
64734283
64734140
64700770
64700399
64700000
64683295
64680205
64675581
64767952
64767118
64763803
64721869
64720819
64636574
64635146
64634131
64326856
64756402
64755053
64753776
64752783
64751592
64750871
64718345
64716619
64715246
64657073
64656472
64655326
64772103
64771914
64771496
64770446
64769755
64766261
64764882
64763532
64763923
64762926
64761658
64760788
64758591
64757162
64774331
64774033
64773811
64773407
64773076
64772682
64772209
64771999
64771511
64771019
64638171
64636204
64568221
64567027
64565469
64520514
64518954
64517043
64702192
64701603
64605208
64604114
64603233
64602675
64595549
64365399
64363608
64721370
64719625
64718524
64716611
64713548
64711436
64710166
64705669
64761726
64759947
64757750
64756003
64754848
64753565
64751739
64750978
64749711
64718514
64762661
64761244
64759768
64758231
64754929
64753976
64750511
64689654
64292078
64291130
64288554
64168666
64168274
64108170
64736070
64709308
64695913
64687491
64683477
64592915
64742992
64742519
64741893
64741323
64740884
64740546
64739999
64737721
64737224
64706063
64759629
64496000
64495119
64494220
64271281
64270372
64269063
64267343
63953956
64750453
64686531
64684687
64665941
64663897
64592857
64592593
64758706
64758062
64737433
64737051
64736863
64736578
64722393
64711538
64709629
64708715
64761709
64758670
64756643
64756077
64754185
64753369
64752878
64751964
64750300
64735750
64735320
64734985
64734760
64695067
64694037
64693796
64693265
64754613
64753082
64752040
64750712
64749012
64741845
64741426
64740755
64740364
64726687
64685697
64658439
64657723
64657186
64656883
64632068
64630614
64766531
64765558
64763035
64761306
64759816
64724229
64722739
64721154
64719907
64764424
64761511
64724141
64722708
64519384
64517448
64516192
64509348
64731319
64729433
64728670
64727995
64727283
64706092
64765364
64764263
64762274
64760943
64760361
64759285
64756093
64754377
64753317
64751561
64722911
64691978
64631652
64629249
64721475
64720505
64719363
64717167
64716200
64579436
64578311
64576062
64760541
64758501
64753885
64752213
64750099
64749334
64748182
64747090
64746028
64753600
64752628
64751832
64751270
64750007
64748877
64747897
64735810
64735537
64735387
64678979
64675231
64673300
64671391
64670384
64667481
64666775
64717045
64715586
64714580
64712843
64706799
64602879
64601808
64758079
64755717
64754724
64752781
64712534
64621546
64620291
64618731
64721121
64720357
64719249
64718283
64716313
64402104
64401498
64401111
64400162
64667037
64666242
64664353
64663693
64662759
64662134
64661266
64660590
64735728
64735457
64735180
64694645
64694331
64682143
64680669
64679078
64578704
64576755
64574277
64464763
64463678
64460967
64459549
63860302
63859763
64738150
64737948
64737269
64736936
64735587
64735292
64735196
64753290
64751738
64750809
64749686
64667454
64380540
64379866
64379337
64377829
64376493
64374689
64373183
64372254
64653678
64653430
64652610
64587115
64586511
64585583
64584921
64584259
64582541
64581640
64577660
64575362
64769384
64768357
64767208
64766594
64765171
64763614
64761835
64760129
64758972
64757856
64617363
64615457
64584917
64583339
64580395
64579363
64527436
64526329
64525587
64667287
64665513
64650698
64650455
64608764
64607416
64605368
64480331
64759416
64757868
64747772
64745174
64721065
64711629
64707077
64704841
64692803
64685965
64765832
64764984
64733115
64732987
64732604
64732173
64731868
64720872
64719538
64718441
64717091
64230333
64026568
64025855
63990955
63990033
64724197
64722932
64721296
64719946
64718928
64319181
64317572
64315341
64313294
64681664
64450337
64449579
64448968
64448222
64439387
64439064
64438641
64438273
64656486
63780471
63779128
63778171
63777055
63776338
63771507
64740102
64739484
64720629
64719906
64499777
64445887
64402906
64775719
64775487
64775287
64775076
64774833
64774581
64774300
64774085
64773660
64773149
64737538
64699044
64675236
64647189
64641476
64587397
64564441
64546439
64549854
64548719
64547689
64546699
64545950
64544272
64543089
64542132
64541753
64760173
64754654
64480220
64433393
64386658
64338583
64231733
64167076
64107014
64096300
64718128
64716232
64714372
64712894
64711909
64710896
64682612
64681586
64680635
64744400
64743989
64743286
64742690
64721010
64719810
64714395
64712439
64764910
64759343
64757623
64723834
64722433
64719436
64697931
64606091
64604314
64594227
64487413
64486588
64486201
64485492
64743610
64675896
64608661
64607187
64556746
64555680
64555017
64501997
64664377
64663396
64543708
64543167
64724183
64722472
64720566
64718735
64717986
64716029
64714097
64713018
64711953
64710553
64656365
64655119
64534185
64483479
64483095
64617117
64615871
64614560
64613358
63204020
63203232
63202823
64763878
64762998
64761065
64759652
64758581
64756712
64755832
64752926
64750818
64745603
64742174
64734781
64676154
64674483
64654965
64637548
64626965
64718808
64636899
64575383
64572941
64570399
64568208
64567191
64260089
64258977
64730943
64730494
64729957
64729708
64729421
64728869
64725123
64723496
64721898
64720064
64771475
64770512
64769994
64769307
64768320
64767926
64763786
64762104
64761049
64773496
64773168
64772890
64772518
64772132
64771484
64767917
64730148
64758229
64757151
64755744
64720421
64718351
64678554
64677278
64675994
64620295
64587381
64584988
64584133
64583644
64465273
64463491
64461877
64378485
64377433
64752792
64751376
64749983
64749398
64748319
64711365
64710769
64572226
64570080
64749582
64748469
64747455
64746851
64665586
64664689
64663863
64775879
64767789
64756358
64732581
64720855
64719515
64708822
64692730
64691562
64760604
64759853
64758523
64618576
64617313
64462535
64461117
64363384
64361764
64555971
64554822
64554214
64553412
64552109
64550345
64531855
64531488
64531237
64685199
64684406
64683402
64530786
64530343
64529789
64529101
64528668
64382482
64769517
64768453
64767629
64766892
64765416
64764123
64762016
64759979
64757809
64690512
64748513
64747748
64624353
64622427
64621608
64620506
64619353
64696976
64683739
64682974
64681913
64680345
64678867
64676223
64660498
64456726
64449322
64406454
64405381
64358260
64357521
64356438
64355430
64353531
64628563
64623995
64422284
64420825
64419339
64418581
64416829
64415566
64413819
64725684
64725130
64708949
64770805
64731639
64729871
64729503
64748462
64747426
64704998
64704104
64667065
64666447
64665805
64706154
64705705
64666138
64414667
64413732
64744792
64717286
64716267
64607464
64606276
64604877
64603960
64603494
64602289
64600558
64599759
64598946
64757014
64755234
64754481
64752838
64710315
64312391
64311375
64310483
64704275
64703917
64703415
64703027
64702448
64701827
64661618
64684144
64683243
64682061
64640622
64638981
64637473
64634838
64632281
64763036
64761603
64760675
64759628
64717202
64713153
64675029
64673560
64571510
64718641
64716793
64715746
64714337
64639965
64638671
64637156
64635519
64633539
64733996
64386989
64386800
64386605
62379416
62379135
62378774
62156182
61250000
64773247
64742752
64742129
64741676
64647136
64742134
64741665
64599814
64598926
64546843
64546113
64545443
64544759
64543574
64768312
64763452
64731020
64730672
64730308
64729746
64543414
64542912
64541821
64541402
64367304
64365752
64362788
64255587
64758137
64738297
64725346
64705970
64684721
64679972
64653566
64646921
64646221
64703537
64624662
64622253
64612670
64611177
64762560
64760805
64739304
64738788
64738229
64736295
64773494
64742964
64532312
64434624
64432629
64298118
64295159
64286860
64235054
64773408
64773002
64772580
64772034
64771723
64770443
64769019
64767307
64658449
64639363
64638326
64580592
64647361
64646803
64189775
64188487
64187023
64186147
64184919
61929442
61929131
64433509
64338744
64232626
64114010
64085790
64066578
64063911
63482277
64759214
64757813
64755986
64754233
64750941
64750247
64691204
64705862
64657118
64656496
64656167
64655261
64654901
64487396
64485302
64651133
64389721
64336766
64288572
64232492
64115578
64111892
64111073
64749965
64749455
64706196
64651527
64651151
64650978
64650656
64650389
64650243
64649627
64601812
64594932
64538908
64339029
64286098
64241784
64230094
63722512
64754541
64753171
64751293
64750119
64749653
64748535
64748002
64700498
64738111
64663374
64663060
64662756
64661641
64660772
64660267
64744604
64743892
64743163
64736591
64736387
64736171
64735968
64709982
64757625
64756564
64754107
64753538
64751990
64750853
64714590
64592671
64167805
64119793
64118694
64110849
64073296
64068219
63756925
63676176
64750093
64748353
64620586
64619488
64617991
64617150
64616250
64615549
64583567
64582603
64736418
64736130
64735937
64735651
64735088
64762026
64759410
64754074
64753020
64751640
64690370
64763950
64762708
64760819
64759734
64758509
64717315
64665674
64759950
64758067
64756383
64755093
64754143
64721926
64719212
64717791
64716383
64760128
64759118
64756948
64709162
64708565
64637747
64636243
64746318
64745703
64506627
64503472
64015025
64014708
64014386
64014187
64756634
64755119
64754136
64753360
64722205
64721176
64720198
64717836
64700374
64699703
64659453
64390492
64390235
64771722
64771242
64770501
64703709
64695658
64695269
64694862
64393898
64393553
64650458
64650194
64649815
64649355
64649102
64648873
64648670
64723506
64722781
64721175
64720114
64683149
64680674
64755860
64714628
64712907
64710158
64708939
64671850
64669103
64700946
64700519
64699772
64542420
64541872
64539598
64673125
64625518
64624471
64615717
64615024
64613738
64612488
64665071
64664438
64640273
64639030
64638525
64637853
64636962
64635379
64633502
63647389
63646062
63603878
63602914
63602260
64666763
64666264
64665723
64665135
64664214
64663786
64625752
64744565
64744087
64743386
64655934
64626466
64625397
64624420
64731645
64705990
64705207
64701664
64701040
64693252
64661044
64659297
64729715
64728987
64728102
64727093
64336938
64336829
64336546
64336361
64335993
63878885
63877434
63876581
63875325
63874457
63829085
63828054
63826755
63825816
64743342
64742791
64742353
64721596
64719738
64718422
64717646
64716811
64715228
63836053
63834711
63833786
64768774
64768081
64766614
64765323
64763933
64762343
64759886
64757655
64754047
64745832
64775820
64775649
64775435
64775302
64775107
64774910
64736904
64736660
64736249
64735769
64700783
64700274
64700041
64699023
64698521
64698050
64697835
64653414
64615483
64614940
64613195
64612151
64611433
64356441
64355377
64354455
64353433
64748839
64747683
64747235
64744820
64743929
64718728
64716526
64773709
64773548
64773092
64772493
64730830
64730396
64730078
64729491
64728777
64736845
64702767
64701168
64436069
64425101
64417776
64383317
64377910
64370691
64744288
64743884
64743157
64742430
64709743
64708352
64706777
64697662
64697337
64756557
64754247
64614653
64612654
64611857
64609586
64766182
64753367
64751903
64723995
64723045
64722279
64717858
64716579
64714940
64705751
64726082
64724775
64613866
64251216
64248927
64247313
64246477
64245970
64244601
64762846
64761961
64689288
64689104
64688588
64688011
64669057
64769351
64768562
64680402
64640346
64638482
64610866
64048581
63965756
63965174
63964720
63362456
63361785
63360946
63344675
63308598
64543052
64542447
64541797
64539973
64534670
64492314
64760726
64711048
64706317
64665136
64661850
64769277
64758951
64751549
64741300
64725384
64715534
64696353
64691014
64687421
64745649
64745072
64744464
64743831
64708186
64707208
64706259
64705798
64747607
64746964
64744750
64744084
64739014
64736445
64720010
64749998
64706201
64705388
64705022
64634344
64631112
64629566
64627345
64087832
64085431
64683741
64655558
64648907
64601316
64487286
64480198
64330486
64771489
64770890
64770330
64768514
64767976
64767379
64766340
64741929
64760477
64373516
64372401
64371238
64369646
64367433
64366208
64364377
64266515
64265079
64751375
64750920
64750447
64749705
64608702
64607923
64605831
64540888
64540087
64704269
64703744
64701927
64701419
64700444
64700240
64699970
64699279
64658757
64658115
64657213
64656681
64621630
64619056
64618157
64771863
64771072
64769692
64767637
64766833
64765633
64746539
64722635
64720302
64530397
64530042
64529603
64529011
64528206
64478779
64478542
64478237
64477991
64475785
64202762
63985003
63983893
64736472
64736037
64683084
64664303
64661406
64660618
63905602
63897898
63896111
63895139
63894095
63786663
63785182
62905702
62904639
64560802
64500922
64499978
64454358
64453392
64407611
64406575
64372037
64724173
64722949
64721326
64719669
64670430
64669264
64643838
64643344
64636084
64754042
64752405
64751291
64749520
64744632
64744124
64743577
64742871
64774970
64774017
64771836
64745738
64728891
64721732
64710263
64705778
64698274
64667715
64756713
64354634
64762503
64751569
64750476
64743482
64742943
64727698
64726864
64725356
64724036
64671373
64623739
64622211
64620703
64572605
64617616
64614537
64612310
64604902
64604045
64603413
64602362
64601059
64600510
64744515
64649203
64524157
64480661
64410259
64367685
64353009
64343552
63438879
63438377
63437587
63436884
63436271
63356982
63278886
64697530
64697107
64696744
64696332
64696157
64663351
64662444
64627921
64626489
64624389
64498635
64236638
64236313
64233168
64169202
64168854
63538993
63537853
63311245
64761468
64760244
64759099
64757222
64755696
64754922
64751996
64552501
64563131
64560429
64559423
64526193
64525389
64524843
64523930
64522500
64521553
64750121
64748991
64748320
64631952
64630013
64626681
64625482
64589241
64737060
64621170
64548817
64547475
64546473
64545415
64544186
64522432
64725724
64723935
64715209
64713828
64711954
64710968
64708262
64771820
64730925
64730654
64730389
64687427
64687076
64641128
64640255
64639458
64614998
64614182
64604178
64595266
64563091
64544374
64543669
64542572
64542129
64760889
64758511
64756477
64742979
64495639
64494754
64494341
64269818
64269031
64761363
64759986
64759311
64757296
64750630
64749449
64744770
64743805
64742216
64755788
64755022
64752072
64721356
64720122
64671740
64656901
64725397
64723752
64685713
64683811
64682832
64681747
64635783
64634244
64633489
64735930
64733834
64707338
64698683
64690273
64684008
64662784
64650889
64775698
64775433
64775338
64775064
64774896
64774578
64774210
64774007
64773535
64773179
64684209
64683267
64681922
64638723
64637880
64321076
64319635
64318485
64003448
64382808
64381962
64381454
64381120
64380542
64379881
64378464
64377865
64376776
64374904
64644587
64643844
64643334
64642733
64642147
64641085
64640577
64638793
64747022
64746761
64746424
64737039
64736410
64736164
64718081
64716513
64727958
64727672
63720640
63179967
63179716
63179161
63178908
63178539
63177895
64731455
64731018
64760738
64760020
64759072
64722943
64722026
64674759
64671755
64630435
64628508
64627363
64626096
64624796
64622880
64622284
64710605
64685284
64684873
64683692
64619282
64618434
64616480
64615811
64448719
64567699
64563815
64561079
64559543
64558062
64557233
64555814
64548685
64598307
64597726
64627740
64624111
64614366
64613113
64611077
64609651
64608216
64606843
64686983
64681142
64679806
64678109
64676820
64675394
64743754
64701218
64436261
64377334
64375954
64375104
63936385
63935376
64776181
64775954
64775723
64775576
64775404
64775253
64737967
64610004
64760691
64759400
64715838
64713571
64712387
64602169
64601512
64769376
64684291
64681885
64679337
64678715
64675210
64660553
64764724
64760332
64759029
64758056
64754803
64644168
64643403
64716090
64714141
64713367
64674030
64634182
64631968
64630831
64629562
64739088
64738689
64738395
64738070
64251291
64194972
64193634
64193048
64567294
64565390
64562813
64561442
64545809
64512650
64511263
64510337
64421161
64760528
64758803
64757956
64756200
64754614
64770159
64768962
64768207
64766836
64764850
64763584
64762758
64615561
64445717
64393481
64764086
64763251
64762269
64711558
64618365
64615954
64614575
64770880
64769020
64767790
64767107
64765440
64762633
64761120
64759009
64722542
64768615
64767950
64767023
64766277
64764279
64758549
64757049
64767892
64767085
64765812
64764941
64726543
64726023
64723944
64723340
64774224
64750134
64742170
64733106
64730924
64652948
64615680
64590012
64533689
64611805
64610826
64610357
64609599
64608037
64512624
64510263
64509255
64534504
64534159
64533847
64533440
64533178
64532994
64532726
64487030
64486413
64760150
64757275
64755955
64754335
64752802
64751562
64750268
64749321
64748781
64762013
64759988
64758993
64757887
64755739
64653284
64627090
64623213
64705987
64704180
64703698
64701954
64701571
64700936
64700573
64401970
64736756
64596031
64481808
64336246
64229956
64172571
64770830
64770180
64727890
64686604
64686301
64685274
64684810
64732918
64731979
64730892
64699052
64697913
64692207
64646901
64488850
64721016
64719452
64718182
64716402
64713854
64683059
64766078
64764565
64761221
64757936
64755740
64754104
64753566
64751834
64750575
64724013
64723553
64721709
64674458
64672982
64670954
64641967
64640812
64639340
64546238
64545530
64544392
64543532
64542671
64251345
64250084
64249101
64776520
64776274
64776099
64775845
64775600
64775410
64775161
64774969
64681427
64102796
64588741
64588257
64587657
64587295
64586681
64585695
64584389
64582542
64525701
64768168
64767250
64765453
64754471
64753500
64638198
64636714
64615815
64615106
64601776
64601394
64600434
64599313
62885283
62884830
62884402
62873572
62747625
64693881
64664363
64620410
64544560
64543900
64380954
64358633
64280503
64148275
64146337
64144181
64143489
64141365
64137401
64136520
64135224
64133640
64762764
64754451
64726853
64708672
64672239
64671246
64637864
64626821
64748161
64708043
64672655
64662897
64622061
64275030
64131719
64081708
64776370
64774921
64651522
64532398
64434834
64230413
64214436
64167383
64145447
64734711
64653748
64653349
64652907
64651748
64651460
64650774
64650273
64649484
64647305
64765697
64764127
64723429
64721684
64773685
64338104
64294253
64291772
64288694
64286861
64281369
64230630
64110828
64743599
64735174
64603498
64587032
64490618
64483524
64437704
64430222
64426266
64759792
64659041
64368014
64365426
64271848
64268716
64267007
64265833
64258417
64257845
64752305
64687357
64686703
64521499
64775712
64769387
64768193
64743237
64742902
64742123
64741073
64728023
64727591
64720348
64718645
64717470
64716078
64715059
64669925
64668292
64633229
64737467
63749261
63747786
63745491
63743694
63742508
63640020
63639543
63639013
64764390
64762616
64760953
64754965
64753697
64752987
64751536
64750741
64776533
64774811
64774564
64652942
64646018
64595627
64592901
64591648
64575811
64648560
64643336
64621906
64596100
64593966
64589257
64555516
64648513
64533593
64421457
64231450
64167040
64114597
64109969
64109536
64606434
64604909
64603549
64602460
64601406
63554454
63553386
64769831
64768917
64767340
64766287
64765270
64763792
64762860
64760926
64759063
64687885
64687506
64686813
64685826
64684482
64681987
64680336
64679010
64235056
64175004
63925423
63872406
63869221
63868858
63868482
63867210
63866632
63825550
64733767
64591670
64573760
64092756
63995285
63994146
63968862
63968662
64776618
64759500
64744830
64738088
64720723
64712190
64704091
64697431
64669922
64719842
64718580
64716594
64713084
64712294
64709149
64742206
64741515
64741108
64740490
64740147
64739777
64739222
64738812
64737181
64736750
64757352
64755975
64755095
64757904
64756119
64755457
64754282
64753447
64752481
64751678
64750568
64722053
64775593
64748439
64747130
64746250
64745422
64744599
64744287
64705296
64704503
64764635
64763899
64763232
64759740
64756001
64576427
64574594
64665894
64664994
64663961
64663499
64379051
64378258
64376660
64374578
64773039
64772626
64772315
64771703
64771129
64770348
64769773
64768778
64767382
64754364
64753183
64751732
64751230
64750394
64749709
64749222
64748537
64747725
64758131
64716671
64675349
64627684
64625876
64624425
64606220
64541470
64540805
64699583
64129698
64066043
64064317
64025823
64025000
64024390
64687289
64686575
64686125
64685029
64684119
61317589
64774039
64733180
64732954
64675264
64673677
64648344
64648111
64571970
64570378
64568805
64510908
64508349
64506334
64504795
63699841
63699065
64756335
64755571
64754820
64751705
64749548
64749212
64478084
64775114
64499650
64436696
64435535
63585539
63345230
63268322
63268136
63265509
64694103
64693961
64693696
64693113
64692840
64770777
64769990
64585564
64584937
64584382
64582961
64581823
64579664
64563731
64579122
64578435
64576466
64575683
64573927
64571802
64570084
64569281
64547503
64546193
64776596
64776436
64776204
64775960
64775569
64775421
64775221
64775003
64774851
64770714
64770142
64765541
64763070
64761163
64757533
64754208
64722665
64720975
64719031
64718205
64678751
64677195
64676026
64674068
64756670
64754530
64753359
64749054
64748408
64747580
64746791
64746058
64745202
64744451
64701146
64700779
64723927
64722540
64721861
64720106
64717683
64715692
64683929
64682635
64681892
64736635
64435802
64395621
64338844
64289474
64288879
64111368
64110468
64769582
64768719
64700711
64700378
64699456
64698661
64542119
64541606
64540592
64484843
64441629
64441221
64721567
64718947
64717178
64714738
64712946
64711406
64687707
64687154
64734418
64732725
64698445
64689017
64653120
64645293
64600598
64534148
64533024
64712888
64711230
64710086
64709187
64707934
64707042
64675768
64673597
64671980
64670748
64742640
64742279
64741578
64741235
64739708
64739121
64707682
63728367
63082580
63082179
63081653
63080949
63051780
63023886
63023261
63022568
62601044
64733415
64730758
64730192
64729299
64727980
64726920
64765041
64763738
64762360
64760588
64759694
64758794
64757692
64724211
64768066
64766634
64765358
64764239
64760245
64753410
64274602
64273816
64272043
63915834
63915352
63914553
63914010
63913297
63912630
63911974
64737881
64737687
64727680
64722881
64719081
64770434
64769502
64768701
64768225
64763233
64762363
64761438
64760526
64759828
64759080
64614847
64614161
64613045
64612005
64611588
64610176
64609444
64608464
64607890
64606482
64776919
64610582
64609215
64607926
64589492
64589191
64588995
64725462
64638982
64423460
64422653
64376872
64376156
64373641
64370900
64775462
64770106
64769130
64759499
64758446
64754406
64751387
64747638
64740122
64706873
64706343
64705434
64704492
64701374
64700858
64723301
64722314
64720551
64716832
64678134
64670582
64776047
64754072
64753151
64751081
64776530
64770807
64768300
64767670
64764950
64760086
64752690
64158979
64157773
64156569
64155222
63392303
63006615
63005835
63004988
64729308
64728706
64728072
64727236
64726377
64725455
64654019
64653758
64489160
64687126
64644954
64644285
64329203
64328106
64777070
64774064
64773183
64772706
64772025
64771733
64769193
64767087
64766302
64765359
64776891
64736109
64695549
64695338
64694886
64694461
64651359
64651052
64536852
64650612
64650296
64645396
64644864
64642886
64642281
64606937
63129034
62898677
62445847
62414101
62220881
61925448
61785903
61514128
61453320
64764631
64728906
64706014
64697547
64665955
64636029
64620913
64610416
64767392
64766822
64764665
64762979
64746300
64737615
64737371
64681415
64527728
64526969
64526164
64525428
64524588
64523283
64522446
64520737
64518124
64761162
64742224
64741797
64741416
64741096
64740784
64740296
64704701
64704368
64777134
64776673
64776217
64775816
64775637
64775474
64746967
64745659
64745246
64786224
64785188
64783810
64782729
64745730
64744921
64705565
64706908
64706004
64705393
64704857
64704017
64703232
64702620
64701756
64792486
64791238
64788690
64787498
64751527
64750720
64749501
64714018
64711669
64785976
64784959
64784284
64783576
64782582
64782092
64781363
64780307
64778434
64778045
64800392
64799405
64797714
64795747
64793721
64772501
64771345
64770676
64769940
64769053
64800864
64756577
64754630
64752090
64732100
64731656
64731111
64801180
64798962
64791938
64788274
64787662
64787077
64786534
64785401
64719886
64606476
64602752
64601559
64600296
64599644
64773832
64735339
64735064
64734873
64461976
64460145
64458164
64456656
64455893
64454345
64451207
64450242
64794695
64793156
64791271
64789753
64788270
64786956
64786421
64785807
64785154
64800464
64798287
64796191
64792750
64791201
64789702
64787978
64786538
64785530
64783771
64787299
64785788
64781987
64780932
64780050
64779119
64778508
64777860
64773084
64772579
64772087
64771174
64770793
64770357
64769070
64735841
64735499
64754095
64753438
64751942
64751144
64750198
64749123
64748447
64748061
64747403
64746605
64771111
64770484
64768579
64728136
64764009
64746277
64745615
64744729
64744140
64742125
64776540
64776196
64776037
64775800
64775591
64775391
64773958
64773686
64773256
64772831
64761911
64802046
64799912
64797875
64781636
64771338
64747695
64746756
64743023
64742277
64741460
64786381
64783236
64781497
64780588
64780163
64779280
64778702
64794075
64791037
64788400
64786090
64801610
64733378
64733136
64732864
64732653
64732194
64688560
64785692
64784669
64783673
64782873
64785276
64784195
64773026
64772175
64771651
64771297
64770904
64770428
64776622
64734164
64733958
64733814
64727326
64726098
64696691
64692836
64798097
64796209
64792292
64789165
64748617
64676226
64798534
64796982
64794330
64792803
64791184
64789499
64788204
64745876
64801159
64705148
64704564
64582092
64577224
64781873
64776075
64775691
64775555
64775224
64774994
64774779
64774545
64774307
64773729
64773385
64775472
64785548
64784496
64746417
64745259
64744476
64742639
64738433
64796801
64795239
64783950
64782974
64782245
64746221
64745609
64784592
64782831
64780804
64779933
64779424
64778487
64777905
64777195
64776836
64747061
64746171
64745536
64744856
64744166
64741732
64741072
64739122
64799122
64794614
64790972
64789797
64788624
64760659
64783376
64781224
64779589
64778824
64778112
64766982
64766171
64764680
64762891
64761595
64759592
64757691
64756580
64801927
64800049
64743787
64721413
64719305
64718116
64717128
64715397
64713608
64719004
64747200
64732002
64731836
64731421
64731033
64730673
64730074
64729372
64728764
64728342
64746881
64734068
64733706
64721881
64720651
64781070
64777724
64769404
64784401
64783709
64779840
64766601
64722173
64718625
64717656
64802870
64777986
64740044
64739307
64738967
64706434
64705933
64705002
64678868
64677876
64814475
64813905
64778279
64771822
64742066
64741410
64740869
64740362
64811395
64810439
64809046
64800281
64810679
64808646
64806561
64805613
64803099
64784385
64782664
64735203
64696416
64696080
64695659
64810985
64809726
64808477
64807174
64805011
64803385
64801217
64799157
64797102
64796162
64805442
64804130
64804656
64802384
64784820
64784257
64814623
64813273
64811865
64770562
64768785
64768280
64767216
64813524
64812916
64807325
64805340
64786089
64693406
64693130
64692922
64805147
64803896
64798674
64792763
64789567
64769766
64804273
64803079
64791539
64788114
64811562
64808117
64813140
64810889
64814890
64814224
64813384
64812446
64809737
64808487
64807436
64761761
64735704
64697834
64625404
64624392
64591000
64589177
64588190
64583834
64815056
64814618
64815127
64814352
64813731
64812315
64811280
64809878
64808846
64807758
64758855
64757031
64755550
64753684
64751035
64749807
64747626
64806313
64803374
64741868
64538857
64538313
64537466
64537227
64536580
64536350
64529647
64529108
64528391
64815155
64814575
64813869
64813228
64810381
64803562
64807967
64805658
64804253
64803130
64801336
64799503
64797217
64796128
64790663
64797173
64796031
64782609
64781367
64780808
64777264
64776977
64809366
64774056
64773426
64781767
64774148
64773582
64773306
64772234
64771772
64768491
64767460
64748591
64812532
64729194
64728367
64712816
64775283
64774885
64806806
64780443
64778367
64777606
64804117
64815039
64813624
64814045
64798314
64811451
64810812
64810075
64809553
64808421
64806927
64805243
64803969
64799873
64803605
64788560
64791347
64790177
64788846
64574664
64570473
64554277
64510771
64508842
64814639
64686166
64685390
64683788
64682800
64636416
64758236
64747900
64707785
64617139
64615208
64614618
64613787
64813868
64813124
64812614
64740954
64739839
64739363
64739728
64739160
64738595
64738252
64737661
64737169
64735948
64735497
64814732
64762819
64812042
64805883
64770319
64769163
64767887
64807438
64769455
64766082
64764353
64763759
64735254
64815289
64798964
64797810
64796775
64794540
64813840
64813233
64810782
64809351
64807738
64805823
64815250
64814822
64796512
64810087
64811552
64810767
64809549
64808306
64810178
64777055
64775173
64774973
64792140
64814993
64813005
64812106
64809851
64806799
64811891
64622492
64782381
64789905
64812268
64810086
64776721
64776338
64775911
64812682
64809548
64808304
64808839
64811268
64806798
64802318
64773650
64771502
64769219
64764504
64814557
64806466
64804479
64813403
64805533
64804377
64802307
64801035
64800148
64798632
64806232
64804659
64812775
64811805
64811193
64810425
64809522
64807897
64807037
64805175
64802699
64800200
64797946
64785054
64731465
64730600
64809782
64808893
64811768
64810282
64809169
64807619
64805617
64803575
64801993
64811399
64658242
64721646
64719731
64717406
64676880
64814287
64813637
64812810
64812136
64802911
64801114
64815253
64814843
64814252
64813881
64799809
64787840
64783502
64786667
64780492
64708117
64703061
64669571
64667966
64784211
64783509
64782541
64781505
64780893
64748394
64734528
64786128
64785352
64784711
64784063
64782525
64741187
64654937
64804070
64801824
64800692
64798460
64796705
64795073
64793411
64791494
64785689
64784659
64779004
64681191
64679563
64678606
64781787
64779224
64776260
64793501
64790029
64791067
64789465
64788409
64787713
64780209
64760025
64783506
64790318
64787425
64778944
64803271
64793040
64785237
64783016
64780758
64656807
64656060
64655684
64794085
64801924
64800898
64799125
64752847
64751328
64750388
64749704
64741706
64787384
64786870
64785867
64779706
64741014
64739901
64739569
64798202
64796539
64788973
64815365
64814849
64812784
64811998
64811100
64810407
64809242
64807786
64813136
64812173
64811250
64810690
64809514
64808601
64773694
64773223
64796680
64794825
64793547
64791866
64790681
64789218
64776101
64775920
64775760
64775529
64775050
64774809
64774106
64812214
64811276
64810174
64772097
64785286
64784728
64784171
64783443
64773764
64773448
64773035
64770860
64770279
64769600
64768571
64767946
64767215
64814935
64814542
64814020
64813364
64812732
64804372
64802334
64771423
64770987
64772629
64770899
64770347
64810783
64809998
64809250
64807796
64807242
64806331
64804708
64803194
64802326
64800669
64773810
64773102
64772677
64772203
64706404
64705890
64705027
64704473
64815294
64814873
64770539
64800998
64799046
64796187
64795019
64793273
64791581
64807306
64804620
64802616
64800518
64815659
64784626
64784045
64782881
64781130
64779959
64779568
64778886
64745142
64744623
64743721
64794577
64793191
64766085
64759419
64757777
64744452
64805083
64804115
64802908
64801422
64799722
64797865
64795450
64793481
64804183
64802266
64800937
64745201
64744759
64743391
64742744
64755110
64753547
64807031
64805139
64803135
64799546
64797525
64796037
64772311
64743479
64742817
64701372
64795036
64808484
64807020
64805164
64803571
64802268
64800492
64798176
64796649
64795889
64793767
64804782
64802847
64800871
64799178
64772899
64768374
64767762
64741516
64740607
64739951
64767539
64764655
64762815
64761115
64786426
64785656
64784851
64783889
64783393
64782459
64781441
64780342
64808446
64803498
64792811
64772619
64801689
64795569
64794347
64793199
64805438
64785023
64766658
64815396
64798836
64796670
64794922
64793219
64743443
64742431
64783713
64812763
64812002
64811586
64811075
64809919
64807410
64805860
64750161
64749516
64748565
64747451
64746500
64745631
64744044
64743655
64812771
64811787
64810709
64808797
64789101
64742418
64742005
64740689
64740411
64739211
64736425
64742653
64742162
64739258
64738831
64768876
64767783
64764324
64749297
64748126
64810989
64809555
64808244
64806625
64804865
64800588
64798771
64798055
64792526
64790938
64790067
64789395
64787303
64785488
64781995
64802368
64798255
64797386
64793635
64796926
64815510
64781589
64780661
64805530
64804370
64802156
64800832
64798522
64796377
64783220
64786151
64804953
64800724
64797430
64740248
64739780
64811860
64767987
64806244
64799576
64783174
64794501
64790474
64788792
64786677
64747776
64747270
64746826
64746309
64745054
64744250
64742888
64745681
64742994
64741645
64801988
64789683
64789008
64788108
64749112
64748113
64747557
64746951
64734126
64703831
64702635
64741390
64740791
64738915
64738457
64736229
64735962
64743087
64739544
64738565
64737978
64738345
64708987
64707661
64706588
64702022
64804740
64815762
64789699
64775968
64775754
64759087
64757334
64792232
64787245
64786858
64753834
64752461
64749441
64806109
64803784
64791994
64790462
64744541
64744100
64741947
64740900
64739433
64760939
64676451
64674928
64785192
64784359
64782932
64781681
64780922
64538667
64463717
64462132
64460106
64039661
63664997
63663560
64815844
64814188
64775872
64732302
64731886
64727904
64726860
64776778
64792540
64794276
64789214
64805758
64803813
64802422
64800398
64798359
64804803
64815673
64775633
64775428
64730382
64729827
64729203
64808883
64799159
64796571
64791745
64789951
64800317
64797130
64795556
64800116
64775061
64774843
64802782
64800727
64798501
64797573
64796142
64793860
64791928
64808164
64741249
64740125
64812232
64811108
64805727
64795688
64792797
64790478
64788631
64785456
64784384
64798145
64796123
64806348
64797919
64779538
64778648
64778270
64792317
64811825
64810988
64810513
64809600
64808812
64807809
64806679
64803582
64782581
64748562
64747855
64746448
64801151
64796583
64794849
64793711
64792118
64813415
64812629
64810914
64810283
64809751
64807408
64768982
64781433
64780615
64779476
64778588
64778017
64753325
64805753
64803882
64803000
64801654
64799425
64767481
64766124
64765003
64426290
64425001
64423835
64807321
64771992
64735898
64735580
64735353
64733251
64710830
64606961
64597693
64597183
64596781
64592845
64542871
64535520
64535207
64815136
64814404
64812646
64811937
64811067
64787134
64790997
64675298
64790512
64789177
64787247
64791990
64790837
64789081
64788141
64787002
64753299
64752495
64816072
64815786
64771507
64793495
64792252
64790017
64789255
64786306
64763870
64784044
64781934
64755019
64700975
64700222
64802071
64800175
64798776
64794086
64813813
64797589
64815983
64773543
64760737
64759461
64733103
64807601
64662399
64658732
64620717
64763497
64762168
64760513
64759448
64758527
64757742
64755892
64727852
64727169
64815072
64814825
64814437
64774350
64773225
64722966
64721031
64718881
64768201
64730773
64730223
64729629
64729106
64707735
64707371
64816112
64688265
64687847
64687313
64685907
64727605
64795924
64793587
64792424
64788721
64787871
64780129
64808649
64794077
64791430
64790222
64776033
64775866
64682088
64680660
64499354
64498081
64479393
64478974
64478484
64478181
64815483
64774621
64774457
64773734
64810182
64809681
64808717
64807178
64811379
64809480
64808751
64804773
64800454
64799209
64791591
64790159
64788947
64611507
64792494
64798707
64797480
64794929
64770060
64799714
64752747
64797780
64795642
64793453
64792320
64790517
64789828
64788520
64787070
64786035
64785061
64775346
64810172
64809127
64807845
64807083
64805221
64803697
64801232
64799719
64781882
64780937
64780389
64779908
64800558
64802707
64814492
64814186
64813544
64813202
64812710
64812075
64810611
64809310
64807803
64806900
64785726
64784868
64783876
64755538
64754169
64752407
64751372
64750201
64748993
64786063
64785390
64783477
64749457
64749020
64747958
64747450
64808452
64789814
64788583
64785049
64782614
64781745
64780424
64787005
64786196
64785545
64735046
64734893
64734724
64734533
64786014
64781006
64737609
64737316
64702731
64655394
64799529
64797716
64796599
64783887
64782780
64781981
64781387
64780426
64779508
64815479
64814810
64813984
64813569
64812868
64811910
64816348
64815443
64786824
64785762
64784934
64775247
64783315
64782400
64747096
64744259
64724741
64781877
64781014
64779878
64779215
64777386
64777135
64798931
64797540
64788175
64803376
64797558
64795515
64791288
64790473
64788930
64788084
64786445
64785819
64811944
64810992
64810025
64809338
64808553
64807666
64806827
64804921
64803826
64802272
64809463
64808736
64807571
64806140
64341098
64745545
64744875
64744343
64666044
64783321
64782077
64781020
64748442
64747636
64715047
64709103
64781625
64495086
64494639
64462932
64461860
64808949
64807499
64806152
64804202
64803336
64801056
64797048
64794613
64793543
64785643
64785197
64783614
64783118
64782144
64776803
64776559
64776418
64697985
64816426
64801225
64799431
64791584
64790298
64788745
64787790
64787078
64785003
64750713
64749544
64747109
64746568
64746087
64712679
64801718
64800318
64796818
64795438
64792577
64787095
64784216
64791421
64781633
64796581
64793853
64791368
64790152
64789447
64788453
64787149
64725463
64724881
64723379
64785617
64783450
64703669
64702979
64648080
64645787
64788587
64787754
64786526
64784958
64783901
64783139
64781477
64780710
64779791
64746269
64745359
64741610
64741285
64741004
64789322
64787909
64787329
64778840
64816380
64815943
64815658
64815023
64814461
64814085
64813532
64812919
64787499
64778671
64734581
64734356
64734007
64701868
64653896
64816395
64816206
64776500
64737069
64735903
64735443
64737626
64736895
64783773
64782769
64734989
64734809
64727799
64737770
64735784
64816514
64774665
64774512
64797567
64796338
64794584
64793179
64776923
64765339
64763606
64751850
64746106
64745329
64737697
64786974
64691265
64691112
64690810
64530386
64477016
64783214
64764815
64763626
64784282
64783318
64782796
64782269
64781786
64781062
64780049
64779238
64778641
64778193
64736033
64735399
64690373
64690139
64689696
64689416
64720387
64717022
64768199
64748375
64733901
64733599
64733327
64760809
64750607
64752665
64710448
64709544
64766484
64763895
64763270
64758697
64756741
64740445
64709070
64724494
64723256
64722126
64697929
64696783
64743138
64737375
64785700
64745765
64745037
64743896
64743517
64743229
64746102
64812037
64810570
64809223
64812269
64811285
64810756
64809823
64807969
64806175
64805565
64771106
64770718
64765820
64767335
64763102
64761064
64758015
64756044
64810304
64796714
64794863
64793677
64744073
64805269
64792683
64790722
64789963
64777876
64549071
64546614
64545503
64697291
64696306
64694855
64612979
64795003
64784116
64783428
64782412
64781427
64771419
64765862
64802612
64705262
64704848
64704033
64739905
64737504
64721699
64718894
64709631
64703937
64726653
64777348
64777116
64695136
64694476
64540204
64393551
64392937
64392734
64392220
64389804
64379418
64377516
64799688
64804000
64782220
64781353
64665552
64664834
64662041
64660852
64701358
64698708
64698210
64697883
64697267
64696916
64799034
64797199
64795904
64793823
64792218
64728652
64801525
64786930
64801271
64733768
64727818
64727025
64804966
64770971
64770082
64803881
64801692
64773177
64772696
64816697
64816006
64815731
64812668
64801354
64800213
64816283
64803132
64801564
64799332
64801373
64799478
64766400
64765292
64761347
64756838
64755286
64758817
64756209
64811627
64808038
64807251
64803220
64801921
64799930
64797863
64796141
64777381
64776932
64776756
64776551
64794806
64792624
64790817
64789206
64802804
64794480
64671589
64670315
64766816
64765677
64764903
64763450
64806525
64789189
64788205
64748273
64796932
64801739
64800135
64795726
64790134
64788781
64776886
64776634
64776372
64814306
64813546
64771209
64777180
64776792
64733940
64714501
64761589
64760491
64759491
64801048
64799260
64796298
64794245
64791978
64797526
64334494
64334079
64333461
64761975
64761042
64759494
64758300
64789532
64788264
64787708
64634778
64794605
64792939
64792114
64789327
64816584
64797929
64802543
64799076
64785022
64782432
64781466
64761388
64759605
64757676
64791473
64789841
64788291
64787174
64786077
64784970
64798903
64727256
64726305
64724976
64791084
64789521
64788534
64787252
64786204
64785673
64785193
64809916
64809071
64808227
64806957
64805121
64803319
64799815
64771848
64771493
64771149
64770692
64769678
64809464
64808419
64806786
64805096
64802362
64798144
64770139
64769611
64816143
64793800
64816207
64815827
64815414
64814850
64811165
64809838
64809233
64804415
64796120
64761857
64760789
64758358
64684593
64683238
64588359
64539805
64507456
64505441
64717758
64715742
64714411
64713361
64724166
64802427
64800895
64798085
64795859
64794981
64710119
64709168
64708620
64807644
64806038
64802157
64790696
64805508
64801026
64798031
64796126
64778288
64761169
64759156
64808624
64805117
64803917
64801883
64800487
64797082
64793835
64727788
64796559
64790609
64789748
64788670
64788020
64786017
64784719
64783526
64756759
64755686
64723886
64797836
64796319
64794599
64562049
63397004
63396255
63395185
63122311
63121224
64715940
64714869
64714052
64712833
64711014
64789010
64787721
64786776
64753157
64813942
64813044
64812192
64811253
64808589
64807100
64805695
64803147
64793131
64792460
64815360
64815054
64814672
64813993
64813452
64370934
64368822
64367841
64723482
64814921
64814721
64814052
64813279
64812431
64811456
64811005
64810527
64800369
64815076
64814387
64812995
64812639
64804690
64801837
64788999
64787761
64783696
64781011
64763478
64804021
64799890
64798701
64763352
64762186
64760501
64710327
64353635
64279606
64276367
64274384
64273194
64687598
64686874
64686345
64685694
64753013
64682618
64639755
64638856
64815085
64814512
64814242
64813510
64812655
64812110
64811556
64811078
64810249
64809425
64793849
64791881
64783892
64747441
64746489
64568803
64066853
64065956
64065320
64064676
64760194
64758328
64756735
64756023
64754809
64753383
64777721
64197071
64195563
64187247
64184185
64092176
64090324
64652587
64652196
64651706
64651452
64651230
64650879
64558964
64805042
64803321
64801421
64799261
64792921
64791709
64751974
64562556
64534457
64505420
64493905
64793871
64791828
64790610
64816228
64815867
64814815
64814403
64813675
64813165
64812583
64811589
64782603
64780497
64803491
64801135
64799018
64797547
64783744
64782858
64782338
64781818
64802305
64798919
64724690
64723116
64721303
64676182
64802705
64800577
64798272
64759771
64758500
64794552
64790010
63203937
63202873
63202109
63201245
63200273
64765985
64762600
64792448
64790565
64788992
64788365
64811474
64808222
64561474
64560605
64558294
64779749
64778894
64813316
64811540
64810651
64810098
64808956
64805595
64778735
64760140
64591128
64590857
64590369
64589865
64589353
64025685
64024829
64024077
64023429
64023188
64022419
64021971
64632532
64631121
64225752
64225147
64224509
64748680
64747735
64614643
64774161
64742526
64739342
64738737
64738271
64816571
64816386
64816044
64815868
64815549
64813617
64796429
64794342
64711166
64814141
64709672
64786419
64747844
64725840
64724899
64724078
64816469
64785252
64743714
64433483
64433018
64432749
64432507
64432181
64799814
64796235
64714788
64711167
64710306
64709651
64793375
64790013
64788822
64796742
64757955
64683765
64709204
64707885
64572500
64520346
64748723
64747849
64746599
64687252
64722669
64720806
64719342
64800029
64789592
64788859
64764997
64775578
64775454
64775311
64790051
64719751
64783823
64783183
64782741
64777255
64777102
64791743
64790312
64783470
64783068
64782539
64781942
64788164
64786132
64785345
64784694
64783650
64781884
64780943
64745778
64745213
63383892
63383535
63382791
63382166
64813557
64812539
64809859
64808411
64804577
64803468
64801425
64800197
64746935
64744804
64744105
64765918
64722730
64804681
64802295
64800243
64797462
64489928
64794893
64787552
64759049
64757542
64754445
64753212
64778802
64777829
64792866
64791613
64786782
64786332
64764344
64761208
64760618
64811792
64811137
64810189
64809372
64759369
64816788
64816407
64816193
64782910
64780966
64779998
64739171
64738521
64738059
64803862
64802531
64798106
64763047
64663466
64662658
64661518
64638567
64812492
64812100
64811514
64817187
64814958
64814087
64812689
64811878
64811173
64810565
64810072
64796320
64794988
64793684
64787863
64786522
64763183
64761333
64760616
64758920
64810909
64809564
64719273
64633934
64631950
64630095
64508487
64506512
64789358
64775079
64774870
64774671
64774234
64640713
64639374
64638467
64461663
64805222
64803557
64801454
64800018
64793106
64792181
64790816
64790002
64789422
64816008
64815581
64814997
64814514
64806956
64805110
64803495
64801175
64817149
64816857
64815410
64814891
64757121
64817174
64816987
64816795
64814795
64783181
64773248
64772878
64772403
64791313
64789676
64788179
64786273
64782949
64782379
64582486
64779800
64786794
64785900
64785428
64784113
64783635
64805981
64804954
64804091
64802223
64799427
64796488
64813091
64812364
64811422
64809832
64795400
64793799
64792012
64791134
64788421
64786565
64785497
64785580
64762878
64761733
64758843
64757511
64795639
64774290
64781624
64312793
64311020
64309640
64308263
64307062
64792609
64791286
64788743
64787495
64783441
64539290
64538546
64538110
64537483
64536488
64784848
64783711
64783173
64776234
64775885
64805181
64802935
64797704
64796562
64783569
63407160
64785069
64783009
64782006
64780370
64779830
64778933
64789876
64800158
64797309
64795615
64794515
64790569
64789344
64787137
64786082
64754952
64742864
64742341
64790333
64776957
64776694
64749959
64749425
64747422
64746997
64745394
64809879
64808462
64805450
64813949
64811361
64810464
64808726
64807699
64806131
64812905
64809680
64806780
64804942
64802769
64817007
64816864
64816725
64772926
64772111
64771440
64715054
64544051
64542971
64541902
64817217
64817087
64797805
64799086
64817091
64816669
64816300
64817260
64801668
64775113
64776403
64776148
64670023
64769723
64768742
64690599
64782194
64771804
64815579
64814968
64813757
64805884
64800011
64816308
64816102
64815689
64815238
64813609
64812887
64768873
64789065
64788532
64787964
64786741
64785766
64785241
64816929
64817351
64798402
64796780
64770146
64772378
64763166
64761322
64776302
64805541
64802779
64797257
64787289
64817180
64816861
64816060
64798278
64796102
64793128
64792002
64790414
64765232
64813512
64812947
64810373
64809238
64805297
64770097
64769453
64766577
64730269
64795545
64793578
64792034
64790631
64803240
64813611
64776211
64775775
64775504
64772029
64773879
64810773
64810128
64809137
64807730
64806702
64805755
64816973
64815180
64769759
64768710
64761412
64725378
64791185
64790252
64762087
64806265
64763013
64759337
64724527
64733501
64733222
64733003
64774721
64807310
64806314
64770506
64769590
64814182
64805702
64787597
64793017
64791610
64744895
64730424
64729821
64729078
64786279
64717911
64760467
64681465
64678967
64793327
64791233
64789122
64788077
64779576
64778309
64615441
64805065
64803720
64801658
64767001
64806831
64805053
64803514
64802465
64798353
64796755
64795202
64793755
64810791
64809677
64801402
64811119
64807912
64806460
64804906
64758564
64753413
64792677
64790991
64755909
64753026
64604680
64601741
64788848
64788032
64787024
64785603
64784571
64783717
64782794
64782273
64781345
64786896
64766306
64764389
64763446
64761613
64426837
64425442
64816349
64809194
64807501
64806196
64801662
64799643
64789470
64788283
64787765
64787042
64724521
64723462
64722545
64709084
64802308
64798016
64793556
64791299
64790358
64788571
64817509
64817136
64804481
64787238
64785159
64784498
64783490
64764499
64763384
64762028
64760915
64809453
64765436
64703799
64698018
64697686
64696813
64658216
64790872
64788632
64787524
64710554
64709679
64709035
64707665
64787346
64784985
64664579
64663974
64663445
64615790
64759031
64757038
64754643
64793303
64810544
64809864
64809188
64807947
64806726
64805407
64790884
64804024
64786769
64785573
64784942
64784039
64751468
64750191
64813987
64813595
64813200
64785381
64784745
64778458
64777820
64754963
64753542
64752821
64751120
64749875
64784887
64783795
64783053
64780939
64779915
64783572
64695480
64695053
64694767
64811176
64810442
64809748
64803198
64801097
64799336
64798304
64796268
64794366
64189761
64188574
64187184
64186321
64749731
64748826
64747952
64747068
64692419
64692293
64692010
64691601
64815477
64815220
64814954
64814668
64814168
64813722
64813217
64812683
64812185
64811257
64784736
64784080
64783229
64782891
64782225
64781410
64780630
64779273
64778689
64817537
64817342
64817083
64816755
64816343
64804617
64802396
64801330
64799372
64797682
64815760
64815528
64776941
64776516
64776156
64694561
64694171
64693670
64692502
64673524
64740602
64740247
64739528
64738224
64737723
64777022
64776718
64781674
64779734
64778378
64777694
64777160
64776946
64776662
64776457
64743658
64777020
64776723
64757016
64755123
64753426
64817408
64817197
64816879
64816512
64816351
64816043
64815717
64815444
64814931
64814712
64781912
64786025
64782493
64779123
64778326
64777971
64764772
64763143
64739886
64739592
64804397
64803406
64801218
64778692
64772300
64772062
64771577
64769916
64769228
64768499
64766052
64795678
64761874
64759776
64758173
64745960
64806609
64805961
64743728
64743413
64742612
64740832
64735355
64597287
64593863
64532102
64486140
64479838
64734878
64703220
64655746
64653094
64430515
64397135
64385053
64774256
64637918
64574306
64530974
64515128
64463330
64737104
64479432
64432480
64403455
64394089
64385230
64382394
64705754
64693775
64666004
64615248
64480197
64445011
64436303
64732939
64589130
64537937
64533397
64520227
64783418
64782686
64781897
64817634
64816991
64816778
64816009
64815595
64813847
64812940
64652915
64531767
64782036
64780567
64779451
64778795
64778278
64811971
64811047
64809802
64808298
64805724
64804769
64801838
64800707
64798948
64817416
64816946
64816553
64692906
64692671
64692550
64652945
64751148
64750209
64749010
64746855
64745574
64744849
64744062
64726640
64810620
64808169
64807413
64806352
64805213
64803815
64772928
64772664
64772233
64775097
64774950
64760786
64758958
64758195
64756811
64815829
64815541
64815274
64777140
64776271
64775989
64775773
64731009
64723016
64721232
64719087
64716925
64715739
64714099
64713358
64711685
64737152
64736886
64736452
64736107
64735698
64735403
64735228
64734968
64696046
64709389
64708531
64707738
64693373
64693116
64752738
64751333
64749339
64748254
64747645
64746915
64701838
64700753
64700069
64782957
64780470
64779741
64778914
64778143
64777727
64731988
64814673
64775857
64775694
64775183
64774999
64733178
64724615
64815213
64814889
64814377
64814000
64813231
64812083
64811818
64811219
64774812
64774556
64734674
64734500
64734237
64734132
64703161
64702754
64784595
64784042
64783244
64693609
64693362
64693186
64693074
64816522
64816258
64815492
64815126
64813991
64785910
64785016
64784126
64783283
64782484
64735715
64735238
64735101
64734835
64812755
64811906
64810678
64809153
64807795
64805936
64752898
64751621
64812313
64765764
64760072
64732273
64729507
64778222
64793714
64811603
64810684
64755723
64754347
64753139
64751218
64750619
64795611
64766524
64711405
64660565
64817599
64817417
64817498
64798430
64793059
64791460
64694217
64693811
64693525
64692289
64692041
64766835
64765549
64323115
64304892
64303851
64303268
64302387
64301527
64300483
64816479
64815912
64813365
64811897
64797669
64792665
64789554
64788178
64812456
64806309
64792482
64788976
64787635
64790842
64789378
64689280
64815168
64814515
64813699
64787251
64767294
64794686
64816983
64816640
64816101
64815719
64815434
64815260
64814704
64814018
64813267
64815751
64815029
64814476
64813696
64812177
64777083
64776841
64776544
64776369
64776305
64776048
64775907
64732928
64732695
64789316
64788598
64787512
64782474
64781515
64745452
64738820
64793378
64790509
64784633
64782312
64781448
64780838
64779976
64801613
64791492
64790673
64787652
64112671
63924790
63924357
63923889
63923179
64791357
64782694
64781638
64781026
64780198
64788076
64782350
64781447
64780824
64779916
64779523
64778501
64817364
64817098
64816785
64734713
64734525
64734462
64743759
64743380
64742750
64807197
64793116
64791265
64790546
64789028
64796246
64793934
64790495
64789024
64810002
64808673
64771973
64772306
64523258
64815021
64810360
64771741
64555157
64554519
64553342
64552367
64657711
64656656
64656074
64655428
64789205
64752623
64758128
64816224
64815877
64815469
64814959
64806934
64805275
64799522
64805621
64803513
64802271
64798419
64698594
64697505
64797091
64795026
64793028
64791480
64789886
64744982
64663604
64746453
64750520
64782195
64781308
64780810
64779979
64749898
64803760
64801903
64799703
64798026
64692693
64662523
64661812
64782528
64781565
64780841
64780369
64707312
64684790
64803733
64802026
64798203
64797306
64793323
64786708
64594885
64782901
64781945
64802036
64800357
64799357
64797562
64795641
64793527
64789050
64809981
64803227
64802450
64798573
64811239
64809552
64808574
64807871
64806881
64813296
64812087
64811326
64779541
64778791
64808820
64789221
64538460
64537864
64537428
64537065
64536614
64532584
64532332
64532027
64720143
64718294
64716697
64788753
64817845
64817682
64815315
64812133
64809108
64805392
64750848
64725555
64636304
64560309
64558962
64557572
64726516
64724620
64723126
64720986
64806070
64758688
64788255
64781440
64758301
64767860
64751001
64749887
64725623
64724218
64816901
64816658
64723754
64791195
64790163
64788897
64783527
64782737
64806416
64801535
64797605
64796540
64794944
64793893
64487513
64815849
64813924
64813284
64812498
64811727
64810737
64809703
64805028
64803908
64801835
64799737
64797885
64795706
64794421
64793796
64758795
64756389
64736287
64734676
64734379
64716623
64715024
64711722
64643114
64548095
64817466
64817173
64816826
64816667
64814253
64812967
64812073
64805163
64803415
64801784
64799806
64797692
64795857
64756240
64754246
64810392
64809328
64807891
64807107
64805940
64817962
64817785
64817657
64817459
64817312
64817100
64649063
64648792
64648634
64739291
64739039
64734430
64649764
64649602
64757000
64777231
64723410
64810716
64809370
64795328
64818013
64817736
64814624
64813560
64767988
64722976
64789413
64728065
64727174
64772270
64771166
64769706
64768754
64817674
64817471
64816600
64815951
64816305
64815681
64815404
64814930
64813728
64812632
64813319
64812487
64811353
64810789
64816478
64816144
64814057
64788590
64787351
64766545
64764911
64810951
64810421
64807894
64807024
64803929
64814701
64813084
64812288
64811417
64807302
64773435
64807132
64768082
64766809
64765997
64763875
64762330
64811270
64659881
64582014
64581162
64579635
64549538
64546159
64544984
64809178
64803587
64801639
64800402
64798781
64793562
64807061
64797020
64760044
64814694
64814335
64813710
64813066
64812250
64810242
64809254
64806004
64810113
64809426
64807224
64805669
64726137
64724512
64708096
64686611
64814280
64813497
64813158
64812266
64811084
64807378
64804302
64802447
64769938
64768977
64768116
64727959
64727232
64805562
64804474
64769222
64768337
64767203
64722690
64628350
64627273
64625152
64624513
64810650
64805196
64803628
64801538
64799088
64811284
64808159
64800791
64798820
64717048
64715633
64808181
64806664
64803353
64800470
64799584
64798117
64813398
64813032
64812166
64811754
64810712
64805701
64804042
64803053
64801706
64800083
64791976
64808209
64806143
64805002
64803747
64802215
64799972
64796577
64794602
64811098
64810564
64809881
64809056
64806520
64805338
64766195
64765349
64764231
64763432
64808889
64808086
64805334
64803711
64801914
64685547
64684729
64683670
64682943
64804156
64802386
64800531
64799161
64798112
64796131
64794120
64808370
64806382
64804450
64802535
64801193
64798507
64796121
64795106
64792045
64790519
64789772
64805680
64804001
64802474
64772268
64771747
64771148
64653057
64652535
64586525
64761936
64760069
64778701
64818163
64817916
64817458
64817189
64817022
64816897
64816647
64808887
64814735
64804902
64780485
64568291
64818186
64817928
64768607
64779441
64788396
64730077
64728885
64749808
64516164
64513036
64804234
64803299
64801951
64800660
64808828
64807677
64806041
64805102
64803643
64765108
64644196
64643342
64642628
64641753
64639945
64791262
64813513
64812871
64812393
64811555
64809356
64807950
64806821
64805399
64770696
64779722
64778484
64759775
64757192
64755432
64753747
64750933
64765115
64783589
64759423
64756360
64762747
64759968
64757897
64755092
64818291
64818102
64784610
64752963
64812976
64812249
64811175
64746663
64739411
64738763
64736713
64736746
64736383
64698702
64698273
64696600
64776677
64752474
64769085
64768209
64732611
64757858
64740172
64739626
64738654
64732902
64701931
64701256
64767089
64765353
64759432
64741202
64740646
64628128
64626127
64624303
64620722
64620006
64618432
64550035
64549450
64768930
64767704
64633678
64631790
64628895
64626781
64817609
64815026
64811014
64810131
64808799
64806424
64804753
64775131
64774886
64788850
64788335
64813826
64813238
64809779
64728624
64727677
64727031
64130330
64129815
64128673
64746622
64642724
64771218
64770424
64769638
64768814
64768245
64767750
64767171
64796241
64655582
64629720
64628489
64751692
64738305
64704782
64547057
64546167
64787711
64786707
64769207
64767538
64777283
64777030
64776828
64750135
64764969
64763945
64762285
64742948
64684117
64681642
64643892
64641937
64641464
64640654
64765714
64764132
64763024
64761417
64760111
64733847
64663706
64663316
64713117
64636250
64635553
64632611
64631432
64629169
64627677
64779983
64622461
64468978
64467882
64467121
64452959
64452112
64662729
64741433
64727529
64726678
64725845
64724806
64723981
64721832
64720225
64813186
64811959
64811240
64785186
64784856
64804343
64800410
64763643
64761776
64785281
64723542
64787932
64768049
64668635
64667675
64667052
64627145
64626042
64805902
64804188
64798426
64794206
64791532
64781221
64755193
64754089
64752789
64815787
64813689
64686402
64686059
64683451
64676681
64646317
64645813
64694449
64694219
64693598
64693066
64692876
64692717
64759781
64755477
64754077
64756861
64661020
64734471
64734306
64716306
64644634
64591858
64591463
64590485
64813173
64805546
64804074
64781850
64757590
64751529
64750723
64747559
64759907
64691028
64690471
64689743
64748194
64747498
64746010
64732693
64705329
64704110
64690954
64690531
64637636
64650834
64650238
64650034
64649679
64593735
64593372
64812088
64745371
64651974
64651754
64651393
64650865
64650689
64650310
64811605
64810082
64804384
64803112
64717220
64715867
64690875
64690677
64767547
64766649
64590155
64589002
64587156
64524604
64523601
64522264
64521137
64518076
64736145
64735570
64611527
64669764
64668172
64666735
64666140
64591526
64591120
64727145
64726565
64725207
64723798
64781759
64781155
64778902
64589666
64568240
64566000
64564062
64562773
64561055
64762267
64758841
64755414
64631854
64700527
64700046
64590270
64589310
64614285
64566603
64564957
64804638
64802960
64799408
64797156
64787974
64785067
64784488
64780164
64779171
64778298
64777242
64592401
64591977
64591780
64585434
64749439
64721243
64719138
64645049
64773498
64773186
64772576
64771906
64588057
64790744
64786959
64786264
64784217
64783601
64745929
64743935
64708289
64816913
64816715
64816502
64816188
64813519
64817853
64817632
64817247
64815980
64815646
64815665
64814584
64813635
64811803
64800196
64798606
64684921
64683724
64682763
64678956
64666660
64665764
64664979
64664287
64644996
64816525
64816170
64815506
64814160
64691098
64690901
64690596
64688235
64686929
64685696
64681259
64655979
64816968
64816437
64816270
64815915
64813424
64811380
64810878
64814728
64814122
64812844
64812359
64799446
64816650
64803234
64811691
64810895
64777993
64815087
64813807
64813437
64812981
64812310
64807329
64806521
64815615
64814864
64816622
64816142
64815106
64770161
64768561
64767944
64812426
64808781
64807595
64806572
64803724
64801389
64800523
64811231
64798908
64796936
64746854
64746510
64815361
64815095
64812623
64812292
64811340
64810390
64809806
64809007
64777225
64779032
64681373
64806742
64787994
64786912
64785966
64785404
64818410
64641346
64639996
64638686
64810292
64807503
64803738
64760301
64767101
64608231
64606910
64555712
64539917
64538950
64723911
64797031
64755377
64764210
64761237
64762428
64804599
64801611
64775315
64725007
64769630
64707748
64664368
64659306
64786946
64786207
64714824
64713440
64799230
64798108
64795737
64793880
64792730
64803553
64801455
64799111
64772750
64784480
64782706
64781521
64780168
64779785
64779082
64787413
64749835
64722638
64810200
64808006
64804247
64802402
64545369
64544090
64790221
64714244
64711721
64754488
64752262
64730131
64728524
64746704
64760209
64787911
64795242
64743556
64700716
64699878
64699070
64748892
64757122
64756009
64754031
64753035
64751994
64750017
64748954
64802224
64795091
64793782
64792444
64790364
64789540
64744479
64635408
64633855
64632550
64749606
64803348
64801030
64798327
64796092
64794042
64765467
64758526
64744419
64743944
64743456
64806063
64683176
64681637
64679930
64676868
64737225
64736978
64736623
64734923
64734675
64734548
64734345
64816828
64816616
64816371
64816125
64815863
64815524
64815176
64814773
64763120
64761985
64760734
64729627
64692795
64687086
64810020
64785917
64812319
64811960
64811063
64810118
64798273
64796475
64795485
64793840
64792711
64791751
64790709
64672210
64678986
64677390
64674039
64671242
64669639
64668394
64801895
64796885
64795447
64793537
64791949
64764837
64763672
64806242
64804271
64722651
64720891
64719271
64717803
64740542
64742504
64613393
64612074
64610652
64799749
64746311
64745285
64762641
64760508
64759266
64757834
64756295
64753114
64817280
64811453
64704793
64703731
64758986
64699067
64730479
64729953
64728282
64726778
64723652
64721930
64789216
64786638
64783270
64758406
64543839
64543181
64542210
64541490
64540462
64539568
64538767
64537209
64799698
64796835
64792555
64781950
64780072
64688211
64747860
64712733
64711215
64816510
64815505
64814580
64814029
64780873
64780079
64779196
64593026
64589484
64588029
64587188
64585555
64584565
64583837
64581222
64808409
64802282
64801404
64798934
64795470
64806559
64804506
64626890
64625754
64622081
64620357
64712307
64710774
64564641
64778732
64777111
64775397
64741329
64696426
64793545
64791656
64783822
64792719
64779939
64779283
64768506
64767257
64750336
64815081
64814622
64805489
64798832
64795108
64790175
64788660
64787650
64786156
64785265
64727379
64685089
64637459
64634190
64628457
64795814
64793952
64769096
64747003
64723023
64733074
64686552
64670154
64653185
64632738
64631079
64623429
64616070
64710000
64589205
64588622
64632237
64621720
64586889
64585716
64582968
64779512
64720823
64710476
64818636
64818364
64818862
64818492
64818578
64816817
64818713
64819025
64818782
64819095
64818990
64725787
64784482
64792260
64791064
64818170
64818038
64711075
64656768
64782488
64737572
64733701
64733587
64706898
64797250
64807126
64819079
64647258
64646540
64646261
64789990
64788375
64782116
64775630
64769959
64748402
64747542
64747007
64608293
64781159
64779358
64778680
64778113
64777818
64746624
64819221
64817418
64728939
64728040
64774107
64809389
64808613
64807143
64805472
64804290
64713076
64711360
64709986
64708516
64726924
64725957
64725265
64697584
64576247
64574421
64819365
64262579
64260947
64801541
64797660
64787837
64784459
64783815
64757434
64803203
64799252
64796863
64813618
64812790
64812478
64811419
64809074
64808133
64807574
63595859
64800940
64799098
64797447
64796786
64795383
64794271
64792593
64796456
64795109
64793165
64791936
64790621
64731030
64640864
64639658
64805761
64807065
64805500
64804405
64802221
64800139
64789931
64783776
64782527
64781888
64781304
64784594
64783600
64798259
64677233
64675612
64673631
64669344
64803752
64801465
64800792
64794220
64789130
64804589
64800651
64798853
64766092
64762044
64796622
64793077
64789904
64788972
64811844
64810517
64819241
64797129
64810353
64809918
64808815
64807750
64806737
64803302
64817739
64817341
64816852
64816493
64819495
64819267
64818828
64818603
62559316
64817681
64817445
64817001
64816440
64816212
64816051
64817825
64817518
64817049
64816073
64692269
64692043
64691821
64817720
64817377
64641102
64640445
64794717
64792778
64817582
64817400
64817032
64815961
64818391
64818190
64818053
64817820
64817261
64771269
64783208
64781764
64781091
64778574
64817067
64771692
64759622
64790671
64789809
64789167
64787793
64761061
64759210
64756600
63732904
64815814
64798589
64794117
64800225
64799199
64695699
64695003
64816178
64815284
64812722
64810994
64813591
64807311
64805567
64817884
64773041
64771995
64771595
64802567
64801462
64799558
64576350
64574240
64571806
64808939
64799636
64723899
64810933
64795728
64793986
64819707
64819171
64818779
64818630
64768408
64767420
64765095
64738833
64738344
64737842
64819777
64819463
64819433
64819288
64819083
64818801
64818641
64818543
64818262
64818784
64819651
64819359
64819055
64818847
64819874
64819588
64819336
64641256
64640250
64639075
64343623
64342946
64342416
64819784
64819542
64819252
64819052
64818727
64818431
64818303
64815661
64815349
64814932
64814771
64814308
64817362
64816618
64814183
64813411
64729562
64728947
64728028
64811722
64734502
64733876
64729164
64706177
64790624
64789722
64818249
64818062
64817889
64799625
64797977
64796025
64794175
64791351
64789686
64819328
64819033
64818845
64818661
64818426
64818231
64818066
64817906
64817722
64817481
64713362
64712620
64815649
64815405
64814333
64813782
64819768
64549446
64548022
64346561
64819022
64809982
64809000
64807044
64805455
64770627
64769780
64729999
64797034
64795905
64798620
64796417
64813055
64717563
64716416
64637557
64636567
64632905
64616322
64614966
64713737
64819776
64819369
64801338
64795318
64792083
64818931
64812740
64806387
64787460
64775174
64746971
64741536
64734309
64813021
64811312
64809727
64809028
64808372
64807356
64820395
64819931
64819634
64820213
64819883
64819310
64818179
64817907
64820411
64819553
64819303
64818823
64820166
64819480
64818754
64818672
64818521
64818339
64818194
64820274
64819888
64819516
64819222
64819036
64818819
64818569
64818396
64817970
64817079
64820390
64820019
64820510
64814881
64774475
64796782
64790468
64790352
64788820
64787379
64562704
64561285
64560487
64810312
64809581
64808851
64808124
64801770
64800527
64798535
64796523
64763307
64804795
64803410
64802003
64800503
64764508
64761276
64758597
64814805
64813040
64812108
64646391
64817156
64816575
64820542
64820180
64818811
64818128
64816978
64802152
64558404
64555161
64497911
64461021
64805949
64803283
64801281
64790055
64788827
64820378
64820321
64784766
64664589
64619303
64782996
64782115
64820755
64820030
64820735
64820907
64820821
64820658
64818464
64817399
64763704
64761682
64760008
64758738
64756585
64747409
64745469
64801605
64799527
64796617
64801742
64799210
64798054
64683228
64681964
64621407
64797632
64795783
64791048
64548052
64547187
64797077
64770435
64812466
64811909
64810286
64809413
64747752
64814634
64784176
64818278
64814162
64813156
64810797
64809884
64777127
64776882
64801213
64772820
64771579
64754324
64752063
64821119
64820497
64821212
64648263
64647976
64640500
64632445
64821192
64821136
64820675
64820403
64819831
64819525
64818616
64818394
64818398
64817759
64811051
64780277
64779410
64770415
64769579
64801349
64800274
64799279
64797910
64795871
64761630
64760289
64758379
64755581
64802648
64794451
64791003
64811769
64808554
64808747
64805905
64773345
64771705
64821722
64821209
64820873
64820562
64820200
64764552
64761367
64680551
64678746
64811651
64809754
64808718
64811238
64810600
64809428
64808088
64806574
64797982
64799946
64661132
64771600
64769336
64768012
64765599
64729499
64729055
64720087
64791689
64790263
64746832
64746320
64821761
64821266
64811330
64809068
64786778
64786174
64785331
64783703
64781886
64780377
64779400
64731595
64730699
64804887
64802521
64800983
64798175
64820630
64820385
64820174
64791957
64788495
64814030
64810468
64810217
64761654
64731955
64756656
64802247
64799185
64797395
64796440
64794512
64793102
64759066
64806362
64801794
64799217
64798018
64796925
64821461
64820932
64727877
64726974
64801615
64797397
64796211
64794106
64765836
64724619
64706660
64705726
64704805
64666922
64789542
64755214
64753823
64753140
64788550
64473925
64751993
64751013
64787799
64584649
64583340
64818558
64783234
64782409
64781750
64781083
64804706
64803449
64801900
64800644
64799233
64794001
64792029
64799997
64762320
64811563
64809930
64808743
64807879
64807127
64804680
64801826
64800364
64821600
64778202
64618396
64617116
64561173
64559775
64558961
64558171
64821816
64821464
64799068
64796954
64790633
64786862
64820089
64819811
64819135
64818907
64818664
64818419
64818255
64817540
64816416
64821729
64821454
64821092
64820782
64793509
64789842
64749876
64748106
64814362
64813854
64813387
64797425
64794388
64789515
64786305
64785099
64795580
64794495
64793451
64789348
64787905
64787013
64784945
64783123
64798472
64795719
64793663
64764919
64763571
64760097
64759825
64758878
64757867
64717787
64716719
64614330
64797053
64795060
64766674
64764990
64762959
64795342
64793618
64797133
64795211
64794317
64793458
64791559
64790213
64789494
64782215
64751605
64750205
64811666
64809395
64806759
64793070
64652804
64606437
64603954
64795134
64793938
64751498
64750366
64657007
64656648
64656256
64793216
64789633
64724423
64722707
64721759
64721044
64806666
64805516
64804334
64802931
64801320
64799775
64797330
64794848
64792020
64804441
64792277
64747366
64746957
64746625
64699550
64698686
64807835
64784692
64770322
64769767
64704434
64703750
64792755
64658819
64658062
64657468
64656622
64805371
64804510
64790119
64807359
64805848
64803565
64800841
64796330
64795030
64780310
64779829
64642681
64641889
64453020
64792237
64789989
64803673
64799994
64798640
64796910
64795835
64794214
64789573
64772369
64771459
64770873
64770169
64769541
64729869
64729569
64795659
64782122
64780489
64779818
64778981
64764334
64792732
64757685
64710101
64565797
64563737
64351704
64797440
64795887
64794053
64792515
64710454
64708836
64708019
64459026
64457993
64456886
64455863
64455227
64790227
64788984
64788275
64786298
64751161
64750626
64748160
64822186
64808406
64797163
64814277
64813193
64811477
64792700
64803800
64802088
64800420
64799436
64798229
64796805
64795356
64792909
64788354
64606867
64576750
64545667
64544277
64822054
64755937
64708158
64706303
64792606
64766397
64765479
64759959
64718701
64602352
64791786
64790909
64789944
64600684
64750278
64749066
64722056
64785997
64785494
64784530
64810092
64809302
64808483
64807199
64805771
64804901
64803450
64818535
64818424
64818310
64818000
64808283
64819653
64819406
64819119
64818920
64818699
64818293
64817954
64817645
64821077
64700174
64698143
64674537
64673155
64818721
64818491
64732723
64732528
64682369
64679415
64818383
64764007
64758270
64722591
64718616
64817950
64817801
64817591
64816865
64792367
64820425
64819894
64819670
64819378
64732354
64732075
64817246
64810828
64818971
64818767
64818556
64818275
64817942
64817489
64818680
64818367
64778809
64776509
64776383
64776140
64769597
64769010
64822103
64821575
64795435
64793789
64791859
64818623
64814538
64795810
64772860
64772418
64818922
64818705
64819399
64819183
64818864
64817228
64816569
64818148
64817771
64416464
64415028
64414192
64413042
64818652
64818520
64801089
64799363
64798182
64818451
64810396
64808633
64807812
64799317
64819466
64819170
64818775
64819731
64819253
64819026
64819447
64819107
64818858
64818581
64777388
64822227
64821753
64821571
64821145
64820253
64738043
64822256
64821778
64821532
64821173
64820785
64820365
64821735
64821425
64819727
64819540
64815059
64713846
64566679
64564412
64562379
64561181
64560087
64557756
64718620
64715693
64709871
64677239
64802148
64732353
64730860
64723678
64722514
64717521
64822108
64777836
64722124
64716110
64771090
64770487
64744694
64793452
64822087
64821644
64821949
64821411
64822239
64822009
64821588
64819907
64805247
64804279
64803186
64821594
64693266
64693020
64821852
64778604
64778102
64769551
64739070
64738677
64738408
64752195
64751147
64740115
64739819
64659478
64658879
64658102
64796047
64791959
64790732
64787046
64785262
64822222
64821931
64806855
64812414
64810537
64785467
64784831
64784687
64783503
64781737
64780763
64676251
64797827
64795650
64794177
64792507
64791813
64790877
64804419
64803244
64801902
64800195
64787813
64785977
64784305
64744620
64794416
64790747
64795245
64784150
64781375
64780762
64788360
64787187
64786414
64781516
64789692
64788236
64784998
64807429
64806732
64805427
64790158
64784472
64822092
64788008
64786915
64786319
64785611
64807369
64806344
64804498
64803030
64798578
64821156
64820928
64819648
64798594
64797339
64795576
64791915
64819715
64819395
64819096
64818109
64817719
64817528
64789511
64788098
64783731
64782951
64780375
64774680
64813884
64813177
64772054
64771811
64819136
64784136
64783345
64790304
64797289
64796164
64794751
64781575
64822122
64821844
64821385
64789025
64787933
64786625
64778613
64777813
64745066
64743303
64742553
64741430
64822255
64821050
64820171
64819860
64796879
64776517
64770939
64784950
64784207
64783818
64783432
64781990
64820970
64736173
64735628
64798857
64805108
64817662
64783138
64782113
64780674
64740446
64739714
64739215
64738258
64737808
64741625
64697216
64822410
64821290
64743105
64822424
64796897
64783866
64780287
64734087
64733864
64733406
64733176
64732938
64732726
64732363
64732212
64822310
64821930
64821437
64820952
64820087
64819773
64779124
64778573
64777956
64766660
64763629
64760899
64759223
64812432
64773941
64771513
64733255
64732577
64731847
64731471
64731252
64783864
64775547
64775180
64735346
64735089
64734784
64750293
64749563
64748904
64822618
64822311
64821988
64821527
64821204
64820855
64820430
64819469
64819243
64818978
64821555
64739776
64739390
64738969
64738484
64737016
64736734
64736475
64733536
64732419
64803824
64801731
64792503
64769318
64768759
64804365
64802710
64743590
64742869
64742623
64741263
64734169
64733916
64817982
64817237
64776986
64776732
64776432
64776177
64775985
64774661
64771814
64771328
64818852
64818325
64817095
64816782
64813444
64775789
64775571
64775432
64775305
64714143
64806989
64801728
64734246
64734028
64733434
64732979
64732056
64818764
64818378
64818192
64817642
64805649
64804409
64803256
64767710
64765119
64763689
64762568
64760474
64758724
64756560
64754797
64753011
64817491
64782127
64780675
64820732
64820192
64822638
64821734
64811086
64817607
64815614
64787484
64785764
64820795
64819435
64784827
64783856
64783024
64782351
64781653
64817141
64735752
64735214
64734935
64710325
64686023
64804032
64817806
64818610
64821762
64820468
64820134
64783932
64783272
64816034
64815589
64815084
64814435
64734112
64733891
64817567
64794649
64777104
64774314
64773966
64773601
64735439
64735267
64734693
64720070
64718839
64717729
64713602
64706058
64705445
64797258
64763431
64755292
64753564
64754285
64708731
64707984
64634969
64634146
64632006
64630716
64628938
64822577
64798742
64739216
64738728
64711818
64711244
64794775
64792801
64754949
64778432
64764463
64727802
64707857
64705201
64789118
64788052
64784027
64766374
64816410
64815198
64814842
64814434
64821688
64821393
64820937
64820748
64798136
64796820
64794489
64783547
64781998
64741153
64740507
64788389
64787417
64766077
64822701
64822434
64795593
64792959
64785863
64805597
64802539
64798397
64801598
64799435
64718926
64675963
64672091
64619306
64618085
64758783
64757404
64712469
64822625
64822374
64807946
64807180
64813303
64801506
64795267
64792983
64786352
64785411
64804655
64802859
64800632
64794095
64792966
64808511
64803143
64763382
64761130
64800053
64753989
64813269
64807842
64806440
64804721
64802872
64800629
64795943
64793497
64764144
64822678
64822367
64822033
64811259
64807441
64766426
64744950
64535389
64534994
64533340
64533166
64820571
64822748
64822091
64820534
64820053
64807682
64799825
64700623
64700112
64809462
64813551
64808073
64822747
64716019
64714133
64712611
64708606
64707422
64789673
64788139
64763644
64761010
64754679
64820583
64820044
64819582
64792211
64819606
64819287
64822909
64790253
64821344
64775716
64776020
64775790
64761560
64758768
64809290
64808414
64807458
64806044
64804081
64801806
64778455
64778035
64823011
64822429
64822787
64822041
64821564
64822834
64647647
64644600
64644024
64643119
64692400
64691903
64691410
64691206
64689889
64822783
64822167
64759065
64652786
64652360
64707281
64665705
64647480
64819513
64773493
64823124
64732348
64691712
64691161
64814582
64809647
64808868
64778514
64778121
64728477
64725605
64724382
64719991
64809111
64807604
64750759
64749477
64710712
64819679
64775648
64774906
64774637
64774468
64774227
64759340
64757762
64719474
64716301
64710169
64708587
64707607
64704934
64816838
64816291
64815259
64813014
64718328
64822917
64691751
64691598
64823169
64820509
64819013
64817062
64808330
64807148
64774124
64773790
64772532
64777233
64776921
64818071
64793978
64789970
64788693
64787632
64786493
64785447
64782604
64748014
64747330
64745968
64745433
64792325
64790441
64762610
64799374
64797247
64796370
64795513
64793756
64792221
64790800
64785037
64784123
64783390
64782707
64780371
64778360
64704596
64692581
64662344
64649578
64820622
64776280
64806043
64804601
64803418
64798396
64795252
64796844
64795502
64823079
64741927
64786709
64822808
64821840
64740999
64740448
64740032
64739511
64783989
64783311
64782334
64781163
64780233
64742616
64741844
64741215
64740617
64739941
64706091
64705428
64704690
64703459
64703112
64702232
64701527
64700315
64774432
64774063
64758969
64756847
64755395
64754702
64802374
64804830
64823172
64822905
64822347
64822021
64812582
64753375
64751921
64751206
64551937
64816950
64816586
64815676
64815266
64814725
64813971
64813236
64817753
64817363
64616594
64802665
64800677
64792639
64794137
64790996
64789864
64788582
64765393
64763602
64762171
64761069
64759325
64758253
64757263
64756311
64823458
64822992
64798568
64796410
64794703
64782687
64780652
64779890
64804134
64797609
64794170
64785582
64784921
64784010
64781311
64813815
64674895
64661235
64632890
64797833
64793091
64787880
64786714
64812907
64812260
64811423
64810232
64809164
64807056
64805950
64802824
64801917
64800117
64798958
64792301
64754235
64752931
64751450
64750992
64661580
64821278
64820240
64740586
64740320
64795523
64794300
64782431
64781519
64780867
64780540
64823526
64822610
64814204
64813451
64813004
64806001
64804391
64803080
64802045
64801186
64799808
64798220
64796364
64794403
64793614
64791600
64762513
64761707
64759435
64746255
64798462
64796428
64794343
64792097
64720854
64715163
64714355
64712540
64813883
64812766
64812135
64809391
64807791
64807327
64804992
64801651
64823353
64822817
64807506
64802765
64798689
64796930
64823590
64823012
64822664
64821133
64820672
64820501
64820337
64791635
64787988
64782815
64781809
64750936
64749447
64749048
64811830
64810039
64808728
64807940
64805614
64804511
64802286
64800718
64799203
64800687
64799255
64787006
64768968
64767913
64766773
64811251
64809829
64796016
64769377
64768391
64767778
64791814
64790223
64787060
64782605
64565690
64526604
64525427
64518936
64518128
64515929
64791258
64790084
64752247
64750963
64620273
64823527
64822468
64795284
64723979
64618046
64616186
64547275
64546039
64545421
64787784
64784414
64782108
64822927
64822578
64796095
64792833
64790954
64789693
64795754
64791078
64789821
64595988
64548027
64545730
64790068
64787719
64760935
64743115
64740219
64739783
64816722
64816025
64814114
64813322
64811907
64810981
64782019
64780288
64808748
64806209
64804641
64803914
64802191
64801172
64739641
64738964
64738486
64738128
64737832
64823718
64782207
64721675
64719843
64791231
64783412
64766257
64800495
64798137
64762521
64784992
64782918
64777188
64751494
64750545
64749949
64747044
64701481
64541491
64802998
64800740
64799754
64797954
64785135
64784164
64823889
64823072
64821787
64787154
64785961
64704379
64703974
64806066
64804827
64803207
64821489
64821046
64820650
64820280
64819992
64819751
64819439
64804574
64821347
64820891
64808998
64808067
64805809
64804313
64718983
64717141
64716448
64715058
64714226
64757953
64746601
64756329
64754491
64711956
64767890
64767057
64814679
64591147
64590953
64590568
64529967
64797671
64812846
64812128
64778509
64778223
64771483
64770771
64768931
64767832
64739458
64454666
64810317
64809176
64807648
64806526
64805499
64802861
64800827
64815285
64792450
64790741
64811908
64811320
64807615
64806915
64151426
64150623
64822529
64791014
64789560
64817279
64816539
64816317
64806390
63300662
63299542
63298935
63297587
63257837
63256351
63255442
63254116
63252700
64823963
64823515
64823060
64822556
64810422
64760277
64823120
64802749
64814091
64813329
64812519
64779833
64809956
64808924
64808389
64809715
64824182
64823297
64822550
64822306
64752190
64750849
64749729
64749000
64748036
64747556
64690034
64689616
64705660
64619755
64347914
64094871
64093299
64788668
64746999
64746353
64778753
64756841
64812430
64811317
64810095
64808910
64813740
64812577
64811981
64799615
64797898
64665890
64805891
64804503
64801940
64799508
64761360
64713574
64809833
64804732
64803051
64755076
64754321
64752655
64751386
64812721
64824225
64766957
64799526
64798277
64796250
64832650
64831918
64830992
64830069
64829045
64827740
64826893
64825991
64825171
64824475
64863720
64851390
64849243
64847117
64845620
64842167
64840383
64838480
64836913
64835639
64853401
64851514
64849733
64847636
64845655
64835008
64834022
64829311
64822617
64860277
64858788
64863225
64843364
64841467
64839123
64837902
64851914
64851236
64849876
64848538
64847404
64846013
64844333
64859175
64857601
64855827
64853671
64849072
64846688
64845178
64821475
64848242
64845795
64843578
64825401
64824677
64823971
64823276
64833589
64831808
64829944
64828813
64827836
64827260
64826397
64825891
64856180
64854118
64848880
64859449
64855406
64852568
64851021
64833387
64838838
64834154
64832844
64832423
64828188
64857716
64851816
64850040
64848013
64823850
64831476
64830415
64839966
64838068
64835675
64834791
64832969
64831190
64830208
64829406
64859346
64847360
64848473
64846446
64844312
64841910
64834510
64833716
64833106
64832307
64831316
64830672
64859945
64858842
64857835
64856355
64854654
64852269
64858393
64856520
64849547
64846114
64827089
64825511
64824744
64824300
64823608
64822564
64854771
64853626
64830781
64827359
64826082
64825568
64858606
64856046
64854683
64852964
64860160
64858738
64857052
64849364
64847253
64844704
64843256
64834234
64833471
64838456
64851404
64848958
64847538
64833871
64832118
64826509
64828057
64827553
64826657
64832068
64830857
64829180
64827182
64826291
64851483
64850405
64848122
64846607
64845673
64843858
64837166
64835841
64858031
64850446
64848367
64846228
64844112
64843220
64841048
64839788
64830327
64829719
64828421
64822353
64855097
64852314
64850418
64832924
64860497
64851454
64849971
64848652
64824546
64823746
64862647
64861837
64861267
64859864
64856899
64836545
64827556
64836418
64864012
64862450
64855617
64850292
64848139
64846870
64844904
64834302
64833563
64832590
64832227
64831724
64831315
64854157
64852120
64850432
64849574
64847975
64846229
64845307
64843965
64842524
64841417
64829300
64828522
64827656
64852086
64849505
64845955
64842965
64837350
64836041
64834882
64825700
64825020
64824390
64823052
64844188
64824076
64823676
64828517
64827521
64826738
64825808
64824833
64824315
64823651
64822792
64822275
64821924
64851632
64850071
64847568
64844858
64843038
64860742
64850713
64849304
64854945
64848656
64844707
64842780
64857830
64856510
64830411
64860667
64859714
64858217
64854306
64849454
64849997
64848467
64847050
64845319
64838516
64837291
64830953
64860390
64859019
64852728
64850999
64842790
64833457
64835344
64831730
64863386
64859604
64828630
64828519
64862945
64857075
64839589
64823119
64862311
64834693
64832116
64861609
64864873
64843430
64841307
64835102
64864166
64860056
64864527
64864017
64863158
64862482
64861922
64860878
64859222
64857615
64856044
64853436
64863973
64861465
64864914
64864235
64861163
64852099
64833249
64846304
64845233
64851772
64851051
64847953
64846573
64844221
64842785
64841596
64841305
64840101
64838786
64848584
64846684
64844564
64843238
64840676
64833732
64831078
64826984
64826426
64862813
64858901
64857898
64856276
64854660
64833416
64833032
64832519
64830614
64825765
64851463
64847044
64839023
64837654
64836221
64835244
64834364
64830981
64830530
64860642
64856870
64851297
64848926
64850309
64832531
64845401
64832889
64846970
64863170
64829810
64829003
64855218
64853340
64844998
64840325
64856804
64846126
64829964
64828021
64832715
64825671
64824898
64845938
64862240
64853654
64856287
64862003
64842480
64864490
64824584
64851623
64850833
64849000
64851556
64844736
64842791
64846833
64844959
64826216
64824909
64839026
64837819
64862084
64860817
64859513
64858190
64857154
64850966
64846959
64845600
64843735
64842886
64827448
64832322
64831431
64829671
64838268
64836827
64854892
64840846
64823424
64858461
64857874
64856390
64855372
64853376
64851425
64849446
64846797
64844556
64828297
64831797
64830833
64825862
64864324
64848961
64846608
64844496
64854423
64829506
64747369
64828758
64824133
64824339
64823685
64861125
64852592
64849793
64847380
64857150
64855422
64853994
64849191
64845174
64861526
64860035
64859131
64807624
64805291
64864639
64823463
64847922
64846855
64839496
64857389
64836009
64863549
64848733
64845501
64844000
64826779
64711030
64829837
64825112
64824324
64854975
64851360
64847573
64845790
64842770
64841971
64835156
64834074
64832364
64831379
64830437
64829507
64828865
64828023
64846744
64846118
64843874
64827657
64824079
64847327
64851939
64855729
64853748
64851498
64849132
64848264
64843803
64825234
64836434
64835544
64834432
64833683
64832807
64831981
64830995
64830082
64829686
64828619
64858242
64857427
64856624
64855591
64852537
64851600
64824000
64823686
64854102
64853012
64865014
64864154
64862818
64860561
64859206
64854187
64865242
64850426
64854240
64727474
64726430
64865031
64852494
64861802
64857605
64855515
64853997
64852015
64849719
64849681
64846008
64833885
64760046
64758256
64796256
64770062
64767385
64764577
64762757
64761551
64722622
64850242
64849336
64845715
64844084
64850549
64846352
64844098
64834783
64834204
64833222
64832634
64832025
64855249
64853434
64844392
64812229
64811504
64790197
64789096
64788249
64852204
64845913
64843736
64841687
64817921
64789927
64787700
64750698
64746414
64855094
64853998
64865436
64864926
64864140
64859914
64858653
64856645
64854871
64852440
64844843
64843438
64656856
64656466
64806972
64726616
64726139
64849480
64847680
64845388
64843086
64797494
64832240
64831605
64831053
64847267
64845001
64826391
64825802
64825181
64856163
64854627
64848039
64845968
64844960
64843293
64530744
64369343
64851744
64849922
64848212
64845282
64827752
64825014
64824431
64823802
64849996
64803071
64796990
64784836
64783201
64851213
64847741
64846475
64844516
64835411
64834798
64834259
64833325
64835058
64834299
64833351
64832083
64862297
64861180
64859185
64857919
64856761
64855163
64854116
64853143
64851612
64860237
64859366
64858159
64799214
64796163
64863822
64863274
64862321
64812706
64811772
64793771
64791213
64784455
64783961
64783084
64858769
64857938
64832921
64832441
64822426
64848932
64817162
64816545
64865097
64864405
64863757
64862733
64861911
64861428
64860186
64859445
64852483
64852293
64850093
64836410
64835434
64834483
64851342
64850299
64848523
64845164
64843784
64789068
64788657
64848709
64823990
64845108
64842768
64841513
64839686
64838080
64837285
64836741
64863544
64849094
64848283
64805366
64802338
64859806
64858924
64857512
64855964
64796362
64831002
64829687
64734299
64865175
64864568
64864177
64863298
64862534
64861620
64860955
64859632
64851965
64842764
64622557
64621637
64620658
64619517
64609640
64798466
64718850
64717117
64715809
64712991
64863057
64862103
64860968
64860089
64859310
64858171
64857029
64856028
64853457
64865460
64865017
64864210
64862956
64862241
64861143
64859746
64858421
64857383
64855818
64613572
64612422
64605049
64603602
64602953
64602125
64835485
64834840
64834137
64851880
64843349
64841327
64839944
64825021
64823765
64848833
64847486
64788576
64785503
64784344
64864669
64864164
64863582
64862625
64861547
64847381
64609005
64798560
64824538
64740771
64856932
64855670
64853863
64843532
64658687
64833310
64828441
64657368
64656329
64843808
64841891
64837098
64829343
64839650
64834654
64833713
64832879
64535713
64535328
64844237
64685220
64683640
64838657
64804660
64802920
64844487
64843424
64832533
64840267
64836830
64865604
64865153
64864789
64854547
64851043
64838559
64837449
64635033
64633322
64628331
64623976
64848269
64846725
64865547
64839846
64836642
64835366
64843904
64837083
64836150
64834992
64857673
64856337
64854695
64853540
64851413
64847210
64845563
64843810
64842607
64863010
64862351
64861138
64858659
64856072
64847127
64865830
64865439
64828262
64856851
64849698
64847907
64847017
64825424
64865710
64858564
64844677
64843362
64842313
64841054
64851329
64849201
64857750
64865899
64853087
64842005
64840062
64838273
64845222
64865535
64864908
64829267
64828660
64843019
64865964
64865505
64863519
64862364
64860066
64865668
64626295
64621520
64619926
64579605
64852687
64837252
64834633
64795805
64838569
64837504
64826441
64831618
64831263
64827602
64855977
64848985
64846209
64844897
64843729
64842731
64841551
64840436
64839526
64842300
64841459
64839317
64837991
64834843
64833876
64865835
64865469
64864866
64864070
64863205
64862486
64861343
64860331
64858796
64857977
64833645
64845077
64863232
64862581
64861468
64859817
64857021
64855785
64848859
64836186
64823586
64865749
64865325
64864722
64863956
64863062
64862334
64825889
64825277
64857681
64855839
64850553
64823709
64863864
64859219
64858256
64841026
64863391
64829008
64827814
64827379
64749268
64851891
64854045
64853253
64851343
64849265
64792538
64790849
64862638
64861756
64860782
64859339
64857464
64855512
64855271
64853215
64855916
64865422
64865044
64864368
64865635
64865357
64864737
64864437
64863811
64863313
64862441
64861656
64861095
64860741
64766521
64719345
64717446
64578764
64577088
64862827
64861666
64860611
64859215
64849542
64847782
64845815
64853263
64851267
64849673
64847580
64845862
64843824
64842380
64703800
64866050
64866134
64852603
64850666
64855458
64854073
64850915
64861529
64860415
64862930
64861875
64860864
64864438
64863547
64862676
64861324
64860484
64859596
64866467
64866021
64864819
64864120
64862448
64861210
64860004
64863989
64862715
64848705
64847358
64845759
64844658
64159619
64158869
64157936
63994947
64837357
64825062
64824458
64824177
64836120
64834962
64829307
64865264
64864653
64863915
64837795
64832115
64829108
64828123
64853890
64849888
64844924
64834950
64866409
64866224
64865364
64866345
64850414
64849202
64857537
64856186
64854848
64849657
64848107
64846467
64866275
64865315
64837200
64809420
64808004
64846051
64843996
64826112
64825613
64824426
64858672
64856898
64855861
64856120
64854471
64852452
64840686
64837157
64834815
64835346
64834367
64722247
64850797
64844276
64833266
64832589
64831664
64634788
64629176
64851103
64846181
64844606
64842513
64841726
64840014
64839278
64837963
64855026
64853294
64849348
64848402
64809002
64861137
64860230
64858914
64857219
64795301
64794354
64793589
64850230
64848430
64854818
64853610
64849933
64847860
64846322
64845442
64844320
64842477
64858984
64857262
64866493
64866130
64865831
64864985
64861292
64859977
64856006
64831101
64830801
64780162
64779657
64779038
64778408
64745474
64857808
64849986
64848635
64844918
64843140
64832598
64832086
64831118
64830220
64779594
64859567
64841384
64840530
64838889
64837535
64836313
64830688
64850887
64846591
64763205
64762318
64760324
64758876
64850135
64848983
64830466
64830011
64829209
64828293
64805113
64829806
64829348
64853092
64840369
64838864
64837976
64859232
64857982
64857006
64855381
64854543
64849777
64848770
64846769
64865448
64864739
64863975
64863240
64862669
64861479
64860714
64859534
64858539
64856918
64848134
64846771
64844344
64843125
64827569
64827242
64826766
64825963
64831840
64830726
64828003
64827509
64826735
64800931
64799482
64797922
64849470
64847222
64842794
64800226
64798745
64797773
64849571
64847447
64843635
64830948
64829444
64818968
64803519
64827519
64743837
64740283
64798068
64796334
64794411
64793344
64792073
64801016
64800101
64796764
64846534
64845069
64833341
64832641
64832365
64766664
64804529
64802494
64798325
64826974
64826340
64825922
64825542
64824901
64824500
64859593
64858926
64849665
64864260
64863927
64863370
64862468
64862028
64848162
62232849
62068978
62067764
64866179
64865874
64865627
64864976
64864287
64863629
64847656
64845362
64866063
64865497
64865135
64832686
64831817
64805861
64856431
64764740
64763744
64762787
64761172
64760248
64841822
64840309
64839331
64834164
64833789
64850771
64848317
64846864
64819192
64819080
64818621
64818496
64765554
64763902
64762539
64761971
64704586
64703745
64856315
64842859
64839451
64835484
64834802
64824845
64824193
64823859
64823363
64822730
64822505
64862044
64859863
64859229
64857506
64856526
64853027
64851924
64850766
64616930
64838544
64834414
64841166
64839884
64838297
64836746
64834596
64833590
64833017
64850776
64843361
64835508
64834735
64705344
64835854
64834797
64831030
64852157
64845825
64844353
64843080
64605483
64603948
64844622
64119225
64117183
64116830
64112934
64112398
64112093
64846343
64843037
64840908
64856657
64854736
64861394
64860136
64858628
64857119
64854284
64785722
64785248
64784312
64772813
64772643
64772272
64771918
64771265
64755798
64798661
64797975
64850688
64843477
64842688
64834857
64833658
64822214
64861277
64858664
64765233
64764040
64763173
64761895
64585708
64810154
64809155
64808365
64807312
64805927
64804257
64835992
64798343
64796436
64714105
64712388
64828988
64828550
64827637
64827134
64826562
64742012
64834571
64833978
64833189
64832509
64821113
64820710
64820309
64819958
64819708
64866656
64866456
64866015
64865490
64863348
64861716
64860543
64835221
64834470
64834002
64833312
64831839
64821284
64821029
64850431
64845303
64844245
64743127
64724220
64722212
64501272
64864605
64863972
64845103
64841336
64839682
64838089
64837415
64836066
64843852
64793953
64790767
64845772
64852486
64832629
64832191
64831734
64831159
64848700
64843213
64841100
64839402
64837988
64344686
64640006
64638681
64637147
64635985
64632449
64802473
64800706
64799948
64798718
64796942
64857964
64856953
64855449
64853905
64806247
64804815
64794776
64787152
64843926
64841967
64848919
64841930
64840510
64839450
64766293
64764379
64793685
64791917
64845154
64805237
64804540
64803326
64801203
64800149
64829475
64828703
64828257
64827896
64851576
64813612
64813178
64812521
64811669
64653041
64841856
64840733
64839711
64837160
64844744
64842515
64796810
64794290
64793246
64792372
64843937
64839785
64838992
64864826
64864104
64863563
64863131
64862596
64861599
64860855
64859316
64857786
64791012
64789039
64788413
64850842
64847040
64843702
64759261
64757240
64637364
64636166
64508308
64563107
64562145
64504525
64145257
64143028
64141896
64140491
64846595
64842786
64838567
64789791
64833061
64820598
64820038
64819680
64850031
64847673
64845808
63468930
63467523
63465954
63464686
63463348
64849210
64847335
64845488
64843306
64840980
64839329
64837737
64834699
62512273
62511570
62510964
62510578
62510083
64842366
64841151
64837162
64835903
64835432
64779556
64863599
64862588
64861867
64861041
64859482
64858147
64854159
64847714
64843441
64841081
64808068
64806696
64805119
64711534
64710515
64847939
64846824
64842881
64841368
64839891
64805657
64802914
64801167
64799713
64850987
64850028
64848009
64846215
64842468
64762333
64743108
64741937
64670638
64851707
64850225
64849036
64848052
64846151
64841036
64839218
64860297
64858803
64856968
64855040
64853004
64850116
64848300
64846330
64839898
64838246
64848520
64846378
64842502
64778002
64742908
64742546
64862722
64861621
64863438
64862002
64861408
64854932
64853872
64859771
64866804
64546335
64545307
64540628
64867004
64866664
64859306
64833274
64734193
64733698
64839151
64836967
64835975
64835125
64834102
64832515
64838381
64864172
64863779
64862907
64861966
64767155
64727091
64726592
64725423
64723603
64723135
64722033
64774258
64859633
64848341
64842997
64844942
64843867
64841667
64839691
64838336
64837193
64836466
64852493
64867050
64848992
64841193
64840457
64839214
64838550
64837663
64836627
64835989
64858504
64857354
64855933
64854392
64852296
64845918
64860646
64859780
64859077
64857455
64853876
64849637
64842776
64827036
64826577
64825897
64825531
64854759
64836775
64835352
64834203
64804169
64798347
64728269
64727653
64726194
64725090
64855062
64853274
64838878
64838179
64837694
64841532
64840825
64835460
64860382
64859451
64855137
64852948
64861721
64860350
64855553
64854189
64827989
64857414
64855704
64857741
64856217
64854971
64852930
64850882
64848108
64834581
64865438
64864787
64841616
64839792
64838680
64824260
64848522
64838843
64837614
64836374
64866980
64866788
64866145
64849365
64845441
64835451
64834032
64833364
64827176
64852146
64847569
64846065
64854859
64853543
64827921
64820124
64839661
64829796
64828970
64828039
64827248
64826436
64857717
64854005
64824947
64824616
64823887
64834149
64832696
64830314
64865625
64863645
64836004
64832157
64828702
64867290
64839380
64838613
64837622
64788337
64734706
64867202
64866916
64853435
64850942
64862185
64861153
64859912
64859047
64857553
64856783
64825361
64639993
64851302
64842838
64866587
64866069
64867122
64834880
64788452
64784905
64855442
64798790
64797042
64794741
64792789
64846964
64844908
64854570
64852971
64850932
64846880
64844869
64843163
64842086
64846822
64845043
64843199
64841413
64840016
64846800
64855942
64855098
64852637
64851203
64847744
64801967
64769839
64769098
64724121
64722568
64852833
64850902
64847449
64846102
64844565
64842440
64863090
64862069
64860886
64859928
64858398
64852697
64847598
64827129
64853329
64847164
64845945
64843979
64843001
64840161
64843167
64840700
64861661
64860533
64858852
64850391
64846216
64852213
64850227
64845459
64843987
64842250
64806653
64686264
64851554
64849181
64844667
64867271
64867066
64848764
64846373
64842158
64863130
64862550
64826832
64858010
64831574
64830790
64845919
64844746
64842847
64841630
64831450
64825179
64824405
64823841
64823457
64823013
64853057
64850976
64848906
64846896
64844720
64853100
64841447
64840289
64837960
64867395
64867137
64866849
64866650
64866469
64848395
64846398
64844803
64842777
64860303
64835822
64843766
64842576
64833206
64798552
64790240
64844660
64842846
64834499
64834028
64833269
64867369
64835564
64834820
64866657
64838790
64867318
64860098
64857932
64856715
64854935
64850267
64866383
64841559
64860140
64859313
64857647
64855880
64852766
64853370
64850567
64849543
64848463
64849528
64848228
64852352
64850130
64866647
64862397
64861645
64860944
64856492
64850674
64834311
64862742
64770310
64769751
64838715
64852868
64846950
64823494
64855593
64865868
64864863
64864097
64863287
64862170
64860989
64866256
64852461
64845752
64844363
64842631
64852153
64848846
64860038
64858218
64856655
64853187
64851429
64859910
64858354
64844142
64843396
64841810
64840639
64838430
64837359
64836695
64861714
64860410
64859109
64858093
64857303
64854870
64862851
64861834
64860538
64858394
64849192
64847696
64790274
64836772
64825833
64825218
64861501
64860437
64858590
64857736
64856215
64866685
64866307
64865939
64864746
64864517
64862969
64862342
64847978
64845878
64843758
64618798
64616543
64639612
64638059
64637054
64661856
64661198
64848734
64668518
64666988
64850499
64827041
64825727
64823202
64855256
64821908
64821445
64821229
64820752
64820575
64820331
64820145
64850349
64824578
64823717
64836829
64860821
64845447
64843573
64857396
64855673
64853761
64852191
64823932
64823445
64822166
64828775
64827797
64848971
64847411
64844768
64843605
64850483
64848381
64847312
64845177
64843563
64842003
64841219
64839985
64842170
64841243
64848343
64865370
64864678
64863896
64863334
64861294
64858913
64857860
64865995
64864633
64864001
64863329
64862388
64861072
64814062
64806603
64804749
64721640
64719847
64719082
64718435
64822729
64696739
64863688
64863316
64862659
64816792
64816238
63299453
62234767
62234297
64858366
64856603
64810837
64858453
64857279
64693180
64865190
64864553
64863508
64862860
64862341
64861229
64832994
64832112
64861331
64858233
64856584
64852051
64848485
64847119
64850707
64160019
64159307
64687158
64785479
64723042
64865272
64864459
64863666
64862207
64860973
64860332
64865510
64856061
64331328
64330636
64329731
64159907
64159167
64158147
64039655
64854862
64865975
64865656
64864651
64862224
64861587
64860473
64859576
64855227
64857936
64854731
64852594
64850297
64849080
64847049
64830939
64829615
64829159
64828231
64824840
64856523
64855620
64854681
64851502
64763040
64761089
64758484
64860171
64858195
64852605
64850463
64849004
64865110
64864480
64863678
64862640
64861272
64861469
64860810
64859775
64867613
64842939
64866718
64847153
64791020
64863469
64862584
64861528
64860685
64864013
64863461
64859208
64857632
64720405
64719404
64827971
64827422
64826956
64863506
64862442
64861708
64860616
64858928
64857337
64856653
64855488
64854453
64829648
64829211
64828685
64820113
64857166
64855796
64853878
64852115
64866051
64865845
64865498
64865050
64861467
64860820
64827649
64826868
64826311
64825432
64824725
64824393
64823555
64823232
64822866
64854412
64841316
64837569
64836258
64847026
64845796
64843557
64842433
64840502
64839306
64835072
64833819
64866941
64866561
64865704
64865253
64863691
64862795
64862218
64842839
64852968
64851528
64848109
64846951
64845024
64860191
64858400
64857606
64842143
64841022
64839907
64855483
64851806
64849988
64848361
64846519
64824290
64823813
64820926
64820486
64808912
64854201
64852949
64850727
64848897
64846837
64845224
64843981
64811693
64826677
64826035
64825453
64824728
64824115
64823521
64861505
64860679
64859605
64831491
64828720
64828144
64824838
64823985
64867787
64867548
64859999
64858996
64857888
64852550
64851197
64848817
64774727
64853489
64851883
64847230
64846158
64844082
64807560
64805497
64803863
64751763
64838260
64760527
64758874
64757172
64755322
64752357
64856459
64851559
64839732
64759152
64757695
64756072
64753442
64857609
64856319
64853556
64796584
64794274
64792432
64791507
64790604
64789310
64858883
64857302
64852839
64851633
64850855
64849049
64847068
64845139
64807032
64805465
64787605
64786444
64728552
64852380
64850270
64848543
64846403
64845338
64842068
64864335
64863885
64862862
64862208
64861340
64860269
64857054
64856226
64745877
64815247
64855890
64853307
64801143
64798906
64797233
64795757
64793904
64859470
64858805
64853418
64851399
64811467
64810693
64808503
64807718
64867830
64867628
64867279
64867051
64865950
64860345
64859419
64858283
64857604
64850526
64840653
64839095
64862141
64860632
64859753
64858859
64857779
64856611
64853335
64863184
64860314
64859064
64856164
64853247
64852236
64858357
64856020
64797195
64794593
64793031
64789750
64788034
64753665
64752027
64856755
64849594
64847885
64846237
64845003
64843191
64841162
64859413
64858116
64855642
64852433
64782251
64856356
64851944
64765180
64726454
64681466
64580483
64850330
64848175
64846337
64815502
64866036
64865392
64864679
64864058
64863179
64861204
64859705
64855432
64850351
64836660
64836046
64837718
64723175
64722254
64720217
64684922
64854894
64850460
64128552
64127489
64126878
63786005
63784417
63782591
64804869
64854622
64852725
64851594
64849935
64804762
64804101
64802229
64766479
64832400
64831722
64831146
64830357
64828510
64827804
64867363
64867248
64852076
64855549
64793690
64665245
64664168
64834422
64833516
64832829
64788465
64787477
64852645
64848685
64844714
64843486
64842231
64858508
64854924
64852361
64849137
64801695
64800332
64850346
64866598
64866160
64865864
64865146
64864630
64864148
64863420
64862149
64861317
64829494
64833054
64832181
64831627
64830786
64836017
64842271
64825458
64825032
64824430
64823903
64841398
64839725
64793922
64865241
64864854
64864289
64849443
64846952
64863176
64862377
64859481
64857952
64856453
64847489
64846691
64865144
64864254
64862918
64858066
64867621
64867339
64866445
64844841
64843677
64866223
64865810
64862520
64859287
64856610
64854877
64852805
64862887
64861928
64855552
64854337
64853109
64864333
64863408
64818270
64818106
64864616
64820846
64820654
64858163
64802052
64780194
64673372
64735270
64528690
64527852
64526888
64819041
64818670
64596867
64595743
64852921
64851159
64849051
64545540
64544391
64859649
64850927
64861566
64859851
64857922
64839530
64837926
64863028
64859762
64789680
64429736
64429176
64866670
64866385
64865917
64865540
64865348
64856675
64838254
64837563
64836452
64835309
64833494
64729291
64860205
64856430
64853928
64852432
64851185
64842352
64840901
64848384
64847099
64864485
64863832
64856895
64865413
64864981
64864352
64854427
64852824
64834745
64799226
64797445
64795419
64793052
64722711
64618605
64718696
64611869
64610742
64610179
64562212
64468600
64859672
64857305
64806392
64804492
64802431
64749085
64844394
64842831
64851615
64849911
64863511
64856290
64854676
64852701
64844223
64842149
64777316
64849966
64848551
64846416
64844962
64842136
64855506
64853389
64851841
64850537
64863071
64858542
64854669
64841331
64839734
64838284
64787976
64867162
64866764
64855006
64852883
64847002
64845465
64843749
64836185
64835408
64834732
64680505
64859252
64858062
64851569
64850669
64844180
64841575
64835885
64835386
64834973
64831537
64823436
64836520
64835621
64834162
64807326
64805850
64803867
64802415
64810792
64810358
64781825
64802083
64700090
64861375
64860194
64857243
64867643
64862863
64860411
64830550
64857695
64840387
64840020
64831771
64830022
64840945
64862421
64861268
64860545
64859882
64867743
64847826
64844546
64842428
64840445
64827211
64826371
64842283
64841046
64839251
64837653
64836523
64836026
64857448
64853392
64848192
64846823
64844715
64843045
64841349
64836261
64837510
64777946
64738209
64858632
64854618
64845021
64848071
64843089
64840494
64839230
64800865
64798798
64796802
64851200
64850168
64847906
64846568
64841706
64544818
64848620
64843322
64841781
64840723
64839633
64806578
64614386
64840355
64827614
64826980
64758001
64850951
64848921
64846658
64844930
64843483
64841938
64839466
64852576
64850466
64848195
64836902
64793316
64790795
64837235
64837284
64625766
64622852
64587189
64837596
64865657
64865289
64864764
64863903
64861786
64772351
64280673
64279785
64278553
64008949
64008627
64844580
64840651
64826655
64825854
64801745
64799561
64839028
64181021
64180252
64178993
64004500
64855749
64840394
64868317
64868089
64824103
64823345
64826241
64825491
64780676
64633392
64630530
64827210
64852809
64848608
64846501
64844520
64842969
64841491
64807210
64805830
64864474
64863746
64862946
64830568
64829905
64794543
64867984
64867589
64867258
64866620
64842332
64840881
64839755
64836385
64835529
64827530
64826784
64826124
64824618
64824092
64802192
64779249
64837396
64836547
64835735
64834881
64820590
64845905
64840548
64839478
64835537
64834406
64833469
64835987
64833121
64832418
64832095
64828662
64827895
64827635
64827138
64824129
64828435
64827148
64825390
64860586
64844305
64863269
64854905
64801339
64800201
64798381
64795539
64835317
64838244
64810707
64840486
64839114
64838032
64836984
64830108
64829603
64828825
64827845
64801549
64841642
64808524
64839974
64838504
64836975
64859049
64857245
64821131
64820636
64855650
64853300
64824877
64824254
64868075
64867890
64867755
64867226
64866863
64865797
64864791
64864305
64840410
64837531
64827133
64826351
64866247
64865098
64863849
64863328
64862444
64861454
64839790
64850184
64839559
64847173
64855550
64853472
64836331
64820712
64820308
64820008
64819678
64851988
64838916
64861203
64812248
64864277
64863893
64861399
64859800
64857663
64856056
64834397
64833420
64832469
64824903
64824534
64824030
64823523
64865491
64864617
64863086
64862556
64861333
64859122
64858507
64839405
64838590
64837549
64836848
64839947
64832873
64831306
64830331
64855842
64853842
64830200
64829441
64821815
64864770
64860999
64859007
64852741
63701372
64618849
64616754
64581788
64831608
64415269
64398559
64841380
64830446
64830006
64829223
64791932
64836636
64833605
64833262
64825502
64824917
64824542
64823925
64840930
64839594
64838143
64837141
64835612
64834753
64855676
64853766
64838330
64835810
64834775
64833725
64832354
64831911
64831527
64830418
64845046
64858992
64856825
64854921
64852997
64793142
64860466
64857971
64791273
64789317
64781178
64780628
64741584
64653666
64858584
64857189
64827936
64827567
64826959
64826457
64856299
64854815
64853862
64835611
64809383
64828339
64856359
64854371
64851339
64839822
64831419
64830537
64829847
64829229
64838428
64855327
64854446
64857541
64856449
64854616
64853141
64852101
64862855
64861235
64860468
64860770
64859282
64857628
64861820
64847642
64846263
64845347
64844328
64834972
64834381
64864959
64864238
64848822
64828483
64832251
64631715
64539527
64538273
64750989
64749024
64747127
64739359
64739003
64851809
64849668
64848466
64845310
64843233
64835933
64835324
64834925
64838685
64834792
64833646
64832997
64827885
64827283
64834909
64834004
64832802
64831656
64830427
64829811
64867631
64867356
64859340
64820345
64846740
64842146
64839280
64863901
64863424
64862479
64860156
64859469
64857415
64856765
64839534
64823587
64822801
64822019
64821629
64820876
64862533
64860367
64858845
64857993
64842394
64841141
64839381
64837673
64843061
64841728
64840282
64839231
64837856
64832532
64831846
64828312
64805305
64803509
64801493
64800001
64833635
64833752
64832335
64831828
64830032
64829094
64857092
64854294
64852713
64850044
64846865
64845089
64844015
64849007
64847338
64845657
64843588
64842128
64832427
64831217
64835084
64830767
64830184
64829523
64849212
64847634
64846571
64844052
64842280
64841394
64840447
64838942
64835746
64828068
64827617
64836711
64834377
64833520
64831582
64829759
64829174
64807012
64802995
64801672
64839341
64835012
64834488
64833598
64576185
64573899
64571650
64852992
64839514
64837999
64836667
64835641
64834709
64863129
64861460
64856848
64861025
64859930
64855707
64854696
64852758
64858351
64856849
64855208
64853572
64850550
64861087
64852920
64850206
64848431
64858022
64856901
64856086
64855356
64849916
64838054
64862163
64819892
64868780
64868525
64868351
64868102
64867900
64865891
64862805
64861989
64861274
64850375
64841014
64839768
64803638
64839243
64837655
64836377
64835315
64864629
64863781
64863004
64862125
64860200
64858709
64857589
64856192
64854215
64847813
64846080
64842111
64840114
64829480
64829031
64828358
64862134
64860665
64854777
64845378
64847742
64845695
64844014
64843450
64840668
64838772
64838592
64804560
64802554
64800807
64739891
64718545
64717511
64847521
64759127
64705135
64704344
64644008
64860743
64859554
64858141
64856665
64855638
64854166
64852841
64860744
64859383
64858592
64856810
64856123
64854151
64852837
64865595
64865121
64761448
64758604
64756626
64754764
64862427
64861181
64836371
64834424
64475526
64474609
64473981
64862727
64862046
64860825
64853986
64840144
64836925
64836160
64846460
64574123
64571977
64800956
64852842
64849384
64847279
64845409
64843215
64842098
64840894
64839603
64838372
64859586
64858001
64856232
64854790
64852652
64825574
64824045
64811710
64825323
64824946
64824141
64823578
64825111
64800805
64799055
64798192
64857091
64848294
64835789
64835018
64834542
64837972
64835355
64826922
64825995
64825155
64825423
64825030
64824226
64823415
64820156
64819742
64787033
64866067
64865774
64865408
64865021
64864642
64863843
64859390
64784030
64783098
64868684
64825095
64836470
64835839
64829734
64829243
64828644
64823611
64825999
64825606
64825232
64696383
64696000
64695428
64833499
64832747
64832205
64831515
64831092
64824194
64823437
64822813
64868846
64868146
64823916
64823368
64778376
64866443
64864588
64863294
64862459
64868965
64868782
64844533
64842758
64841592
64839880
64838262
64837339
64836168
64835507
64822863
64821780
64761442
64847093
64845424
64843705
64841034
64838155
64836871
64823974
64834983
64834322
64833447
64832726
64831390
64830977
64830127
64017481
63894717
63809470
63809335
63696350
63640409
63639971
63608795
64860701
64858479
64857381
64830049
64829232
64828345
64845122
64843339
64842531
64841518
64839814
64833417
64741059
64738922
64849750
64844721
64842563
64864275
64863332
64849676
64847413
64828827
64827108
64826629
64828551
64825743
64840122
64838495
64837830
64837243
64835907
64835263
64834472
64833785
64832934
64833953
64830172
64829839
64828957
64828287
64826940
64812289
64829910
64829355
64828296
64736583
64736267
64252023
64020389
64020022
64019320
64830248
64828964
64828125
64845109
64837214
64824513
64823379
64827328
64741222
64736508
64698546
64697362
64697027
64828723
64824291
64849638
64841410
64834125
64832623
64831853
64847337
64843969
64842285
64828176
64784242
64782754
64853527
64852780
64850536
64848634
64868986
64868694
64868466
64868216
64867952
64867685
64811554
64810383
64844494
64840795
64836429
64869337
64869129
64869205
64868852
64868618
64868929
64869281
64868380
64866698
64869418
64868783
64868571
64867436
64867577
64869552
64869485
64868165
64867824
64867534
64869061
64868487
64868350
64868086
64867848
64835188
64833865
64833404
64867889
64843428
64768657
64728772
64843646
64833925
64832005
64831492
64830673
64830038
64828799
64869942
64869665
64838391
64837106
64834660
64869075
64459877
64458172
64856468
64855048
64853749
64852575
64850824
64849244
64847770
64845482
64841585
64840035
64827843
64826662
64819953
64791888
64790210
64827765
64826962
64826179
64837027
64836275
64835201
64834324
64829380
64825411
64856238
64852098
64851156
64848077
64844777
64837846
64836742
64859777
64858107
64847585
64846496
64838925
64869907
64869993
64869819
64867749
64867502
64870084
64869641
64869740
64868020
64785454
64843741
64841639
64838777
64800566
64796323
64849448
64847100
64844898
64842818
64832031
64831345
64828573
64824231
64819897
64738066
64171278
64170508
64169864
64867718
64867498
64867174
64868513
64868362
64868145
64867910
64867558
64867124
64863384
64861776
64860643
64855153
64853061
64850960
64752124
64749494
64757844
64747749
64746550
64859300
64868739
64868559
64868409
64867946
64867549
64866890
64860481
64866864
64866518
64864857
64863937
64862971
64860412
64865805
64864247
64863085
64858300
64867125
64866759
64866330
64865596
64864828
64863786
64785763
64841111
64838572
64870419
64869318
64826175
64825493
64824740
64823864
64865733
64726059
64724918
64723767
64870180
64849238
64840632
64839576
64869906
64645946
64519813
64834528
64857251
64851273
64849106
64847191
64845849
64843682
64831276
64802109
64697562
64697163
64826600
64825952
64791355
64788770
64822579
64822112
64870597
64870252
64870521
64870453
64868519
64870342
64790984
64835748
64838358
64837145
64836100
64835171
64838988
64838219
64835816
64834834
64833968
64580912
64513992
64511261
64509047
64507495
64506684
64466084
64465124
64463378
64866884
64866347
64865949
64865550
64865085
64862828
64849591
64845743
64858347
64856850
64855366
64851231
64850125
64847424
64846138
64826516
64825746
64825081
64861220
64858262
64857324
64856460
64855522
64867320
64861865
64856194
64852281
64825285
64824674
64822930
64822471
64854918
64852788
64851126
64855476
64854828
64854120
64851561
64850234
64847986
64846706
64845403
64843711
64756271
64754856
64715836
64859464
64851396
64850064
64867872
64870626
64870239
64869792
64869275
64869017
64868769
64837652
64863791
64862607
64870755
64839673
64838531
64836958
64835705
64834879
64834318
64833920
64858908
64857367
64856158
64854549
64853118
64852001
64850224
64859591
64858728
64851045
64848965
64848165
64847293
64841590
64864631
64863181
64869888
64869517
64870128
64869874
64869637
64860991
64859044
64834059
64832548
64833092
64821230
64871892
64871278
64871169
64831659
64870754
64852521
64870799
64867208
64866800
64863584
64862577
64868267
64866900
64866332
64863976
64865716
64864942
64864039
64871674
64871131
64871433
64871687
64872059
64871041
64870655
64871763
64871527
64871038
64870463
64870225
64828182
64827302
64826537
64868251
64868037
64869223
64869065
64831199
64830129
64829237
64828265
64825221
64824679
64824347
64823595
64823014
64822634
64868294
64867887
64867734
64867361
64867087
64866684
64866408
64864815
64864301
64871786
64871561
64871366
64870816
64870290
64869909
64869546
64869312
64869019
64868816
64868217
64867426
64867220
64865463
64869622
64869381
64868598
64861485
64869656
64784814
64866921
64866758
64866080
64862836
64866311
64870683
64870449
64870033
64869838
64869553
64869291
64868973
64868668
64743345
64743019
64742424
64741853
64741446
64658848
64866340
64865955
64865338
64872174
64871944
64085532
64082218
63337350
63336835
63335594
63330626
64869936
64869527
64869237
64868974
64872446
64872037
64871486
64871360
64870881
64870462
64867031
64866630
64866205
64674619
64672606
64671130
64669274
64667103
64593884
64611458
64554259
64553519
64529803
64529179
64528377
64520187
64518402
64517599
64866569
64866221
64865935
64865480
64864918
64864635
64831374
64830713
64829952
64829500
64866292
64865743
64864059
64829248
64828360
64860807
64859353
64858183
64868474
64866180
64865554
64868725
64562624
64560643
64559059
64661427
64660877
64845987
64869440
64869080
64868890
64868625
64865691
64858697
64857819
64856065
64854608
64824745
64872536
64871914
64871502
64870948
64869861
64869598
64869449
64869246
64862696
64860262
64847624
64846394
64856139
64798837
64797284
64813592
64812455
64730093
64835063
64832786
64870678
64862332
64861559
64871635
64871134
64870668
64870503
64870069
64869778
64815572
64815114
64814119
64812627
64812317
64811582
64810519
64809458
64799877
64670526
64454342
64410943
64315561
64207188
64849915
64848234
64845992
64844731
64843113
64864536
64845593
64849859
64804958
64763084
64851722
64849870
64848638
64851741
64850420
64848310
64847372
64846203
64844285
64842849
64872961
64872629
64872264
64873014
64868560
64868177
64869310
64873407
64872589
64871807
64872184
64871660
64870830
64870598
64870216
64869956
64869663
64869319
64873233
64872911
64872408
64870961
64871563
64871262
64870386
64870011
64610807
64610025
64871143
64870140
64869862
64868920
64819969
64819584
64866121
64831181
64726926
64864400
64864005
64862027
64861061
64873167
64872503
64871633
64848680
64846361
64606798
64440850
64431380
64395343
64381593
64380441
64362824
64699925
64649554
64619917
64539274
64526811
64492256
64707023
64536593
64504324
64482944
64436911
64401670
64869865
64730348
64637685
64573116
64540049
64646907
64531251
64867573
64866971
64866196
64804058
64802801
64801162
64871067
64870319
64869264
64869123
64868640
64868389
64789656
64786450
64785608
64684758
64868423
64868281
64868078
64867687
64858352
64855379
64868646
64867945
64857947
64855517
64853639
64837046
64836398
64835763
64866006
64786459
64754734
64749490
64716044
64868833
64868156
64868026
64873820
64873114
64872388
64869648
64869284
64868835
64868633
64867336
64868731
64868214
64868110
64866631
64829040
64867863
64867189
64859519
64857802
64868494
64866710
64866957
64865984
64659489
64658490
64496430
64495866
64867708
64866775
64039967
64038752
64867927
64868084
64867620
64866819
64868186
64867982
64867079
64866802
64870114
64869727
64869445
64869207
64868436
64868207
64867878
64867733
64839164
64838256
64836968
64835831
64867912
64867662
64350298
64349202
64348571
64347871
64347369
64346839
64306248
64305355
64304516
64868549
64868346
64868048
64867779
64838999
64825433
64824764
64871325
64857179
64855541
64853459
64852054
64874019
64873315
64872627
64872199
64867709
64867439
64867280
64866998
64866805
64644561
64873622
64873307
64872788
64872377
64871832
64871322
64870866
64870390
64868851
64862475
64868711
64867668
64867388
64867090
64828718
64827809
64867478
64865930
64873944
64873465
64872986
64872608
64872212
64871727
64870845
64860014
64857901
64843440
64842645
64812334
64697386
64696842
64696693
64867416
64866843
64818003
64868801
64867064
64866882
64865597
64865162
64864852
64813605
64813022
64812190
64417297
64369613
64818501
64818342
64818229
64596283
64595590
64869728
64869313
64868987
64735335
64735125
64760853
64820058
64819815
64874030
64873653
64873024
64871821
64871399
64870258
64869058
64660968
64660114
64659043
64658205
64797900
64840283
64867695
64867153
64866973
64867357
64867185
64866878
64866476
64849904
64783184
64782137
64781305
64780717
64866522
64865641
64865013
64866911
64866360
64866000
64863724
64867520
64866915
64866376
64873884
64873463
64872939
64871898
64871575
64871045
64870178
64868585
64868432
64773972
64773781
64772738
64772184
64874154
64873326
64872576
64870722
64838728
64837618
64831460
64868042
64784632
64867002
64866501
64865582
64865040
63515819
63513962
64793261
64791086
64873519
64862743
64793366
64873738
64873256
64872923
64872348
64871643
64867370
64867021
64844831
64843690
64839509
64838582
64837909
64851746
64847868
64845975
64843309
64841465
64839182
64838103
64856778
64854348
64852512
64851216
64849522
64839662
64443809
64443263
64442654
63752093
64874277
64872861
64870931
64834206
64833120
64832568
64831506
64767310
64766024
64765407
64759892
64844604
64839580
64836747
64844270
64826768
64848653
64846846
64845536
64844206
64843189
64840475
64839533
64836893
64840614
64835643
64874376
64873862
64873525
64623229
64740808
64740206
64739465
64860718
64856265
64873867
64872385
64844092
64841794
64840054
64838852
64837129
64835952
64835379
64834763
64833462
64844038
64842399
64840693
64835126
64832877
64833187
64746700
64704262
64662653
64860221
64858411
64836081
64834774
64832968
64833402
64832405
64592699
64592513
64563422
64562444
64561456
64559698
64871981
64871670
64871226
64870934
64870634
64833128
64785246
64844004
64843084
64841276
64840252
64838600
64837775
64836732
64835929
64855251
64854046
64841993
64840982
64865875
64865265
64864551
64863322
64862285
64857556
64855083
64852564
64850341
64848955
64865387
64864395
64863560
64862876
64862400
64861265
64874126
64873711
64872929
64871651
64869388
64869212
64874151
64873483
64872321
64871871
64847734
64843265
64839647
64838622
64837901
64874224
64873506
64872746
64872176
64832926
64810451
64809255
64805805
64804844
64837206
64835147
64799078
64676733
64674764
64673834
64836339
64834955
64805388
64803758
64707138
64800506
64743647
64743249
64673887
64672556
64865342
64864955
64864134
64863250
64862443
64857313
64845229
64842722
64840198
64838404
64836990
64836207
64863453
64862811
64860151
64857876
64854805
64853617
64852526
64851090
64848446
64832989
64832328
64842406
64840395
64837749
64836635
64836057
64834428
64854671
64852313
64850522
64837826
64834476
64831646
64841690
64841182
64838824
64836250
64835100
64776969
64776663
64775957
64775692
64775619
64865084
64864874
64864425
64837575
64835468
64623791
64874600
64873826
64873224
64861554
64860927
64860308
64859270
64856871
64831719
64829654
64828937
64828083
64814068
64851670
64849842
64847898
64845544
64844192
64842817
64841387
64839893
64838309
64840337
64839361
64859948
64858443
64855768
64845827
64832917
64832486
64800106
64798657
64797235
64796107
64792961
64833047
64822914
64822095
64815048
64871520
64869193
64867069
64846703
64845179
64719700
64717685
64716130
64372431
64370695
64862204
64855285
64854685
64851731
64848556
64846723
64844793
64845436
64841285
64838146
64836916
64844940
64842573
64811547
64810536
64783223
64781659
64685145
64814814
64814022
64846265
64851225
64846697
64834846
64834271
64833086
64841436
64840244
64620511
64619793
64618563
64617747
64617010
64874461
64873579
64872609
64872156
64871764
64871444
64861361
64860863
64860062
64871127
64841782
64840988
64797013
64795896
64790641
64788832
64856097
64853815
64848511
64844837
64874715
64873149
64872505
64871896
64871276
64871051
64870579
64870051
64858261
64847004
64874689
64874477
64874107
64873553
64873178
64853603
64851767
64849968
64848386
64847321
64858571
64857126
64841284
64789280
64727811
64727444
64786376
64742959
64742417
64656273
64846511
64845054
64862589
64860514
64859230
64858145
64855694
64853712
64852377
64851392
64851668
64848116
64846400
64825594
64824799
64874779
64850823
64847269
64825549
64825079
64824642
64824362
64823603
64821669
64812413
64806490
64804792
64871015
64824139
64823517
64846015
64766245
64764795
64763359
64762213
64722387
64866633
64864640
64863105
64874920
64874423
64873962
64874219
64873510
64872822
64872315
64869710
64872477
64871855
64871193
64871004
64865255
64864202
64863297
64865695
64865117
64817182
64816894
64875065
64874251
64873482
64873072
64855310
64852316
64793394
64848474
64843513
64874862
64874359
64874710
64874037
64855279
64865650
64865002
64864192
64863466
64862972
64860563
64859143
64857585
64808383
64764505
64763194
64875601
64874989
64874315
64871659
64871184
64870756
64870424
64870126
64869330
64844064
64839627
64837383
64799590
64745600
64745073
64853520
64850624
64848707
64846603
64845610
64801726
64800185
64797635
64714088
64712333
64852133
64850934
64849290
64847315
64846434
64815688
64812893
64812213
64845152
64838984
64875565
64874846
64865464
64864180
64863766
64863285
64848371
64846221
64844096
64834875
64833935
64829454
64828682
64827820
64827311
64826326
64825485
64824766
64778312
64875430
64872725
64872387
64871987
64861531
64847468
64846020
64843846
64839992
64822782
64754170
64851997
64850163
64848274
64846175
64844402
64843275
64810252
64809329
64808203
64806557
64828943
63211909
63210308
63208368
63207474
63205918
63204473
63202860
63201714
63201285
64875638
64874982
64721034
64676811
64865205
64864502
64863641
64862612
64861480
64860624
64859182
64857635
64856508
64851926
64850679
64846316
64844542
64842435
64836303
64835393
64833468
64822993
64696356
64553614
64552358
64804014
64854552
64852906
64850039
64874949
64874395
64873911
64873117
64872734
64872352
64871700
64871391
64866279
64865853
64786742
64858940
64857462
64854190
64827346
64647814
64854041
64853344
64667677
64666982
64666233
64631765
64876067
64875163
64875757
64875307
64874508
64625561
64624346
64622431
64621075
64560334
64558224
64831150
64829055
64783985
64741646
64739376
64739085
64719478
64853280
64852509
64850248
64796499
64787194
64637809
64636579
64635911
64634490
64712566
64839548
64839053
64323283
64321516
64856704
64854786
64853570
64852306
64872398
64871223
64870971
64870673
64718946
64714027
64712237
64710737
64709488
64865147
64861171
64860044
64856843
64855484
64854433
64853360
64852353
64876312
64875024
64874498
64874041
64873200
64837974
64810880
63806311
63805695
63805194
63804739
63804459
64853130
64851551
64875858
64862777
64861573
62743269
64653759
64859110
64830804
64830374
64716534
64715407
64714561
64851176
64849762
64856622
64855475
64853609
64851955
64846572
64844173
64767669
64765613
64764732
64797076
64796176
64794927
64793507
64792084
64733043
64732777
64732500
64732136
64318283
64876801
64876055
64633498
64852765
64851474
64813207
64851896
64863628
64862362
64860705
64860084
64849738
64847803
64845618
64854025
64853037
64851936
64833483
64832261
64831904
64831425
64814004
64813204
64686196
64685279
64684846
64684451
64683218
64680940
64772091
64771518
64770958
64770017
64769122
64768317
64650604
64807524
64804352
64802579
64795949
64794113
64639626
64867420
64867194
64866859
64866498
64866317
64865902
64877171
64876489
64875555
64871156
64870734
64870222
64869990
64869618
64869443
64877363
64887874
64886691
64904540
64902477
64901789
64899993
64898459
64896804
64886816
64885595
64899435
64897376
64896187
64920123
64919133
64916666
64915310
64890007
64889344
64881331
64879908
64879221
64876892
64919572
64915010
64913595
64911560
64909521
64907186
64904812
64901562
64898725
64895390
64907596
64920437
64919008
64917503
64915263
64913147
64911297
64908821
64901859
64901109
64883246
64882414
64876557
64875876
64875123
64874589
64916310
64915279
64913658
64911726
64909784
64908384
64907076
64904013
64918808
64917104
64916351
64914206
64912464
64907734
64905611
64919993
64917713
64914454
64912956
64910644
64908664
64906841
64880337
64878982
64877861
64876548
64875658
64874790
64874056
64873154
64871815
64871395
64882647
64881666
64880199
64899150
64897154
64893982
64892871
64890566
64889765
64888990
64888162
64886565
64910078
64903310
64900505
64893135
64891731
64902526
64899848
64890368
64888585
64888024
64887019
64884213
64905310
64904233
64920810
64919638
64918879
64877227
64875452
64873650
64872998
64919744
64874706
64873954
64896573
64894874
64893890
64888278
64887206
64886257
64884944
64883795
64878247
64877649
64876541
64908745
64906707
64904071
64903205
64900920
64890997
64888753
64917718
64908963
64906876
64905555
64903412
64901190
64912125
64887811
64886728
64885981
64884642
64882921
64881735
64880350
64920306
64919010
64917825
64916659
64913924
64912995
64911661
64919389
64915610
64913713
64911023
64906868
64876687
64876102
64875220
64914706
64879440
64915829
64911795
64896482
64881193
64910317
64907857
64905418
64903220
64901381
64897935
64892104
64883955
64882305
64905326
64903506
64896922
64895755
64893040
64892281
64878735
64877101
64876000
64872722
64881980
64880990
64879760
64878395
64875331
64913407
64905095
64903011
64909655
64907818
64906341
64905090
64903067
64901360
64884494
64920633
64919737
64918394
64880124
64878969
64877955
64880443
64879683
64908783
64909374
64908055
64906206
64882162
64878551
64904352
64898962
64895976
64895057
64882351
64871412
64914380
64909156
64906871
64905051
64894132
64893325
64879301
64875550
64891624
64884826
64883192
64918188
64908368
64906093
64891369
64915998
64907415
64886504
64885390
64884270
64883121
64901289
64883189
64881145
64880098
64892450
64890195
64880409
64910358
64908059
64888430
64909166
64907029
64906158
64904329
64901846
64880731
64920796
64909130
64891199
64883680
64881555
64877167
64889141
64910010
64908962
64906502
64904300
64903551
64901342
64902090
64893497
64917930
64900205
64894465
64921000
64886914
64886045
64903203
64901168
64899366
64897047
64881888
64881094
64879979
64878784
64877470
64906289
64904310
64902892
64887518
64886699
64885126
64884055
64882775
64881925
64878816
64904833
64917608
64916125
64914419
64913074
64902057
64899892
64896234
64895131
64893504
64890226
64889095
64886885
64875195
64874244
64873755
64873161
64828678
64921449
64920473
64919386
64887264
64886232
64885013
64884246
64871758
64257281
64909527
64907836
64905820
64899749
64897809
64895872
64891306
64889938
64890203
64888997
64887076
64885972
64884780
64883460
64862291
64859115
64857890
64835956
64744708
64744276
64888830
64887211
64886623
64669749
64882936
64881954
64881123
64880205
64782197
64905512
64903127
64889628
64888669
64885944
64884868
64883583
64882260
64887337
64886161
64884666
64883334
64882360
64881064
64880168
64813484
64883928
64882586
64881543
64853497
64509417
64507516
64506226
64504839
64875765
64875393
64874291
64654911
64277327
64276476
64275684
64274054
64272696
64271267
64849625
64784310
64700051
64901907
64900115
64898538
64897465
64885648
64883895
64876122
64875288
64884317
64878860
64901900
64900446
64899481
64898351
64895179
64894371
64892965
64892337
64891759
64890267
64888403
64887423
64885640
64884323
64882765
64881905
64881057
64879890
64879225
64842796
64842161
64840302
64837732
64837142
64913146
64912311
64910409
64908694
64907565
64905218
64888315
64887460
64885414
64917447
64916732
64915645
64904452
64903365
64850301
64848146
64845208
64887794
64886075
64885068
64883808
64882755
64881524
64880726
64879836
64885781
64885113
64884565
64883911
64883157
64881617
64804682
64803278
64897344
64895558
64894015
64920895
64919803
64918801
64917760
64916403
64914688
64912782
64911857
64909674
64908319
64856203
64909508
64908285
64906684
64884768
64883850
64882488
64881361
64880767
64879618
64878924
64878025
64885712
64884502
64883835
64882658
64720744
64718122
64881435
64876643
64876160
64875205
64874757
64904957
64903232
64901191
64900265
64898607
64897020
64895593
64894047
64892875
64892031
64888022
64886141
64885061
64884369
64840947
64825031
64911518
64910229
64908146
64905750
64903848
64894639
64892208
64891058
64890135
64889409
64888516
64887357
64906585
64899946
64898390
64897617
64896359
64895369
64912638
64910404
64907627
64905769
64902888
64900810
64892651
64916343
64915458
64913743
64912269
64900669
64891235
64890497
64889399
64881844
64880876
64916133
64915218
64913267
64910731
64902711
64915375
64895366
64892823
64891429
64902359
64894684
64877808
64896805
64894786
64893401
64892627
64891492
64915280
64914469
64912929
64911568
64910622
64908904
64905993
64920273
64919330
64921184
64920036
64918919
64918160
64916461
64915415
64911812
64908291
64896829
64909634
64907298
64903847
64897743
64896740
64895110
64854283
64907773
64882617
64910354
64905523
64880051
64917594
64916110
64915228
64913934
64912287
64877942
64876868
64875003
64874098
64921763
64920881
64919928
64919527
64918174
64917630
64882561
64881937
64880709
64879552
64875924
64875490
64873644
64890759
64889525
64888381
64886793
64904956
64895674
64915611
64897361
64896357
64900211
64898277
64896855
64895333
64893811
64892935
64804151
64885879
64884656
64882960
64898626
64897751
64896142
64895063
64888163
64921206
64920749
64919907
64869033
64895334
64920231
64893211
64872996
64898278
64896288
64889610
64887356
64885496
64922209
64921213
64912756
64891878
64922484
64922030
64921526
64920917
64903672
64896434
64895034
64887519
64922482
64921559
64921026
64921981
64921402
64909843
64908102
64905077
64903086
64902125
64895636
64890838
64893888
64882600
64881367
64887631
64918500
64922100
64902736
64921829
64917384
64918889
64917101
64911638
64910025
64906111
64907278
64921703
64919840
64916961
64914724
64912757
64892210
64915761
64741267
64918728
64883946
64901380
64890826
64905782
64904508
64900395
64898332
64894523
64919534
64900023
64898526
64894415
64912084
64904932
64900782
64899902
64898054
64922473
64914115
64913246
64889601
64888431
64887265
64886169
64882560
64881725
64881026
64907069
64911522
64910580
64909556
64907605
64905355
64903234
64901114
64899109
64780902
64872511
64922639
64917494
64920885
64920373
64919286
64911138
64909502
64908313
64900805
64885087
64921169
64916295
64914384
64908524
64894050
64893453
64892196
64891498
64882695
64906398
64883407
64904776
64897393
64895580
64893714
64891117
64902448
64909689
64903060
64896847
64922413
64914135
64899344
64877374
64922211
64921715
64920472
64919781
64919038
64917789
64916019
64914807
64913580
64906283
64904200
64901798
64897343
64897765
64909589
64909863
64907183
64905699
64903508
64889894
64891991
64922458
64920217
64919108
64917974
64917092
64915496
64914631
64909146
64905025
64900590
64898904
64894247
64908920
64890648
64885592
64884528
64882785
64882334
64881080
64901612
64900540
64899350
64897364
64826774
64887102
64885989
64916923
64916000
64872951
64872660
64871452
64859255
64913570
64911378
64909129
64906926
64905914
64904593
64910320
64908068
64905770
64891555
64890672
64888497
64887554
64876150
64922848
64918564
64917045
64884029
64918031
64917055
64913735
64912417
64910321
64908002
64904683
64889436
64888423
64887470
64922972
64922771
64922990
64917640
64916568
64913333
64920501
64917626
64915723
64914701
64913095
64911109
64912229
64909912
64923124
64922918
64922509
64921590
64921075
64920138
64914392
64909654
64907722
64905380
64904232
64902984
64911948
64901641
64917205
64913716
64912561
64910195
64908774
64916951
64904287
64909607
64910613
64922487
64921641
64920527
64919352
64918322
64913827
64912044
64910364
64914094
64913122
64912094
64909049
64906988
64904440
64917351
64916395
64913442
64911928
64910048
64908280
64918495
64916291
64914145
64908799
64907403
64905592
64904218
64920051
64918395
64917427
64901610
64889190
64888320
64914096
64912910
64911415
64908426
64906151
64902981
64901261
64898047
64896100
64723531
64722815
64826860
64826561
64825369
64815199
64814001
64794898
64918464
64916603
64914474
64913051
64812200
64811619
64923006
64922701
64922315
64916078
64890482
64889488
64888865
64887718
64886469
64921643
64920495
64919653
64918898
64917983
64916483
64913885
64912697
64911181
64917451
64803504
64757792
64756046
64753505
64751911
64749394
64919537
64918352
64916684
64910685
64857509
64916289
64909548
64908481
64906567
64904317
64903036
64901334
64916762
64908555
64906884
64923107
64922365
64921723
64920770
64919631
64918206
64911048
64908223
64892918
64917532
64916073
64914813
64912653
64911785
64909909
64906864
64902542
64920083
64918398
64916550
64898389
64892106
64901292
64899803
64910684
64908205
64906596
64904721
64903465
64902012
64900747
64889218
64907867
64923260
64919139
64917858
64919396
64911759
64845652
64923356
64922649
64921706
64882866
64880542
64874593
64908691
64907505
64906626
64904101
64891044
64875735
64874838
64889048
64888006
64885158
64886645
64885813
64885024
64884119
64882478
64881775
64873296
64881405
64922688
64921364
64918161
64878360
64877169
64894893
64909132
64906692
64923245
64922268
64923136
64922277
64919497
64918105
64709700
64708392
64704020
64890263
64922012
64918450
64884210
64901484
64900248
64923375
64906394
64904323
64900851
64701595
64923711
64920522
64919132
64900012
64895771
64892997
64891521
64897121
64889585
64885628
64906877
64905984
64904541
64900883
64920972
64917373
64916435
64913265
64909782
64904845
64903562
64814216
64888094
64886134
64885224
64884567
64883865
64880948
64880073
64913486
64911400
64910109
64908582
64898664
64897146
64894948
64893855
64893230
64905469
64760423
64759484
64757372
64756784
64755174
64752038
64920999
64903733
64527501
64526589
64525438
64524774
64523465
64911681
64910838
64909029
64904037
64901903
64900664
64890852
64886887
64905105
64902754
64901721
64900588
64899159
64819757
64921910
64917313
64915826
64913737
64897869
64834043
64833501
64909710
64904581
64902890
64899550
64897956
64896928
64895082
64910756
64909151
64900860
64905677
64904596
64843034
64312469
64295725
64274092
64272502
64898051
63925168
63853411
63852234
64904293
64901881
64900967
64898785
64896088
64917945
64917068
64915387
64914220
64912829
64906032
64906472
64880335
64879676
64878724
64849178
64800294
64893690
64892647
64891860
64890789
64889967
64888875
64870507
64896261
64894473
64893399
64892295
64889784
64889150
64888568
64886548
64885220
64883925
64907604
64905316
64893799
64856807
64908855
64907598
64905211
64903248
64434811
64434555
64434381
64848995
64833362
64832459
64832173
64830508
64829785
64829125
64915882
64914250
64913045
64923571
64923864
64885588
64914104
64887365
64885909
64880763
64636101
64923715
64923744
64911402
64908084
64920689
64918897
64888677
64888100
64886941
64907913
64905758
64882743
64881362
64908369
64905962
64902962
64900607
64899598
64897251
64884194
64882347
64921899
64907164
64912110
64910623
64906602
64923500
64901893
64884215
64885303
64879726
64894410
64893213
64892185
64882382
64916999
64903615
64902031
64900840
64898910
64896160
64894944
64894059
64902229
64898530
64891599
64890875
64889729
64887184
64710634
64878085
64876297
64893575
64892427
64891462
64890406
64889348
64888425
64923619
64877547
64875539
64872152
64896322
64895007
64892456
64890667
64882872
64922133
64921644
64921165
64921842
64877014
64886222
64884097
64920447
64919305
64873544
64616024
64608705
64607555
64602323
64891661
64890925
64890153
64889306
64888259
64887078
64886089
64885084
64883766
64883016
64903096
64900979
64921174
64920368
64919293
64917621
64904087
64902238
64887197
64885051
64917172
64915537
64913371
64912130
63131558
63130656
63129280
63128394
62784974
64923165
64919776
64918224
64917461
64915215
64913905
64880954
64918507
64917220
64907599
64885325
64884177
64882876
64876165
64913684
64912426
64910077
64906662
64887753
64886367
64922858
64920366
64914674
64913050
64917119
64915286
64912749
64911027
64908814
64908085
64905932
64904398
64902571
64919289
64918033
64913963
64912474
64908462
64906350
64913304
64911243
64909728
64887404
64886864
64904843
64903319
64902039
64226125
64225237
64224200
64908919
64907804
64920922
64920391
64919224
64918643
64916992
64914616
64912161
64910222
64908190
64756751
64755427
64337925
63648486
63645885
63428755
63428393
63060624
63011985
63010655
63009507
63009053
64920229
64919616
64913630
64856415
64861920
64860692
64922276
64921756
64921268
64920395
64919824
64918427
64917267
64913431
64918493
64917204
64916391
64913844
64912132
64907202
64843621
64842297
64840203
64911921
64720166
64718249
64716397
64715067
64713293
64922508
64921970
64921028
64910485
64914093
64877767
64876005
64910470
64909709
64903414
64901149
64916609
64914390
64917600
64899631
64896059
64905814
64903990
64901834
64916116
64911882
64919148
64917712
64916284
64912023
64917942
64917312
64916517
64914893
64912740
64910856
64915057
64910278
64907988
64905231
64902259
64886260
64884592
64882285
64907767
64904601
64915352
64914494
64912691
64911839
64918708
64918092
64923842
64923307
64922739
64922319
64921317
64919361
64918521
64915661
64922465
64922078
64921486
64919844
64910812
64908421
64905204
64903309
64901552
64899590
64897741
64895069
64888508
64918462
64917289
64916443
64915126
64877912
64877189
64876282
64912672
64910439
64909208
64908410
64907352
64906185
64904861
64902726
64900650
64922607
64921536
64920763
64919522
64918612
64917577
64916917
64915440
64914513
64913307
64922875
64922060
64921580
64920052
64918667
64917501
64916177
64913025
64901806
64900783
64906699
64880612
64879539
64878806
64877785
64876772
64875848
64909961
64908089
64793302
64791472
64908149
64907060
64905945
64904132
64902293
64901403
64899398
64907694
64905382
64904227
64909298
64905346
64903352
64902262
64900884
64899013
64897231
64878171
64916973
64915601
64914735
64912831
64908614
64907001
64768805
64768406
64767662
64908703
64906688
64902990
64902037
64907699
64905821
64904331
64902814
64900677
64898659
64869084
64614009
64908026
64904666
64911207
64898793
64897535
64895607
64894459
64893327
64888312
64905004
64902916
64920043
64897582
64895988
64825011
64911103
64668909
64667422
64795932
64794377
64914488
64912611
64911868
64909037
64906785
64905116
64902849
64901851
64899932
64876807
64875898
64854768
64731385
64731039
64730585
64729333
64214947
64213650
64211408
64210210
63938447
63937387
63936455
64907972
64906462
64443537
64442887
64442205
64441536
64720373
64718517
64666789
64652225
64878224
64877025
64876490
64875495
64874738
64873895
64909149
64899253
64898217
64869811
64909238
64904026
64901133
64898882
64896895
64895440
64906073
64901957
64859218
64857009
64641575
64640999
64491978
64072179
64186529
64185721
64184437
64183205
64906282
64902486
64900648
64894109
64893459
64904947
64902752
64922331
64907446
64905985
64903752
64901505
64899931
64898301
64834429
64833287
64771363
64770620
64897319
64896264
64756217
64754744
64753821
64720529
64718772
64716803
64896544
64893220
64892203
64876904
64876033
64875147
64829195
64828508
64827686
64761453
64722631
64720145
64718663
64713890
64712983
64921203
64920158
64906116
64904108
64845061
64843009
64920465
64919175
64917768
64916975
64914922
64913375
64911391
64910095
64905566
64900705
64898472
64903986
64900581
64881697
64807035
64805456
64923759
64923082
64922544
64921646
64902908
64905133
64903653
64849060
64345068
64885495
64884428
64883393
64882229
64881175
64842261
64840373
64838737
64837779
64821677
64606000
64605371
64604622
64603407
64602204
64883632
64879944
64879187
64877481
64924518
64924153
64924388
64923947
64899156
64700414
64906305
64900900
64905126
64903688
64894576
64893694
64924482
64924039
64919775
64917824
64916624
64924282
64902664
64921396
64886438
64924614
64909424
64907662
64902699
64904425
64894815
64893439
64924802
64924286
64882030
64881117
64877257
64876018
64875309
64873872
64878329
64818422
64818187
64817974
64775616
64884872
64883337
64823110
64822540
64879525
64826203
64825128
64824562
64824145
64743175
64741851
64740087
64655574
64653894
64611097
64609564
64888521
64887463
64886306
64874330
64873589
64873214
64872517
63814533
63813523
63312375
63312024
63146128
64874437
64873802
64873281
64872767
64821740
64656888
64656152
64654849
64695400
64695162
64694663
64694326
64693891
64659129
64831626
64830850
64830221
64829702
64872816
64871831
64871129
64825121
64823206
64822916
64888919
64887778
64886718
64870884
64869022
64868787
64868417
64868120
64867769
64867495
64867173
64872863
64827534
64826798
64174992
64173981
64173042
64166073
64120975
64120241
63593698
63593020
64737990
64737564
64389781
64389443
64342879
64340325
64238040
64236556
64235825
63973585
63971742
64825878
64825312
64824588
64824061
64823649
64825469
64821548
64872115
64823842
64741397
64740883
64871385
64864924
64864225
64820922
64602643
64601236
64823371
64870642
64870187
64825674
64824815
64824372
64823538
64776143
64916040
64914305
64912670
64822939
64881285
64880581
64879520
64879076
64877690
64877020
64876349
64654318
64539143
64538388
64537755
64537103
64492487
64491601
64490606
64882252
64880623
64878898
64877822
64870016
64731797
64695049
64693145
64692942
64599792
64543483
64485552
64485223
64397424
64396607
64392992
64392253
64893025
64872151
64870436
64825139
64824581
64896250
64895046
64894571
64872265
64735240
64700820
64699470
64823982
64823625
64822889
64698733
64600316
64487460
64486780
64485980
64445629
64444763
64868953
64868626
64868418
64823798
64867656
64867376
64867068
64866762
64866606
64866182
64865963
64338154
64337825
64230383
64230233
64229953
64822066
64486227
64485721
64395539
64394635
64393549
64393193
64868735
64868469
64868264
64870314
64692830
64692615
64692416
64651354
64541238
64540425
64738623
64738036
64737818
64737522
64737297
64736917
64390129
64389740
64232884
64232506
64112239
64112006
64111546
64111108
64110748
64110439
64652331
64486467
64485479
64742552
64820503
64544124
64542975
64535751
64391056
64390522
64390245
64821364
64867810
64867460
64867214
64823308
64816977
64816694
64816496
64650966
64594993
64536744
64536122
64822089
64821093
64820699
64820310
64870388
64822408
64821235
64658212
64656583
64873111
64872392
64872045
64870141
64869833
64869452
64869151
64869391
64869188
64868932
64868756
64344475
64343713
64343099
64342537
64342189
64341783
64820963
64392108
64391496
64390648
64389964
64346468
64734980
64696180
64603568
64601515
64600726
64654216
64653590
64652803
64651997
64651200
64650783
64650543
64908741
64906433
64910198
64907900
64905799
64921853
64921348
64916247
64914739
64904936
64899223
64898261
64896546
64880045
64873868
64900243
64896845
64900655
64899047
63940332
63939555
64897053
64896106
64125219
64124634
64900481
64890174
64884484
64883558
64881902
64881249
64880526
64879903
64879349
64878607
64903801
64900767
64894078
64903376
64902133
64900647
64896411
64893235
64892542
64891540
64892535
64891268
64890666
64884035
64883331
64882174
64881072
64767536
64766273
64764963
64763354
64762414
64885302
64752742
64751681
64901071
64899441
64897347
64896437
64900355
64898308
64897507
64895753
64894599
64918795
64916735
64914503
64911782
64910481
64908770
64886333
64884095
64883078
64882282
64880484
64878245
64877304
64827563
64826736
64826383
64825794
64825283
64778447
64884811
64884151
64882919
64880987
64879755
64910575
64908647
64893117
64880835
64803978
64801800
64883753
64883009
64880680
64879528
64808972
64808033
64806943
64280345
64925151
64924666
64924445
64923521
64923085
64921653
64921044
64900416
64898682
64896997
64895317
64880806
64922811
64922001
64921279
64920417
64919872
64919302
64918007
64917026
64915548
64914544
64909588
64906697
64879872
64884733
64442526
64242921
64925254
64924616
64924115
64923482
64922146
64919809
64918652
64917734
64885301
64884524
64883982
64883310
64882471
64880109
64875612
64709342
64887689
64886560
64856063
64922004
64920297
64919258
64917706
64925231
64922995
64921613
64877558
64825597
64824424
64780775
64752954
64707847
64706997
64607457
64881842
64879655
64879039
64878163
64877091
64876410
64875724
64884105
64883597
64879229
64878567
64875995
64875428
64881675
64880918
64879461
64878533
64877736
64674181
64672351
64923665
64923051
64890262
64889607
64888523
64887113
64882082
64925248
64925039
64924723
64924241
64895215
64893875
64892632
64879111
64879028
64877765
64877118
64876538
64875519
64910801
64881265
64878975
64877633
64873382
64872682
64872159
64889792
64879150
64878359
64877357
64896596
64759292
64756790
64663000
63322524
63321493
63320713
64876472
64875618
64874348
64880896
64879207
64877261
64863994
64830845
64901510
64899682
64897785
64880101
64878881
64925425
64925203
64924982
64924720
64925154
64925310
64924275
64903870
64886439
64890458
64899231
64897767
64914325
64911045
64908791
64907134
64905391
64922821
64922104
64921155
64911657
64909987
64902629
64883439
64882318
64881612
64880384
64878173
64895551
64880406
64876923
64908501
64907653
64903813
64901589
64894011
64883018
64897172
64890381
64889649
64888897
64888218
64891741
64889816
64917217
64887940
64895293
64886125
64885324
64915757
64914304
64912669
64911398
64909584
64907935
64905827
64895918
64895185
64893826
64892911
64663066
64908662
64904078
64895354
64892360
64827267
64826821
64826240
64825587
64824866
64745189
64744779
64902585
64901568
64900579
64894881
64893630
64846103
64892984
64891973
64881382
64880116
64916890
64915833
64895833
64875364
64874438
64898756
64897088
64901791
64900021
64898083
64908953
64906908
64905488
64902429
64901354
64899049
64897519
64901533
64879951
64878972
64877869
64877295
64876420
64875926
64922453
64922902
64912312
64910797
64908723
64901768
64899869
64898131
64895043
64884429
64917207
64914719
64909179
64894758
64914633
64900163
64899414
64898012
64925398
64924724
64900730
64884836
64921754
64920761
64920262
64916057
64914875
64887857
64913121
64912039
64910850
64908848
64907489
64906446
64904150
64902716
64900731
64910823
64909209
64906966
64903323
64902128
64900691
64852664
64850534
64849250
64915366
64913694
64912352
64909400
64907513
64906296
64917953
64916521
64914805
64913764
64912646
64910639
64908863
64906906
64889901
64910740
64908951
64907399
64898700
64896764
64917025
64915411
64914146
64912315
64909057
64907326
64903200
64852068
64901715
64900269
64898935
64847051
64845066
64894696
64902407
64879215
64878426
64792417
64923663
64923038
64922677
64922028
64920863
64919573
64887279
64885982
64902837
64837097
64836144
64923145
64922636
64921724
64921274
64920652
64919948
64919271
64917505
64920439
64919040
64917586
64916987
64915794
64914169
64912217
64883366
64882553
64881363
64880274
64879783
64878514
64877221
64876879
64907897
64906101
64899298
63095832
63094707
63093266
63091669
64907282
64905597
64901977
64899243
64895769
64893476
64892273
64906253
64743538
64464231
64462146
64461041
64458957
64457200
64889169
64851488
64843078
64925583
64925305
64924834
64924549
64924060
64923699
64923248
64922796
64922072
64455699
64860240
64856777
64854887
64853640
64905567
64816933
64816329
64815993
64913401
64911533
64909820
64907964
64905771
64903050
64901026
64900108
64791879
64925624
64924810
64924429
64924285
64923745
64921638
64921100
64849819
64038586
64036486
64034453
64906261
64902114
64900237
64898510
64897477
63509748
63508916
63507602
64897452
64623871
64622105
64877953
64923274
64922778
64922173
64922540
64919999
64809484
64793925
64792192
64914036
64908090
64903593
64885507
64923919
64919967
64918774
64917053
64854972
64851517
64849716
64922928
64922416
64921264
64919910
64918004
64862939
64920331
64919331
64781506
64780720
64780039
64921794
64898917
64840205
64837122
64923305
64922647
64888539
64887832
64918357
64916879
64915175
64913434
64911530
64897631
64879714
64443717
64692192
64585734
64533108
64728230
64726641
64888053
64887487
64743288
64743022
64723408
64722571
64913102
64896821
64895153
64849810
64847951
64845841
64925877
64925488
64925149
64924706
64924399
64923749
64925799
64925503
64921522
64920773
64918417
64876381
64921692
64921096
64920208
64917287
64914435
64912242
64924769
64923617
64925752
64925364
64924993
64924793
64924264
64923806
64923209
64918137
64696343
64695532
64402591
64401739
64400779
64920874
64918629
64862249
64915569
64923175
64922169
64920330
64918858
64917357
64916717
64915858
64914671
64910299
64923132
64922597
64855499
64878186
64877136
64876235
64875515
64874658
64910587
64916587
64914900
64913728
64912471
64910728
64907078
64904891
64915721
64912915
64820639
64921231
64911494
64887057
64886044
64885343
64853770
64915139
64912234
64910992
64909381
64898812
64918242
64917044
64915035
64911081
64629500
64627632
64910940
64908860
64920278
64919476
64916967
64899521
64898554
64749252
64748361
64747678
64746501
64921477
64919895
64916425
64914795
64913362
64909976
64906228
64904707
64903563
64840880
64916327
64913301
64912502
64911679
64859616
64858620
64856984
64895234
64846052
64887241
64882146
64909188
64885356
64884376
64873810
64872962
64879778
64878056
64883133
64882046
64880769
64879759
64878728
64874584
64898002
64896525
64895258
64888524
64925639
64925296
64925865
64886785
64925940
64925666
64925801
64924954
64926034
64919170
64917840
64916949
64856813
64923517
64923047
64922231
64904335
64887529
64901459
64900306
64898582
64923466
64923102
64921389
64918992
64917687
64914459
64912562
64922665
64919067
64918306
64916015
64923529
64922766
64922264
64681653
64680298
64917307
64915888
64914242
64912867
64863744
64862649
64861595
64923451
64908500
64903158
64910311
64918480
64852271
64850207
64848756
64853479
64886433
64885149
64882816
64881559
64872516
64888589
64886888
64886109
64785313
64882262
64879981
64858084
64857134
64800559
64799142
64796720
64872031
64907280
64879135
64910184
64908173
64906750
64898138
64612517
64553310
64551829
64550240
64876681
64879152
64753076
64752193
64656105
64655352
64654103
64924144
64923839
64911937
64901767
64894813
64893225
64584048
64307426
64137046
64541722
64541099
64540004
64521104
64519186
64921916
64920990
64919700
64870447
64870215
64918541
64917321
64915785
64914075
64912365
64900373
64898746
64897033
64891809
64891019
64889977
64877963
64877043
64873635
64872849
64926095
64925783
64925388
64924988
64918207
64917086
64914553
64828357
64802054
64904836
64897825
64896682
64893307
64911940
64916379
64912922
64907395
64911589
64837161
64835803
64910946
64853337
64915475
64914582
64912648
64873842
64897981
64896419
64925474
64924868
64924398
64924041
64923655
64915553
64914363
64913019
64882358
64881446
64913144
64896900
64912489
64881780
64880040
64888133
64886981
64885828
64884817
64884241
64908897
64906315
64904290
64902209
64915154
64889872
64888709
64916236
64857203
64926109
64925998
64925685
64925221
64924782
64913316
64911428
64911299
64884188
64883317
64878838
64878210
64926132
64925912
64925460
64924785
64924490
64923917
64911703
64909786
64908504
64907119
64904855
64902211
64898829
64897752
64896881
64925943
64925069
64923246
64920224
64881325
64925029
64924542
64924197
64923673
64923313
64922877
64914759
64913342
64911479
64909578
64908094
64906071
64904254
64901879
64712068
64710334
64665497
64808572
64807770
64659524
64658721
64658136
64919395
64915018
64907761
64925638
64925194
64924880
64924701
64921988
64920087
64911259
64919863
64724019
64270201
64269040
64267174
64265899
64265096
64897729
64896670
64924503
64922561
64922095
64912784
64916854
64915726
64914117
64913131
64904002
64888746
64886531
64885175
64900973
64919706
64918563
64917909
64917135
64915953
64914279
64912949
64910852
64875896
64687947
64857914
64856536
64855868
64853784
64803041
64757257
64912299
64911306
64905144
64895385
64890698
64905190
64908315
64897175
64895666
64894649
64911010
64902712
64896321
64894676
64892311
64915181
64904588
64892121
64891571
64885996
64885295
64884705
64925537
64925211
64924918
64923949
64923540
64898221
64911789
64910582
64909170
64894447
64893631
64894833
64893351
64892519
64886673
64921209
64767576
64766865
64823810
64924475
64923679
64916315
64914749
64913269
64911682
64906443
64868489
64868334
64868114
64801415
64908473
64899050
64897899
64909943
64920268
64918955
64917853
64907197
64890344
64884632
64886290
64884837
64883423
64925501
64925227
64924909
64924530
64924123
64923502
64923043
64921429
64920582
64862544
64861803
64860895
64891902
64890663
64889590
64888338
64920477
64919252
64917253
64842642
64839376
64792978
64905321
64918121
64916576
64915281
64898619
64803946
64801834
64894119
64837709
64836573
64835381
64801632
64799869
64797782
64796453
64898870
64896946
64893095
64892049
64885660
64903068
64901869
64894162
64892905
64876942
64876537
64876010
64875144
64874735
64875377
64912162
64910291
64908073
64906694
64905463
64904445
64898090
64915598
64899936
64898003
64896340
64894920
64846183
64863887
64862675
64906665
64905518
64500783
64499410
64498315
64455439
64883805
64881280
64879298
64891025
64889976
64888622
64887006
64875130
64874203
64812025
64892264
64891031
64922889
64924585
64924446
64923898
64923238
64922591
64919400
64913175
64918371
64633898
64924564
64924200
64923568
64922892
64921125
64913251
64907520
64718903
64718250
64920605
64919683
64899962
64898076
64896549
64895895
64894450
64893812
64915040
64914054
64812461
64811459
64926273
64920071
64917638
64874868
64874144
64918204
64916493
64914732
64908194
64905600
64904152
64891258
64847355
64912604
64910879
64910087
64908668
64906318
64919799
64908825
64920581
64919853
64915688
64913533
64911348
64915892
64915707
64914534
64911199
64879584
64926594
64926503
64926333
64926213
64926000
64924919
64924488
64922729
64919876
64881036
64880091
64878346
64814310
64919037
64908219
64904186
64916621
64915767
64913782
64911371
64908603
64906317
64904701
64858185
64913813
64909414
64814743
64149326
64283158
64069865
64068395
63365296
63364617
63364013
63362096
63342923
64917423
64914564
64910944
64909879
64917981
64915493
64913504
64912450
64910472
64909345
64908416
64922220
64919489
64925187
64919457
64913176
64912245
64799650
64908727
63856892
63856330
64926115
64923435
64923081
64917655
64627280
64614061
64872257
64871938
64871589
64924541
64923405
64920713
64919547
64918655
64917133
64925701
64914927
64911432
64910247
64907466
64905124
64901681
64858027
64914793
64912285
64910384
64908112
64879274
64920489
64919202
64916901
64910080
64849449
64733423
64733192
64922148
64921436
64920666
64919747
64918694
64918043
64916590
64913875
64911944
64910210
64908536
64904849
64902743
64900308
64875424
64874743
64873310
63470696
63469754
63468235
64915086
64914014
64911489
64910161
64909248
64907427
64910239
64836247
64825203
64824762
64888936
64830655
64327582
64326904
64325467
64186825
64185385
64182686
64181196
64474387
64473276
64472523
64471144
64135898
64924300
64923010
64921101
64919860
64918892
64917434
64916027
64915384
64913605
64791171
64790457
64914270
64909770
64907670
64904739
64901488
64899464
64914651
64912936
64909602
64907641
64906335
64570165
64569122
64851544
64850582
64846404
64844883
64843378
64913566
64910111
64908088
64905757
64896860
64893456
64874398
64873830
64873389
64872942
64898256
64896541
64895078
64893578
64892552
64887129
64886637
64860418
64859461
64909735
64913892
64900342
64898431
64897532
64880089
64915678
64902995
64900922
64762760
64917255
64915990
64910916
64876446
64807205
64905127
64903724
64902021
64898379
64924875
64878512
64819151
64925536
64925163
64901671
64899006
64897578
64895123
64893062
64892359
64891420
64891907
64907511
64902818
64851536
64849549
64847646
64845514
64843847
64908197
64901987
64921900
64921094
64920023
64917367
64915842
64914592
64913098
64911354
64583563
64899910
64898575
64895914
64894196
64909242
64906636
64871068
64870533
64909576
64907473
64904499
64894690
64923644
64898480
64897711
64896514
64881809
64880663
64879568
64878413
64875927
64875177
64874317
64905388
64903797
64901546
64899424
64886651
64907806
64906390
64904099
64902998
64901128
64899976
64893577
64902541
64899606
64897620
64919587
64926625
64926458
64926180
64877423
64888252
64904913
64906628
64904983
64900304
64899593
64897595
64894391
64890264
64902344
64901327
64905224
64901950
64898584
64894840
64893321
64892757
64924656
64924098
64922968
64922265
64921299
64920830
64920063
64919228
64920606
64920220
64918524
64917709
64891084
64918866
64916256
64912610
64899228
64897811
64883175
64899933
64600623
64599620
64599091
64598619
64598327
64597465
64259149
64908705
64905102
64903343
64902081
64901246
64899289
64908243
64906905
64905457
64895495
64893969
64893352
64892743
64901426
64893588
64654367
64573456
64569081
64911900
64907323
64900288
64898347
64905467
64899044
64658928
64657604
64898418
64825539
64814788
64912244
64899763
64898205
64896523
64895155
64927714
64927459
64927121
64926858
64926678
64926392
64927864
64927745
64927395
64926564
64925458
64925086
64927790
64927571
64927335
64927078
64926926
64926272
64927007
64924100
64926331
64926362
64926163
64927246
64926783
64928000
64927516
64928038
64927185
64926813
64925260
64928108
64926445
64911396
64908640
64906456
64925477
64924956
64924228
64925758
64923819
64923049
64907012
64880944
64928073
64927786
64927623
64927418
64927267
64927026
64926888
64898978
64897690
64896704
64897891
64926021
64914581
64913469
64912608
64881583
64826630
64833923
64928152
64883270
64892249
64887248
64886553
64885834
64880877
64904919
64903044
64901027
64899376
64898453
64888769
64887972
64887053
64885047
64904375
64903197
64900881
64900017
64927028
64926880
64907295
64906497
64905086
64906066
64904767
64823486
64822726
64822391
64908307
64862056
64891890
64891073
64879910
64896291
64857433
64855925
64854060
64852835
64796173
64927375
64926186
64926028
64866537
64866140
64928417
64928285
64889964
64881758
64879812
64879081
64877897
64928370
64897002
64894947
64890992
64889495
64789613
64786573
64784642
64908305
64893647
64688278
64687377
64686937
64925869
64884216
64883476
64880687
64878649
64738525
64719695
64864578
64863881
64863273
64903045
64897889
64896920
64895282
64894542
64909752
64908851
64904652
64903766
64900695
64897700
64912400
64910440
64898809
64895828
64892794
64922421
64875621
64923321
64922655
64920241
64918387
64920613
64919545
64918197
64891922
64889850
64888717
64887526
64886909
64885202
64928665
64928496
64897375
64896396
64903928
64768170
64900000
64899001
64895909
64893286
64892426
64888268
64851223
64909616
64908299
64907460
64906722
64915004
64913613
64880028
64904853
64896606
64895405
64894486
64893104
64891965
64924003
64923371
64906405
64904528
64903178
64865842
64865424
64928601
64928372
64928147
64928019
64916865
64915282
64914347
64912544
64910510
64908758
64905823
64904465
64902974
64901102
64928635
64928399
64902242
64900465
64899417
64898089
64896618
64895899
64842756
64903306
64901205
64917030
64915582
64913985
64912374
64907984
64907177
64905256
64705386
64556204
64555308
64554290
64553682
64897575
64895815
64894314
64887029
64882882
64881566
64880645
64876466
64877947
64877379
64876799
64876066
64875042
64928740
64928167
64928461
64928180
64897022
64896002
64894635
64892659
64235570
64235142
64921042
64905921
64910636
64924178
64923710
64923296
64905908
64902923
64901736
64889134
64887966
64927748
64927456
64884496
64921227
64905963
64903695
64900296
64899117
64923138
64905970
64881495
64880577
64417140
64385899
63926609
63926009
64929110
64928573
64907386
64928088
64928884
64881019
64880365
64877506
64928041
64927529
64929011
64928437
64927198
64925812
64911498
64907274
64906044
64905012
64903620
64901631
64925787
64925620
64925395
64925094
64924602
64923172
64922271
64918554
64917121
64923894
64904529
64902489
64897794
64920142
64919410
64914274
64929377
64929124
64928870
64928533
64928154
64927930
64927561
64927317
64927104
64926920
64918560
64915400
64913593
64906673
64905662
64904492
64890594
64888953
64885844
64834064
64767556
64766223
64764570
64907825
64886929
64885659
64884905
64884277
64883577
64883086
64882128
64880961
64880172
64879771
64881839
64880923
64911640
64906230
64904220
64882440
64881877
64880729
64691428
64920846
64920987
64919932
64929440
64928964
64918597
64918181
64918577
64890642
64887831
64886532
64885626
64885056
64884165
64883195
64881989
64881276
64929380
64929062
64888407
64929516
64929215
64928337
64928098
64927631
64927447
64927114
64926823
64365646
64107086
64929512
64927538
64927366
64927057
64926565
64926306
64926202
64926104
64925942
64882234
64889739
64922838
64929370
64928978
64877636
64876580
64822624
64822405
64927170
64926938
64926973
64926854
64926708
64924051
64921810
64911390
64909338
64929328
64928886
64928655
64928361
64927067
64926536
64926377
64926167
64895092
64894129
64891934
64876944
64876178
64875391
64882085
64880984
64880229
64879593
64926929
64926743
64925336
64924628
64907073
64881113
64901198
64917077
64916097
64914078
64907792
64906417
64904174
64605698
64604435
64889012
64885139
64875093
64873113
64929769
64929269
64928983
64920611
64919938
64928291
64928030
64927740
64927582
64890708
64877176
64876656
64875778
64883683
64905184
64891376
64929701
64929157
64928714
64902970
64900843
64899581
64897622
64896000
64894801
64929736
64875085
64929173
64928914
64928505
64928126
64927937
64902278
64924860
64924471
64911526
64909507
64907357
64905384
64868157
64867766
64923722
64927640
64927465
64927346
64927142
64927024
64926881
64926693
64926500
64926410
64926234
64640131
64638828
64922969
64922218
64921498
64920839
64920253
64924457
64434347
64432728
64918453
64927738
64926267
64926100
64925827
64921604
63541653
63541090
63540371
62284558
62284022
62283114
62282471
64923764
64733163
64732901
64732588
64689665
64689130
64688635
64920084
64919068
64907609
64922021
64921008
64920296
64918678
64902798
64901288
64847477
64846346
64845141
64527694
64527102
64502525
64500240
64930162
64929734
64929200
64929017
64928814
64928413
64928120
64927796
64927542
64924676
64930369
64822969
64822215
64909088
64895016
64892917
64929711
64929051
64922675
64921737
64919665
64916902
64922582
64925618
64903553
64902454
64913511
64911569
64889223
64919393
64918023
64916426
64915815
64914510
64913399
64919469
64904751
64902547
64900701
64881538
64880775
64879891
64879212
64878609
64878013
64876930
64875986
64875022
64917701
64916035
64914353
64912606
64911646
64910372
64906309
64903567
64901404
64876929
64875559
64881320
64880010
64878712
64926045
64857937
64856484
64851907
64850492
64926065
64925815
64925431
64924975
64924525
64923800
64929906
64929321
64928298
64927584
64927082
64924805
64893326
64925719
64925397
64925084
64924575
64924143
64923632
64923306
64922743
64917905
64916353
64930689
64930443
64929819
64929228
64928986
64928744
64928436
64927669
64927413
64927135
64926863
64928134
64927703
64927389
64927193
64905987
64927963
64926684
64925689
64601665
64601002
64600522
64600081
64926985
64926073
64925125
64924939
64925735
64881110
64813127
64810228
64809602
64930287
64929908
64929596
64928726
64928195
64930871
64929944
64929457
64928660
64928240
64927884
64927642
64927348
64926846
64924931
64924409
64923837
64923317
64922925
64922419
64921786
64926493
64925856
64925672
64885963
64884693
64884310
64926551
64926342
64925966
64925700
64925456
64904276
64901141
64926691
64926484
64925930
64925645
64925257
64900876
64897882
64896069
64925907
64924325
64893045
64926652
64926337
64925871
64924324
64861946
64749759
64747830
64707777
64707074
64539836
64927150
64926911
64922026
64825267
64927094
64926834
64930542
64930023
64929697
64929174
64928795
64928589
64928070
64927831
64865800
64865204
64925492
64925337
64924952
64910669
64907840
64925623
64925400
64924685
64924179
64923985
64923587
64931030
64930481
64929720
64929188
64930706
64930208
64929221
64930352
64929486
64930911
64930014
64928593
64909620
64923723
64922363
64921223
64919963
64918509
64916280
64921701
64921320
64920784
64857156
64855491
64927573
64927244
64926787
64922245
64921327
64916962
64914603
64913952
64912035
64909913
64907982
64871374
64870773
64870505
64926244
64915585
64909580
64884157
64842235
64840550
64907368
64903619
64902315
64901471
64884045
64887870
64887032
64885755
64885673
64884378
64883677
64882069
64885859
64884440
64883747
64925113
64924592
64924346
64923899
64923377
64922693
64922008
64891038
64888797
64888225
64887077
64885911
64884948
64882993
64881762
64931606
64930698
64930216
64929644
64928766
64928556
64928053
64931250
64931576
64931292
64932046
64930910
64930266
64929786
64929178
64928898
64931805
64931393
64930888
64930351
64929905
64928203
64927964
64932043
64928703
64931772
64878089
64876950
64876599
64876128
64910715
64889263
64931000
64913957
64912394
64910131
64907958
64906774
64902889
64898717
64881975
64881168
64880041
64879523
64878886
64923999
64923672
64909039
64905894
64903962
64901829
64899080
64932456
64931917
64904951
64901385
64898313
64881021
64878994
64878218
64877418
64872051
64871751
64871323
64930379
64930017
64929373
64928824
64890871
64889740
64874630
64874281
64932178
64931733
64931104
64930632
64930154
64929790
64888583
64928905
64928209
64929194
64928728
64929774
64931942
64930613
64929875
64928811
64895382
64892735
64931370
64930063
64927701
64931049
64931558
64932252
64931454
64930791
64887574
64884303
64927862
64927575
64919748
64919143
64918414
64916649
64915764
64912403
64801130
64932617
64932049
64932699
64931990
64931187
64930658
64929667
64929141
64928314
64928060
63269353
63269107
64932386
64932028
64918145
64916619
64913052
64910937
64908563
64906095
64901402
64899525
64925273
64924694
64924510
64924127
64923457
64922820
64922119
64921338
64926339
64868079
64819276
64819120
64803619
64796040
64614417
64928082
64927731
64927454
64927122
64926848
64921356
64920848
64920156
64933055
64835968
64835189
64900084
64899007
64884259
64883103
64902997
64892502
64914811
64912442
64911005
64909367
64907389
64905363
64903449
64903087
64624331
64623479
64622201
64621267
64619718
64617943
64893137
64891158
64888721
64887652
64933221
64932366
64929712
64929374
64928796
64928307
64928027
64663434
64921736
64906658
64894636
64893517
64892139
64920540
64919728
64896281
64895133
64894517
64932206
64931233
64930131
64929759
64923518
64921479
64920842
64919778
64836279
64925450
64924615
64923984
64920429
64919555
64876568
64847134
64844767
64834932
64846097
64844028
64841836
64933145
64930421
64932284
64931633
64930881
64928610
64932958
64895998
64924105
64922923
64921554
64920354
64917582
64930707
64910989
64908952
64922152
64921588
64920625
64918835
63537704
63537342
63537093
64933034
64932266
64928511
64868691
64868459
64868187
64867908
64867299
64774628
64774343
64928054
64834095
64820808
64926284
64926110
64909933
64897187
64857576
64726447
64725773
64592272
64926131
64925802
64924707
64810376
64809214
64926599
64922427
64920820
64839877
64920984
64916850
64927014
64926729
64927978
64901676
64731626
64637534
64933391
64932954
64932288
64931866
64931161
64930349
64929895
64929669
64929404
64928997
64868038
64867868
64867667
64867374
64786640
64926677
64925977
64927618
64927176
64933253
64932760
64932096
64931534
64931220
64929877
64920513
64919763
64918329
64917346
64916043
64914528
64913238
64912405
64909582
64918369
64917046
64915100
64913769
64912574
64909515
64910024
64855533
64854684
64908377
64906879
64904873
64902957
64886528
64885267
64861611
64912627
64910444
64909399
64855042
64809770
64693930
64661312
64920986
64919652
64918738
64918093
64916721
64915968
64915141
64912625
64926531
64926290
64926102
64925754
64925327
64924778
64789976
64718956
64716779
64686401
64685940
64685435
64925464
64924929
64924712
64924102
64914207
64912886
64909543
64931540
64930764
64930440
64930049
64929444
64913702
64910489
64894919
64920602
64919713
64918195
64916552
64915156
64914228
64913124
64908122
64906176
64910290
64909032
64907331
64904804
64903125
64901320
64857167
64855519
64933423
64912811
64910118
64899423
64898333
64897214
64896044
64850442
64847388
64915133
64913876
64637250
64615613
64603673
64602214
64924832
64924326
64923771
64922774
64920670
64919481
64918111
64916360
64915550
64933939
64932928
64932378
64931828
64913276
64839241
64837798
64924964
64924460
64923954
64923314
64922984
64921958
64921127
64920222
64916848
64630069
64578463
64923824
64915037
64914053
64911500
64910708
64909591
64919464
64916768
64915653
64907674
64898385
64895224
64909891
64901207
64897604
64921371
64915377
64922669
64920150
64917584
64910241
64907319
64852140
64849828
64848287
64845778
64894918
64893650
64892585
64891631
64891054
64920738
64903998
64901813
64899820
64896671
64895723
64894079
64933767
64912717
64911162
64909569
64903783
64896257
64902543
64900440
64898310
64894461
64880703
64917347
64915851
64912069
64905824
64904805
64933584
64932682
64931880
64930284
64913970
64912767
64933380
64932910
64918947
64907640
64904544
64902220
64849791
64917816
64903129
64933533
64932859
64908348
64901260
64881467
64933703
64933113
64932431
64931326
64933403
64932048
64930917
64928407
64900539
64898744
64902707
64875931
64874784
64900165
64807206
64933011
64930409
64929202
64928874
64914267
64906163
64878458
64877262
64876430
64895697
64821929
64922496
64864745
64861310
64858889
64855717
64929546
64901473
64900057
64898942
64925387
64924271
64921023
64841187
64729337
64728728
64890529
64889212
64888294
64887125
64921784
64856471
64854538
64934109
64933493
64932674
64931226
64929818
64889747
64887246
64886286
64884885
64923519
64922755
64934249
64933728
64932851
64930188
64928507
64928139
64926656
64924849
64923350
64934348
64932419
64931686
64931206
64934066
64924768
64886117
64884855
64930255
64928844
64870097
64869826
64869171
64868793
64906425
64895367
64925255
64831198
64830356
64933840
64932784
64918969
64869967
64853234
64926681
64926419
64926027
64924461
64918338
64916510
64907405
64933586
64933878
64932927
64932401
64931743
64912557
64910624
64900250
64879735
64879147
64533516
64533265
64532963
64521048
64520118
64518894
64933951
64933241
64932616
64906139
64903883
64931886
64930831
64930055
64917515
64916416
64915183
64912344
64910260
64908065
64891872
64908076
64904784
64903170
64855179
64854137
64852208
64850673
64845830
64844572
64904545
64847816
64846275
64840285
64873869
64928894
64928570
64928250
64927813
64927369
64926970
64920927
64918705
64915478
64913164
64918855
64917836
64913066
64911491
64910536
64909040
64905026
64889373
64888739
64923825
64918060
64914990
64913622
64911462
64795600
64794655
64793737
64895631
64894629
64893552
64885227
64933308
64932848
64932269
64934378
64933425
64932878
64888999
64875649
64875154
64874268
64932445
64931744
64895871
64894118
64892682
64891625
64890768
64926465
64926146
64901688
64899783
63379144
63378601
63377513
63376830
63375625
63374422
63373187
64911092
64909052
64893277
64844430
64842743
64931789
64931259
64930666
64871882
64858055
64933743
64932921
64932451
64908802
64907898
64905117
64928046
64927746
64927679
64921952
64919810
64918847
64899646
64897876
64903671
64902323
64900886
64896873
64927815
64894303
64893096
64891819
64762436
64760861
64928394
64926472
64903999
64934388
64933542
64933117
64932511
64854341
64852737
64850972
64928478
64885807
64934971
64934055
64933483
64932836
64932323
64931605
64930951
64932953
64931530
64930816
64930167
64929587
64892110
64927737
64875011
64874393
64873966
64850032
64847920
64847303
64845985
64842803
64876469
64820546
64820219
64820021
64929096
64928650
64928388
64876114
64929928
64929642
64929092
64928506
64927870
64927559
64854774
64928817
64072663
64071914
64070356
64927477
64927172
64873260
64863531
64862812
64802142
64840822
64839737
64838669
64641384
64612418
64611178
64610201
64607095
64927253
64927021
64926532
63550249
63548673
62598692
64927145
64931141
64930617
64929979
64929589
64928736
64926978
64926808
64735917
64927187
64926925
64926639
64926542
64934331
64891383
64890942
64880935
64931315
64929880
64927163
64927083
64926870
64926571
64926253
64925832
64927209
64930025
64929398
64928712
64927997
64927363
64870917
64934842
64933883
64918699
64917641
64916597
64915049
64914445
64824897
64774209
64934501
64933455
64932992
64931470
64931035
64930485
64930136
64929655
64929168
64929954
64928604
64928260
64927936
64927735
64927300
64926937
64926602
64926346
64926145
64934289
64933904
64933243
64932577
64931904
64931222
64928196
64928020
64927108
64926900
64926773
64926431
64926876
64926264
64926076
64925470
64928234
64933333
64932655
64931909
64930662
64929982
64925957
64925772
64929767
64929192
64928932
64928611
64928295
64927934
64914985
64913572
64926839
64817068
64816737
64816491
64816180
64934278
64929592
64929072
64928718
64928360
64901187
61495057
64927009
64926784
64926577
64926388
64829236
64828554
64927233
64925849
64924420
64910581
64896889
64896010
64530899
64488222
64449316
64255013
64253152
64251051
64934523
64934002
64933151
64932605
64932283
64931580
64931302
64930292
64926303
64926609
64926189
64925918
64925678
64925481
64925101
64935114
64934140
64933309
64932861
64932277
64930808
64930239
64930027
64934930
64934114
64933108
64932665
64931243
64930712
64930129
64929876
64929569
64924651
64935253
64934773
64933844
64932990
64931443
64930957
64930603
64930223
64929762
64930252
64929739
64929383
64929013
64928594
64928200
64928022
64927719
64927579
64927449
64867567
64867243
64866934
64866700
64586805
64926697
64926310
64925948
64925762
64925600
64011173
64010788
64926637
64926321
64926024
64925356
64925087
64927249
64926884
64891278
64890194
64889499
64887735
64886507
64868926
64926440
64754686
64935285
64934636
64926856
64926164
64924877
64924529
64926250
64926014
64925484
64925253
64924894
64881264
64927684
64926720
64928913
64927337
64784516
64783996
64697406
64697126
64687660
64935627
64935109
64934626
64928937
64927707
64927437
64919559
64926424
64926196
64925035
64924687
64935027
64928569
64926380
64925994
64925621
64920426
64919300
64918609
64930931
64930551
64929901
64926657
64924361
64923184
64774116
64341950
64336740
64334991
64231882
64117921
64113925
64110228
64743720
64691771
64594630
64530996
64436717
64392519
64386164
64340791
64339545
64338098
64337047
64168160
64167061
64110270
64105505
64086405
64430907
64386810
64378413
64340359
64234709
64230346
64168282
64731997
64653236
64592817
64388315
64342772
64340302
64291558
64290615
64169105
64434535
64389725
64337212
64236098
64166641
64113292
64111613
64111299
64107278
64935335
64933974
64933179
64932410
64931997
64931283
64928135
64927944
64927434
64926408
64926117
64925455
64903972
64902936
64925743
64925485
64925185
64376034
64321015
64319248
64317466
64316076
64314672
64313060
63978264
63977498
63976709
63975826
63752709
63751758
64934789
64933926
64872743
64872198
64871921
64871239
64906049
64897128
64895691
64847276
64844780
64842426
64840920
64839389
64915885
64914903
64913083
64912074
64910666
64909195
64935303
64900975
64897581
64896355
64894153
64891146
64897137
64906042
64903996
64902640
64900787
64897296
64895965
64928227
64895513
64893244
64892372
64891381
64882589
64881271
64880610
64922382
64920413
64894250
64891702
64890715
64932105
64931376
64930854
64930215
64929452
64929184
64904534
64901716
64900450
64897413
64896235
64904438
64902348
64935252
64934318
64933029
64763216
64762397
64761307
64759940
64921504
64920460
64919166
64918125
64916497
64915190
64913339
64919382
64902116
64900473
64899140
64883806
64882371
64931838
64930493
64911210
64909336
64908136
64901811
64898680
64929326
64927385
64927201
64906728
64905188
64904230
64900948
64896604
64894287
64899974
64894808
64894232
64893566
64892964
64924989
64924783
64919794
64919083
64916742
64913539
64911766
64909687
64909013
64903259
64901685
64898729
64935937
64935171
64934709
64934052
64933466
64932986
64932461
64932162
64931748
64930903
64918538
64915526
64913982
64912783
64910522
64908008
64920507
64919467
64918557
64917335
64915978
64907659
64905625
64903144
64900826
64935464
64934970
64932303
64931845
64909926
64935424
64934475
64933988
64933273
64918899
64905141
64903337
64901344
64900204
64902340
64871574
64870697
64935755
64934531
64934181
64929463
64929266
64928651
64928254
64903055
64900401
64899290
64902334
64900943
64898243
64895561
64893827
64892365
64891362
64890806
64889305
64887286
64886102
64884744
64907048
64899059
64897534
64932964
64932415
64930766
64935348
64934437
64933653
64932979
64932203
64931919
64931168
64929606
64929118
64917764
64976352
64975663
64974705
64973790
64972616
64955668
64954417
64952353
64951429
64942997
64942077
64941382
64940305
64939413
64947799
64942016
64940343
64939030
64937918
64959854
64957957
64957272
64956067
64954535
64953353
64952160
64950474
64949001
64947948
64954188
64953246
64952279
64951678
64946616
64945005
64943946
64943119
64961696
64959621
64938806
64936601
64935697
64934629
64964194
64962166
64959209
64957455
64956286
64974840
64971138
64938463
64936113
64973411
64971966
64970878
64969394
64967109
64965877
64963750
64961944
64967503
64965470
64963265
64960539
64955869
64954388
64952863
64976733
64976226
64975505
64974435
64950058
64960993
64959003
64956494
64954947
64951952
64950584
64941863
64941039
64935294
64934261
64932512
64951390
64950853
64946209
64944568
64943248
64941654
64940841
64939227
64938120
64937400
64953760
64939498
64938432
64937274
64974574
64973931
64971805
64970741
64967678
64966273
64964702
64962812
64976640
64975378
64972495
64970079
64961109
64944831
64939387
64969019
64966735
64962491
64957698
64977072
64949138
64947104
64941937
64940628
64939776
64939116
64969694
64968424
64966786
64964870
64963990
64970304
64969743
64967984
64953558
64972179
64971380
64969570
64945916
64944471
64941605
64940207
64936820
64963366
64961173
64953841
64976297
64975605
64975057
64974010
64976824
64965160
64975783
64975011
64973574
64972780
64968762
64966959
64946789
64945579
64943753
64937733
64937097
64935938
64957103
64955296
64953931
64952546
64975123
64974181
64969241
64947603
64946920
64975866
64974041
64968353
64966865
64952397
64976903
64976460
64976039
64968581
64949600
64948803
64947399
64946410
64944060
64942450
64976880
64976510
64975947
64975634
64975250
64974697
64974177
64973452
64972312
64971639
64977056
64975211
64973221
64968162
64966154
64963726
64961935
64936436
64934393
64933600
64932771
64931998
64942750
64941279
64940043
64951038
64943439
64965943
64963766
64962059
64956812
64952665
64948860
64942323
64940644
64940848
64939344
64938174
64936979
64935345
64934332
64933245
64932347
64931469
64935158
64933885
64969336
64967426
64965255
64963182
64961166
64973058
64965936
64964860
64967671
64965450
64964262
64963441
64961597
64960050
64958385
64974598
64970205
64969251
64967607
64965371
64963932
64962961
64973723
64972814
64970371
64968898
64967138
64965229
64963063
64961594
64960373
64955864
64977117
64970535
64969833
64969368
64965797
64964091
64962868
64968167
64961482
64958886
64955637
64955176
64972338
64969087
64966602
64964846
64963291
64934489
64933792
64932941
64932626
64934902
64969651
64966062
64963619
64961426
64967611
64966898
64964532
64962679
64961587
64960058
64977277
64972970
64971604
64975731
64964992
64963109
64971696
64969947
64968659
64966471
64977334
64950748
64949383
64973757
64971448
64964494
64975389
64974490
64973512
64949786
64948537
64947543
64974969
64968905
64974267
64945396
64972385
64970157
64968479
64960915
64959825
64977181
64952762
64956999
64904469
64945178
64976500
64969951
64965746
64976300
64954818
64950224
64971990
64970479
64968899
64945193
64943755
64942191
64972794
64976593
64951378
64947694
64973549
64972513
64971910
64968125
64976006
64942910
64941262
64939779
64939129
64970285
64971101
64970243
64969551
64968793
64942397
64940922
64939622
64938941
64972318
64966050
64959062
64958334
64969939
64968110
64952079
64948616
64976737
64976047
64975448
64963928
64961499
64959738
64967298
64963812
64958175
64956027
64955018
64953621
64977192
64976554
64976224
64975906
64968539
64974836
64969345
64966249
64964218
64882428
64977435
64958664
64958628
64971245
64967268
64964979
64963371
64960764
64952764
64951412
64974361
64973371
64967842
64947194
64946130
64944172
64942854
64963436
64961510
64959317
64957370
64963719
64962182
64960802
64958817
64956776
64907781
64906104
64954554
64953296
64883438
64879509
64878246
64954777
64948987
64947803
64946598
64945525
64944961
64943822
64942964
64942125
64945421
64944302
64942973
64954834
64952314
64950627
64948999
64948340
64947798
64947274
64976536
64975544
64974654
64973772
64973154
64972027
64970546
64969587
64894852
64564495
64563562
64957074
64954205
64912175
64977241
64976759
64976282
64975500
64974274
64973741
64972269
64970688
64968720
64966445
64969736
64968061
64966366
64964747
64963030
64962016
64960301
64958343
64954572
64967866
64965836
64964509
64963247
64962477
64960963
64960068
64958232
64957287
64956526
64975549
64975227
64972953
64971883
64970503
64969268
64967883
64965947
64964139
64969730
64968657
64966830
64958064
64957068
64954166
64949849
64949157
64947965
64954107
64949535
64948296
64946334
64945472
64723236
64719776
64974342
64964377
64962933
64959656
64958667
64957604
64958187
64957109
64954272
64883988
64883209
64882490
64954298
64951183
64950239
64949638
64952828
64947703
64947118
64965875
64959357
64953926
64953101
64951847
64951014
64950045
64949440
64948637
64955576
64952716
64950086
64949213
64946928
64946228
64944700
64933813
64933081
64965507
64964366
64958423
64956965
64955522
64953345
64952460
64951548
64950417
64956355
64955565
64895464
64833365
64955688
64955053
64953329
64952138
64951524
64950472
64949241
64947947
64946967
64966315
64964622
64962850
64960830
64959623
64958292
64956680
64955538
64952893
64966418
64963790
64962796
64961483
64959565
64958527
64957544
64955771
64952919
64973628
64973040
64971726
64963642
64961705
64960260
64958350
64957398
64955698
64946921
64945694
64944000
64942630
64941136
64939713
64938600
64937286
64967046
64962349
64961335
64960370
64953117
64952282
64951212
64947410
64942149
64892186
64890242
64876896
64839675
64830601
64830265
64829457
64969668
64967165
64965467
64964387
64962464
64960851
64959284
64957266
64955841
64959891
64940640
64939128
64880137
64829136
64828449
64955316
64953264
64952122
64950534
64949718
64949087
64948071
64947511
64953639
64952588
64951666
64950364
64977162
64976855
64976271
64973188
64968512
64967374
64953704
64951660
64954663
64951495
64949657
64948121
64947081
64946001
64957810
64956223
64955002
64948656
64947752
64946157
64955115
64951819
64924470
64924280
64923773
64935546
64934560
64951712
64934671
64933099
64967439
64963958
64951466
64950808
64947826
64946907
64886423
64963331
64961580
64960579
64954228
64952973
64950875
64950293
64912503
64911612
64964057
64951612
64934978
64934433
64933782
64907234
64893020
64963002
64960825
64959725
64956662
64955376
64953739
64903969
64955137
64957063
64956497
64955225
64954312
64953553
64935152
64934202
64968482
64966715
64965423
64963702
64962518
64950934
64948727
64920928
64919647
64918271
64916769
64915571
64913857
64912384
64910819
64965778
64964605
64962725
64961160
64959418
64957967
64957024
64953378
64951813
64946485
64945097
64944083
64964121
64961715
64960313
64958462
64956943
64956199
64955238
64954428
64953154
64953737
64888165
63939434
63938327
64771180
64977596
64955502
64954348
64950079
64948764
64833710
64953064
64870223
64869429
64869195
64868945
64727045
64723756
64960868
64959810
64958850
64957516
64955760
64950586
64969043
64961322
64958996
64952781
64951996
64949422
64945413
64944562
64943746
64941718
64950432
64709421
64707891
63637878
64897757
64896118
64895299
64892854
64883419
64947178
64960536
64957277
64955654
64953415
64952672
64949217
64948280
64947524
64946956
64946253
64977816
64960494
64958958
64957442
64956008
64952846
64952205
64962298
64960353
64959222
64957352
64952249
64972995
64972177
64971342
64970221
64969079
64967163
64963785
64959580
64957574
64956121
64954287
64952679
64951273
64948238
64947056
64945756
64977342
64976746
64976400
64975999
64975650
64975129
64974680
64974223
64973700
64973123
64893791
64883586
64598001
64597256
64970556
64968744
64943651
64942298
64932907
64932302
64931690
64931344
64944295
64943768
64884762
64829258
64828608
64827821
64810853
64948220
64941940
64940735
64930194
64929559
64928701
64972192
64971407
64947514
64946670
64945538
64945014
64944177
64942141
64969259
64940226
64939204
64938430
64912796
64897218
64894996
64934152
64933770
64933045
64894553
64977734
64977240
64976797
64976323
64975346
64974794
64973646
64972747
64971744
64969968
64945013
64943995
64896952
64895534
64967796
64966496
64965172
64964011
64962246
64952912
64951682
64950617
64952458
64951169
64944812
64905832
64712260
64965540
64963391
64961373
64959945
64958137
64955909
64944655
64943451
64959314
64957560
64955907
64954438
64953319
64949823
64949008
64946897
64946071
64977648
64977256
64976826
64975788
64974318
64972682
64847186
64769505
64768302
64766392
64955291
64954630
64953682
64951478
64950786
64948539
64947366
64946417
64940763
64596332
64588129
64006784
64005696
63978040
64944483
64940824
64939328
64903509
64901129
64899984
64965190
64962873
64961265
64957430
64955919
64955062
64975867
64975079
64974104
64973273
64972137
64970650
64969693
64967729
64966148
64964507
64900568
64748679
64706073
64705541
64701179
64962613
64961271
64959865
64958461
64942868
64956511
64950654
64949564
64948542
64947623
64946588
64943535
64906529
64901228
64977834
64977185
64976140
64975613
64974774
64974164
64973326
64971732
64969877
64968490
64947210
64945319
64943472
64940883
64939648
64887193
64948550
64943218
64940172
64939437
64936057
64949673
64947901
64945867
64943040
64940144
64937920
64936649
64865217
64952406
64951203
64950358
64949245
64947124
64942937
64940386
64945680
64938954
64937982
64977948
64938045
64937174
64936264
64935100
64927068
64942814
64939778
64938873
64938258
64906831
64848851
64977584
64977294
64976968
64976405
64974913
64974465
64973599
64972591
64942241
64618350
64615423
64614435
63949922
63948123
64975059
64974064
64973305
64972001
64971003
64968455
64963435
64956446
64946031
64957696
64956055
64942533
64683974
64955039
64952885
64949367
64947060
64946426
64363603
64361513
64246200
64244935
64244317
64242960
64241740
64239397
64238992
64957950
64956606
64955064
64953971
64952960
64951787
64950558
64949388
64948044
64947023
64945106
64943898
64942432
64941042
64939581
64939014
64975209
64974227
64972934
64968281
64966105
64962460
64945367
64944160
64943515
64943371
64941812
64938175
64937479
64936735
64935914
64934926
64933942
64969935
64963884
64959754
64958855
64966629
64965397
64963892
64962602
64960876
64955874
64971850
64971297
64970635
64969584
64960221
64946102
64944735
64944039
64943183
64941411
64937574
64934767
64945624
64942772
64941571
64938614
64976246
64902399
64971015
64970046
64968654
64967566
64966516
64965151
64963402
64961153
64959308
64958485
64958535
64943388
64942304
64941338
64937669
64937062
64853957
64849119
64947122
64944883
64941885
64936354
64937406
64479722
64479376
64479014
64478673
64975755
64975240
64974661
64968026
64965428
64951800
64951006
64950322
64949480
64948919
64938109
64750694
64335957
64335620
64335396
64335020
64289159
64288827
64955506
64951962
64938761
64937776
64935741
64940525
64938597
64934006
64941128
64904810
64944037
64943145
64942457
64940943
64936043
64935326
64934432
64952306
64950263
64949579
64936329
64935452
64934795
64946826
64945883
64942949
64942136
64940929
64940161
64936964
64938713
64937944
64937307
64936718
64914930
64913798
64911885
64855604
64960213
64941451
64940426
64937575
64936512
64962334
64959404
64956177
64954613
64945429
64944620
64943735
64941239
64920171
64970185
64969174
64968098
64961052
64969406
64968006
64966827
64965451
64962973
64961194
64977073
64976429
64975679
64974818
64973820
64972817
64971258
64969846
64965036
64960663
64959592
64977399
64976983
64976363
64975803
64975002
64973844
64971865
64946379
64945366
64949379
64946560
64944537
64950093
64971646
64969564
64966932
64965654
64960447
64946973
64945785
64943374
64941242
64901059
64951549
64950379
64962406
64960694
64958593
64957444
64955712
64954286
64952932
64951168
64965442
64961771
64954191
64949487
64951829
64953375
64950819
64978414
64977998
64959711
64957664
64977214
64976042
64972676
64950544
64960446
64954700
64944341
64978080
64970718
64969802
64969146
64967273
64948153
64954511
64953110
64940531
64944201
64937905
64936821
64939832
64968349
64966838
64962745
64961365
64975884
64975012
64974084
64973071
64971398
64965855
64958560
64970097
64968937
64967073
64965590
64963626
64962497
64961216
64977526
64934107
64973337
64971084
64970075
64968682
64967207
64965164
64934754
64931332
64937550
64966624
64964826
64963491
64961760
64959974
64958571
64935380
64948299
64933677
64976571
64975473
64961353
64959912
64956074
64954819
64931717
64964943
64962980
64964501
64962530
64960928
64960021
64959059
64954790
64978356
64977946
64977688
64935530
64935545
64966172
64964125
64956632
64961139
64953260
64948457
64947828
64978537
64936779
64976916
64970771
64967622
64962203
64959572
64958111
64941759
64963017
64956371
64949071
64970181
64969701
64968950
64967043
64961958
64955547
64904180
64900026
64898415
64968906
64967089
64978477
64977859
64972784
64972074
64968671
64962207
64958320
64956549
64960437
64945071
64962748
64953006
64950865
64947346
64954196
64939542
64938894
64970330
64959043
64978377
64977916
64977580
64977320
64948155
64953910
64938395
64938074
64946270
64944133
64943611
64942445
64963166
64960262
64957104
64955724
64952325
64948915
64978677
64948211
64978604
64978216
64978002
64977723
64977332
64976795
64976073
64975697
64964455
64941808
64950215
64943926
64942938
64933185
64973851
64972717
64971790
64967008
64968895
64967161
64964266
64962527
64937370
64935869
64934184
64968822
64968136
64966365
64965175
64945738
64946105
64945417
64944521
64937129
64933065
64957602
64939602
64961204
64942332
64941253
64965501
64963705
64963095
64951072
64947951
64954414
64948698
64950692
64949608
64946714
64943930
64969016
64949573
64965195
64937962
64937179
64963056
64961157
64978594
64978174
64941476
64949274
64953987
64953355
64952589
64959224
64930290
64952187
64946711
64941055
64966398
64965641
64946962
64946082
64938152
64952516
64951294
64944871
64964585
64961445
64966852
64935222
64955792
64978710
64933554
64917891
64867429
64963125
64962026
64960639
64956845
64978735
64978279
64976018
64975419
64974986
64974004
64971500
64969881
64936386
64875772
64874805
64874517
64951923
64944746
64940315
64934015
64956438
64954863
64954163
64953326
64952168
64951031
64944408
64943068
64942453
64941131
64936790
64935398
64932849
64951695
64881875
64936599
64936181
64971456
64937689
64969739
64957827
64956819
64953698
64949781
64957596
64954635
64967638
64978914
64940096
64939218
64969425
64968250
64966799
64963098
64961286
64974103
64973571
64972719
64950355
64948710
64947727
64946496
64945969
64969801
64967915
64966020
64941835
64939947
64970026
64969163
64967880
64964582
64962639
64940718
64944192
64942459
64962799
64941880
64940515
64939146
64938105
64898834
64972412
64971177
64969755
64966252
64978951
64978629
64978280
64977844
64977492
64976912
64975628
64974879
64961226
64960064
64972201
64970685
64969550
64965337
64963152
64961021
64979134
64978844
64949038
64948335
64947283
64945943
64944608
64943800
64977172
64976716
64974826
64979072
64970798
64976101
64975310
64974478
64939485
64937470
64979022
64978721
64978218
64977936
64977436
64976897
64976393
64975602
64974928
64974056
64975914
64975337
64974779
64973811
64950781
64950185
64949410
64948742
64947856
64963832
64961880
64959663
64956383
64965452
64964298
64962981
64960806
64959142
64958198
64970261
64969299
64967452
64966181
64964513
64963861
64961994
64960443
64957417
64966973
64976385
64975207
64963107
64961745
64959452
64943529
64942020
64940866
64939800
64958112
64956897
64955486
64953919
64951883
64950722
64950092
64892410
64967238
64966044
64963508
64962415
64960650
64958575
64968620
64966585
64964343
64962257
64971390
64968971
64967299
64959389
64958353
64938110
64945682
64944215
64942664
64941287
64940283
64938859
64937652
64936432
64935532
64934596
64876694
64875879
64934899
64242023
64973386
64913950
64941488
64979318
64979109
64978817
64978418
64956135
64955421
64978866
64978211
64972811
64971509
64970477
64951855
64951059
64949868
64947189
64946313
64945201
64944167
64942671
64938821
64978456
64978145
64946285
64943857
64936589
64936029
64942025
64940882
64939675
64937528
64936410
64935620
64935035
64641609
64969482
64967922
64965652
64963744
64962692
64960970
64958967
64957776
64956544
64942264
64940036
64937096
64936426
64742407
64741733
64946156
64945167
64944339
64942771
64941063
64939695
64937361
64931484
64963961
64962249
64961328
64959225
64957695
64956836
64955671
64954206
64952903
64951784
64975972
64975354
64974337
64973382
64972858
64972124
64971404
64970834
64886414
64966931
64961931
64960700
64959505
64946993
64941715
64940762
64940001
64939293
64937693
64936450
64935325
64934487
64933877
64972287
64972568
64971769
64970954
64969799
64968955
64966056
64964794
64963720
64962045
64955994
64949548
64944716
64943404
64941111
64932246
64971703
64969973
64968734
64966880
64965270
64963346
64961707
64959789
64958148
64956392
64942491
64941162
64976342
64974549
64972818
64971889
64971068
64969533
64968088
64968649
64966430
64964277
64962347
64943324
64947020
64946310
64945632
64975519
64974989
64974523
64973415
64972267
64971508
64970646
64969165
64979253
64978879
64979527
64979278
64974061
64973843
64976980
64946221
64945269
64938687
64979350
64978981
64978618
64977774
64975625
64866278
64969763
64969135
64967794
64966635
64960985
64949167
64961598
64803877
64965798
64964491
64961477
64967662
64965107
64964182
64962339
64929438
64928765
64928491
64965690
64951351
64950055
64948719
64968667
64967806
64965789
64964956
64960100
64958789
64928679
64928288
64928141
64927892
64927794
64967044
64965297
64958125
64957006
64955372
64906735
64904793
64902860
64882772
64966712
64928990
64917683
64549533
64548680
64547730
64546674
64545417
64972011
64969537
64967968
64965294
64961134
64958881
64864545
64975987
64975656
64974910
64974077
64973089
64971673
64969262
64967361
64966137
64976160
64975287
64974517
64973801
64961357
64918852
64917400
64968579
64961991
64968356
64952628
64951914
64950874
64949751
64947403
64979623
64974195
64973253
64971133
64979559
64979432
64966356
64977013
64976455
64973927
64900802
64899643
64955362
64954452
64952842
64945486
64972366
64970985
64969497
64967647
64972610
64965469
64973152
64971879
64970579
64967784
64962776
64960156
64961489
64948398
64979669
64963514
64961807
64975157
64973119
64971127
64968515
64967499
64954284
64946193
64944713
64964706
64954945
64947269
64979532
64979180
64979004
64978664
64978268
64942936
64941999
64940447
64939167
64937837
64937044
64936478
64935451
64934836
64961415
64959883
64947597
64936207
64938339
64973248
64970341
64935588
64951616
64950632
64837793
64836864
64748347
64935372
64934861
64933368
64954878
64953909
64952465
64976503
64975737
64966541
64977534
64967415
64966066
64961724
64958687
64957343
64956668
64953918
64966312
64963288
64961670
64960312
64958861
64957302
64954510
64863552
64969382
64971777
64970289
64968559
64968673
64917264
64958180
64956988
64954369
64979320
64962127
64959503
64952596
64921160
64920288
64919080
64916163
64914555
64912334
64975672
64974953
64955799
64894979
64888105
64887311
64805829
64958601
64957518
64956428
64955825
64953796
64952916
64951761
64968611
64969585
64957710
64955975
64948101
64780232
64711348
64449983
64449294
64412051
64976677
64975924
64971423
64970009
64960079
64958494
64956862
64966455
64965579
64964128
64963011
64961420
64944925
64943386
64979903
64979708
64972551
64971776
64969622
64966197
64963176
64961413
64960109
64944798
64942311
64941695
64940276
64939629
64938869
64979237
64619782
64978568
64978153
64977880
64977632
64976424
64976021
64962566
64960643
64959063
64980078
64979846
64971203
64969692
64979125
64978138
64968867
64967985
64964680
64974798
64973791
64972679
64970295
64968778
64967076
64980028
64968926
64967235
64965339
64963789
64971679
64940828
64940064
64938811
64938302
64936733
64935760
64935120
64934455
64970105
64979385
64979177
64976203
64933892
64933268
64932580
64931856
64931560
64930981
64930231
64929721
64969433
64967860
64966579
64965001
64960080
64958481
64941877
64940351
64911303
64909067
64974831
64974055
64968115
64966763
64964784
64938947
64937746
64936665
64978464
64964736
64970282
64963690
64962592
64942699
64977791
64977350
64974423
64973456
64893442
64976172
64975392
64917146
64976647
64920578
64918986
64852394
64809457
64979690
64979392
64979045
64978800
64978468
64977869
64977525
64976184
64974792
64973057
64971920
64973980
64973043
64972157
64971301
64978787
64978520
64957979
64956110
64978875
64978013
64977599
64975385
64939445
64938622
64937334
64936355
64978294
64977463
64312491
64311832
64310380
64309292
64263372
64976166
64975559
64917142
64772587
64976298
64973649
64972622
64970432
64967825
64976362
64886976
64886020
64885236
64883854
64835295
64910626
64909391
64978592
64978256
64974415
64978178
64976433
64975800
64973277
64660369
64659617
64980160
64979956
64978902
64978510
64978008
64977346
64976817
64941148
64545928
64481413
64945838
64945182
64944410
64942625
64940844
64939874
64939178
64937797
64944223
64943308
64918000
64943639
64942802
64975746
64974992
64974159
64973519
64972288
64971403
64970139
64969559
64967703
64965742
64966226
64964342
64962916
64961907
64940332
64938404
64962467
64956183
64950164
64949488
64948560
64944360
64943620
64941031
64940170
64938838
64906207
64957226
64954245
64947103
64944120
64878553
64877503
64947152
64946454
64945636
64962034
64959734
64937160
64964739
64962924
64805640
64786833
64707928
64980193
64946516
64945940
64943727
64978572
64978165
64977786
64944554
64943670
64942391
64941408
64939258
64913817
64892074
64966280
64965014
64964376
64942174
64941447
64936269
64935628
64969715
64968496
64967733
64965670
64964837
64963464
64961479
64960176
64941356
64939731
64938953
64938007
64936847
64936021
64405563
64951944
64950548
64949139
64948132
64962983
64957728
64946343
64945312
64943976
64943195
64956444
64955343
64950414
64948412
64977586
64976929
64976245
64896350
64977121
64976092
64975291
64974690
64974040
64973478
64970953
64971996
64970520
64969031
64966118
64964673
64947475
64946621
64980279
64980153
64979932
64942540
64941610
64940341
64956609
64951747
64949765
64938741
64937532
64689424
64435900
64435756
64435484
64435207
64429692
64428763
64935174
64885505
64883130
64974496
64944647
64943369
64912981
64951764
64951098
64950533
64948913
64948305
64944728
64943450
64970014
64968890
64968004
64941229
64780861
64868862
64868742
64842526
64841191
64693079
64946681
64964892
64958518
64956615
64944748
64943491
64942003
64941201
64970227
64968707
64967822
64965805
64964966
64963692
64961305
64959613
64958477
64944372
64943307
64942683
64938495
64937573
64936525
64935504
64934551
64933531
64933097
64971588
64970259
64967613
64966545
64964407
64962806
64961069
64958355
64953098
64951978
64950811
64950025
64938231
64937662
64936377
64674124
64975001
64974024
64972010
64970492
64969484
64939927
64979246
64945295
64944736
64296612
64295925
64295518
64242527
64241214
64975592
64940540
64937616
64935682
64883454
64880352
64919625
64970502
64968759
64929508
64969714
64967853
64965918
64963851
64962862
64944872
64943571
64709418
64708377
64659692
64659327
64658432
64579882
64955487
64954000
64952613
64951436
64949342
64948293
64946812
64945462
64941750
64977043
64975831
64973944
64973353
64972801
64970785
64969159
64946243
64944792
64944025
64941205
64939709
64938418
64937180
64936097
64932189
64976211
64975646
64974868
64974034
64973190
64972314
64971194
64970707
64978668
64971450
64971000
64967598
64922015
64920667
64919474
64968438
64965584
64853635
64851663
64849980
64848512
64847014
64845339
64967308
64964167
64963055
64961669
64965661
64961954
64961827
64904382
64976600
64976085
64975475
64974612
64973613
64972456
64967047
64965438
64963526
64962049
64960445
64959395
64957657
64955983
64763640
64907377
64780080
64779601
64779200
64721295
64717743
64976072
64975410
64974551
64974130
64972966
64972395
64927257
64826234
64823053
64822557
64813870
64942006
64941471
64902476
64966754
64965867
64963899
64962771
64961154
64957820
64970169
64962216
64959577
63913249
63912367
63911814
63910744
63730434
64976779
64966217
64963635
64961549
64957943
64956107
64756473
64755531
64753635
64752317
64751707
64945185
64944389
64943410
64965223
64809359
64756698
64754085
64676473
64673657
64615151
64646145
64645758
64645222
64644117
64592007
64591823
64977017
64976634
64975328
64974585
64973535
64972544
64971489
64971513
64969328
64920155
64918255
64917454
64975763
64975115
64974192
64973838
64972982
64972436
64971344
64968805
64964825
64962846
64956480
64955101
64954063
64945886
64969462
64975933
64975474
64974959
64974629
64973445
64972563
64971992
64970784
64970015
64938511
64937484
64936816
64935349
64934207
64964406
64955198
64939310
64837294
64963430
64976915
64976367
64975916
64975498
64974957
64974383
64973690
64972964
64971473
64970580
64980347
64980106
64979874
64979536
64979238
64978874
64978556
64978223
64977729
64977204
64631606
64625510
64623581
64367585
64306900
63928284
63927356
63362594
63359283
64965191
64963001
64961231
64881927
64880941
64760917
64886330
64885362
64884047
64883002
64882581
64881384
64880658
64880126
64957386
64969035
64888621
64887944
64886921
64969472
64961366
64931711
64930947
64906223
64903164
64902444
64966204
64915509
64914138
64910089
64952986
64951838
64950649
64898410
64896649
64960185
64888298
64884729
64967754
64852159
64850712
64846748
64972223
64959449
64957918
64956473
64958826
64955385
64965700
64961511
64959826
64957946
64956112
64947336
64946296
64962028
64959520
64909279
64907424
64856114
64945209
64944009
64943290
64942009
64940701
64896223
64947693
64962620
64953224
64926757
64918679
64972254
64970889
64959897
64958120
64961561
64960508
64958362
64957340
64970829
64958951
64957317
64955887
64949490
64948745
64947816
64946360
64960439
64947272
64913831
64911160
64890061
64888955
64978475
64978196
64977833
64975087
64974417
64973888
64953236
64949979
64979798
64971571
64969639
64969329
64968266
64974838
64937375
64936837
64934544
64933366
64966195
64961321
64959275
64971079
64968028
64922640
64916105
64972275
64970711
64969510
64957254
64938734
64937285
64936228
64956974
64955597
64886768
64885746
64884945
64964621
64962536
64949263
64973682
64972462
64955019
64934372
64903732
64980604
64979664
64978599
64978031
64959038
64947533
64946634
64942727
64942117
64940726
64972255
64971474
64970496
64969806
64968076
64963898
64961987
64979768
64979530
64979315
64978700
64978357
64958349
64455075
64949437
64894134
64892843
64892153
64954681
64960839
64959558
64957997
64956228
64954599
64905065
64953053
64952000
64960096
64958222
64956474
64954982
64904397
64901840
64837908
64958419
64956133
64954829
64952965
64970723
64949666
64947595
64956305
64980532
64968806
64964224
64956600
64955332
64968137
64964875
64945321
64947695
64911481
64909546
64907462
64946641
64945839
63857230
63848222
63846630
63845854
64832417
64831477
64829680
64976552
64975221
64974671
64973914
64959192
64957105
64956274
64958169
64957332
64980679
64980416
64980206
64979920
64972131
64970193
64950502
64950102
64898849
64841999
64840201
64792162
64746468
64959015
64954715
64975909
64975166
64974828
64973832
64974925
64971628
64970365
64968454
64966920
64965817
64892308
64890596
64889940
64889180
64888645
64790933
64947778
64946568
64945170
64975594
64974767
64973676
64972423
64813682
64964472
64961520
64729769
64728921
64977497
64977134
64975850
64975109
64973774
64973180
64971795
64981245
64981018
64980896
64980715
64980521
64980263
64980480
64980122
64981198
64981465
64981100
64977238
64981557
64981294
64980943
64980794
64980580
64980323
64981414
64980409
64981641
64958731
64957598
64956808
64955059
64953743
64952424
64951396
64950546
64949433
64966905
64964913
64963823
64961306
64965863
64964758
64961859
64948923
64947696
64946449
64974578
64973920
64973094
64971857
64981054
64980817
64980225
64980437
64981337
64934160
64980645
64981153
64981700
64980671
64981660
64980076
64979804
64979535
64979345
64980840
64952327
64949831
64949132
64873083
64963654
64981247
64981148
64980948
64980038
64940455
64938003
64936500
64979092
64978830
64978129
64977633
64981786
64981832
64980730
64980745
64980553
64981897
64981452
64981287
64981172
64969370
64968370
64965503
64963347
64922275
64969438
64979864
64979544
64979358
64982187
64982013
64981364
64981210
64981041
64980900
64980500
64977110
64937156
64936550
64980023
64979721
64979473
64979167
64978894
64978522
64811734
64722119
64720337
64961855
64800276
64958820
64953145
64951822
64938864
64935352
64934319
64935234
64974926
64973007
64968169
64967079
64965645
64963200
64961581
64960716
64964282
64962208
64960028
64958715
64982185
64981892
64981925
64982067
64981870
64981614
64949967
64948692
64948031
64962423
64938852
64937881
64937074
64936272
64940268
64939201
64937932
64936748
64935887
64934885
64932591
64931955
64930720
64930275
64970534
64969825
64969003
64966589
64970516
64969185
64967258
64964078
64962809
64962063
64934230
64918106
64951226
64949325
64948595
64897008
64895358
64893556
64827195
64525140
64686684
64685893
64685556
64981346
64981080
64980829
64980576
64980375
64980150
64979723
64947546
64946835
64971176
64948982
64823964
64823646
64823281
64945878
64962554
64961785
64943480
64941962
64967788
64979791
64973606
64967175
64966328
64961448
64959540
64957615
64955085
64958325
64957116
64954646
64953859
64939954
64953347
64952037
64951234
64940800
63909228
63907857
63907143
63906150
63904586
63902836
63901114
64972282
64971737
64970933
64931432
64931200
64982342
64982028
64981844
64981709
64981495
64974460
64979858
64980701
64870595
64732155
64514748
64975077
64982842
64982600
64982233
64982001
64980810
64980638
64980514
64980291
64979830
64982085
64981825
64981553
64981484
64981305
64982546
64880231
64982952
64982543
64982029
64982483
64982769
64982431
64982243
64982716
64924126
64923615
64923123
64979943
64979799
64978104
64864203
64862815
64827044
64980466
64980313
64980039
64979526
64979279
64977090
64975786
64974999
64915593
64978051
64976660
64982882
64981915
64980568
64979970
64981423
64979610
64977763
64974918
64973875
64977710
64975510
64977587
64976841
64925882
64925479
64924955
64814985
64978771
64967711
64965908
64967157
64958031
64956382
64955501
64892160
64890974
64978491
64978189
64977846
64977549
64976707
64975727
64974516
64976167
64975608
64974773
64974375
64964781
64963041
64969572
64952224
64963197
64916219
64957678
64941980
64967955
64963997
64962901
63320136
63319462
63318723
62278057
62277579
64960656
64953472
64952495
64932280
64932030
64931321
64961677
64951640
64706437
64702224
64956182
64955174
64953745
64853694
64934588
64965530
64963604
64954073
64942040
64940577
64939281
64981945
64981785
64981578
64981390
64981200
64976141
64975693
64974841
64972468
64982362
64982050
64981822
64981564
64983471
64983048
64982384
64975260
64974477
64973412
64983054
64933912
64983339
64982850
64955910
64954398
64962286
64958392
64956858
64955726
64949898
64983215
64982660
64869160
64863354
64952092
64808053
64976108
64969746
64968380
64975785
64975071
64973125
64935225
64933597
64940180
64939335
64965845
64963607
64962906
64961592
64947563
64946761
64945369
64944864
64939996
64951246
64947838
64946552
64982888
64982540
64982200
64981903
64981651
64981366
64981282
64981206
64980990
64966784
64975275
64983768
64983404
64983142
64945161
64944469
64940522
64939240
64938659
64961459
64959196
64949028
64947362
64975535
64974664
64973554
64972588
64970557
64972056
64966486
64964663
64974908
64961553
64957585
64956757
64978649
64978409
64977718
64974533
64964529
64935169
64951068
64949644
64948629
64946051
64944625
64943820
64966485
64964453
64962571
64960665
64958806
64956430
64943425
64941642
64979651
64979489
64978419
64963334
64959473
64956672
64954568
64953616
64935582
64934539
64933918
64933056
64932390
64931827
64931183
64930254
64932931
64932172
64931602
64930897
64930448
64957499
64956342
64964750
64958235
64968533
64966039
64964812
64962872
64950840
64949836
64942428
64932871
64971898
64933387
64935164
64934775
64972672
64968210
64983793
64944103
64942642
64982249
64981987
64981717
64981486
64981379
64983271
64982890
64982550
64982248
64936137
64983220
64969076
64963156
64958037
64956333
64971365
64968326
64965309
64963929
64942184
64940649
64972058
64969732
64967909
64964085
64965166
64964067
64962381
64984065
64964247
64958496
64956621
64953396
64950637
64949391
64947681
64944326
64977896
64524072
64521441
64519774
64517773
64940049
64936027
64938230
64936593
64965360
64945200
64943641
64968405
64964616
64963395
64961463
64966074
64964145
64962314
64944938
64943904
64943001
64941841
64940852
64940112
64939234
64984450
64971904
64970893
64969361
64946479
64943919
64942862
64964687
64963681
64949748
64948664
64973769
64973339
64962787
64961627
64960265
64958594
64956270
64962499
64960641
64959148
64956004
64954456
64953048
64951593
64919259
64917893
64952298
64951074
64975131
64974272
64973067
64971242
64969778
64969246
64965599
64965703
64963825
64959438
64923077
64963323
64959304
64957426
64956648
64954110
64953072
64952378
64922091
64921062
64920487
64919692
64918317
64916801
64967203
64894962
64983972
64983647
64889285
64888118
64966778
64964787
64962754
64961219
64960236
64958472
64955006
64978446
64975539
64975113
64971765
64979500
64978776
64978429
64978022
64977451
64977141
64976062
64844485
64965931
64964893
64963171
64961924
64956722
64948077
64947061
64972207
64970357
64969308
64967480
64966506
64965193
64962027
64910462
64964948
64963931
64952618
64947077
64933170
64932017
64948486
64955271
64970057
64963561
64961016
64969666
64962595
64960998
64960093
64958272
64957422
64940154
64983717
64983327
64982315
64979007
64978806
64975182
64904264
64839743
64816239
64742352
64741885
64741659
64706688
64974600
64972441
64970926
64968350
64966167
64851807
64845438
64843744
64984648
64984370
64855885
64851466
64829141
64828559
64912233
64909124
64907543
64906484
64904141
64903349
64902117
64900375
64898024
64980184
64979899
64979766
64979510
64879946
64851703
64963999
64961273
64954431
64931405
64774048
64977969
64940390
64938989
64938341
64937359
64977555
64847825
64981537
64980880
64915814
64984950
64984509
64983992
64983667
64867005
64866593
64690218
64842233
64841489
64840238
64839074
64947978
64842720
64948760
64948060
64924009
64923701
64923160
64922504
64922224
64921556
64920865
64979699
64974964
64973972
64979618
64979347
64973877
64977328
64976887
64863800
64342150
64341635
64978143
64977686
64977474
64977126
64975791
64974960
64973460
64976969
64975707
64974051
64973074
64972016
64977748
64970936
64970011
64968275
64963665
64960888
64976285
64975348
64974757
64974048
64976676
64975186
64970627
64965550
64963419
64958745
64961460
64959533
64840599
64914602
64912641
64854220
64985302
64984986
64984480
64984278
64983451
64983107
64982481
64972087
64971336
64969442
64968291
64799820
64798841
64912197
64909917
64907693
64905807
64903344
64901744
64858577
64856405
64855049
64974209
64971108
64969854
64968811
64974412
64973767
64971048
64969463
64967529
64965410
64937821
64957953
64953981
64966587
64961886
64960550
64958709
64957575
64956167
64954835
64953989
64952623
64950509
64949275
64842190
64809821
64742572
64742161
64966977
64965480
64961151
64959377
64905946
64904851
64902732
64901642
64972570
64971759
64970779
64982289
64982108
64981640
64981377
64961921
64960040
64958936
64964862
64954808
64953371
64927524
64968521
64984023
64983509
64982760
64982157
64981534
64981261
64981109
64966809
64883284
64882619
64759936
64973293
64970867
64977428
64977002
64976566
64789980
64621093
63231176
63230500
63119994
63119142
63118375
63117802
63077401
64955208
64954621
64953980
64952841
64620898
64618783
64617445
64408716
64408225
64984362
64982740
64982394
64982181
64981948
64959519
64957076
64955628
64959624
64956665
64955263
64953782
64953141
64952536
64951570
64950890
64950228
64964820
64963657
64962631
64960507
64957816
64955976
64953930
64953158
64957301
64955780
64949602
64943482
64941985
64918363
64966962
64962129
64960415
64957238
64955831
64952961
64952206
64951139
64950714
64981735
64972895
64971621
64970530
64957890
64950651
64937105
64936114
64935688
64964896
64962995
64959587
64906671
64904764
64903497
64902843
64901042
64899194
64983334
64982994
64982503
64981229
64978476
64964195
64960597
64958156
64896408
64963051
64961254
64958040
64956528
64947906
64947093
64961044
64959887
64957564
64955852
64977605
64976927
64976387
64975912
64975064
64974102
64971526
64967116
64966444
64964291
64963296
64961167
64957128
64900350
64966805
64966031
64965085
64963076
64961606
64959487
64956065
64961370
64959868
64956704
64954516
64932522
64931710
64931342
64959727
64957409
64850393
64848296
64845737
64843771
64843036
64984210
64957993
64893471
64892357
64892068
64891122
64875791
64875266
64921238
64920584
64920143
64919004
64917500
64916003
64914436
64883428
64805204
64801343
64799619
64525998
64525268
64524676
64960075
64898957
64897999
64896326
64855781
64853924
64791374
64769382
64968967
64968214
64965883
64962519
64960574
64956887
64955751
64962248
64961563
64959461
64955644
64954111
64953278
64921943
64920969
64920318
64976338
64974681
64973611
64964647
64962855
64958315
64920355
64966350
64963387
64962235
64960818
64956944
64955692
64968142
64966902
64965122
64963754
64958887
64955936
64954691
64958862
64956154
64901540
64795039
64512557
64509147
64982391
64982004
64962514
64961292
64947833
64923240
64922510
64922069
64985559
64985066
64984670
64984535
64984102
64983687
64983294
64982839
64982704
64982463
64956574
64953906
64670374
64668227
64975317
64974251
64973502
64970000
64964021
64959797
64958561
64956357
64954662
64944222
64943214
64942592
64941481
64939372
64956021
64954695
64953852
64951758
64949611
64883926
64985896
64985471
64985100
64984802
64984599
64984290
64983913
64983374
64956034
64955086
64935165
64829233
64826139
64825552
64824746
64749697
64748594
64796587
64755896
64751873
64750654
64749906
64747180
64963731
64962597
64961837
64960471
64958610
64984905
64984487
64984036
64983591
64965482
64962531
64964008
64962591
64953189
64952234
64951684
64948311
64911697
64910213
64909197
64954755
64952872
64948869
64947282
64937754
64936849
64836611
64835589
64834630
64969197
64966425
64964229
64962945
64942313
64940891
64939748
64938140
64983398
64983055
64959542
64941548
64940140
64939549
64938021
64853121
64851535
64960718
64959166
64955784
64954853
64953635
64952455
64946727
64946069
64945032
64970124
64968752
64959819
64957802
64941791
64940344
64938860
64973943
64972728
64967681
64966122
64964226
64962590
64961068
64959212
64957622
64958347
64900809
64899057
64842498
64840554
64823495
64823103
64822842
64800415
64960358
64959262
64957688
64863407
64862794
64862238
64833821
64962919
64958294
64955395
64953668
64715855
64712949
64984426
64984063
64963279
64961888
64959226
64952881
64976221
64975398
64974553
64973477
64972383
64957642
64954888
64961914
64960089
64952459
64805153
64970652
64975363
64973951
64973360
64968262
64967648
64961417
64956132
64966255
64965173
64963583
64957389
64954932
64954446
64953168
64952627
64952163
64951082
64975003
64974082
64972869
64972145
64969980
64969341
64967701
64934231
64959355
64957853
64954488
64902318
64760705
64759208
64967135
64965840
64961798
64960697
64952737
64923370
64959440
64952829
64951458
64949793
64943953
64942735
64960041
64958240
64950499
64950068
64948977
64947776
64947180
64874091
64834062
64954048
64952714
64951596
64830110
64790060
64788700
64973812
64973214
64972224
64970796
64969121
64967813
64965196
64963420
64977329
64976684
64972096
64970991
64968242
64966527
64959134
64958395
64945888
64944538
64943834
64943264
64942159
64976761
64976185
64975536
64968636
64986098
64985777
64985266
64984616
64984250
64959948
64958101
64975072
64974139
64973051
64964851
64962067
64961028
64959298
64958629
64954266
64965260
64937852
64912558
64911833
64885042
64884636
64971533
64970172
64968830
64967786
64966160
64964865
64963415
64960779
64959047
64970558
64969669
64968902
64967228
64964778
64956268
64967393
64912524
64902244
64900430
64898540
64882284
64875009
64948970
64947952
64945277
64938457
64937634
64960104
64958977
64956595
64954409
64907400
64905508
64904856
64902982
64978880
64978644
64977656
64977315
64976654
64976067
64975660
64974808
64957376
64956335
64949809
64948521
64948015
64946679
64946107
64932287
64978550
64978340
64978059
64977579
64977395
64976776
64973977
64972949
64974524
64973865
64972537
64970979
64969505
64968870
64964307
64962190
64960938
64979592
64979418
64979290
64962503
64958435
64957336
64985403
64984642
64984169
64957794
64956960
64886730
64885501
64960534
64953566
64952796
64948762
64861658
64860602
64954220
64953476
64952481
64937582
64937131
64936507
64935566
64934939
64966835
64965231
64963263
64958407
64971217
64969793
64967800
64965889
64964345
64959267
64951565
64950734
64949824
64948872
64948066
64859880
64858094
64857095
64852870
64968730
64964162
64963014
64961081
64956056
64955097
64958268
64956856
64956192
64955534
64954581
64951020
64950324
64949283
64952503
64951364
64950986
64799481
64798467
64956108
64951954
64948552
64943252
64942293
64971641
64970219
64969254
64967623
64961227
64956769
64955743
64955182
64976580
64975895
64975468
64974917
64974171
64973684
64972828
64971814
64970198
64968932
64962009
64959804
64958054
64956684
64955834
64954607
64952674
64983712
64983307
64973673
64969948
64968699
64965350
64963513
64962681
64961118
64956977
64957208
64956486
64955008
64951099
64950347
64949173
64948298
64954800
64916201
64914726
64914160
64912856
64911262
64909331
64907665
64969610
64964967
64958661
64957530
64955365
64936656
64936284
64935593
64928936
64928429
64988140
64987557
64987071
64986556
64986080
64985385
64984895
64984439
64995019
65019659
64990419
64989582
64988876
64988540
64988044
64987404
64990568
64989705
64991713
64990945
64990065
64989091
64988374
64987637
64986394
65018125
65017409
64998911
64997417
64992711
64991803
64991201
64989809
65005547
64993402
64987838
64987199
64986769
64986471
65015891
65014256
65011441
65007842
65006595
65005334
65003375
64991574
64990701
65004404
65001450
64999670
64998462
64997070
64996190
64995604
65001357
64999817
64994306
64993583
64993098
64992289
65014022
65012529
65010780
65008975
65006360
65003793
64994828
64993845
64993513
64993161
64992370
64986858
64985915
64985522
65019075
64996236
64995138
64994726
64993817
64992925
64991972
64991092
65010371
65009321
64991033
64989334
65019823
65019338
65017799
65015738
65014583
65013697
65011844
65010626
65015302
64994297
64993826
65011296
65009510
65007397
65000392
64998706
64996606
64990772
64988657
65011948
65010310
65005092
65003587
64987019
65008201
65007119
65005201
64999806
64997880
64997237
65019931
65019551
65019036
65018493
65017634
65016834
65014735
65013312
65018240
65017535
65015974
65014875
65002185
65001330
65016583
65012340
65006011
65014096
65012235
65008421
65005594
65003124
64994898
65007801
65006193
65004408
64995373
64991474
64989530
64988776
64987275
64986678
65010874
64994047
64993227
64992527
64991644
64993930
64992088
64989976
64988952
64988471
65018842
65014409
65012868
64994501
64993703
65019249
65018595
65018045
65017132
65013424
64996529
64995804
64994704
64993815
64992793
64992330
64991774
64991348
64990604
65013219
65009763
65004217
65002642
65000623
65016318
65015418
65013118
65011640
64999089
64998007
64997048
65002448
64999245
64992168
64991304
64988218
64987700
64986307
64985786
64985296
64985021
64984765
64984261
65005107
65003441
64989913
64987498
65003966
65009529
65007060
65005161
65003361
64994675
64990173
65015071
65020056
65019787
65016101
64992410
64987662
64984595
64983390
64983141
64989164
64985626
65007082
65005310
65003344
64984103
65012723
65011061
65009914
65008939
65007724
65012036
65006878
65004899
65017666
65017232
65016487
65015499
65014577
65018558
64990997
64990306
64989481
64988947
64984124
65011696
65010183
65016978
65016110
65008737
65011123
65009066
65007623
64987755
65018636
65018334
65017833
65017294
65016236
65019174
65007351
65005526
65003830
65019829
65019405
65018994
65018627
65013416
65012828
65001886
65000146
64998941
64998010
64996779
65001660
65000386
64999501
64999048
64997849
64996971
64995572
64995262
64994606
64993753
65019409
65019185
65018575
65018249
65017585
65016791
65016132
65014990
65014189
65012664
65018227
65017759
65017418
65000035
64997519
64994152
65004562
64985971
65011388
65009894
65008287
65004300
65006843
65003728
65002565
64992916
65020248
64989337
64985454
64985057
64986223
64986451
64985129
64984690
64987335
65018067
65017217
64998344
64995916
64990275
65020099
65010193
64986953
65001063
64997739
64995555
64994347
64998793
64997672
64996880
64990473
65015828
65013656
64998013
64986163
65016239
65015192
65019685
65016704
64985856
64987945
65020388
65018751
64986736
64995250
65001908
65000210
64986735
65010711
65008608
65006782
64985210
64988594
64988856
64988172
65011812
65010735
65009620
65005284
65003385
65002347
65000380
64998669
64997502
64996142
65018696
65017308
65014286
65013254
65011274
65009666
65005730
65004632
65003918
64995435
65009716
65007236
65003941
64989781
64988045
64987587
64998328
64997353
64996300
64995682
64994764
64989699
64989398
64988840
64988266
64985966
64985487
65014828
65012294
65010952
65009871
65008758
64997033
64995524
64994930
64991175
64990260
64991326
64990483
64989547
64987819
64987485
64986651
64968958
65001419
65000201
65005850
64988388
64995669
65010622
65008792
65005609
65003698
64992107
64991792
64990937
64990676
64989899
64985261
64989466
65007900
65001910
65000255
64998559
64997259
64996532
64995613
64994686
64993858
64992972
65014262
65011750
65008283
64994677
64993218
64991390
65010937
65009283
65007547
65016031
65014842
65013807
65012836
65011678
65009652
65009032
65007656
65006210
65004138
65015223
65013990
65012553
65007038
65005932
65005218
65002911
64999047
64998293
64995983
64993952
64986027
65005542
65020354
65010280
65004774
65019599
65017726
65016829
65015793
65014613
64996221
64997489
64996141
65017997
65006472
65003054
64996219
64995715
65020507
65020175
65000837
64999369
64998163
64996903
64995838
64989076
65002002
65000772
64999396
64998578
64997270
64996200
64995504
65019364
65018937
65018224
65016490
65014977
64983888
64994963
64987926
65010260
65009409
65007322
65005421
65002337
64999271
64985733
64986341
64987695
64987121
64984569
64983453
64996627
64994346
64992477
65007990
64998092
65016951
64992002
64994128
64990396
64987296
64986541
64984155
65011587
65010638
65008694
64992310
64991653
64991114
64983551
64983257
64984305
65002064
65001017
65000180
64998440
64997799
64997613
64993455
65002853
65006260
65000589
64999529
65001642
65019425
65017835
65015379
64993602
64993387
64997845
64996459
65020478
65020143
65019464
65019120
65018903
65018348
65018021
65014805
65013731
65005033
64997224
64990946
65019110
65018504
65020573
65016492
64995813
64994544
64994148
65020618
65017105
65015560
65014810
65012954
65017388
65017968
65016272
65007232
65006008
65001192
64996695
65011220
65009365
65007633
65004072
64996933
65011062
65008726
65010782
65009074
65010851
65009805
65009035
65006616
65004771
65001979
64993068
64992251
64992600
65013466
65012104
64996032
64995522
64994591
65002955
64999484
64993820
64993083
64992368
64991887
65004882
64990668
65013502
65012591
65011159
65011976
65009965
65009234
65007388
65008873
65007725
65006224
65004700
64989679
64988735
64989891
64989187
64988682
64988059
64986901
64984410
64983959
64983657
64995402
64994870
64993719
64992777
64990046
64990119
65020640
65020064
64999826
64990783
64971707
64970493
65011444
65005378
65004486
64924242
64934035
64933262
64932426
64931872
64990896
64989400
64988729
65008253
65013729
65011154
65006745
65003776
65014502
65009909
65008574
65007728
65006645
65008934
64983949
65020797
65012540
65017947
65017291
65016809
65009962
65006813
65005476
64975699
65012820
65011670
65010345
65009318
65018509
65017877
65016822
65016137
65011804
65010471
65006887
65005631
65003371
65001657
64999648
64996711
64995452
65007316
65005711
65004933
65003412
65001610
65019700
65019145
64995394
64978574
64978365
65001266
65000294
65017636
65012258
65011492
65010206
64996262
64995600
64994895
64994029
65014717
65013322
65011888
65011043
65008762
65005312
65003923
65002510
65014051
65013088
65011370
65010138
65008987
65004538
65003084
65001181
64999891
64998781
64995361
65006464
64990528
64990074
64989660
64989272
64988807
64988414
64987738
65019543
65019228
65016643
65020986
65020752
65003457
64998581
64988064
65011196
65009442
65007865
65005768
65003534
65002356
65001247
65010018
65004344
65000084
65013108
65021016
65020704
65020533
65020228
65019891
65019355
65018386
65017760
65016947
65016036
65015788
65015118
65011952
65008551
65006873
65014211
64971625
65008478
65020539
65020825
65015532
65019831
65021084
65021047
65020871
65020876
65019735
65019326
65018853
65018421
65017770
65017204
65016727
65015650
65004096
65002348
64988626
64988066
64987518
64987215
64726072
64724978
64724392
64721856
65009919
65021112
65020802
65020517
65020145
65019771
65017702
65017300
65016466
65015900
65012917
65011630
65009843
64956744
64955433
64954508
64900295
65009202
65008344
65007074
65008600
65017826
65017462
65017064
65016703
65016230
65015696
65015032
65017813
65016871
65015897
65015015
65013775
65012837
65015383
65009459
65008255
65006860
64950071
64948924
64947739
65009670
64996326
64905393
64904517
64902918
64901267
64899225
64898022
64896493
64992834
64992564
64991977
64991276
65021123
65020953
65020626
65020346
65020116
65019795
65019490
65019280
65018771
64784349
65015177
65014523
64991513
64995171
65001037
65009740
65000855
65021178
64997355
64993598
64991997
65021040
65008440
64994679
64992805
65002718
64988673
65021143
64988998
65009682
65007978
65005616
65003875
65002881
64979993
64979705
64952770
64951574
65006965
65003598
65002118
65000379
64998981
64998050
64865454
65009160
65007381
65006483
65004313
65002163
65000720
64999718
64972183
65014543
65013572
65012869
65011917
65011110
65010220
65009329
65007853
65006736
65006880
64973956
64957580
65004185
65003309
64997063
64970823
64969681
64968606
64967329
65018568
65017911
65011813
65010600
65009883
65008686
65007333
65004400
65002613
65015343
65014638
65013783
65017543
65016536
65015362
65013359
65012167
65009986
65003442
65001667
65000394
64995368
64994332
64999564
64997974
64997102
65001993
64985846
64939944
64936331
64935882
64878692
65008979
64370545
64369114
64367227
64365230
64363804
64361570
64988476
64987802
64987194
64986783
64986180
64985799
64985278
65017117
65016501
65016004
65015608
65014485
65013545
65012551
64991469
64988453
64993240
64992498
65004095
65015816
65015253
65014123
65010646
65009681
65008288
65006319
65003372
64987234
65001274
64999900
64998598
64996592
64995943
64995159
64994581
65002752
65001218
64999082
64998410
64985496
65009068
65004441
65003497
64994216
64993517
65016986
64988662
64987399
65020577
65020386
65019166
65018695
65018129
65017249
65021314
65006734
64996806
64990804
65003839
65002374
64964952
65012557
65011636
65002958
65000186
64987993
64987512
64951867
64949807
64949320
64947589
64996547
65011737
65009783
65008004
65015005
65013895
65012782
65011356
65007287
65005731
65004541
64989229
65011927
65010303
64999296
65009916
65005783
64987671
65000691
64999000
64997803
64996361
64995817
64995147
64991934
64991473
65005062
65004100
65001933
65021481
65009279
65008144
65005991
64999995
64998463
64983602
64983463
64983110
65012587
65011236
65010342
65003421
65002531
65004611
65002760
65000096
64997853
64996411
64995597
64995056
64999641
64998816
64990158
64989722
64988656
64988348
64987887
64987354
65018273
65017960
65017453
65016484
65015570
65014931
65014017
65013199
65012372
65011315
65018978
65018409
65011650
65009583
65008549
65015072
65014154
65012923
65010489
65008746
65002918
64999675
64996000
64979405
64978931
64993419
64991937
64999371
64998432
64645750
65008480
65006854
65005131
65003078
65000054
64999356
64918433
64915641
65014919
65012502
64990803
64990188
65002716
65001895
65001070
64998934
64840839
64824808
64822074
64821752
64821419
65005699
65002298
65000782
65011053
65009421
65007902
65006766
65005384
65004236
65000708
65016345
65015669
65015035
65012629
65010116
65008787
64997949
64996758
64994783
64993919
64995351
64989626
65021049
65020895
65008293
65006800
65005038
65003060
65001834
64287616
64287189
65003802
65002954
65001962
65000966
64998622
64997478
64981737
64996004
64995026
64990994
64990515
64996533
64995944
64998141
64996859
65005266
65003699
65002851
64995191
64988313
64988653
64988176
64987948
64987479
64987251
65015398
65014942
65009012
65007244
64993868
64993494
64992866
65013314
65008693
65005382
65003346
65012823
65002462
65000793
64999392
64998304
64997188
64995985
64994969
65013457
65005067
65016362
65015414
65014115
65013165
65011907
65009934
64998195
65010346
65008539
64998733
64997427
64996484
64995649
65004687
64998131
64997372
64979833
65007326
65005507
64993021
64997318
64995260
64994294
64993131
64992257
64991750
64987080
65001964
65000969
65008759
65006748
65005220
65003620
64994212
64993490
65010829
65009289
65007150
65005860
65021637
65018434
64998492
64991686
65000498
64999078
65015401
65014671
65013708
65002535
64943424
64938976
64997308
65006862
64999299
64998325
64997190
64993196
64992609
64999578
64998269
64995064
64994389
64915862
64674682
64672668
64635131
65010723
65006626
64957054
64956471
64954723
64965402
64996196
65020527
65020200
65019803
65019555
65019272
65018881
65018733
65017748
65017348
64996378
64995534
64896692
65011162
65010500
65007659
65006868
65006019
65004984
65003758
65002008
64994641
64995987
64995550
64995071
64994628
64960989
64958372
64993874
64993346
64954326
64953165
64951868
64950821
65018724
65018522
65017920
65017542
65016886
65013942
65012593
64998517
64997748
65021572
65021367
65021169
65020942
65013339
64846779
64782501
64781632
65019860
65019461
65019164
65018644
65018310
64996866
64995637
64994334
64993625
65009266
65007833
65006152
64996564
64995880
64994035
64993412
64991012
64957408
64995685
64994046
64993186
64950237
64949598
64948934
64939834
64939107
65021060
65020720
65020468
65019800
65019328
65019042
65018539
65017821
64995977
64995503
64992667
64991739
64961663
64960895
64959583
64958394
64993945
64993113
64992677
64991967
64991127
64990790
64990168
64989571
64891106
64991846
64953223
64875210
64873475
64873068
65001355
65000330
64999028
64997630
64996620
64992991
64992311
64992794
64992146
64991659
64990884
64307663
64307207
64306515
64306016
63384017
63383639
65013407
65011956
65009791
64992485
64991956
64997734
64996415
64994261
64993578
64992484
64991771
65013136
65012594
65011944
65011014
64991018
64937351
64935898
64935244
64890412
64988052
64991544
64991067
64990293
65002997
65001121
64999358
64998193
64709424
64708546
64708014
64892591
64746089
64705306
65014654
64978747
64978009
64977568
64993242
64992859
64990897
64990505
64990130
64989450
64988967
64994630
64992594
64991896
64991237
64990713
64990230
64989846
64995053
64994420
64961588
64959942
64958081
64956499
65011903
65010852
65009061
65007767
65005978
65004088
65002044
64994719
64991736
64961141
64959153
64785857
64785306
64992945
64943715
64942502
64941502
64940050
64938966
64900763
64898674
64999905
64998481
64996705
64995091
64961932
64960023
64959119
64947459
64946667
64995463
64994560
64993332
64946669
64707537
64992754
64789936
64787692
64786250
64998680
64997866
64944128
64942921
64834725
64834180
64832608
64831736
64831097
65003321
65002314
65000670
64999701
64998171
64996833
64996319
64995236
65014219
65013605
65013132
64783353
64420521
64419099
64922998
64920655
64885034
64884351
64828646
64995106
64994361
64983165
64980962
64995090
64994147
64993023
64992420
64992046
64990154
64988465
64987664
65005372
65003905
65001213
64999649
64998542
64997227
64996115
64995241
64994374
65002168
65000897
64998494
64997072
64996266
64995161
64994372
65002777
65001551
65000546
64997537
64995375
65002527
65001716
64999105
64994559
64992731
65018820
65018085
65017555
64722081
64720257
64717363
65005666
64996791
64995602
64992651
65000241
64998694
64997624
65018898
65018569
65018097
65017485
65016836
65015993
65015178
65014576
65013327
65012270
64306154
64296374
64295736
64295244
64294863
63664915
63622488
63621030
63619461
63617837
63617034
63614992
63577846
65016682
65016124
65015098
65013963
65012683
65011829
64997719
64996689
64970739
64997801
64997011
64992879
64992082
64991450
64990917
64990532
64990093
65012741
65011226
65009433
65005168
65003308
65001807
64999861
64949762
64947625
64889241
64833673
64997788
64996540
64995428
64946532
64945739
64944986
64944387
64894080
65007433
65004820
64993616
64992780
64991591
64990850
64908878
64994458
64942623
64941343
64917730
64916760
65018016
65017680
65016030
64993529
64992593
64992178
64991746
65017464
65016814
65015767
65014768
65013095
65011960
65010575
65008495
65007617
65012073
65010398
65009228
65008392
65006274
65003190
65008586
65007061
65004964
65003889
65002346
64999585
64994219
64993655
64991853
64991389
64940026
64937585
64566907
64565694
64995186
64994100
64992482
64991711
64990670
64989834
64870924
64995211
65009385
65005745
65003742
64999261
64996883
65001587
65000833
64996832
64994265
64993783
65014095
65004567
65001833
64999947
64998885
64995802
64994792
64934589
64896979
64878039
64877084
64849776
64935280
64934613
64933731
64909346
64899998
64258565
64257145
64255566
65001314
64991996
64991559
64989189
64988518
65007957
65006051
65004522
65002879
65001359
65019621
65019225
65018132
65017801
65017164
65016377
65015841
65015274
65014748
65017126
65016287
65015613
65014891
65014227
65013356
65012648
65011178
65004505
65003627
65002399
65000243
64998697
64992715
64991808
64991417
64965735
64992828
64931513
64930855
64915076
64914362
64911956
64992739
64991032
64990499
64990053
64989707
64988941
64988099
65014365
65013024
65010847
65009059
65007594
65004678
65002975
65001235
64996252
64994074
64990274
64989673
64989028
64973459
65009449
65007557
65006117
65004191
65002731
65001823
64998670
64993548
64998535
64997509
64997010
64994718
64993957
64993236
64991595
64990707
65001868
64995045
64993733
64993224
65010930
65009685
65008331
65006986
65005330
65004030
65002800
65012394
65019428
65018982
65018507
65018072
65017588
65016763
65015988
65015498
65014885
65013964
65013529
65012701
65011718
65010108
65008747
65007445
65005957
65003971
65021680
65021232
65003206
64999971
64998160
64995856
65002635
64999531
65011349
65022021
65021790
65021480
65021235
65009170
65006898
65021544
64994889
65007821
65003576
64892726
64891780
64911294
64907018
64905739
65004332
65002407
65001098
64996568
65017318
65016675
65014873
65014205
64870958
64872920
64872527
64872049
64871471
64870327
64869796
64869461
64861593
65021411
65022128
65021968
65021892
64983098
64996352
65010655
65008854
65008134
65008202
65007450
65006264
65003900
65019627
65018793
64995735
64994844
64986529
64986177
64985882
64985288
65019507
65019053
65018335
65017907
65017195
65016644
65020292
65019863
65019622
65015811
65014777
65014188
64993649
64992137
64990691
64968910
64989132
65013867
65012539
65005672
65004282
65002137
64994880
64993278
64992579
64998737
64998095
64997288
64996539
64995837
64994941
64865194
64796069
64691859
64991123
64990427
64989588
64988788
64988017
64987770
61761923
61760956
64993320
64998369
64941721
64940567
64993168
64991965
64991273
64990841
64989573
64988683
64995734
64613071
64612037
64557662
64555945
64245514
64243830
65016748
65014254
64994714
65008883
65007816
65005965
65000842
64999175
64997518
64936505
64935125
64930968
64993355
64992117
64991667
64990542
64593233
65008130
65006146
65004948
65001431
64998321
65017314
65016668
64993016
64992343
64986000
64985605
64719202
64717268
64779894
64778954
65006702
65004471
65002577
65001592
64995582
64994965
64993266
64868904
64999211
64997414
65013410
65012439
65011445
65007931
65006487
65004319
65000937
64891533
64748076
64747547
64665005
64640031
65003526
64999667
64992578
64992061
64990777
64990161
64989744
64988928
65013151
65011852
65010648
65009759
65008599
65007319
65005591
65004469
65002121
65000715
65009768
65008505
65007154
65004442
64994684
64993941
64999189
64995306
64994419
65008487
65006455
65003349
64997642
64993968
64991294
64955398
64780754
64780043
64779184
64702906
64609475
64608542
64542581
64538638
65000779
64999253
64990821
64987858
64987477
64985046
64995892
64995037
64993591
64991234
64990585
64994412
64992491
64991930
64989222
65010264
65005849
64999871
64995673
65016469
65016122
65015181
65012575
65011507
65009802
65007867
65002891
65001159
64992267
64991759
64990967
64964462
64025528
64024984
64024546
64023847
64023434
64022716
64022236
65017110
65013980
65000984
64997810
64996687
64995566
64994840
64989062
64902135
64779063
64778215
64777657
65002736
64992233
64992758
64992003
65008627
65007036
65003178
65001849
65000371
64999233
65007977
65007072
65005669
65003608
65015909
65015068
65014146
65005196
65003469
65002660
65000722
64994191
64993728
65018798
65006202
65005465
65003651
65002400
65001116
64999280
64998638
64992256
64991430
64991028
64999604
65009357
65007646
65006284
65011194
65009394
65007367
65005300
65003250
65001300
65000465
65006787
64997560
65010933
65009560
65005055
65004204
64966660
65008308
65006431
65003552
64901502
64989495
65014834
65013293
65012559
65010827
65009630
65007878
65005893
65004672
65016054
65007309
65010177
65004375
65001938
64932675
65003514
64999013
64998139
64975334
64974360
64973689
64999161
65010451
65006814
65006041
65004996
65022242
65022008
65021791
65021673
65021194
65021027
65020745
65020467
65020312
64615519
65008566
65007245
65006163
64996369
64995248
64994396
65006964
65003403
64945773
64944332
64943884
65006515
65008528
64802485
64801080
64802955
64801115
64798959
65006230
65004351
65002244
65000512
64857488
64988155
64987554
65006385
64975406
64973836
64972602
64971897
65001270
64989727
64988587
64988120
64972926
65017407
65016677
65000553
64998584
64997333
65022410
65006003
65005004
64969053
64968258
64957626
65019902
65018262
65017710
65017058
65016078
65015078
65014106
64907085
64905793
64904391
65022368
65022255
65022053
65021935
65021744
65021510
65021366
65020259
65014418
65013145
65012261
65001479
65020380
65020142
65019721
65019312
65019058
65018769
65018083
65017367
65016718
65016114
64902812
65015618
65007943
64992453
65018740
65017549
65016876
65015779
65015043
65014086
65014562
65013473
65011595
65006628
64976978
64976543
64919193
64918619
65010113
65012909
65011714
65006791
65000099
64958135
65001685
65000630
64999925
64998476
65010549
65008993
64997735
64993653
64983364
64983064
64982849
64997175
64996244
64994938
64993915
64993445
64996147
65001636
65000393
65000500
65012351
65002094
65000624
64999744
64980826
64940945
65004014
65000979
65000085
65022383
65022237
65022086
65021835
65021707
64957193
64954586
64992373
65021230
65020917
65017014
65016892
64735159
65018364
65009104
65007940
65005689
65003878
65019888
64991262
64990771
64990411
64990005
64989456
64988981
64988602
65008310
65006584
65004878
64976133
65022176
65017153
64994871
64992704
64992199
64991477
65021600
65021247
65019705
64925782
64924270
65011716
65009236
65008016
64997061
64996942
64979138
64978961
64916862
64915308
64914198
65013521
65011979
65011255
65008153
65005972
65020340
65018208
64939894
64938534
65013329
65015439
65022454
65017875
65012062
65008700
65005247
64970754
64970099
64968329
64971973
65014071
65012937
65011682
65009994
64990189
64989496
64988944
64988238
64987553
64988318
64987675
65020682
65009461
65004866
65003539
65001705
64999873
64973511
64880928
65000665
64997074
64987977
64987377
65018158
65016935
65014908
65013639
65012893
64967867
65013138
65000934
64999824
64998128
64996631
65013883
65006556
65016909
65015947
65015473
65012700
65002397
65000869
64999234
65015254
65014343
64959926
64990478
64987688
64986332
64954792
64954146
64900848
64894291
64892912
64891120
64890089
64993954
64992979
64991188
64990385
65008032
64992096
64964400
64959742
65015243
65014089
65013382
65011843
64996674
64969404
64968663
65013197
65011816
64973840
64987882
64987281
64987003
64989931
64944444
64943665
64942415
64941859
64874742
65011324
65009025
65007696
65005726
65004452
65009708
65008187
65006187
65004861
64961674
64960654
65008709
65007006
65004949
65001456
65011555
65010115
65009338
65016761
65016214
65015579
65011234
65005647
65003779
65002899
65001291
64901470
64898476
65012400
64999274
64997767
65004781
65001016
64999992
65014941
65012684
64997252
64988223
65017504
65016782
65001349
64988427
64988039
64987610
64970828
64999455
65022689
65007083
65005478
65004425
65003515
65000831
64999626
65005566
65004201
65003075
65001522
64992538
65008901
65018510
64996044
64994925
64994352
64997186
64996220
65020725
65017151
65021719
65021422
65013824
65003353
65021991
65021770
65021648
65021535
65021233
65021022
65022129
65021979
65021621
65018317
65017709
65015123
64975154
64951864
65011632
65022344
65021494
65021161
65020856
65020559
65020235
65019568
65019095
65015930
64991876
64991617
64990786
64989962
64989691
65007530
65003606
65002684
64999320
64998396
64996950
64995781
65014177
65012928
65001296
65018101
65015830
65013571
65012927
65011723
64997691
64941810
64940523
65020701
65019593
65018629
65018056
65017652
64987850
64987288
64986757
64983314
64982975
64999699
64998845
64984627
64984233
64983821
65000486
65011894
65010672
65007921
64995894
64995418
64899234
64630431
64628535
64627201
64626315
64624373
64995231
64987619
64987015
65004660
65002426
65000532
64998210
64995678
64994743
64994225
65017009
65016212
65013123
65011822
65008936
65008060
65004718
65012018
65010425
65005287
65003450
64969990
64937177
65000184
64870721
64870330
64968297
64962567
65015572
65014808
65013651
65002486
65000740
64998063
64997181
64999389
64997574
64995425
64872968
64803734
64766912
64766094
64952501
64951854
64951026
64898437
64897228
64895740
65017510
65003512
64957121
64675783
64539015
65016278
65003797
64992020
64989492
65005646
65004897
65003337
64998454
64996464
64995295
64994781
64779937
64959324
64954261
65002980
65001215
64999743
64997717
64994914
64994065
64845889
64999453
64997885
64997134
64996377
64995009
64796033
64794040
64953413
64952690
64950759
64949692
64993745
64993301
64992760
64970343
64969365
64968463
64953219
65010999
65007151
65005915
65004661
65002555
64988165
64986814
64998415
64996179
64995559
64754777
64753845
64753194
64751857
64751145
65005182
64993960
64993284
64992702
64991819
64991112
64999314
65012538
65011635
65010144
65008503
65001681
64998491
65022786
65022581
65022367
65020135
65019890
65019451
65014261
65013005
65012469
64963742
65016465
65015208
65013532
65012057
65010477
65008797
65001503
64999224
64995331
64993916
64993404
64992647
64992249
64991705
64991873
64968233
64966028
64964548
64960462
64848012
65021176
65008836
65006572
64989723
64988889
64995314
64994434
64991637
64991153
64990798
65000062
64998255
64996907
64995708
64995086
65009979
65009048
65006980
64993159
64991980
64989923
64944589
64993574
64994481
64769659
64728857
64727060
64726340
64991297
64955741
64954810
64926512
64913428
65014832
65014357
65012864
65011543
65010636
64994002
64993315
64990901
64990316
64989960
64988937
64991963
64976268
64989782
64989120
65022829
65022676
64993472
64992817
64991548
64990737
64990250
64970060
65012677
65010340
65007856
65003819
64998168
64993207
64991449
64990471
64990006
64989661
64989027
64988699
64935623
64935069
65020911
65019641
65019423
65018919
65016864
65015606
65014597
64988905
65018768
65018194
65017599
65016135
65015104
65022860
65009699
65008562
65007098
65004920
65004043
65002787
64999055
64997258
65012995
65012165
65010367
65013677
65010857
65008468
65006558
65005229
64993668
64990685
64989873
64989430
64988989
64988549
64522485
64521100
64396811
64396144
64988525
64987318
65002495
64999831
64997548
64946753
64945687
64987878
65005480
65004018
65002792
64999344
64998104
64996814
64995904
64995148
65015492
64849369
64846198
64844300
64841610
65000790
64988654
64987599
64986251
64985715
64984778
65019974
65019655
64985158
64984758
64984371
64983924
64945468
64943974
64943104
64942197
64995396
64994503
64993568
64988449
64987719
64987271
65015423
65011653
64984301
64983930
64983582
65009491
65006715
65004653
64992503
65012338
65011211
65010394
64994529
64996199
64991069
64989404
64988560
64986592
65007461
65005652
64992101
64990001
64989586
64989155
64988495
64987863
65022402
65022290
65022111
65021868
64991802
64991218
64989865
64989426
64989067
64988473
64987551
64987233
64986616
64908261
64906532
65009565
65000579
64921065
64775126
64774891
64774767
64774298
64773934
64982042
64981890
64981647
64906065
65019654
65019254
65018916
65018478
65017640
65017004
65008596
65019667
65017902
65016537
65022953
65021361
65023102
65022555
65023208
65022781
65022677
65022516
65022370
65022188
65021961
65023200
65022998
65022736
65022620
65022125
65023254
65023048
65023182
65023135
65022873
65022227
65022028
65021809
65021690
65021331
65021163
65020971
65023307
65023148
65022568
65022338
65017425
65019298
65018634
65018000
65017547
65016635
65015703
65012228
65023353
65005342
65003595
65001691
65000884
64999590
65023443
64984988
64984707
65022850
65023534
65023308
65023487
65023157
65023216
65022994
65022849
65022660
65022418
65023415
65023185
65023037
65022862
65022665
65022544
65022467
65022252
65022013
65021766
65022759
65022607
65023682
65022698
65022451
65023760
65023521
65023175
65023001
64947877
64946260
64943690
64943114
64941622
65023224
65023028
64981406
64981095
64877494
64876933
64875722
65021887
64993612
64509070
64507069
64504567
64502685
64375547
64335296
64334336
64954738
64953095
65021990
65022826
65022536
65022411
65021705
64982726
64982584
64766238
65001100
65000008
64998419
65007786
65006685
65004704
65003043
65007653
65006931
65005444
65003954
65016100
65023745
65023505
65022933
65016555
65013685
65023616
65023448
64115117
65009841
65008166
65007132
65005512
65003600
65001787
64998537
64995677
64994122
64993381
64992743
64976886
64970375
65001582
64999886
64951366
64950163
65022240
65022119
65021981
65021824
65021676
65021512
65021320
65021113
65020969
65020721
64905773
64899833
64897801
64896512
64873333
64847129
65001143
65023951
65023156
65022710
65007970
64969777
65004811
65003131
65017168
65016359
65011108
65007655
65005703
65014302
65012245
65011091
65009895
65008120
65005163
65023999
65023771
65023539
65023258
65013780
65013131
65011187
65010271
65008684
65007543
65005792
65004873
65003282
64850083
64954375
64953369
64952362
65001370
64999685
64995749
64990256
64989947
64989282
64947538
64947039
64946615
64943808
64808755
64723160
64721936
64864726
64864262
64863409
64827388
65018087
65017647
64999412
64997177
64996074
64994815
64994296
65009443
65008441
65006594
65004692
65002779
65000739
64999188
65015122
65014186
65013415
65012512
65010901
65008978
65004584
65003517
65005786
65001928
65006060
65004581
65003369
65002150
65010532
65022938
65022717
65024156
65006441
65004361
64988695
65010939
65017399
65011607
65010122
65009137
64985833
64984620
64932603
64905673
64903443
65005878
64986534
64985994
64985166
65013655
64952116
64951427
64950753
64949047
64921305
64318861
65019443
65019201
65017859
65017208
65016429
65015358
64834492
64833612
64832974
64832076
65009600
65016588
65015720
65015159
65014236
65013252
64981545
64981272
65018685
65018332
65017841
65022113
64979286
64966033
64927593
65023623
65006290
65022369
65022185
65022058
65021823
65021326
65020395
64981559
64776628
64691285
64691160
64687749
64650985
65004926
65017199
65015802
65014281
65012978
65012125
65010416
64992913
64992514
64991839
64997389
64996663
64950064
65012554
65011316
65010387
65008683
65009981
65008299
65006351
64989324
64988243
65023734
65020055
65024460
65024198
65023911
65024586
65023986
65023781
65024606
64984875
65024334
65023567
65023796
65024740
65024167
65024405
65024111
65023862
65024264
65024821
65024519
65001136
64999940
65021290
65020643
65020317
65019454
65001123
65006961
65004571
64960480
64958555
64956790
64994848
64994303
64993879
64993019
65011874
65006267
64983284
65016830
65016146
64996109
64994475
64994053
64993388
65001041
64997886
64996549
64989957
65000557
64998893
64998327
64995990
64995085
64994548
65024599
65024267
65008053
65006381
65021865
65021695
65021452
65024800
65023191
65022962
65022980
65024306
65023949
65022811
65022433
65025002
64684455
64543956
64498080
64445680
64433692
64699685
64692813
64690124
64452421
64643288
64591080
64583725
64440828
65024027
65022737
65022531
65022332
64980367
65023700
65023373
65012388
65010877
65009187
65007719
65023565
65023390
65023019
65022792
65005121
65004180
65003265
65023333
65023499
64639606
64638210
64637208
64635558
64633167
64631446
64594625
64594103
65023861
65023689
65023548
65014329
65013169
65012518
64979877
64970141
65024353
64984289
64983838
64983405
65022283
65022146
65021722
65025202
65024479
65024130
65023755
65022485
65022262
65022158
65023644
65023368
65023086
65021877
65021221
65020960
65025017
65024782
65024415
65016938
65015074
65014166
64988198
64972959
65025397
65025027
65024610
65024203
65023237
65003020
65010975
65010011
65006925
65024043
65023360
65022916
64996151
64866730
65025143
65024769
65024509
65024210
65023982
65023657
65023527
65024731
65024371
65023828
64963476
64957393
64953904
64952469
65022316
65022528
65013978
64983438
64983079
64930043
65024977
65024656
65023880
65023179
65022869
65015927
65014809
64990014
64989045
64947999
64946603
64943955
65023748
65023592
65023309
64999732
64998071
64995585
65023935
65024976
64990307
64980845
64980698
64927062
64868784
64816756
64816532
64816246
64998872
65022549
65022349
64999668
64998169
64996762
64995214
65023468
65023332
64941590
62389821
62388942
62387815
62386772
62386405
62385833
62385440
65022062
65021562
65021364
65021088
64774913
64767347
64752697
64742495
64668976
64872149
64869949
64745401
64642301
64540547
64775992
64731927
64728370
64665041
64631085
64759231
64708637
64697006
64653147
64686798
64651531
64524205
64422366
64375625
65025079
65024857
65024529
65022668
64980774
64847126
64803123
64986598
64986254
64985719
64984825
64971659
64970088
64968419
65020837
65020418
65020092
65025294
65022342
64993136
64929509
64927695
65025131
65024596
65022687
64745654
64734045
64435573
64431397
64426146
64667334
64541436
64470023
64449928
64430725
64385429
64383691
64347074
64340139
64731488
64665815
64655884
64640868
64539595
64472879
64436197
64984470
64699663
64492669
64448847
64446235
64402003
64532189
64531985
64446619
64438050
64388804
65023042
65022165
65021634
65021528
65021004
64989620
64989277
64988364
64987306
64986918
65022470
65021866
65013073
65011860
65023260
65019790
65019535
65018312
65023842
65021956
64985344
64984824
64984429
64984001
64983552
64983247
64982973
64982597
65025236
65023997
65024643
65021846
65021609
65021319
65021111
65011012
65022405
65021800
65021570
65025288
65024894
65024531
64776168
64494601
64438088
64431682
64401955
64739367
64688623
64532862
64440438
64440127
64433868
64752297
64547872
64435985
64434950
64741666
64656812
64537731
64824961
64589297
64439252
64433918
64432142
64653374
64563435
64475218
64441047
64427762
64423675
64983813
64977692
64945573
64729578
64728619
64728056
64727690
64727179
65025247
65022308
64996008
65025565
65025172
65024401
65024083
65023897
65023454
65025691
65025269
65025159
65024899
65024733
65024356
65023725
65025343
65024663
65024044
64979873
64979591
65025464
65025095
65025376
64984315
64983867
65006211
65024903
65025725
65001989
65024760
64787671
64786520
65011565
65009943
65018140
65014720
65013460
65011824
65000585
64999068
64997728
64996522
65007321
65006038
65004789
64986420
64985864
65015534
65014653
65012637
65011328
64990826
64990094
64996036
64995294
64994295
65011406
65010676
65009418
65025514
65014755
65007375
65005438
65004065
65001021
64988390
64919655
64918513
64917486
64969655
64967689
64962902
64985190
65013472
65011869
65011046
65010269
65008779
65007174
65006237
65004971
65025790
65025541
65025057
65025601
65025279
64897426
64896185
64894564
64845263
64843899
64841898
65025182
65026006
65015475
65025847
65016870
64984038
65025958
64978112
64977822
64906029
64904660
65020566
65020083
65019354
65019016
65017737
65017181
64884424
64833848
64833309
64832442
65025978
65025781
65025398
65024239
64956315
65025999
65021922
65017975
65017625
64981789
65025324
65023811
65022569
65022337
65021915
65024616
65024305
65020185
65021417
65020979
65020798
65020676
65026089
65025687
65025039
65024553
64974138
64973252
64959201
64926401
65022446
65021483
64955748
65019664
65017353
65016568
65013174
65026245
65025652
65024837
64960082
64933430
64887219
64886338
65021228
65020943
65020713
65020531
65021632
65021385
64890239
65026192
65025899
65025643
65025174
65024924
65026066
65024289
65024011
65023711
65023482
65016744
65015877
64989432
64988909
64977400
64976520
65026046
64991580
64991014
64990382
64989610
65025628
65025219
65024849
65024290
65025720
65024819
65023973
65015305
64876400
64875947
64875016
64873631
64531301
64530932
65007096
65005471
65001321
65000472
64998770
64962676
64959469
64957588
64936143
64935436
64934485
64933644
64993571
64993178
64946405
64944665
64943683
64942222
64940736
64940155
65012106
65010492
64970044
64968524
64967420
64966547
65004291
65002212
65000936
64767288
64766765
64766233
64687458
64687080
64686343
64685334
65014032
65013115
64947557
64815275
64814123
64813556
65016591
65016070
65015107
65013957
65012602
65011847
65007788
65026433
65026000
65025702
64661399
64660958
65012173
64978162
64977682
64977143
65018205
65017538
65016972
65012973
65012140
65019718
65019261
65018826
65018650
65018339
65017934
65017212
65016659
65004977
65004391
65003157
65001167
64999771
65003781
64938994
64937771
64936925
64914711
65001443
64998587
64997684
64997095
65024139
65023775
65023591
65023304
65022638
64996330
64994655
64993782
65026549
65026334
65026554
65026136
65025747
65011143
65013698
65010885
65006392
65009729
65008788
65003341
64938967
65016247
64996237
64994964
64994095
64962094
64960004
65013796
65012832
64915673
65002204
65000333
65015214
65004495
65002382
65000818
64999629
65018254
65017847
65017363
65016731
65016000
65015225
65014559
65013645
65019605
65019278
65018480
65017120
64966538
64964459
64962445
64960668
65016614
65015641
65026488
65026080
65025658
65024881
65024597
65016197
65008845
65007779
64966841
64965019
65015124
65013897
65013186
65009705
65008471
65026150
65025862
64946467
64945234
64944208
65016840
65011738
65010831
65007694
64996113
64994463
64983873
64983237
64955941
64997934
65016511
64986216
64985861
65008876
64931478
64948968
64948261
64947011
64905530
64904444
64942127
64940159
64938364
64937005
64935720
64935039
64939403
64938097
65025879
64992040
64991362
64984660
65010109
65000456
64998778
64997809
65010986
65009387
65000962
64999628
64803921
64801938
64765618
64764296
65015153
64987893
64999173
64995717
65007981
65006579
65004302
64963148
64936214
65009597
64748595
64747652
64747075
64746213
64745558
64745228
64744488
65001785
64996634
64995679
65012919
64791143
65011782
64987260
64986761
64986286
64942755
64990336
64989675
65006311
65027633
65027352
65014640
65013396
64912761
64964333
65027496
65027169
65026676
65026175
65025703
65025417
65025116
64991811
64899326
64865465
64864167
64863410
64996143
64865720
65008393
65001518
64999415
64942834
64941302
64939972
65000231
64998757
64934542
64993350
65027390
65026975
65026649
65026290
65025758
65025543
65000989
65000182
65024467
65006879
65005670
65003748
65002116
65001139
64998943
64960849
65026400
65025768
65025391
65025125
65024966
65024612
65024315
64839488
64838097
65010516
65009687
65007841
65006822
65004955
65003377
65002105
64886988
64885896
65027195
65026666
65024559
65024221
64982753
64996018
64932882
64868537
64868225
64867972
64867694
64816687
64816364
64815558
64815070
64814548
64829518
64743625
64976474
64975898
64972924
65010021
65009251
65008003
65006957
65016974
65016231
64950952
64949971
64995545
64934192
64933382
64878885
64878347
64877505
64876226
65011218
65009700
65008078
65006364
65005096
65003393
64912012
64910170
64908997
64907574
65017986
64972189
64971312
65025083
65024705
65024376
65024067
65013349
64997740
64996412
64995833
65019381
65018933
65018380
65017896
64913635
64911754
64910068
65034100
65033509
65032696
65032210
65033151
65032267
65031754
65031090
65026477
65039292
65057340
65055834
65055232
65053920
65052058
65046025
65043996
65042848
65038030
65037313
65047762
65035925
65026905
65026401
65026131
65060480
65059967
65059505
65053213
65051049
65058637
65057815
65057056
65055970
65054553
65053329
65051651
65050133
65048603
65047493
65051148
65048935
65047065
65046299
65044926
65043151
65041483
65040458
65038218
65046752
65044090
65042439
65040763
65039599
65037481
65051324
65046579
65044707
65040037
65039396
65038729
65034936
65042567
65039770
65038389
65037769
65036501
65045548
65043818
65042363
65041287
65036146
65035653
65034521
65033025
65060577
65060248
65059900
65059584
65059000
65058481
65054362
65053020
65050381
65049556
65058811
65058073
65057194
65056448
65053754
65052677
65035199
65034680
65060713
65059365
65057973
65057299
65056640
65055421
65043609
65041969
65041124
65037637
65036882
65056257
65054899
65052276
65033664
65033023
65048308
65041754
65035593
65033926
65032400
65037000
65033610
65032657
65055303
65049292
65045413
65043413
65029413
65028788
65028211
65027846
65044309
65056750
65051806
65055505
65053395
65034106
65033715
65032907
65031989
65031322
65030498
65053617
65052388
65031607
65027542
65037784
65037190
65055959
65046779
65058924
65058390
65057592
65051227
65050668
65049422
65047587
65031834
65030669
65027147
65060824
65060164
65059213
65054152
65058770
65058151
65054149
65035773
65034029
65033497
65046987
65044838
65029498
65029216
65028578
65049835
65031686
65030904
65030420
65030013
65029565
65028988
65027062
65040257
65037382
65030983
65027710
65026765
65025867
65027642
65052451
65047366
65045682
65059047
65056847
65033230
65027794
65027211
65026682
65052816
65047749
65060631
65060285
65055670
65028884
65027279
65029783
65042219
65035191
65034583
65029851
65057473
65052667
65051074
65049195
65030247
65029687
65028378
65052064
65050415
65060157
65059868
65050275
65049325
65047911
65037119
65036271
65035529
65031409
65034851
65033387
65046920
65043641
65031532
65047359
65040826
65039535
65049956
65049065
65046900
65044889
65035047
65034243
65033291
65048729
65047383
65045778
65041119
65039606
65038403
65037292
65035016
65033315
65040913
65039366
65038363
65037582
65036222
65035703
65035146
65034624
65033735
65033605
65033125
65032870
65032061
65031647
64977207
65056459
65055724
65054354
65051547
65050225
65048382
65046004
65044517
65042588
65040819
65049384
65047628
65045645
65043975
65036841
65035936
65035267
65034736
65032358
65057754
65056882
65055823
65055239
65054260
65053382
65051772
65033539
65059918
65059664
65059138
65058763
65058348
65057806
65056874
65056087
65055302
65054513
65035207
65033139
64986846
65036292
65035079
65032526
65031828
65031087
65030373
65029747
65054357
65036935
65060830
65060650
65060376
65060196
65052601
65051551
65050197
65049253
65048210
65045093
65043932
65042145
65040550
65039068
65041830
65033622
65033079
65032671
64861350
64858481
64857776
65035722
65033257
65032039
65031509
65031038
65041387
65039974
65037213
65036506
65035345
65027685
65056901
65055897
65053512
65052281
65050939
65049199
65043296
65042343
65040303
64991406
64988901
64985125
64984656
65034441
65033980
65032760
65032296
65058506
65044583
65036747
65036189
65034848
65034254
65038196
65037320
65036808
65036249
65035592
65034047
65032982
65032124
65043874
65041309
65040491
65039122
65038314
65037169
65036603
65033910
65030943
65034015
64963756
64962646
64961612
64959676
65034696
65032855
63628642
63628367
63627883
65028717
65028180
65027635
65027205
65026662
65026387
65052365
65051301
65050269
65048068
65045955
65044549
65043419
65040994
65039709
65038506
64797641
64795729
64199230
64197931
63953184
63950692
65057438
65056960
65056397
65055573
65048105
65045881
65043991
65042825
65041041
65035483
65034295
65036733
65036076
65032790
65031486
65030761
65030050
65029414
64988803
64988145
64987627
65042884
65041539
65037148
65032832
65045089
65044054
65043001
65042166
65040452
65039839
65039036
65038291
65037344
65036639
65030184
65029445
65028935
65028232
65061098
65060932
65060531
65042931
65041214
65039660
65038398
65036552
65045754
65031345
65030948
65007181
64997626
65032232
64971231
64786988
64752207
65037778
65036544
65035539
65002311
64999721
64997226
65035082
65033485
65031252
65030698
64484603
65029499
65051566
65050628
65048747
65014742
65058310
65057545
65056470
65055289
65053698
65043762
65042490
65037567
65036569
65035945
65056117
65055522
65031821
65030369
65029918
65029174
65028682
65027006
65026523
65035318
65034803
65033969
65023994
65023584
65023277
64874401
65033096
65031890
65031490
65030759
65029575
64982900
64982682
65039847
65045683
65043676
65041882
65038173
65036427
65031934
65031197
65029251
65027709
65027238
65026785
65039672
65038945
65037833
65036751
65036259
65035583
65034751
65033919
65033253
65028678
65028282
65055527
65054884
65054023
65052552
65050964
65048835
65044272
65043380
65055646
65054876
65053455
65049902
65044444
65043197
65041447
65044695
65043359
65042034
65040620
65038988
65031727
65031380
65032750
65031649
65030461
65030076
65012470
65009810
65031321
65020945
65020764
65041719
65038554
65031645
65031135
65026474
64986697
64986403
64985818
64985505
65031263
65030876
65029977
65029688
65029270
65028863
65028596
65036029
65030515
65034103
65032624
65031748
65030991
65027995
65027255
64987382
65048829
65046373
65045706
65044204
65030954
65030131
65029479
65029175
65028840
65024975
65022753
65061219
65060917
65060668
65060268
65060017
65059629
65059296
65058870
65058157
64984774
65042747
65040069
65038485
65033160
65030469
65029135
65028483
65027954
65027676
65047955
65044489
65042613
65045691
65044875
65043092
65042933
65041864
65040698
65052889
65051283
65049511
65048422
65046997
65045060
65043499
65040678
65039768
65039028
65038106
65036173
65055451
65054207
65053152
65051985
65050726
65049068
65047152
65044719
65061238
65060984
65060816
65060094
65059627
65059288
65058923
65039117
65059658
65059120
65052233
65050663
65048633
65042428
65052998
65055640
65054256
65053668
65052350
65051372
65049343
65047399
65046430
65044925
65040365
65045449
65043615
65042207
65052985
65056667
65055633
65061146
65060922
65060536
65049509
65046672
65024461
65024127
65023927
65061104
65060710
65060397
65024974
65058154
65020408
65043963
65036154
65035315
65034605
65033968
65032495
65031454
65030758
65025644
65054730
65053819
65052919
65051828
65048473
65040307
65034784
65061426
65061079
65058246
65056174
65032115
65029912
65050496
65049725
65048189
65046656
65044718
65042171
65040412
65038578
65037314
65035525
65052539
65051017
65030830
65030340
65029060
65028658
65047725
65061459
65061048
65060792
65060401
65060084
65059562
65036736
65036069
65035187
65055186
65054160
65052796
65051748
65048865
65047977
65037060
65045957
65061509
65061266
65033761
65029969
65050631
65051642
65038997
65028029
65030574
65030142
65026837
65026326
65049310
65047654
65045590
65043351
65042795
65041746
65038827
65048507
65034334
65033838
65058376
65057410
65056431
65055838
65054504
65032587
65038251
65036631
65054355
65029879
65060879
65059869
65034165
65029354
65052510
65028722
65031186
65049088
65044475
65043381
65039955
65038736
65037755
65036816
65035659
65035138
65032439
65031326
65028287
65056381
65055756
65054429
65053741
65052223
65051040
65048796
65046876
65044601
65043460
65030976
65029650
65029263
65020054
65044301
65040783
65039705
65037987
65034447
65032716
65032015
65039947
65038766
65038105
65035096
65033875
65033228
65029557
65030155
65028396
65027922
65027596
65036426
65047035
65045136
65041515
65037548
65035733
65055519
65035415
65033026
65029139
65028493
65043702
65041861
65040975
65039235
65038101
65036345
65031523
65048090
65046588
65045402
65034919
65027348
65047640
65046160
65044448
65061571
65059870
65032835
65056035
65054805
65053908
65030667
65049288
65048486
65045266
65027988
65035024
65034409
65030658
65053359
65051658
65046211
65043534
65038381
65061131
65051041
65040889
65047658
65037911
65054205
65059232
65058861
65052852
65051141
65045533
65061336
65060296
65061203
65059740
65057734
65055060
65054203
65058314
65048585
65040223
65055286
65060395
65060135
65059599
65059067
65052918
65051466
65045738
65046844
65059252
65058766
65057765
65039967
65050777
65048374
65047367
65045516
65057020
65052028
65050258
65052174
65050915
65050196
65060771
65058860
65052895
65051952
65051303
65049979
65034891
65059392
65050853
65058760
65040297
65038838
65049138
65047235
65041937
65040401
65053126
65050060
64940700
64731531
65052581
65051595
65050318
64967762
64966294
65026345
65052756
65050158
65049289
65048034
65042482
65041240
65039533
65058082
65051090
65049562
65047816
65045908
65052719
65051814
65041290
65034745
65049479
65044800
65043836
65039411
65059843
65059109
65038027
65035532
64998254
65057092
65050144
65048084
65046737
65044674
65015627
65050559
65055053
65039543
65050848
65049042
65046886
65057252
65056323
65055840
65054587
65052260
65061693
65051703
65050276
65048684
65052008
65048334
65046446
65044740
65061729
65056788
65048190
65044948
65056320
65055467
64726875
64726203
65056258
65055258
65054272
65052435
65048714
65046608
65045361
65053170
65050682
65049365
65046558
65045027
65042976
65040710
65039474
65053890
65053133
65051894
65050333
65049555
65048529
65046097
65045074
65042954
65031128
65030797
65054321
65052207
65050373
65017895
65017369
65016949
65016550
65005737
65004752
64968324
65051911
65046580
65000972
64999333
64878573
64877915
64876882
64875822
65045438
65044211
64997421
64996574
65049102
64964557
65051597
65049818
65049126
65046216
65042746
65041400
65040441
65037441
65036573
65045291
65043890
65035717
65035151
65046975
65045980
65044864
65032078
65031520
65005296
65003660
65002088
65001173
64953826
64952761
64952123
64951533
64885612
64885092
65060729
65060559
65060118
65059704
65059352
65058640
65057295
65056265
65055022
65054263
65047902
65045764
65043588
65041669
65039557
64967571
65036790
65036011
65018664
65018136
65017856
65016856
65050995
65049688
65027545
65027030
65045330
65039095
65041097
65032499
65034217
65032444
65031870
65031139
65059174
65051320
65049508
65045752
65031485
65030458
65029788
65029424
65029103
65028637
65028013
65061602
65061353
65061044
65060660
65060239
65059687
65059367
65058749
65051713
65049884
65047920
65045870
65044575
65028111
65055322
65054134
65053344
65052275
65051496
65049678
65048811
65047322
65040645
65039704
65029328
65028459
65027851
65050058
65048431
65047074
65033519
65032588
65030978
65030337
65027376
65061777
65055424
65027167
65009171
65049395
65047231
65044745
65037074
65061816
65026376
65033053
65032262
65028838
65052502
65051319
65050182
65033904
65033174
65032905
65032103
65039595
65060953
65033929
65033526
65033099
65056657
65050067
65060512
65059068
65058394
65058716
65058074
65030471
65028640
65026816
65061934
65037488
65036726
65060648
65060887
65060563
65060224
65009009
65007485
64917110
64915644
65044060
65042389
65053961
65008347
65006976
65005970
65055632
65054931
65054162
65052148
65048793
65047550
65046601
65057264
65056552
63562433
63328797
63327396
63326079
63294786
62986999
65056366
65055212
65054145
65052455
64916245
64914646
64912759
64910897
64909700
65057284
65056564
65055680
65054809
65050427
65046532
64779059
64778412
64530326
65053999
65052453
65050734
65049693
65024295
65023708
65053995
65052083
65046487
65042683
65038467
65037436
64917179
64914849
64174459
65051099
65038646
64990206
65043229
65059690
65059033
65058196
65057495
65056889
65055735
65054453
65037241
65033823
65061275
65061013
65060644
65060228
65059787
65059450
65050489
65049106
65054001
65052904
65052034
65049728
65048686
65016884
65015849
65015298
65056274
65055372
65051831
65038087
65044089
65012069
65010564
65007338
65002032
65000729
65049276
65041932
65001157
65000468
65049464
65047776
65046054
65020487
65020172
65019833
65019327
65052859
64672051
64670589
64668251
64408759
64407756
65054997
65053025
65051880
65046492
65055095
65053760
65052311
65042156
65040684
65040146
65039236
65056598
65056020
65053401
65052486
65047353
65051980
65049998
65012449
65009552
64877350
65047539
65013121
65011941
65010668
65056944
65055668
65054544
65054040
65052599
65046731
65044990
65042790
65029176
65028849
65028212
65027976
65027486
65021342
65057336
65056471
65052760
65045539
65054449
65051163
65049591
65042370
64722208
64718887
64717317
64715327
65052678
65050082
65062106
65062048
65060453
65057910
65062021
65061577
65059962
65016380
65047129
65057644
65056533
65055366
65054261
65043571
65029019
65059454
65045197
65036495
65040861
65059202
65046226
65051598
65052096
65050930
65042881
65042030
65028285
65042394
65029464
65043071
65059959
65059700
65058932
65058484
65057921
65057071
65056625
65041537
65057437
65057069
65055503
65054901
65054277
65053579
65053013
65057547
65056799
65055941
65051424
65049861
65048347
65046447
65044699
65043675
65051161
65044493
65049332
65047458
65046027
65044569
65058595
65058215
65057855
65057208
65056473
65053723
65057732
65056845
65056162
65054158
65052675
65051162
65050390
65059919
65056762
65056144
65061002
65060505
65060290
65015295
65014012
65012438
65053688
65055465
65054223
65053399
65016444
65048152
65042685
65038966
65037316
65055233
65053869
65047932
65062176
65050986
65049400
65048456
65046651
65036424
65035918
65034653
65052330
65047487
65044574
65051848
65049897
64679494
65040772
65049043
65056700
65055893
65052037
65050557
65047345
65044452
65056153
65050655
65048558
65057266
65061396
65061134
65053405
65051634
65050017
65048086
65046594
64682914
64677935
65044037
65042629
65040854
65001671
64965328
65003893
64958237
64959752
64957633
64945519
65049611
65048849
65041062
65035097
65031684
65056051
65053531
65051143
65049078
65044612
65043462
65042408
64878992
64877111
64876474
64412566
64359426
65050508
65049793
65010441
65008232
65046298
65001056
64999528
64960160
64909224
64905715
65048353
65047292
64969691
64968619
64967731
64966630
64559672
64985751
64985273
64302428
64301579
64301036
64111998
64111577
64111288
65040119
65039163
65037871
65036988
65036217
65035594
65034732
65049113
65047287
65042316
65046636
65045321
65042471
65040804
65037940
65051451
64995996
65049588
65048151
65047138
64997889
65050147
65045369
65042120
65040802
65039451
65038343
65037412
65036943
65038272
64933352
64932686
64884894
64884170
65047706
65045973
65042009
65003041
65000157
65046711
65045155
65042725
65041545
65038842
65005217
65002469
65060036
65059647
65059184
65058645
65058051
65057368
65056547
65055495
65054526
65053888
65048728
65046937
65038480
65051261
65050339
65048122
65046147
65044782
64931581
64930923
64930404
65055046
65054078
65053269
65050424
65047564
65046023
65057612
65056227
65055152
65054125
65052347
65012043
65041197
65029668
65029282
65007089
65041093
65039806
64316390
64275049
64146790
64144419
65000304
64971806
65043806
65024747
65024520
65024322
65024107
65023851
65041508
65039887
65038896
65037659
65031048
65029717
65046179
65044236
65043394
64838235
65043176
65040328
65038804
65038201
65037230
65033376
65051310
65048426
65047178
65045164
65040243
65053594
65051827
65049548
65046879
65040825
64754430
65050537
65048963
65047928
65046858
65044971
65044173
65040974
64962657
65040943
65043671
65032102
65031505
65031097
65030421
65001615
65043301
65040610
64536360
64328732
64327648
64326280
64325127
64210670
64208935
65038985
65001719
65001055
64997783
64768989
64768150
65040416
65044261
65041186
65040204
64751162
64750210
64727575
65040536
65038965
65054830
65053516
65044967
65039905
65046806
65044662
65043006
64962193
65060473
65059986
65059360
65058846
65058405
65057970
65057027
65046909
65039195
64960879
64841154
64838551
65047755
65045730
64947404
65049885
64775108
65055118
65054550
65053578
65052390
65049114
65045959
65044396
65042634
65053560
65050894
65049816
65047791
65046578
65045287
65039729
65062413
65039406
65002136
65035821
65034749
65034056
65033480
65058093
65057183
65056103
65054304
65038147
65045572
65043476
65042279
65009027
65050898
65049965
65048648
65046860
65045146
65040292
65042595
65041609
65040488
65008419
64990197
64989657
64989060
65044160
65045622
65033293
65032614
65032104
65051704
65051154
65050336
65048108
65046538
65044449
65059723
65059306
65058758
65058089
65057209
65059732
65059016
65058217
65057474
65028523
65027964
65059323
65057713
64989212
65041685
65006703
65049720
65062304
65057535
65054632
65053191
65062361
65046293
65044324
65042387
65039159
65037801
65037218
65036403
65035933
65035423
65034869
65034445
65033895
65062223
65062061
65061901
65061754
65061557
65061325
65061116
65060872
65053502
65048424
65061877
65015925
65013120
65052997
65051406
65037480
65036387
65047610
65045515
65019693
65061003
65059382
65056969
65056066
65055039
65019303
65019056
64991566
64972095
64971100
64920755
64920061
65013800
65051476
65047870
65035231
65034179
65062595
65062515
65058271
65059324
65059015
65057852
65056936
65058421
65055866
65053142
65050723
65049477
65048551
65046370
65037564
65042573
65033329
65032520
65032099
64996609
65053346
65052085
65050455
65048676
65046761
65044781
65043538
65042004
65037837
65037408
65040757
65036952
65035993
65034899
65034198
65005484
65004082
65057470
65056548
65055579
65054711
65053598
65056043
65054595
65052579
65050720
65046031
65036093
65033231
65032436
65031936
64949202
64947539
65059882
65058715
65058383
65057694
65057120
65024925
65024697
65024359
65058178
65050874
65049615
65056266
65053037
65049186
65047240
65032318
65050961
65046637
65045312
65042603
65039415
65048384
65044735
65043371
65041642
65040165
65038779
65054715
65053312
65049473
65047563
65042999
65041080
65034598
65033017
65034393
65033748
64930773
64929723
64782722
64782170
64647681
64464753
64463585
65049044
65048174
65046914
65045636
65031582
65060336
65059890
65033588
65050100
65049146
65047392
65046146
65034557
65034141
65057412
65050524
65044440
65043454
65006648
65045139
65043485
65040859
65039098
65033915
65033242
65033301
65062530
65062404
65062219
65061927
65061677
65061482
65061312
65051667
65050050
65049208
65047077
65045332
65043666
65042011
65053276
65051529
65049945
65062708
65047495
65039191
65048653
65032312
65051433
65047843
65044616
65061965
65028258
65003342
65002107
65000266
64998847
64987517
65032411
65031802
65030632
65030073
65029401
65028531
65041396
65039969
65033642
65031788
65058885
65057298
65056645
65047091
65045153
65043213
65041978
65041260
65042338
65041550
65040910
64888258
64887430
64886195
65044982
65032054
65031324
65062204
65061993
65061324
65060992
65060076
65022214
65021995
65041841
65040932
65039441
64816326
64780328
64769100
65035245
64977458
64976936
65012592
65011035
65060013
65059415
65055184
65053981
65052446
65050918
65046732
65057636
65056647
65055262
65036915
65034132
65030542
65030093
65029515
65029110
65058387
65057801
65056763
65030665
65029956
65004354
65002411
65041179
65040160
65039486
65038290
65036498
65035792
65035227
65004812
65051843
65038089
65036936
65036155
64985322
65049034
64986986
64986726
64986294
64986052
64985718
65010035
65038394
65004550
65002558
65000992
64998786
65054516
65053427
65052325
65050441
65038328
65037842
65037026
65035974
65036722
65036106
65062336
65061662
65061163
65058518
65056961
65038213
65060895
65060741
65059847
65059665
65059118
65058896
65054541
65053061
65051638
65050372
65049123
65047740
65043623
65042514
65040984
65032193
65031457
65060223
65036161
65035580
65034264
65043979
65042066
65040431
65035204
65034398
65033814
65047068
65045470
65043660
65042396
65041069
65039673
65044349
65042593
65062945
65062811
65062641
65062553
65055078
65054599
65052949
65049961
65047918
65045821
65044302
65042537
65040800
65052575
65050962
65047119
65046028
65044659
65042831
65059970
65059678
65059105
65058069
65057197
65056501
65055811
65054660
65053685
65053650
65051217
65048244
65046166
65062872
65062648
65046119
65037894
65061964
65061709
65061523
65060785
65060226
65059587
65058699
65056741
65055547
65052067
65028488
65028253
65027468
65027056
65026557
65026417
65026194
65037561
65054969
65051229
65048241
65046972
65045673
65043833
65047739
65045485
65046432
65057809
65041872
65039935
65038511
65037531
65037209
65062927
65057597
65057223
65056591
65055430
65052009
65031849
65031132
65030327
65029991
65029322
65028630
65028002
65046181
65045010
65041871
65040370
65039358
65038531
65037621
65036299
65035270
65063135
65062847
65062720
65062430
65062214
65062072
65061776
65061720
65035426
65034618
65027209
65026692
65024345
65062928
65037568
65036528
65035756
65035241
65034458
65033492
65032615
65029140
65028616
65028059
65062904
65035353
65034469
65037710
65036710
65035869
65035378
65053245
65031923
65049769
65048178
65047501
65046352
65045773
65044275
65042616
65039313
65037905
65036835
65056275
65055208
65053664
65052661
65050900
65048349
65058319
65056507
65043955
65046570
65045416
65044344
65043094
65041314
65039752
65038939
65031714
65031155
65030533
65055442
65029138
65055933
65054653
65053801
65053030
65033472
65032957
65032174
65031746
65030610
65030009
65028803
65042472
65040771
65039234
65038292
65062293
65062154
65062024
65061839
65041822
65040163
65039067
65037053
65059363
65056004
65050326
65049172
65043948
65042642
65041469
65035455
65034707
65033859
65032963
65032383
65031567
65031065
65030512
65028573
65027937
65026833
65055056
65054316
65053520
65051900
65046834
65045274
65043214
65046484
65044778
65043658
65042619
65049537
65043220
65042114
65044175
65046038
65044565
65063138
64992724
65060619
65060265
65060054
65046349
65042015
65036091
65035262
65033768
65032092
65062422
65062277
65062068
65061795
65061188
65060722
65016628
65063270
65063071
65062851
65040106
65055420
65054645
65053311
65051570
65050005
65010297
65008989
65007959
65054192
65053075
65051738
65050200
65046511
65044650
65009371
65050512
65049321
65048180
65046322
65045226
65043989
65043180
65041741
65040177
65008159
65058661
65057980
65057392
65055753
65055730
65054332
65045248
65043465
65056059
65054992
65054320
64730861
64730468
65017663
64974353
64861864
64814282
65051669
65041574
65039833
65038501
65037304
65055619
65053072
65051908
65044454
65042788
65040520
65034351
65032802
65031184
65030576
65049657
65045712
65043792
65041475
65039403
65057876
65056976
65056138
65051362
64960954
64959615
64896698
64895336
64893825
64893290
65012676
64835808
64834805
64834084
64833448
64791278
64964338
64957783
64953557
64952713
64897727
65036970
65036317
65042771
65041398
65040641
65034546
65033571
65063027
65062862
65062639
65062463
65031891
65033460
65032643
65032076
65031568
65063154
65047738
65044828
65042740
65040983
65039897
65059326
65058756
65058095
65057540
65056535
65055324
65054257
65052099
65050645
65033665
65032882
65037269
65001389
64996333
65063409
65062727
65062511
65062377
65061148
65015695
65013580
65049250
65050637
65048875
65038912
65017741
65015977
65027778
65048843
65046965
65044770
65043880
65059812
65059444
65058632
65057260
65056130
65055315
65053486
65052146
65034252
65033478
65032996
65032401
65041768
64985937
65050260
65048453
65046703
65045323
65043677
65041275
65039104
64927621
64927448
64927226
65044909
65044087
65043438
65042273
65040014
65038591
65028196
64850815
65059278
65058873
65058368
65056450
65054930
65052639
65046334
65045551
65028702
65028114
65027497
65027144
65026651
65037949
65036670
64885708
64883063
65028789
65008702
65007029
65005348
65003462
64989932
65037862
65034288
65033829
65033391
64975409
64702375
64669627
63973432
63768671
65058786
65047303
65039164
65038001
65058352
65057830
65057134
65056299
65055740
65053779
65052616
65051228
65050178
65036407
64702666
65036081
65038033
64991801
64991270
65053450
65047952
65034277
65017382
65035726
65034551
65034111
65033382
65032628
65031757
65031179
64067609
64066706
64061337
64060222
64058972
64058155
64028390
64027360
65030985
65030474
65030005
65029669
65029162
65028952
65028354
65027560
65054174
65052762
65051525
65049948
65046271
65043608
65057938
65054713
65053157
65035177
65055267
65053850
65048609
65006949
65062238
65062018
65056789
65013868
65012390
65010958
64968248
64966103
64856818
65056669
65053945
65053073
65051617
65045345
65041401
65037367
65051984
65019157
65018689
65016824
65015797
64680577
64163415
65059941
65059642
65058670
65055456
65026900
65053885
65052383
65050755
65049330
65047027
65045604
65043085
65051373
65049767
65048103
65057889
65057494
65057107
65056566
65055013
65054020
65052427
65050611
65022773
65062265
65062108
65045696
64996593
64993559
65044880
65003710
65001796
64501939
64423497
64422303
64376799
65028666
65028127
65027484
65004473
65002539
65000815
65051532
65044608
65042186
64969244
64999330
64957661
64956822
64955224
64954418
65001570
64469613
64467091
64465085
64463431
65050876
65049367
64922054
65061359
65060990
65062774
65063719
65063484
65063322
65062231
65063513
65063919
65063652
65063453
65063233
65062996
65063786
65063621
65063586
65063362
65063496
65063324
65041704
65063086
65054169
65053028
65051368
65049352
65043240
65040871
65049109
65047335
65032608
65032009
65031328
65030744
65030118
65029593
65045375
65043984
65039912
65037908
65031758
65031407
65030697
65041595
65040366
65039860
65038498
65037172
65036444
65029870
65029481
65028871
65028295
65063637
65063297
65063087
65064125
65063922
65062331
65062179
65061703
65061239
65060994
65061306
65060957
65059703
65059060
65058432
65060434
65063433
65060074
65059567
65060920
65060514
65056340
65054376
65045642
65044527
65043224
65041548
65040572
65064505
65064341
65055550
65053936
65033560
65032018
65031546
64994967
64993953
64993390
65053368
65050630
65049541
65047778
65049679
65048019
65056281
65055220
65013568
64977767
64976871
65058521
65057821
65052277
65062551
65020376
65046627
65033524
65012028
65061463
65063175
65064548
65063608
65061540
65063827
65063660
65063370
65063214
65062786
65062663
65062554
65062363
65062158
65061912
65061650
65060708
65061680
65060187
65059691
65059356
65058950
65022731
65060795
65060461
65059935
65059351
65059058
65057699
65061815
65061617
65060819
65060541
65058882
65058199
65062119
65061919
65060651
65060291
65059747
65059085
65019676
64969200
64897934
64844068
64836408
65061083
65024709
65024150
65063693
65063467
65062997
65060085
65058647
65062139
65061960
65061847
65060983
65064677
65063953
65063831
65063707
65018907
64815737
65059403
65057394
65021416
65060494
65059893
65059274
65036891
65055676
65053200
65047876
64866348
65029148
65023446
65061724
65021752
64984816
65063261
65063174
65063028
65062781
65062703
65062601
65061635
65061759
65061553
65053551
65050570
65049526
65012562
64972204
64971376
64970301
64969296
64967319
64966510
64965638
65063906
65063540
65062837
65062711
65062585
65062470
65062345
65061956
65061457
65055011
65062550
65062000
65061770
65060753
65060591
65060162
65052484
65060723
65060301
65059754
65028566
65028107
65027810
65027511
65062006
65058290
65057883
65057233
64973731
64895704
65060721
65059506
65057886
65057328
65060630
65058895
65048762
65062174
65061444
65060110
65064394
65064127
65063991
65063860
65062459
65062306
65062181
65061504
65058702
65057965
65057044
65054247
65052967
65058967
65059838
65058369
65057836
65056899
65056485
65003843
65002477
64999444
64998124
64997019
64884462
64883961
64427335
65059726
65059321
65058532
65034223
65033142
65030281
65029936
65046448
65044671
65042377
65041486
65039463
64725687
64692389
64690709
64484477
65048471
65046483
65048439
65046321
65044256
65033831
65032505
65031293
65030865
65049414
65061511
65061373
65061152
65060972
65060836
65060579
65060177
65059827
65059418
65041528
65039592
65038840
65064930
65064441
65064099
65052332
65050652
65048957
65051029
65048837
65045736
65044050
65048646
65063636
65063466
65063251
65027816
65027288
64595669
64595243
64595059
65058727
65057604
65056593
65050410
65040330
65059387
65059131
65058563
65058125
65057560
65056885
65056295
65055851
65052660
65050895
65060624
65060008
65043863
65041971
65023984
65062237
65061775
65061588
65061432
65060864
65058681
65058005
65065017
65064764
65064400
65064156
65064450
65064299
65064077
65063997
65064914
65064613
65064343
65064210
65064347
65064098
65063969
65064559
65064116
65063834
65039069
65052442
65048657
65054925
65053573
65063107
65061066
65064672
65018896
65065082
65064779
65065117
65064497
65064404
65025844
65065224
65045942
65043035
65042270
65064937
65065134
65064837
65065188
65046037
65062211
65026286
65033772
65031702
65026438
65064808
65064765
65052782
65026514
65038859
65063356
65063234
65063052
65065330
65019758
65039468
65065313
65065451
65065471
65047999
65065374
65060048
65036142
65065479
65065162
65064865
65064553
65064314
65064073
65063852
65047796
65054722
65017525
65061641
65064710
65064532
65064221
65063872
65063728
65063591
65063293
65026098
65025576
65065091
65064942
65064637
65064025
65063944
65063815
65062307
65062101
65065533
65065544
65065210
65065037
65050686
65047612
65040187
65039202
65065493
65064972
65063106
65031268
65041229
65065856
65059769
65058554
65058071
65065316
65065015
65064853
65063771
65063569
65063188
65061656
65061568
65061288
65060929
65065931
65065645
65046071
65040020
65038723
65037472
65028973
65066128
65065508
65065982
65065642
65056634
65028105
65065984
65063593
65065837
65064871
65064569
65024419
65024093
65063030
65039498
65038984
65038169
65036608
65034988
65065744
65060264
65039658
65038547
65038592
65037374
64998148
64996315
64994126
65056927
65056159
65055485
65054790
65052820
65051395
65049750
65047013
65045497
65043691
65010276
65050488
65047190
65045714
65043903
65056683
65030707
65029944
65029253
65028852
64992873
64931416
65031719
65031171
65029715
65029312
65028993
65058610
65057038
65060585
65060052
65055684
65053660
64973763
64973308
64971994
64970401
64969474
64967532
65065209
65064998
65064659
65047701
65033905
65033358
65032871
65027162
65026723
64928854
65057166
65056021
65055455
65054019
65053178
65046836
65047516
65046170
65044223
65063187
65062972
65062667
65062465
65062252
65062014
65061409
65055883
65053654
65048185
65063112
65040616
65039149
65038131
65037624
65066498
65066124
65066557
65066213
65065800
65065342
65065009
65063923
65063724
65063543
65064396
65065356
65065185
65064878
65063338
65064797
65064268
65063918
65066895
65066527
65063633
65063452
65063347
65046830
65045114
65043167
65063040
65062892
65047893
65045451
65043672
65039976
65003634
65002017
65060028
65059486
65058964
65057180
65056608
65046251
65000023
64999139
65037043
65036449
65046265
65044249
65042292
65040541
65038850
64945009
64943570
64942287
65034882
65034318
65033928
65044729
65038349
65037089
65036524
65066968
65066784
65012145
65009653
65040511
65038920
65037974
65037407
65035841
65035104
65042549
65038858
65037722
65043533
65041625
64983846
64983612
64983378
64954238
64953699
65059807
65058948
65066692
65066273
65066047
65065736
65065406
65064602
65064354
65063999
64939766
64938531
64936858
64932478
65060695
65060139
65059734
65059046
65045257
65043857
65042828
65041427
65003562
65002593
64958085
64941263
64940111
64938901
64908795
64894691
64893829
65054623
65053221
65052576
65050884
65049358
65047344
65044412
65042172
65040232
65060172
65054423
65053320
65052045
65050255
65048496
65008960
65008193
65007099
65035852
65046802
65045454
65043468
65041716
65051733
65041826
65039397
65030870
65042266
65033167
65067230
65066980
65066593
65066412
65066041
65042397
65057777
65028421
65015056
65012171
65010778
65009071
65054047
65051342
65049574
65046094
65051465
65049457
65047447
65041713
65016086
64985215
64959880
64958127
64920299
65058272
65057599
65056571
65055751
65052481
65056054
65052751
65067090
65066610
65055885
65057848
65056714
65055617
65055165
65053852
65052518
65051306
65063042
65062822
65051255
65065402
65065060
65064323
65009598
65066866
65066556
65066094
65023637
65023394
65064453
65064222
65063967
65063642
65063386
65063194
65062918
65062726
65062485
65062241
65063839
65063561
65063202
65062957
65062870
65062754
65058719
65000370
64998964
65058230
65057462
65067532
65066929
65066592
65016582
65001035
65057432
65056962
65055986
65054791
65053776
65053258
65052278
65051350
65049356
65047644
65046399
64944828
65042703
65040108
65039294
64985340
64985056
64984624
64984231
65033259
65031937
65030156
65067685
65026043
64999190
64997972
64852539
65044961
65001351
65043268
64944768
64942386
64934337
65046433
65059056
65057736
65057163
64987789
64912184
64909854
64906172
65056010
65037334
65036782
65028119
65027781
65027293
64958096
64957265
65000328
64999343
64997851
65002653
65067702
65041730
65056375
65054531
65064833
65064673
65047222
65045331
65043396
65034322
65061797
65064850
65064583
65064422
65064265
65063841
65059749
65059247
65058615
65058020
65057138
65056131
65053876
65053121
65051418
65065637
65065404
65065213
65064628
65037609
64994477
65067983
65068019
65067555
65052312
65048245
65046139
65039417
64946553
64945324
64944193
64992389
64991621
64990869
65066282
65065899
65035998
65035681
65028994
65028450
65008971
65007263
64966478
64941526
64940222
65065571
65053844
65034418
65055841
65054719
65051231
65056426
65050636
65011210
65009513
65055702
65063236
65041637
65052040
65047514
65049234
65062276
65061875
65061633
65061142
65060680
65060297
65051927
65049517
65064960
65059405
65058780
65065311
65035470
65066376
65066009
65073832
65073066
65071247
65092528
65090874
65089627
65089066
65087912
65085459
65075310
65088365
65086705
65083819
65081118
65079669
65075730
65074977
65076542
65074863
65074014
65073309
65070924
65070268
65069615
65069066
65068551
65083095
65091759
65089277
65071129
65098989
65098508
65098113
65070630
65070042
65091876
65090266
65088933
65084747
65082724
65080148
65078248
65077299
65076204
65084980
65074115
65072832
65072063
65087370
65086631
65085591
65084147
65081435
65080459
65078901
65077804
65075574
65075926
65069976
65068007
65067666
65067367
65097758
65097340
65098099
65097603
65097276
65096493
65095614
65094512
65093455
65092330
65090601
65089476
65087340
65073886
65072186
65071463
65069711
65066515
65091902
65075085
65074583
65072274
65071579
65069727
65069142
65093491
65092655
65088093
65070066
65086228
65084200
65082096
65090488
65089332
65088162
65086119
65084363
65067042
65066681
65066296
65098477
65097944
65096143
65095133
65093899
65092726
65091408
65088955
65091205
65089951
65087643
65085793
65081657
65084191
65067173
65099055
65074816
65071794
65085855
65084544
65079455
65078460
65075137
65098781
65090814
65096595
65095850
65095122
65071338
65071008
65068962
65090390
65072598
65071101
65070503
65097324
65094746
65072407
65071880
65071202
65079177
65095828
65094933
65093890
65093257
65092637
65091613
65090511
65088672
65087110
65085278
65083178
65071954
65096804
65096110
65095226
65094826
65094187
65093553
65093267
65073553
65070736
65092034
65087026
65083451
65095370
65094264
65092918
65098883
65067470
65066964
65091179
65069405
65068771
65068225
65067539
65066336
65099154
65098652
65084374
65096649
65090036
65070302
65072739
65070615
65068667
65068117
65067836
65074386
65090607
65088014
65086258
65091567
65090462
65088456
65086821
65085657
65072400
65069490
65068874
65093696
65089495
65087734
65084403
65067678
65067271
65067069
65066545
65065991
65065531
65065034
65064492
64987606
64987063
65085101
65067782
65082461
65088731
65074582
65096761
65091725
65086452
65071678
65067264
65066755
65095775
65095149
65094282
65093154
65091653
65099293
65097626
65096614
65095923
65094976
65084768
65082883
65099315
65098870
65098417
65098205
65097711
65096992
65095734
65095292
65099089
65098730
65098272
65097738
65097477
65096706
65082982
65081948
65078614
65077966
65091226
65089355
65087882
65086989
65085075
65083777
65075238
65074711
65036827
65036201
65035791
65034906
65099434
65099177
65077339
65076622
65075851
65081965
65080965
65079286
65058305
65057225
65078310
65077168
65075972
65039778
65037346
65036700
65035890
65087218
65086459
65085045
65083203
65082388
65080413
65079049
65078064
65077412
65087871
65086741
65085231
65084657
65072952
65098217
65096928
65096539
65094310
65091911
65069297
65077458
65076154
65075093
65070966
65070437
65075573
65087977
65080933
65076758
65071589
65089940
65086826
65084923
65083866
65076914
65076298
65075743
65074895
65078697
65090745
65089461
65087263
65078234
65076849
65095953
65087627
65093417
65082025
65079647
65077925
65077164
65076536
65075412
65089847
65071455
65070487
65070254
65069651
65069335
65068295
65067162
65099433
65097729
65075444
65072382
65071917
65069973
65068552
65082379
65081350
65079010
65077770
65075877
65074233
65073789
65097515
65097182
65096136
65095090
65094649
65095615
65091278
65089242
65088330
65096075
65095699
65094781
65094069
65092773
65091830
65090309
65088650
65087256
65085928
65092836
65087995
65074835
65073343
65093621
65085608
65084554
65084078
65071299
65053415
65052770
65051097
65050072
65029141
65028728
65070257
63443329
63442484
63441877
63441192
63440448
62873637
62872664
62872071
65069275
65068714
65068417
65052077
65047865
65045659
65018887
65018594
65017932
65073111
65072285
65071222
65081382
65080609
65079584
65078908
65078131
65077084
65098893
65098536
65098279
65096779
65095896
65094082
65092569
65090583
65089770
65083692
65081902
65079417
65078489
65076938
65093956
65087235
65084342
65091059
65089173
65093836
65085781
65088153
65085202
65098460
65097994
65087236
65084308
65088282
65087150
65084953
65083257
65079864
65077414
65080666
65091347
65087617
65085346
65083406
65099594
65082608
65054673
65085758
65083034
65081603
65080088
65091992
65089031
65087399
65085442
65083863
65081962
65079972
65072679
65072299
65095730
65095279
65094626
65093624
65057384
65056262
65089891
65088050
65083950
65082715
65027675
65027425
65091700
65088506
65087182
65066260
65065966
65052021
65050713
65037912
65036783
64940087
64939295
64937927
65098141
65097559
65097012
65096650
65088109
65089425
65088413
65085422
65084178
65080313
65003767
65001921
65092233
65090038
65088331
65086354
65083833
65069162
65068659
65068286
64987142
64967715
64874855
64810069
64808713
65081826
65094599
65094081
65093378
65000898
64964679
65099587
65099296
65099075
65098571
65098026
65097461
65096718
65096042
65095233
65091540
65087447
65068099
65067649
65067235
65066225
65065854
65096327
65095413
65094782
65073969
65073228
65072888
65072302
64921451
64920410
64919924
64919220
64918518
64917755
65045667
65040919
65042744
65041345
65037873
65036977
65035977
65091080
65052476
65051632
65049389
64991151
64990358
64989654
64989421
64988590
64988225
64987958
64987216
65091261
65085834
65085147
65077919
65073625
65072651
65071921
65071483
65069241
65068957
65068603
65029323
64996915
65086090
65083780
65052803
65049873
65048915
64911473
65084868
65064754
65064218
65063905
65063777
65051094
65047717
65099402
65099264
65098610
65097936
65077282
65076211
65074339
65073935
65073405
65072543
65034937
65092668
65090541
65087621
65086761
65084870
65051683
65094499
65093692
65095761
65094802
65093689
65092317
65091411
65090623
65086822
65098356
65097846
65097425
65097099
65096644
64767652
64765449
65066649
65066246
65065262
65064815
65064460
65064278
65092796
65091885
65076023
65075187
65074356
65073896
65073296
65072896
65091696
65087514
65085332
65084703
65083816
65082265
65081187
65079645
65098776
65098291
65097923
65097031
65096611
65095762
65094824
65090886
65099552
65098622
65098087
65097739
65095021
65094087
65092877
65088099
65086973
65084298
65093353
65091895
65090387
65086322
65074879
65074094
65073681
65097978
65097531
65097069
65096760
65096236
65095574
65099166
65098700
65098260
65097740
65097346
65096686
65095361
65094386
65092863
65098357
65097807
65096904
65050776
65090643
65089436
65085647
65080852
65080016
65078550
65095692
65094830
65093793
65092604
65085950
65083930
65090059
65089043
65056026
65050546
65048732
65069702
63340190
63339422
63338816
65094301
65093082
65092327
65091281
65098598
65098321
65098006
65097469
65096705
65095875
65095221
65092302
65089683
65091079
65089704
65081855
65063039
65080640
65079202
65012332
65095535
65094655
65093762
65066431
65066120
65077141
65081798
65080381
65046064
65096109
65095479
65081523
65080899
65076789
65065684
65095242
65079066
65074354
65092175
65088298
65099791
65099622
65099338
65098821
65098438
65098136
65097577
65096983
65096163
65095551
65077217
65091721
65090169
65080198
65075074
65074111
65073713
65070147
65073726
65072894
65072164
65071370
65071111
65070349
65079940
65074471
65073324
65077732
65076995
65097906
65097368
65096871
65093395
65092086
65090858
65089276
65082020
65080322
65077418
65072853
65089949
65088429
65086812
65085479
65084118
65082447
65080655
65079706
65077614
65082707
65080991
65075025
65074211
65033136
65053342
65042867
65041479
65040685
65039569
65015513
65014405
64953603
64952285
64951576
64951162
64950385
65099849
65092294
65076415
65089640
65091476
65083081
65078973
65075740
65099974
65099707
65084832
65065978
65081351
65079253
65099725
65098535
65082527
65081024
65077674
65091718
65090211
65088899
65087498
65080095
65074522
65093852
65092565
65091019
65089430
65088147
65091504
65088443
65090496
65088788
65086998
65085466
65072766
65098035
65094412
65090485
65088995
65088327
65085360
65083827
65069179
65068556
65078385
65085865
65077198
65073453
65072650
65087101
65092560
65089924
65088492
65079744
65078823
65077576
65075477
65074242
65091078
65086427
65083174
65082613
65080721
65079282
65092182
65082988
65082155
65080759
65080123
65081556
65080498
65079109
65077865
65077162
65088505
65083893
64962069
64958260
65073057
65089216
65098400
65096118
65088835
65096270
65093467
65073236
65084103
65082757
65081823
65080954
65079661
65078381
65074675
65091030
65085421
65083776
65090040
65088823
65087775
65100107
65097249
65096528
65095543
65094632
65070878
65066200
65076872
65075978
65075597
65074832
65074018
65073505
65072666
65072266
65071557
65067799
65068748
65090193
65088646
65070028
65073078
65072326
65071639
65070980
65070606
65069074
65099912
65098945
65091453
65090636
65089252
65088173
65076295
65087572
65086392
65084729
65081392
65080137
65079472
65078855
65078084
65098587
65098077
65067920
65096740
65095662
65092759
65092030
65090296
65076309
65075665
65074847
65094754
65093450
65092192
65089655
65088144
65097960
65097281
65096808
65096102
65095596
65094703
65093879
65092820
65090420
65066319
65065600
65065352
65024710
65100144
65099846
65099598
65099422
65072486
65071672
65070789
65068668
65088557
65087052
65084739
65082775
65076232
65075427
65095106
65094324
65092772
65091178
65089614
65086455
65085193
65054800
65054234
65053554
65052265
65092730
65090714
65089114
65095528
65094490
65093860
65092847
65091041
65092538
65078035
65077380
65076541
65076064
64940691
64221379
65096486
65095970
65095385
65094228
65093547
65093973
65092894
65088198
65086910
65085032
65086978
64957156
64953794
65092486
64920708
64918770
64916776
65096696
65094454
65093725
65090919
65089859
65013820
65012817
65011195
65010245
64945946
65088321
65085413
65057156
65015480
65100033
65092421
65091061
65087455
65058728
65056337
65053881
65094191
65093178
65091826
65090443
65087960
65079120
65078643
65069422
65069043
65090547
65093908
65092017
65093743
65091241
65082054
65081036
65080341
63656309
65087736
65083835
65082823
65081123
65079994
65079040
65077773
65088295
65086363
65053709
65085381
65081956
65080456
65079479
65078144
65077406
65095903
65095500
65094442
65093528
65091956
65090299
65093396
65090544
65088341
65070612
65070210
65069326
65069003
65087485
65087996
65086983
65085618
65083817
65079811
65078427
65095625
65095167
65094487
65093265
65092209
65087675
65086519
65092419
65088085
65051032
65050189
65049084
65047056
65084090
65045690
65100318
65099999
65099817
65099697
65099445
65099152
65098818
65098631
65098449
65049724
65047630
65030587
65072120
65071615
65070643
65069416
65069077
65068560
65068273
65067943
65098899
65098618
65098192
65097844
65097187
65096787
65096520
65095882
65095325
65094551
65099734
65099532
65099156
65071889
65071445
65043644
65086729
65083421
65081974
65080334
65079475
65078335
65077508
65076830
65073600
65073206
65072817
65072323
65071475
65069642
65071695
65070541
65069865
65047194
65040726
65075198
65073610
65070495
65069757
65069322
65082392
65080820
65080060
65078155
65077183
65097534
65096238
65095281
65094510
65092926
65091776
65089088
65080998
65079067
65077797
65076642
65075769
65075373
65071630
65091295
65090409
65088710
65086871
65086148
65084428
65073965
65073416
65098091
65097833
65096806
65096400
65094804
65093583
65088920
65088325
65086726
65085568
65084774
65083741
65074535
65074047
65066328
65065937
65069625
64998265
64997565
65078623
65077618
65076497
65099509
65099281
65098737
65098251
65097199
65099255
65097597
65086904
65085673
65084915
65083277
65100283
65100138
65099919
65099588
65098498
65097989
65096574
65095772
65100078
65099936
65099627
65099383
65098657
65062483
65099775
65099467
65097875
65099885
65099607
65099240
65096566
65095839
65070884
65070246
65098269
65083946
65069745
65069352
65068846
65068411
65065131
65064915
65064292
65098129
65097686
65096511
65096049
65095204
64324310
64322304
65100398
65100240
65099865
65099718
65099368
65099195
65090710
65086321
65099519
65099184
65098155
65097338
65096971
65096208
65095377
65097660
65089827
65087053
65085571
65083944
65066792
65099540
65099410
65098469
65097572
65058918
65058252
65057691
65097613
65061425
65097212
65094784
65092337
65091361
65098761
65097370
65096912
65096456
65095776
65094936
65094221
65092462
65091497
65098957
65097900
65097377
65096141
65095378
65097943
65087635
65096996
65095905
65094922
65059239
65100384
65100065
65099785
65099309
65098926
65097971
65097614
65100443
65100209
65099874
65097103
65096453
65094920
65094070
65093170
65099946
65099642
65099028
65098991
65098048
65097690
65037088
65036461
65033950
64887747
65097578
65096923
65096725
65096182
64901828
65098036
65018511
65016179
65100287
65099879
65099323
65098968
65097800
65098579
65097479
65097144
65095664
65094844
65099085
65097733
65100340
65100201
65099906
65099648
65099292
65053662
65052785
65096558
65095648
65094697
65093901
65093279
65090228
65089712
65088950
65099586
65099211
65098594
65059780
65059116
65058544
65089199
65030021
64883000
65096843
65045814
65044164
65041289
65039747
65038544
65097359
65099480
65098663
65032867
65032578
65031851
65031470
65030914
65097289
65096879
65063766
65063618
65098564
65096752
65096304
65058150
65098540
65045368
65097639
65096630
65095977
65094856
65094272
65037830
65008768
65007356
64965769
64964423
64938257
65097172
65096466
65095911
65095460
65094558
65093723
65092597
65091807
65093869
65090888
65070711
65070260
65069550
65069033
65095034
65093733
65086409
65083175
65080360
65096087
65094237
65085447
65100127
65099802
65098246
65097528
65052345
65050062
64962110
65072633
65072079
65071587
65070937
65069921
65069313
65033368
65032690
65055585
65054631
65053972
65100527
65100273
65099444
65099115
65098880
65073085
65072717
65071739
65071334
65070139
65069626
65069190
65068893
65071170
65070169
65069696
65069065
65068727
65068439
65060359
65059842
65078982
65083636
65081909
65080420
65078932
65078171
65077679
65072808
65072507
63936627
63936128
63935051
63934558
63933569
63930687
65091021
65089251
65087878
65086823
65085206
65084064
65083256
65076074
65075296
65074485
65026825
65004016
65002987
65084187
65080981
65001429
64998213
65073777
65073080
65072581
65092002
65091058
65089971
65088861
65087880
65086642
65084532
65082791
65080497
65079608
65078588
65070926
65070456
65069428
65069012
65068589
65068080
65067833
65088632
65087772
65086749
65084994
65083660
65082492
65080804
65070701
65070415
65069371
65067313
65088025
65086858
65084973
65083471
65094758
65093896
65093041
65092239
65070998
65069400
65068851
65044840
65090542
65089386
65087651
65085077
65084004
65079051
65077938
65077121
65099724
65099333
65068810
65068419
65028461
65098912
65097697
65096933
65088763
65067409
65067111
65089714
65087864
65086014
65034101
64980318
64979912
64979742
64979472
64979287
65096729
65095922
65095521
65094593
65093859
65085415
65075324
65075014
65074493
65074146
65089613
65087602
65073697
65072988
65072284
65071768
65071102
64978167
64977819
64977327
65049073
65047340
65045775
65040118
65031248
65030716
65014190
65037990
65093439
65084867
65043083
65042277
65041127
65039950
65096985
65096164
65085036
65080736
65087671
65081361
65082246
65081653
64966820
64963799
65081577
65077097
65100410
65100137
65099788
65097916
65097468
65095978
65093937
65073332
65072768
65091195
65076698
65085804
65019973
65049514
65047734
65046017
65044331
65083832
65082105
65081436
65080128
65087319
65072542
65072038
65070911
64708844
65008396
65096633
65095603
65094764
65093299
65054507
65077791
65097184
65095545
65092435
65089825
65086467
65093307
65096058
65094972
65081913
65079328
65082732
65076216
65087051
65086142
65083137
65100361
65071925
65067430
65089765
65085098
65083551
65082007
65005010
65003097
65091652
65089938
65079605
65078269
65056665
65088984
65087314
65083071
65008643
65002259
65000892
65059556
65059291
64966503
65074986
65036005
65035343
65049361
65047372
65045707
65044369
65081156
65080109
65043602
65080048
65093034
65081803
65079070
64874642
65094006
65060375
65059756
65022194
65022037
65090706
65081730
65068381
65089562
65088576
65076086
65074575
65073792
65070713
65087015
65085736
65075782
65089351
65088422
65087254
65086271
65085319
65083725
65076362
65075381
65073159
65068689
65100772
65080591
65079258
65078151
65082458
65079388
65078217
65077025
65076008
65073939
65073184
65070189
65086017
65084376
65083323
65080518
65079014
65078260
65077203
65076148
65074965
65097304
65096609
65094167
65093119
65092101
65090996
65090047
65088393
65049656
65075569
65074707
65074278
65073576
65072872
65072121
65078231
65075713
65076252
65075640
65082190
65080731
65076329
65075759
65069004
65072929
65079272
65078031
65076731
65099394
65098311
65073755
65071948
65081303
65079543
65097274
65096465
65095560
65094469
65091367
65088293
65080194
65077538
65058942
65058155
65056786
65055219
65082094
65074875
65074155
65081107
65080305
65075437
65067066
65077313
65075653
65070528
65098002
65097406
65096730
65095785
65094842
65093919
65092673
65094722
65093947
65092344
65053031
65051430
65050046
65086032
65082219
65024580
65024453
65094129
65092049
65074067
65093964
65093384
65092098
65080848
65098001
65097416
65096845
65096543
65095653
65092878
65090013
65088804
65086123
65084406
65081611
65100390
65089435
65084653
65082990
65091196
65089612
65085519
65083781
65078725
65094614
65092953
65076677
65084736
65078275
65077034
65074766
65078810
65072678
65072221
65089286
65087395
65086098
65084710
65083012
65081264
65080191
65079227
65077955
65075524
65073934
65072500
65072000
65070428
65069572
65075298
65073887
65073386
65072709
65071918
65069823
65069477
65068966
65082251
65080560
65088847
65085463
65081248
65079671
65091532
65090335
65084117
65083035
65081398
65078263
65074846
65096323
65085305
65094485
65078140
65077456
65097085
65096679
65096187
65095142
65094494
65093880
65093113
65091180
65098740
65097121
65096394
65095563
65095104
65094518
65098484
65096349
65095946
65095009
65058490
65057893
64772962
65098352
65098005
65097268
65096901
65096564
65099512
65099168
65098826
65098437
65098057
65097179
65096496
65095590
65097397
65096889
65060860
65058485
65029406
65028842
65028132
65085960
65092053
65090466
65089428
65091979
65091203
65100453
65100003
65099645
65094231
65081819
65080519
65079005
65053139
65051796
64958803
65071619
65019500
65018773
65015899
65094778
65093591
65066481
65066172
65065755
65034285
65098383
65097727
65015322
64922661
64921762
65094389
65093122
65098462
65088208
65083970
65081922
65067085
65066785
65066529
65053725
65029160
65009531
65078330
65077623
65098461
65098163
65095246
65092035
65090998
65089666
65087811
65092959
65093829
65092474
65090574
65095183
65065602
65071027
65070371
65069833
65069257
65091111
65089535
65094023
65062755
65058585
65057424
65011379
65010542
65091898
65081698
65080732
65048030
65099831
64985902
64985238
64984667
64982674
65100046
65097115
65095440
65094478
65100924
65100610
65094376
65093785
65093014
65087696
65101076
65094049
64985067
65096583
65056681
65087389
65097821
65088659
65028872
65087275
65086259
65085207
65071733
65069528
65068489
65072954
65095869
65095028
65093768
65073543
65070561
65082652
65079360
65069436
65068679
65088126
65087222
65086560
65084763
65082778
65081189
65079809
65082252
65080634
65079339
65076494
65070985
65096392
65095685
65077099
65071529
65070094
65070871
65074782
65073601
65073260
65072433
65071570
65080818
65080230
65077405
65076945
65076010
65075034
65085110
65083094
65073818
65069206
65068772
65068406
65068086
65071078
65069431
65087488
65086339
65082972
65080951
65098718
65098451
65098092
65097679
65096937
65096444
65096121
65095707
65095067
65069099
65068534
65067986
65074912
65073877
65032000
65028954
65028397
64986370
64986100
65094177
65031420
64991320
65099623
65099245
65098809
65098555
65098038
65097422
65096757
65096215
65073436
65072660
65071993
65071367
65070759
65070299
65069174
65068029
65068320
65080028
65079020
65072268
65068975
65092689
65091897
65090968
65081886
65080704
65079687
65078296
65071208
65070346
65068744
65067661
65067171
65065917
65024675
65068483
64610355
64527558
64526399
64525098
64509438
65068652
65068135
65067718
65096746
65095089
65084231
65082862
65081586
65065646
65049232
65088288
65083883
65079179
65072396
65071162
65088242
65086479
65084330
65082697
65101241
65100994
65100792
65100543
65091630
65089083
65086988
65085809
65076215
65075515
65068802
65094337
65093604
65092830
65090945
65059053
65092943
65091249
65090275
65087914
65051096
65092808
65071491
65071122
65095390
65094319
65093705
65093059
65089352
65087673
65085724
65080357
65078943
65094458
65093827
65092595
65088735
65087207
65052906
65051436
65088898
65087166
65086109
65088959
65085770
65084760
65050565
65096124
65094638
65092725
65091173
65089789
65097024
65096292
65016243
65015586
65089217
65097221
64919719
64916872
65079844
64940530
65074072
65052031
64959052
64957139
64955933
64878789
64587708
64585853
64584717
65078418
65076057
65074267
65052428
65050064
65091763
65089230
65079161
65075980
65074301
65035840
65081742
65080370
65078977
65078432
65076462
65076018
65075509
65074372
65072801
65072112
65071649
65089877
65088737
65088041
65079549
65078479
65077055
65075827
65074312
65034361
65005876
65088394
65086104
65084450
65082395
65080285
65100291
65095033
65094526
65092133
65090502
65089325
65076749
65074730
65002831
65000646
65097993
65097634
65085169
65083993
65083018
65081460
65079967
65079192
65079524
65078280
65077587
65076969
65076155
65074456
65073739
64889456
65076363
65084885
65083477
65080392
65079374
65086121
65084469
65080740
65078824
65077668
65101198
65073298
65072623
65072094
65083363
65081716
65080617
65079908
65078659
65077889
65075395
65074984
65073994
65073562
64975861
65083185
65082299
65081390
65080391
65089707
65086742
65085822
65077425
65076879
65053511
65052977
65075322
64578698
65096178
65077646
65075066
65031668
64991197
64990374
64989702
64987668
65073978
65073021
65033643
65032892
64992526
65090587
65086433
65084684
65082804
64994176
64936819
65100798
65100550
65074100
65083842
65081202
65077876
65076827
65075388
65087006
65085143
65082494
65080424
65070787
65068863
65076765
65092274
65095082
65011262
65007584
65090734
65085664
65095765
65092416
64965383
64963468
64950785
64950031
64947870
64893378
65059738
64981846
65041601
65039380
65089301
65087390
65083414
65080801
65079957
65094606
65092387
64883800
64820463
64819723
65094796
65092211
65065443
65065189
65064377
65064168
65052608
65086181
65084640
65083844
65089526
65094100
65091167
65087998
65085996
65084590
65082929
63482283
65090085
65088614
65086293
65083258
65060954
65095907
65094937
65093838
65055976
65055402
65054276
65052641
65051691
65049907
65094364
65093500
65091632
65020261
65095245
65083449
65082257
65101452
65101274
65097778
65097309
65093676
65091459
65090111
65010844
64974264
65086945
65092685
65072562
65082204
65079190
65068115
65097914
65101376
65080397
65101226
65087543
65085621
65084089
65074097
65073489
65056186
65055116
65072065
65071567
65070990
65101405
65101008
65100883
65100695
65100566
65099952
65097855
65101536
65101346
65101115
65100823
65100599
65100032
65011999
64966330
64965443
65091441
65087081
65084959
64800237
64798099
64796233
64795052
64793483
64792271
65052739
65051080
65050044
65088599
65086889
65085514
65015286
65013021
65080473
65079445
65088721
65089620
65082028
65050216
65080491
65032430
65031800
65031151
64587164
64586802
64586045
65100462
65100314
65098696
65098393
65097986
65080783
65080434
65080982
65079700
65079111
65078329
65002329
65084468
65060451
65093468
65092309
65090917
65088037
65050487
65047107
65045008
65081789
63916014
63915522
63804203
65082788
65081117
65076267
65075396
65095072
65025749
64982988
65054863
65053773
65052523
65081503
65079468
65078436
65069877
65069232
65067960
65085190
65080017
64916836
64619938
64618948
64617876
64987667
64986941
65002886
65001486
65093203
65092283
65091044
65091282
65089896
65056405
65055556
65054920
65054013
65081930
65086442
65081323
65036503
65035341
65034872
65079694
65078328
65077065
65076097
65074514
65011795
65009304
64178582
64177873
64177167
64176281
64175667
64175147
64174282
65078242
65019140
64909016
64907828
65079143
65093960
64798827
64797216
64795013
64793080
64791830
64941696
64940780
64938321
64834685
65082965
65082495
65081839
65080867
65079738
65078467
65078029
65041125
65038637
64726296
64724487
64723905
64722740
64908631
64907483
64905499
64904034
64963112
64962386
64950259
65089575
65044878
65042885
65041850
65040286
65039198
64984658
64984437
64984097
65083437
65082141
65079208
65078502
65096494
65052999
65072334
65071571
65071172
65044804
65042847
65090810
65090147
65088453
65082306
65059062
65082869
65089652
65088409
65051676
65050369
65048281
65090618
65087750
65083479
65081933
65081143
65080084
65080856
65080112
65092498
65044924
65077023
65051484
65079352
65076954
65072868
65072150
65071446
65068673
65076463
65074948
64997016
65055657
65054692
65078378
65092372
65088992
65069263
65068537
65068131
65101633
65101408
65101029
65100658
65100415
65100298
65099511
65101599
65101209
65088102
65094707
65098367
65095940
65092987
65092256
65089903
65088635
65001463
65089054
65087575
65086744
65035473
65053000
65051223
65050579
65049350
65028767
65028264
65018847
65014120
65000041
65084023
65082780
65076429
65075766
65092357
65083555
65080052
65079273
65028533
64748935
65085974
65002512
65089510
65088057
65085577
65072895
65072503
65071831
65071355
65070829
65070108
65086563
65044230
64955559
64953162
64945447
64944711
65086808
61623030
61622044
61621229
61620094
61619406
61618480
61617415
65092956
65087466
65084378
65080303
65083312
65082635
65080761
65088408
65084141
65072118
65091624
65041541
65038697
65038133
65037557
65043050
65010294
65008085
65005801
65047266
65085716
65084088
65079822
65078655
65088042
65084982
65052186
65006066
65093288
65090776
65088971
65085795
65084047
65080601
65049617
65091581
65088664
65084367
65083404
65068670
65068353
65084661
65047348
65044811
65042232
65093990
65092976
65091661
65090748
65047566
65044783
65084572
65079386
65044882
65036510
65035885
65095285
65093522
65092437
65091676
65090404
65070079
65069739
65069300
65086168
65083676
65082231
65078288
65077286
65091563
65082721
65080347
65093648
65071410
65070873
65070211
65051036
65049323
65006280
64943813
64841300
64840102
65076963
65075987
65075512
65032093
65031427
65030680
65030450
65029696
65100989
65100867
65100785
65100608
65100503
65097771
65097156
65089563
65088554
65045471
64998628
64966888
64921037
64920399
65092513
65091805
65088806
65087830
65083039
65081629
65080686
65090735
65084617
64992433
65084941
65044455
65042039
65040673
65079797
65079088
65043541
65041912
65027159
65026498
65013214
65090997
65088075
65086927
65084348
65095443
65039318
65037977
65037168
65005359
65004256
65086762
65084799
65034808
65090262
65081445
65079758
63617469
63616145
63615073
63614142
62805354
62804158
62333172
62332612
65087933
65087087
65049676
65043851
65006821
65005184
64521999
64520096
64518683
65093925
65080062
65076868
65079728
65078357
65077060
65076322
65065462
65082821
65080631
65048450
65046393
65084569
65082944
65077133
65076661
65075721
65080020
65050881
65005564
65054777
65053832
65080240
65078782
65053087
65051427
65049863
65082680
65079466
65078285
65076664
65076078
65082323
65080770
65078104
65077309
65076595
65043431
65074791
65038719
65004979
65090359
65088768
65087341
65085888
65075247
65060567
65012347
65011745
65010015
64832029
65084491
65083289
65079621
65079160
65076810
65073123
65072380
65071561
65070062
65068831
65081423
65060377
65059931
65083499
65078123
65069762
65069372
65068916
65068316
65048488
65093241
65083195
65080907
65073683
65071810
65070493
65069990
65069409
65087156
65062635
65092581
65091873
65040028
65039389
65069153
65068636
65031117
65030375
64964289
64963010
65088919
65086049
64863513
64861975
64859964
64856943
65096927
65096461
65085477
65079288
65041012
65092472
65089853
65082043
65083474
65082659
65053616
65083348
65081191
65080145
65081775
65080298
65079003
65046250
65045355
65043714
65077737
65076600
65051765
64935951
64915167
65096066
65095508
65094899
65076529
65075652
65074777
65086265
65083507
65082131
65065715
65066625
65098044
65100853
65100151
65101787
65094931
65090069
65093123
65091365
65077920
65076857
65088221
65083029
65074915
65100929
65100836
65078924
65078178
65070863
65081144
65076623
65101527
65097806
65073614
65072989
65096693
65095175
65094427
65093524
65101497
65101137
65100639
65099832
65074082
65073385
65072793
65072358
65071507
65067054
65066614
65101915
65101734
65101591
65101307
65095399
65074518
64639823
64638413
64637348
64396562
65085702
65084557
65050141
65094765
65093637
65092491
65091464
65090552
65088790
65070969
65063438
64986798
65054568
65045986
65044289
65098769
65097098
65095958
65094889
65101855
65101635
65101442
65101318
65100645
65100327
65100061
65099676
65074374
65073875
64941897
65099492
65098177
65097659
65096131
65095624
65094088
65093482
65087176
65085526
65084485
65100101
65099891
65099636
65098729
65098524
65100438
65100120
65099902
65099107
65097675
65097101
65054964
65053247
65097138
65092868
64994408
64990353
64963564
65025553
65025213
65094046
65092434
65092004
65003203
65095061
65080831
65094657
65092646
65091773
65089508
65086831
65085116
65102139
65102264
65101937
65101643
65096497
65073852
65046374
65102174
65102021
65101868
65056119
65089817
65086239
65084317
65015745
65014913
65013911
65099797
65099037
65098581
65069483
65069148
65032691
65031935
65031203
65030488
65029908
65071850
65071387
65070319
65095433
65094939
65094196
65093006
65092089
65090640
65089615
65087860
65085988
65083389
65090007
65089134
65086407
65084285
65082102
65080681
65082573
65081177
65080102
65072339
65071800
65068335
65100023
65099708
65098985
65093654
65092666
65091384
65091043
65089211
65086170
65084616
65080323
65076631
65075756
65074987
65087326
65085384
65083015
65081086
65079999
65078052
65076278
65085611
65084471
65082743
65097159
65096247
65102784
65102225
65102752
65077584
65071265
65069555
65066908
65066395
65066223
65065701
65068215
65076908
65075578
65100184
65097073
65079795
65069580
65068161
65067932
65067611
65101486
65101386
65101174
65102907
65102502
65103026
65102614
65102487
65101539
65101909
65101759
65101680
65089189
65087637
65086357
65082964
65081362
64928770
64928451
64928321
64928093
64927751
64951503
64917832
64916657
64915096
65091498
65090276
65088987
65087889
65087054
65081458
65080342
65074698
65079494
65089957
65088842
65087876
65086913
65085199
65084333
65083429
65082137
65086226
65084254
65074911
65069360
65067508
65067200
65066821
65085860
65082894
65070588
65069741
65084209
65077440
65076508
65075056
65082522
65081088
65079439
65078327
65077883
64958108
64957285
64764038
64761740
64461292
63092942
63091661
62546562
62545980
62332497
65086606
65084732
65083806
65082741
65081287
65080492
65103079
65102779
65102456
65087550
65085710
65070248
65092359
65091620
65090784
65089133
65053304
65052243
65098566
65098094
65097551
65096911
65096206
65095682
65095176
65094186
65092900
65091509
65101902
65101813
65103295
65103066
65094848
65089709
65088058
65097507
65020568
65079902
65078529
64989910
64989180
65073339
65072987
65072333
65071634
65090493
65088798
64667814
64460709
64315101
65067036
65066561
65048361
65015406
65069526
64933832
64932887
64932438
65091410
65088468
65092461
65091715
65090479
65088868
65066887
65081997
65080787
65050877
65049903
65084164
65034237
65102310
65102091
65096517
65095807
65076899
65076296
65089705
65084142
65083173
65082377
65081569
65078750
65077644
65103413
65103097
65078472
65077818
65077050
65102451
65099664
65097790
65090138
65088529
65086948
65084079
65070168
65069561
65103723
65103636
65103299
65103151
65062744
65062583
65052071
65070670
65069977
65069427
65068166
65067526
65067248
65066781
65066375
65066025
65084861
65082730
65083388
65080227
65103428
65103115
65092804
65091621
64987352
64986965
64986383
64985936
65096079
65091366
64859658
65100693
65100459
65096687
65096041
65089972
65085533
65053703
65052721
65051033
65082909
65081643
65079209
65078057
65075848
65075265
65083387
65085396
65089686
65088166
65086941
65085436
65086048
65084459
65083516
65101134
65100868
65100618
65100358
65054559
65053192
65103522
65103289
65102990
65102764
64931725
65034030
65033611
65045243
65043434
65042734
65041604
65040596
65040142
65077262
65083624
65081718
65080352
65078371
65077522
65076044
65075138
65099190
65076614
65075700
65103467
65103144
65102497
65102313
65102124
65102020
65101819
65101612
65103881
65103587
65087108
65103897
65103705
65103012
65102753
65102555
65102399
65102278
65090213
65058103
65057196
65092174
65090649
65087035
65084971
65083393
65081544
65079121
65089842
65080916
65078563
65090961
65099784
65071173
65070542
65066150
65078497
65066388
65051888
65051004
65032333
65095634
65095174
65094569
65093543
65093068
64291071
64290900
64266796
65085650
65064829
65078400
65005024
65004119
65090447
65088004
65066513
65066137
65065941
65083998
65083180
65094727
65086149
65084233
65084678
65083611
65081484
65080081
65078429
65076628
65076019
65099486
65098699
65068183
65085082
65083259
65082355
65080507
65077755
65077324
65076856
65076273
65075355
65090988
65086911
65075600
65104251
65104065
65103718
65014392
65100067
65099385
65104272
65104067
65103702
65103226
65102471
65102239
65101650
65069249
65088305
65086529
65085329
65095196
65094016
65093296
65092100
65090709
65089000
65087785
65085963
65084935
65083632
65084315
65082412
65081060
65079710
65075971
65101232
65100502
65075256
65103271
65070109
65094219
65093180
65091991
65090513
65089485
65088140
65082611
65080382
65104360
65104058
65103822
65103386
65103245
65102939
65102578
65102322
65070206
65069657
65069126
65068696
65068331
65067906
65067588
65067065
65075800
65075211
65074829
65073962
65068194
65075288
65074591
65074076
65073382
65072931
65071324
65070962
65086776
65085687
65083815
64960939
65082482
65081866
65080999
65080010
65079136
65043373
65042088
65040725
65073371
65074040
65073621
65073254
65072734
65072366
65070698
65073181
65071937
65103487
65103177
65041678
65040266
65034384
65033612
65032891
65031648
65031018
65030708
65030181
64991313
64990541
64989848
64989157
65060337
65059550
65049851
65047864
65046335
65044932
65042456
65041001
65030828
65030431
64870728
64870509
65092775
65076417
65075560
65074971
65055529
65045269
65043537
65103317
65103013
65102714
65068611
65075480
65069653
65097745
65097203
65096402
65095822
65093800
65089829
65088194
65086783
65088792
65086649
65084761
65083370
65082287
65078780
65081014
65078229
65077010
65075165
65072592
65102877
65072355
65104465
65104115
65057101
65056310
65053710
65030524
65029937
65077177
65076244
65072508
65071988
65076978
65074468
65073989
65034174
65033366
65104182
65103796
65003165
65104026
65044839
65039754
65077000
65075956
65075622
65075306
65048573
65103972
65090848
65084099
65082530
65104539
65072280
65071670
65069362
65069069
65068101
64987810
65038800
65037959
65035229
65034938
65075892
65075541
65074688
65071751
65071028
65073034
65093138
65091752
65070244
65012773
65011265
65046357
65007147
64849168
65008276
65004664
65098198
65097937
65049937
65046486
65044202
65042715
65041032
65040349
65093171
65092130
65049585
65046924
65044497
65043559
65091794
65090288
65082316
65040378
65039297
65037880
65084571
65082815
65036094
65035175
65032992
65089438
65069985
65073459
65058024
65104948
65104327
65103946
65103557
65072381
65104957
65104691
65104440
65104106
64982389
65094519
65092444
65064670
65073784
65073352
65058531
65096116
65090639
65078173
65027448
65005935
65004261
64923795
65086227
65082961
65076370
65075572
65075081
65074020
65102027
65101371
65089274
65086531
65101983
64943430
64942632
64941443
64940202
64938718
64922824
64917935
64915316
65101478
65063329
65063211
65021294
65004479
65001682
65000679
65101181
64230538
64230248
63384443
65101532
65101162
65101025
65100905
65100511
65104856
65104454
65103528
65103337
65102176
65102000
65101493
65101294
65101360
65100670
65100461
65100189
65099662
65098998
65101859
65101756
65101550
65101364
65100941
65100727
65100383
65100219
65101766
65101063
65100420
65100299
65102263
65102063
65101900
65065831
65065656
65065432
65102038
65101828
65100962
65098836
65039046
65035721
65102729
65102481
65102100
65101836
65101258
65101470
65101208
65100806
65100687
65098634
65061723
65061395
65102969
65102747
65102587
65102396
65101857
65065883
65065716
65065448
65064978
65100953
65100440
65088164
65075630
65071758
65070745
65102324
65101933
65089941
65088552
65105207
65104816
65104614
65104298
65102148
65102013
65066493
64984324
65071130
65070783
65066394
64978439
64977988
64977796
64977478
64976977
64976686
65058890
65104814
65104316
65104118
65103903
65103492
65075221
65074487
65073270
65066867
65061399
65060834
64803138
64801815
64799943
64797549
65097257
65094553
65090405
65088593
65098409
65098125
65097673
65096968
65068805
65097667
65097256
65098227
65097157
65095151
65095704
65088867
64278924
64277247
64270017
65097032
65094845
65091552
65057859
65057037
65095771
65093936
65067415
65066563
65054744
65095005
65093774
65092420
65053640
65050735
65101031
65100932
65098866
65096910
65079477
65077830
65095832
65095046
65092801
65090290
65099497
65099134
65098107
65097529
65098319
65094656
65014411
64975988
65095247
65088759
65087738
65086699
65085148
65094055
65068544
65068070
65095604
65013657
65012288
65011036
64969624
65104378
65093260
65092187
65076501
65075458
65074838
65092312
65045335
65044026
65041440
65040606
65010323
65007520
65053137
65076550
65075868
65074616
65073350
65071834
65075918
65075329
65074442
65072877
65053005
65006446
64873518
65081469
65079260
65077923
65077175
65074296
64996035
65082647
65092270
65084349
65082561
65076526
65073287
65035208
65034400
65034010
65033599
65099578
65099340
65099097
65098807
65098554
65098209
65097791
65097307
65096823
65074806
65092164
65074546
65073221
65093278
65092125
65088805
65087714
65085829
65076718
65102490
65078237
65077536
65072579
65069898
65089790
65092727
65091181
65089402
65090494
65089104
65087246
65085321
65084149
65025380
65024074
64975704
65081359
65085508
65084488
65048318
65044494
65041808
65080117
65079185
65078567
65077849
65076192
65075459
65073213
65056854
65056221
65055016
65020219
65019857
65105456
65104991
65085978
65083841
65044315
65006900
65102186
65105072
65104673
65104089
65103283
65103093
65102949
65102568
65102426
65068685
65068233
65105509
65105171
65104591
65104304
65104037
65103757
65103369
65102893
65102607
65102068
65081655
65080467
65078968
65077348
64925181
64924864
64924323
65103455
65103022
65102706
65102446
65102018
65097857
65097599
65105221
65105053
65104676
65103941
65103603
65103407
65103119
65102825
65102676
65102056
65101466
65101261
65100416
65061120
65060912
65103783
65103403
65103152
65102953
65102343
65095561
65104219
65103291
65103041
65102621
65102358
65101958
65103082
65101804
65101595
65097460
65104353
65104023
65103734
65101642
65043656
65026688
65063413
65022755
64984471
64929998
64868930
64868686
64823566
64777238
64738843
65102713
65101873
65101732
65101565
65101389
65101235
65101808
65101480
65101282
65100616
65100395
65100175
65078639
65077498
65076348
65075705
65058407
65055938
65046766
65105518
65105107
65104786
65104501
65103143
65104203
65103865
65103638
65102816
65079649
65077857
65065630
65103677
65103318
65102894
65101889
65074336
65105387
65062955
65062825
65062619
65053492
65051858
65050486
65049055
65102309
65064962
65064762
65064273
65064052
65063958
65063859
65104490
65103842
65103578
65103255
65103050
65102770
65102159
65102791
65102440
65102216
65033737
65033271
65104319
65103673
65103433
65103052
65103107
65102577
65102183
65101760
65101625
65102443
65102281
65102170
65101935
65101790
65045620
65042583
65040633
65097683
65097152
65096866
65096014
65094546
65093251
65091961
65090722
65102283
65068506
65102241
65079573
65078873
65067843
65067364
65104708
65104129
65101719
65059480
65085250
65078419
65064621
65064436
65037067
64943996
65102946
65102693
65102531
65102430
65066088
65065636
65065395
65032051
65101700
65073335
65072938
65058837
65102393
65092390
65091526
65090361
65088676
65087460
65086854
65105424
65101827
65101710
65101590
65064771
65064643
65064417
65064137
65063899
65103196
65102592
65102503
65102253
65070430
65102154
65101169
65100239
65100102
65064718
65064494
65064158
65023075
65022947
65079145
65004221
65102544
65073372
65072762
65065433
65065174
65063987
65063804
65102120
65070294
65069716
65069288
65069001
61522759
61522300
61497434
61495548
65105609
65097050
65096473
65044591
65043504
65027478
65027196
65094926
65092741
65063203
65022910
65022797
65018351
64981318
65101507
65062913
65062795
65022084
64983941
64981781
65101668
65101549
65101483
65101329
65101096
65100876
65084668
65083075
65082239
65102656
65102117
65101964
65101406
65101140
65101036
65050843
65049575
64895272
64864386
65101626
65098450
65098171
65066434
65066082
65065724
65063842
64773068
64772670
64772496
64755528
64753622
65063616
65033469
65031975
65025566
65025362
65025229
65089069
65088508
65086815
64801489
65097226
65072577
65071895
65071477
65070827
65070333
65069747
65069351
65080100
65087718
65030182
65104215
65105192
65103508
65103259
65076559
65075727
65075100
65071437
65069577
65069068
65068512
65067593
65104204
65103584
65103402
65105794
65105504
65105251
65104869
64819644
64093525
65081197
65079745
65078731
65105141
65104863
65094543
65093443
65092824
65067786
65067329
65060884
65060456
65060231
65057513
65056915
65050919
65092377
65091726
65090943
65089791
65085992
65084167
65072070
65071719
65071249
65097078
65094573
65082681
65081360
65080537
65079036
65078226
65052171
65031156
65030053
65029609
65022376
65060818
65060486
65081507
65080632
65079503
65078765
65076795
65059613
65099923
65098853
65056770
65047845
65045805
65097497
65095374
65094900
65094363
65093475
65092643
65091269
65090435
65075620
65071277
65074792
65073914
65093091
65091730
65090986
65090133
65085350
65105673
65105414
65105231
64947581
64946460
64945068
64944139
64941624
64940694
64926690
64926379
64926214
64925913
65095572
65093448
65062427
65060736
65060476
65060214
65057807
65100000
65099462
65099110
65098471
65067765
65062949
65096593
65095134
65091900
65091208
65105890
65105525
65105075
65104726
65104344
65087168
65095981
65093060
65091836
65085667
65090939
65028044
65027521
65027015
65026505
65026352
65026047
65014491
64964301
64962389
64960885
64959132
65097924
65097413
65088626
65085219
65085987
65084015
65034471
65033677
65032569
65039512
65037718
65036771
65035686
65035013
65008091
65006610
65096766
65096425
65088451
64880314
64878666
64877641
64876703
65062567
64931236
64918312
64916544
64914909
64911996
64910896
64909050
65100267
65099959
65097344
65096697
65096054
65095434
65101396
65101284
65100922
65100678
65008175
64964830
64961758
64905489
64851716
65103037
65102506
65102317
65102105
65101721
65101606
65105685
65105245
65091349
65085524
65083729
65043223
65096880
65095036
65088771
65089398
65082099
65074805
65071919
65071653
65102070
65090381
65080125
65076416
65072942
65089006
65088165
65087153
64951301
64950750
64950111
65084912
65079770
65072587
64986131
64985669
64985168
64984990
64984591
64915704
65084584
65082487
65081675
65078287
65105820
65105406
65105161
65104712
65104243
65104090
65082116
65078445
65077545
65076510
65092122
65085644
65084693
65083372
65105662
65105348
65105089
65104681
65104506
65104138
65103927
65103512
65087764
65084263
65049437
65045203
65045849
65044052
64988787
64988161
65028308
64969269
64892377
64891249
65088499
65086991
65082237
65080562
65090708
65089146
65087316
65086520
65052489
65081668
65077968
65077283
65076184
65075248
65106201
65105771
65105343
65102835
65102279
65080706
65079918
65086037
65078886
65042175
65098338
65092354
65085222
65081509
65049262
65047048
65045245
65011256
65080431
65078542
65077173
65076401
65033396
65037097
65010378
65050808
64963844
64962157
65042935
65041325
65039780
65039030
65037753
65030953
65076871
65092223
64994141
64953017
64949853
64890275
64889427
64839272
64838418
65103239
64970937
64967513
64965956
64964926
64963104
65106142
65105722
65105317
65104968
65081847
65091156
65088578
65048964
65099198
65098962
65098723
64893924
64892987
65101791
65101630
65101484
65101425
65101052
65100906
65100717
65100482
65094438
65059683
65059374
65058863
65009727
65087307
65097347
65099067
65089553
65024489
65024056
65023612
65023036
65022693
65082282
65075004
65072142
65091487
65089925
65087787
65086491
65085047
65083572
65080739
65079447
65032620
65031166
65052157
65046968
65015210
65013602
65012704
65010900
63585986
63585700
63585309
63585140
65094351
65086915
65051109
65049445
65048058
65026646
65093823
65092937
65091297
65089483
65085631
65083050
65082076
65058084
65057335
65098307
65087789
65059437
65058533
65055773
65054782
65053411
65037463
65036208
65032906
65032419
65031912
65087215
65058705
65086976
65085739
65083952
65083238
65081830
65080229
65049528
65047554
65045550
65105611
65104846
65104451
65104194
65094960
65086593
65047818
65046551
65044645
65043780
65042716
65014466
65009720
65008835
65007825
65005960
64975543
65080571
65079713
65074886
65074011
65073288
65072608
65057953
65057089
65049523
64890018
64889288
64887862
65056905
65099307
65099054
65098494
65098239
65097881
65107206
65106754
65106238
65105729
65126935
65125808
65124209
65122433
65110869
65110083
65109427
65108787
65108103
65126653
65125171
65123129
65119145
65111096
65113480
65109094
65108474
65107883
65107308
65106906
65105001
65104557
65126466
65124808
65122770
65124546
65121466
65120393
65119505
65117771
65116743
65115712
65115301
65114333
65108687
65106025
65105696
65105279
65104840
65104374
65119857
65112212
65111405
65110736
65115104
65114541
65113786
65112991
65111507
65110489
65110202
65109700
65130706
65129202
65127366
65126177
65124351
65122877
65122082
65121080
65119243
65106610
65131754
65123942
65121912
65113132
65112367
65107593
65106644
65106132
65105170
65123508
65136453
65136002
65135535
65134711
65133883
65133456
65132474
65131156
65129608
65128630
65108222
65128314
65126947
65125377
65123023
65121412
65111247
65112837
65111574
65109327
65108007
65135726
65135358
65132824
65131367
65129823
65128895
65133727
65130421
65108271
65112953
65109794
65108881
65136572
65136188
65133099
65131875
65124375
65123174
65122210
65135848
65131652
65125413
65134074
65130106
65128443
65127147
65126364
65124971
65124304
65122742
65128331
65126572
65124701
65122851
65121579
65113883
65108561
65107712
65136736
65136286
65135932
65135591
65132139
65131256
65130084
65128998
65129290
65126792
65125363
65123743
65121353
65112568
65111948
65112261
65111904
65103873
65103515
65135112
65134400
65132292
65118185
65116840
65115738
65115004
65114517
65113822
65113067
65112533
65111981
65111361
65131520
65104761
65104453
65136318
65121785
65118284
65135974
65106356
65113312
65127822
65118051
65116932
65115920
65114868
65134212
65127014
65108073
65107185
65106450
65105281
65104578
65104275
65103607
65102414
65124092
65113616
65111700
65117416
65114001
65110989
65111332
65110760
65109219
65107092
65106543
65126307
65103534
65133323
65108998
65106813
65120190
65107114
65123723
65105900
65105366
65107767
65105441
65110325
65107485
65135627
65134788
65132808
65120947
65118768
65117369
65114466
65112116
65112801
65129391
65128113
65126505
65124517
65121921
65119106
65116544
65136883
65134473
65108460
65105675
65116636
65123203
65121891
65117659
65116390
65115474
65114436
65113976
65113097
65135598
65134989
65133592
65132166
65130882
65136778
65135327
65134704
65133943
65132995
65130074
65128568
65127914
65126222
65110633
65110105
65132306
65129090
65127521
65125844
65124224
65122627
65121178
65119612
65109877
65107415
65106200
65105987
65112981
65110283
65109498
65110883
65124737
65107469
65106967
65119069
65118019
65117024
65118576
65122290
65121527
65115792
65115273
65114242
65134887
65126880
65125147
65123307
65118228
65115035
65114163
65113350
65123641
65110061
65109596
65134888
65134205
65133332
65132617
65131531
65129867
65117539
65116151
65115325
65120274
65119422
65117913
65111785
65117568
65117100
65115947
65114814
65106443
65107238
65106912
65106531
65106292
65116170
65125888
65130428
65110679
65135029
65134696
65128767
65125617
65120088
65111848
65136251
65135802
65135187
65134686
65133953
65133263
65132446
65131481
65130952
65129931
65128365
65125950
65125098
65123782
65122906
65107386
65135688
65135136
65134795
65134196
65128140
65125056
65123599
65121715
65050839
65049241
65047232
65043750
65128519
65125272
65124056
65123047
65100484
65100236
65125160
65123314
65121328
65125398
65123941
65072185
65136671
65136373
65135762
65135343
65134690
65133969
65132952
65131025
65130135
65093179
65091974
65131030
65129662
65128353
65104051
65039832
65136605
65136151
65135545
65135244
65134698
65128951
65127432
65104139
65131281
65128616
65127109
65120291
65118830
65117273
65130223
65127189
65122130
65121449
65119703
65128899
65128155
65126444
65124844
65107793
65107439
65132942
65131849
65131360
65130699
65129504
65128357
65126726
65123850
65117385
65113594
65128461
65127653
65124413
65122052
65121056
65119372
65118731
65117173
65077892
65077461
65076004
65122061
65120642
65119435
65118323
65116691
65116900
65118239
65116791
65115517
65114916
65114016
65122498
65119259
65118854
65103966
65066385
65065545
65132212
65131061
65129368
65126877
65092679
65091611
65119649
65118337
65037023
65036397
65055888
65052657
65128098
65126134
65122605
65103526
65103302
65126385
65125420
65056546
65055335
65054070
65137211
65136836
65132129
65130969
65129996
65122397
65127453
65126324
65125687
65115969
65119762
65108280
65107745
65113809
65113493
65042430
65129119
65127906
65126218
64826148
65125181
65122661
65120384
65119525
65088546
65087435
65086444
65136115
65135578
65134837
65131178
65052282
65051460
65050791
65115402
65114381
65113467
65126041
65123233
65121294
65119539
65118428
65117873
65116881
65127017
65127242
65126376
65123524
65118128
65127650
65123700
65119985
65119030
65114945
65114510
65129195
65127662
65124579
64970725
64967555
64966026
65114770
65113960
65119643
65118712
65117824
65116548
65113900
65111119
65135771
65135153
65131099
65118517
65117152
65103181
65102901
65118933
65117907
65137242
65136850
65136447
65135954
65135502
65135123
65134383
65133884
65132892
65131939
65137199
65136966
65115495
65130564
65129531
65115903
65114751
65114385
65113557
65112825
65111556
65111302
65109591
65131398
65130186
65128880
65127286
65126144
65122763
65121285
65119743
65118573
65131052
65129747
65120646
65128857
65127696
65126535
65124800
65121351
65128272
65126884
65125448
65122479
65120279
65116970
65132205
65131101
65129673
65128121
65126032
65125144
65123841
65122009
65120463
65135876
65135228
65134942
65128758
65125635
65132841
65130876
65115337
65113264
65112632
65112061
65112554
65127855
65126913
65125310
65123970
65135422
65134565
65134237
65133951
65133542
65128445
65126860
65125651
65109722
65109115
65108434
65137522
65137148
65136784
65134737
65134180
65133723
65133148
65132656
65131644
65130759
65127496
65126212
65124400
65122909
65121167
65133066
65132327
65130510
65129057
65106072
65105608
65124671
65104528
65104376
65104016
65117302
65116068
65137147
65136298
65133789
65133124
65132072
65129366
65119229
65117589
65116429
65115190
65122662
65137433
65137109
65136746
65136353
65135832
65134842
65134245
65133350
65132509
65132017
65131151
65129342
65128212
65122808
65113597
65137551
65130688
65128840
65130521
65131087
65129835
65107708
65122534
65137309
65136924
65136683
65127413
65125496
65116337
65122558
65121580
65120186
65119492
65117428
65116812
65113914
65134175
65133655
65132722
65137628
65137314
65136530
65136256
65134281
65133555
65116640
65110549
65110133
65109695
65125992
65134613
65133810
65132873
65132547
65131348
65130828
65126296
65124101
64955986
64954371
65090727
65088876
65088044
65080570
65079733
65078485
64782890
65121933
65120344
65116511
65115319
65114446
65109740
65114090
65111810
65111295
65111036
65110251
65109520
65126202
65124583
65123208
65121923
65092451
64990267
65116683
65121585
65120714
65118953
65120497
65119563
65118263
65116689
65116220
65111881
65111041
65047106
65127894
65127458
65121081
65106562
65106178
65105784
65085275
65116611
65126395
65129201
65127307
65122912
65121162
65120183
65118328
65116065
65133302
65132348
65108470
65107871
65107039
65106514
65137755
65126635
65124645
65123099
65121943
65120678
65112429
65111946
65111503
65110857
65110384
65109886
65108350
65107700
65113326
65119203
65117827
65116479
65107756
65107364
65086330
65115717
65113499
65112719
65112265
65111662
65110213
65125943
65124622
65127347
65123570
65121606
65108198
65123453
65121455
65118674
65117511
65115575
65115117
65114129
65130962
65127007
65125489
65107948
65105526
65107284
65106594
65121613
65118720
65117413
65116158
65111090
65110513
65109822
65109421
65104351
65069631
65069318
65069018
65107085
65106740
65134928
65134549
65134102
65127445
65126350
65129207
65127925
65126229
65135849
65135344
65134563
65135397
65134606
64916144
65106000
65105074
65104751
65126964
65125807
65122371
65120054
65118277
65117469
65116446
65115776
65135714
65131263
65130612
65129886
65129144
65127500
65125864
65124259
65122643
65134618
65134111
65133301
65132574
65131984
65129679
65097927
65132968
65131895
65131312
65130712
65129969
65128903
65127442
65029002
65028626
65028363
64984784
64984147
64887324
64886489
65089967
65088073
65086694
65084894
65109434
65109133
65108564
65108204
65107584
65106550
65112660
65112087
65111520
65105210
65138032
65124873
65082302
65049857
65133376
65130884
65129507
65125341
65123582
65122126
65130211
65129564
65128032
65124286
65109402
65109048
65129730
65127972
65125378
65123784
65115530
65114684
65134126
65133610
65132615
65129803
65127514
65125446
65050048
65048224
65046277
65129135
65124716
65123713
65072243
65125748
65123283
65050823
65047450
65045677
65044119
65127689
65125454
65121117
65107026
65106624
65129982
65128637
65127907
65123694
65090061
65086665
65122384
65121525
65134075
65133335
65122591
65125167
65121035
65119541
65118391
65117256
65115607
65128308
65127182
65126684
65102991
65102745
65075930
65125772
65123014
65086551
65081708
65006259
64962372
65127980
65127042
65125857
65122346
65110810
65110044
65109388
65108875
65126613
65122271
65120540
65117948
65117321
65131159
65126055
65123221
65122053
65118209
65132149
65130863
65129203
65126859
65122008
65131656
65130480
65129547
65127782
65126948
65123825
65122522
65120761
65117478
65131944
65122547
65120900
65130663
65129790
65127483
65126309
65123493
65095511
65127896
65126425
65086813
65085315
65067358
65066962
65066566
65066201
65065820
64804881
64803827
64802098
64799952
64797939
64795817
64793757
65047333
64364657
65128822
65126125
65110361
65109626
65129941
65129066
65127880
65126523
65121341
65065286
65132664
65131673
65130363
65129482
65128668
65123658
65121834
65121541
65120681
65119453
65106394
65105909
65105648
65092670
65091596
65116293
65120944
65119792
65122116
65131885
65130926
65129416
65127928
65126274
65124573
65119728
65118497
65117120
65115860
65114938
65114348
65113466
65109313
65132311
65131226
65129779
65128419
65125583
65124505
65126362
65125203
65123691
65121599
65120202
65118434
65117113
65080197
65078963
65125259
65123619
65121957
65119481
65127732
65126576
65125091
65123873
65119307
65111903
65119706
65119105
65117059
65118462
65099202
65096814
65096148
65095673
65094789
65093707
65126380
65124133
65121763
65058682
65125505
65132528
65131784
65130774
65127468
65125143
65123800
65119916
65117753
65037448
65107675
65107479
65106959
65106458
65105978
65105726
65105312
65110757
65110340
65109783
65035246
65115659
65109521
65115977
65115485
65114238
65075171
65112203
65111681
65110991
65110066
65109716
65108741
65108100
65107802
65119823
65117386
65107627
65107991
65107587
65064387
65020886
64926125
65136004
65135599
65127444
65126834
65125978
65124647
65123808
65116798
65116135
65115049
65132190
65127404
65126424
65125640
65123379
65121682
65124623
65121445
65079510
65138177
65137961
65111230
65132838
65128562
65138184
65128974
65113656
65138211
65114390
65113514
65125638
65122276
65134046
65136628
65137862
65120879
65134514
65113447
65120773
65118069
65110535
65110036
65106378
65105888
65105537
65106082
65105688
65132935
65132120
65127949
65105470
65104875
65109080
65108707
65108424
65108076
65107720
65107460
65107116
65106695
65107194
65106841
65106079
65105306
65133791
65132675
65131655
65130997
65129614
65128699
65107365
65106947
65106529
65106093
65104986
65104466
65114258
65117723
65108749
65108113
65107764
65107343
65106358
65105952
65105530
65118782
65121881
65121107
65119875
65105264
65105057
65104782
65121086
65119763
65118753
65117569
65132623
65131689
65126035
65121548
65125110
65123259
65122234
65138496
65127167
65123621
65119281
65117381
65116094
65115069
65117959
65116855
65115755
65115121
65113015
65112339
65111632
65107842
65107495
65105397
65125705
65123914
65122528
65120912
65137220
65136132
65135769
65134859
65134569
65134087
65133363
65132264
65110957
65137054
65136315
65135810
65126574
65125079
65123306
65121988
65120271
65134517
65133591
65127834
65124391
65112194
65110947
65112207
65117767
65115173
65114593
65138070
65137740
65114200
65112477
65118800
65117528
65116270
65115407
65114622
65114031
65113355
65112945
65111732
65108902
65128808
65127088
65125347
65113044
65111431
65137861
65137673
65137321
65136978
65136752
65038264
65037534
65036511
65134440
65133589
65132671
65130292
65128892
65131251
65130662
65129151
65117215
65116341
65133384
65132492
65131233
65129640
65128768
65119515
65118561
65119114
65137581
65136581
65136228
65135875
65134429
63900438
63897729
63895861
63894639
63893042
63829271
63770750
63380576
65133574
65132903
65131770
65130744
65092979
65054924
65053619
65138450
65138137
65136304
65120223
65132901
65131918
65130529
65126442
65124474
65137954
65137688
65117018
65115785
65076225
65128328
65081995
65080742
65079950
65079090
65078476
65077544
65076419
65138485
65138282
65109059
65136781
65135339
65138413
65133377
65131592
65128545
65114661
65115483
65120299
65135297
65134752
65120260
65113170
65112634
65111746
65111219
65110421
65121340
65116100
65114012
65035955
65124422
65122676
65118145
65116496
65126151
65124829
65123792
65122056
65120310
65116686
65115600
65114789
65116321
65115252
65047209
65045827
64763298
65121970
65120656
65009197
64953286
64952388
65132777
65130973
65130267
65128980
65128129
65127304
65126135
65124431
65122236
65117620
65115441
65114804
65114051
65076992
65070535
65069163
65136147
65135604
65134982
65134664
65134170
65133646
65132919
65131904
65130812
65122978
65112855
65111965
65111172
65117915
65116805
65115472
65114911
65113937
65127691
65125891
65123647
65120808
65037836
65037252
65125811
65124450
65122688
65121719
65120038
65076551
65040294
65037112
65067747
65067294
65066368
65112219
65111517
65110798
65109982
65032774
65031999
65137630
65137474
65137093
65136229
65134288
65133696
65132411
65131091
65128552
65125663
65082279
65080589
65128852
65127038
64965655
65034028
64909084
65130387
65129256
65127663
65125963
65125786
65116517
65133827
65132802
65128635
65127605
65126112
65119697
65118031
65116964
65115948
65114793
65114023
65108349
65108024
65106832
65133492
65132448
65131958
65127420
65106334
65105653
65112702
65112034
65111345
65110219
65109073
65108820
65108210
65109820
65109420
65108942
65108360
65107822
65107505
65106962
65106400
65106027
65112707
65112264
65111709
65108246
65107783
65107258
65107078
65106169
65105399
65111084
65110350
65109785
65108977
65108618
65107980
65107008
65130376
65129288
65127655
65125903
65124042
65122964
65122122
65116601
65115783
65109914
65109220
65108188
65107130
65035805
65035049
65063385
65110084
65109675
65105759
65097383
65096677
65096128
65105819
65105513
65105292
65087579
65132391
65130890
65129503
65127841
65126997
65125769
65124930
65116192
65115052
65133281
65130649
65126769
65125107
65122493
65130623
65130904
65128901
64583620
64582211
64580965
65129554
65128346
65126154
65124524
65123160
65121920
65136770
65136550
65136153
65135592
65135168
65122692
65122037
65128547
64908491
64906806
64773704
64773540
65130064
65129311
65128306
65116238
65114498
65113018
65112555
65111862
65133739
65132733
65130839
65073381
65073016
65134548
65133858
65132933
65096784
65057868
65126583
65124862
65123037
65122298
65126064
65137975
65137611
65137336
65137104
65136916
65135629
65127023
64933009
64932074
65121463
65019401
65121731
65102813
65105120
65133230
65131617
65130518
65129486
65124902
65101781
65086706
64559660
64559147
64558161
64461705
64459772
64902126
65123543
65091417
65131196
65118522
65122969
65119928
65107741
65106091
65118871
65112357
65127779
65126546
65124734
65122803
65120447
65118918
65088926
65123422
65120058
65106949
65106662
65134051
65133420
65119160
65096994
65130731
65124626
65123592
65113687
65030888
65030646
64824502
64627636
65119067
65118072
65115982
65115565
65114461
65069963
65069367
65030517
65030087
65029456
65029185
65138864
65138701
65137441
65138691
65132495
65108956
65126361
65124067
65121442
65120433
65109175
65108550
65130048
65136321
65135333
65135024
65128428
65127105
65126106
65118962
65131323
65125403
65123418
65123558
65125052
65123986
65122582
65119325
65116813
64018724
64017744
63969940
63969659
63969430
65117680
65116937
65084805
65083014
65121534
65115051
65112262
65112001
65111630
65081691
65080474
64898727
64897513
65116029
65130404
65130543
65115516
64994751
64993689
65103449
65070886
65069906
65118548
65115488
65113383
65108265
65107893
65107645
65128150
65127262
65130082
65128819
65127035
65125702
65077212
65126708
65124162
65122761
65122051
65120078
65119404
65112974
65109096
65108629
65137399
65137229
65136894
65136654
65136260
65135021
65125470
65124901
65123384
65122641
65128922
65125667
65132542
65091415
63897757
65072086
65071297
65106741
65114890
65114218
65132546
65131872
65128058
65129991
65139059
65138953
65138840
65137845
65135396
65134855
65134389
65132911
65131008
65139023
65138928
65138534
65137807
65137501
65137150
65136728
65136281
65135513
65136957
65136488
65136805
65136424
65135565
65135072
65131369
65129226
65108048
65107526
65107065
65136483
65099176
65098669
65019051
65018053
65139113
65138989
65138858
65138620
65138445
65138185
65138021
65137728
65137176
65135130
65103113
65102811
65137884
65137404
65137007
65136396
65135223
65136433
65135537
65134941
65134371
65134006
65133026
65075516
65074887
65074663
65073747
65135034
65134460
65133358
65131442
65130659
65129837
65128312
65085930
65084664
65083073
65081295
65080077
65078660
65077578
65134167
65133190
65132262
65110984
65110246
65109204
65125416
65115199
65133104
65049191
65133444
65139102
65138884
65138693
65138440
65138261
65138106
65137864
65137508
65135456
65134662
65133913
65050855
65133845
65131485
65118688
65111265
65110182
65109798
65109046
65108691
65077136
65075015
65111804
65111080
65110748
65110319
65109998
65109321
65108828
65108494
65107673
65108683
65071042
65070632
65069904
65033420
65109262
65108610
65111287
65110704
65110143
65109494
65108804
65107952
65107610
65130021
65129231
65116618
65107900
65107579
65092858
65091790
65106776
65137294
65136868
65136559
65136200
65135732
65136144
65135905
65135637
65134772
65133713
65132880
65114502
65113588
65112898
65109227
65037330
65115999
65114690
65113931
65113040
65112313
65111784
65111271
65110862
65110552
65109927
65133513
65132780
65131825
65082274
65079977
65134057
65133566
65072383
65071973
65035767
65094202
65139295
65111655
65110658
65110027
65132128
65137747
65136053
65135431
65117584
65131456
65129530
65126530
65124475
65122799
65122217
65130844
65126080
65123654
65121830
65112635
65135053
65134518
65132458
65119382
65116203
65130469
65121390
65119559
65118895
65117649
65116395
65115256
65114489
65111298
65110140
65109044
65108655
65108341
65086661
65132842
65131667
65130786
65128743
65121657
65116568
65115724
65114784
65114204
65129029
65124346
65116515
65115698
65114785
65114225
65113547
65123955
65107520
65107002
65129970
65119009
65013216
65120573
65103680
65132756
65132067
65130310
65129658
65128612
65126691
65122024
65123476
65120464
65117351
65116423
65115688
65135230
65134990
65134761
65134354
65133958
65120324
65120006
65119107
65117806
65125078
65090756
65135437
65134889
65134365
65133755
65133210
65132496
65119442
65134963
65134567
65133980
65133484
65130875
65123277
64958549
65123140
65131467
65050126
65133759
65132762
65130955
65130348
65127718
65126313
65121091
65120042
65113409
65113073
65112150
65111580
65111158
65124525
65121615
65117598
65138050
65120320
65118995
65108139
65107710
65107349
65106788
65114268
65134481
65109518
65113781
65111759
65125197
65122367
65134687
65134130
65133228
65132647
65131595
65130227
65129707
65128387
65128666
65130389
65128645
65120069
65129562
65128184
65120166
65113130
65103788
65103372
65103108
65108157
65107299
65106932
65121184
65119952
65117816
65116738
65115690
65114582
65114005
65113105
65112498
65129896
65129047
65127460
65126624
65124965
65122540
65119992
65112400
65120739
65119623
65118139
65138222
65137593
65137463
65136761
65136515
65135807
65134540
65117574
65126720
65125965
65124605
65122949
65117068
65131501
65130651
65129621
65130289
65128213
65124819
65123141
65121336
65138574
65138365
65136108
65131813
65129214
65139408
65139215
65124775
65119858
65116060
65112629
65121873
65118623
64696331
64414779
64341857
65126781
65136056
65113613
65112199
65111661
65085783
65124397
65123205
65122268
65120935
65119355
65118201
65117445
65116209
65114774
65137543
65137180
65136841
65136596
65136139
65135522
65134802
65133389
65132963
65112613
65111376
65110818
65110422
65109132
65108777
65112457
65112113
65037254
65036175
65035255
64997598
64615622
64612371
64611798
64585965
64585342
65131866
65130456
65129022
65111189
65011263
64910969
65116854
65115882
65114867
65114153
65105553
65130906
65130153
65128378
65127429
65126408
65125148
65124261
65121650
65070296
65136558
65135817
65134822
65134235
65133383
65132199
65130218
65077895
65075218
65072863
65071235
65069840
65114838
65137798
65125279
65123716
65139523
65139310
65105278
65104797
65104366
65104620
65104281
64996831
64995754
64995100
65134156
65133817
65133209
65131386
65130187
65129244
65126280
65125519
65122563
65127151
65125784
65124300
65119871
65118377
65116235
65082610
65080925
65120093
65118448
65116464
65130503
65129404
65128685
65121591
65120727
65119822
65130171
65129475
65127607
65126445
65125258
65114364
65113492
64540937
65040584
65130820
65125021
65034194
65115931
65114869
65132184
65131557
65130572
65128842
65127322
65125572
65070421
65068713
65118823
65116668
65127482
65126499
65123574
65096202
65119984
65119012
65112118
65093109
65090670
65111590
64698153
64516474
64515216
64474009
64473049
65126081
65124602
65122402
65120772
65121180
65120153
65113192
65130352
65129014
65126705
65092866
65090243
65121805
65120378
65119651
65118749
65117596
65116150
65115480
65096537
65048596
65008218
65120371
65118717
65122012
65120162
65117305
65115898
65113085
65085639
65128273
65116119
65107554
65120534
65118952
65084283
65082891
65043032
65046713
64890845
64890171
64889657
64889186
65121048
65119150
65117594
65116299
64921310
65127570
65125264
65123999
64967325
64966169
64942436
65124082
65120882
65118850
65109387
65108862
65120251
65118686
65101774
65118532
65117417
65116619
65115534
65114712
64785491
65133447
65132689
65130203
65128581
65126682
65125111
65123029
64882038
65087618
65085862
65084143
65082746
65046230
65128748
65127075
65125337
65123975
65138537
65138259
65121496
65128414
65115283
65113757
65113282
65127274
65123769
65122523
65121782
65119622
65139835
65139632
65139948
65139768
65140112
65139785
65139613
65139389
65108541
65108111
65107478
65106980
65139862
65140113
65139861
65139663
65139485
65139398
65139170
65138959
65138809
65138617
65140332
65140100
65104269
65122101
65140230
65125732
65122955
64999165
65122496
65120764
65117795
65104166
65119498
65118052
65116924
65114637
65110162
65109492
65108722
65104460
65109973
65109254
65104801
65104592
65104347
65075231
65080709
65079042
65043826
65042356
65041277
65040734
65037185
65071861
65071326
65060445
65099787
65099505
65099320
65098921
65098472
65098050
65094535
65093787
65116984
65116162
65115053
65114629
65091272
65089807
65077981
65077085
65075517
65126276
65140657
65140436
65140639
65140437
65139984
65139788
65139665
65107273
65106887
65106535
65096555
65140615
65140328
65140003
65123989
65122264
65119487
65118571
65116232
65127231
65125952
65122395
65121103
65132099
65111718
65111416
65110838
65110327
65109660
65137133
65136880
65136551
65136161
65138227
65138002
65138446
65138250
65135916
65135002
65134362
65133650
65137253
65139202
62685358
62685181
62685015
65139371
65139210
65139026
65140802
65140532
65140279
65140173
65139969
65139755
65139635
65139534
65131403
65140761
65140547
65140317
65139890
65139721
65138715
65132301
65131699
65130204
65123351
65120774
65141065
65140936
65141020
65132416
65131362
65128054
65123560
65141122
65140807
65105341
65139601
65139353
65139130
65082197
65127196
65121258
65141174
65138810
65138643
65138474
65116265
65115251
65136288
65135706
65134439
65133665
65132744
64640958
64639639
64637892
64634319
64633215
65137777
65137589
65136517
65134836
65139011
65084720
65124205
65122422
65120861
65085168
65083771
65138040
64918354
65115720
65114306
65113476
65141480
65141157
65140939
65112224
65140880
65127852
65126813
65125231
65123275
65121590
65120729
65119593
65138076
65137560
65136235
65137790
65141549
65141303
65140135
65139941
65139811
65139726
65141582
65141673
65135500
65139800
65111695
65127374
65125688
65124961
65121521
65120747
65104777
65104417
65140631
65126374
65124025
65140910
65140555
65140252
65140102
65139891
65139610
65139457
65139306
65139069
65129376
65119336
65117843
65116748
65119264
65117861
65116886
65115822
65121192
65119880
65116947
65131102
64920942
64920423
64919281
65107622
65040068
65038478
65141986
65141767
65141405
65141208
65141859
65141421
65141102
65140776
65140425
65140025
65139444
65139288
65142238
65141796
65141444
65141154
65141380
65140943
65140769
65140105
65142197
65141839
65140831
65140537
65142336
65142001
65141751
65141630
65141252
65141727
65140975
65142291
65141803
65141434
65139189
65139038
65142371
65141671
65141401
65141220
65140918
65140697
65141497
65128651
65107029
65134422
65132175
65131184
65134787
65140796
65140474
65103827
65064096
65139507
65139316
65138999
65136397
65135615
65139764
65123358
65029916
65029208
65028790
65137340
65136995
65130436
65129032
65127306
65125642
65137568
65137334
65137103
65136704
65136522
65135582
65139678
65139599
65103024
65102857
65102684
65100301
65142420
65142566
65142205
65141840
65141629
65141379
65141207
65140863
65139954
65138421
65138280
65131095
65130296
65129031
65136819
65136103
65135773
65135127
65114832
65113924
65085876
65044677
65043207
64999951
65136601
65136060
65135479
65134899
65112978
65112572
65090778
65089042
65087378
65085342
65083711
65080608
65118012
65117142
65116574
65115831
65115213
65114395
65108045
65107657
65102645
65131085
65129937
65128569
65110867
64996122
64968838
65134052
65133129
65132275
65130028
65129210
65128148
65126695
65124886
65123039
65121284
65118369
65117610
65116535
65142297
65142137
65141781
65107522
65106997
65106648
65105985
65105674
65107568
65120899
65119292
65136303
65119591
65048344
65116941
65140223
65140016
65142930
65142465
65142627
65006803
65005259
65003717
65001637
65000725
65090862
65127176
65125991
65122465
65121835
65086512
65142719
65129843
65128219
65127503
65125867
65124123
65123121
65066808
65066300
65114830
65132498
65094287
65140688
65140523
65140151
65139936
65139838
65139622
65139518
65139423
65139183
65125668
65123206
65122090
65042252
65130297
65129393
65128796
65127185
65126019
65125507
65124898
65120844
65010445
65131814
65130545
65129387
65126515
65125428
65124378
65138753
65093156
65091825
65120973
65088497
65087206
65085596
65084454
65131796
65128474
65126557
65125579
65121016
65091235
65104485
65077761
65143108
65142648
65142312
65142112
65141638
65137042
65131596
65130505
65129317
65135971
65135472
65104953
65104597
65097533
65138648
65137964
65112135
65111745
65111190
65037247
65036686
64996999
64996630
64995756
64971609
64970581
65133011
65132063
65131187
65129579
65132353
65131606
65099559
65099230
65099095
65098824
65098679
65136955
65136817
64346451
65136098
65135852
65132712
65131084
65133120
65128241
65127225
65132279
65131174
65127826
65125768
65049738
65048037
65047258
65046240
65044622
65043129
65143491
65143231
65142919
65142710
65142345
65141976
65141443
65141073
65125218
65138786
65111685
65110664
65137977
65137697
65137341
65138571
65108581
65108089
65074678
65064131
65063873
65062543
65138774
65137591
65137157
65136727
65136512
65136031
65135753
65055989
65129657
65127751
65126100
64967601
64965332
65139262
65139118
65138942
65120380
65118812
65117242
65138249
64990620
64984679
64929731
65127934
65126810
65123494
65137923
65100058
65090590
65139907
65125974
65123089
65121185
65119997
65118774
65118113
65117009
65142289
65141595
65141467
65141246
65140927
65140663
65140402
65140205
65142861
65140774
65140634
65140309
65139650
65139421
65105260
65043593
65041975
64981399
64868325
65096235
65072029
65071009
65070669
65067057
65140885
65140557
65139342
65139165
65138983
65138847
65143937
65143459
65143091
65140268
65139998
65139727
65138564
65139999
65131664
65130247
65065144
65064834
65064711
65064403
65064190
65139209
65138894
65138720
65138553
65138319
65141740
65141435
65140052
65139315
64779122
64777158
64776974
64755843
64752893
64752329
64750967
65143321
65142744
65142305
65139880
65128235
65099916
65143898
65143530
65143111
65142651
65142321
65141935
65140435
65080522
65079411
65061026
65060768
65060348
65060035
65059733
65059455
65058835
65129037
65127954
65026949
65026577
65026357
65012136
65011308
65010465
65140651
65140378
65099428
65095323
65140709
65140096
65139675
65106742
65106386
65105940
65139490
65139370
65135775
65135146
65143227
65142836
65142569
65142172
65141203
65140464
65140172
65139481
65139292
65116326
65143868
65135171
65134492
65131659
65129936
65138896
65138679
65089366
65087658
65086421
65079658
65078389
65140593
65130144
65128982
65127909
65126637
65141589
65141223
65140900
65140538
65139839
65139452
65142534
65141969
65141030
65140642
65135757
65135405
65134952
65111973
65110581
65078454
65141668
65141177
65140361
65138604
65093693
65059522
65059049
65058724
65058118
65135156
65134734
65134137
65133518
65143795
65143441
65118505
65117390
65116176
65084042
65068292
65139751
65139425
65139106
65129694
65128420
65127180
65138919
65126049
65122735
65081758
65139274
65128264
65126891
65125011
65140424
65139799
65139575
65138938
65138770
65138578
65138430
65142417
65142089
65141841
65141496
65140741
65141394
65140106
64924061
64923552
64908528
64906515
64904915
64903839
65138747
65138614
65138338
65138035
65137831
65137527
65139135
65106792
65106528
65106305
65137005
65133947
65100931
65016356
64946541
65141820
65141361
65140836
65119151
65139081
65138833
65123521
65121726
65120212
65118988
65118435
65063056
64980676
64980464
65139119
65138498
65138342
65138100
65136524
65139203
65138971
65136771
65136543
65136302
65135796
65126057
65144476
65138818
65138400
65137847
65137625
65138785
65138631
64501039
64500601
64499524
65119723
65118286
65114856
65114317
65113758
65113291
65112722
65112123
65111736
65111325
65110474
65109654
65144245
65143682
65143393
65121169
65119948
65109160
65109579
65109198
65071635
65070973
65010559
65009259
65007636
65006062
65005169
65134663
65132670
65112625
65109229
65108167
65051884
65032895
65123485
65121917
65120932
65118110
65117383
65116091
65112602
65111374
65110732
65109977
65109638
65109339
65139886
65114668
65109598
65108990
65107935
65144357
65143852
65143419
65143181
65111399
65110754
65033812
65033178
65026779
65005605
65003280
65000573
65123262
65110101
65109765
65107851
65107393
65106935
65107884
65079284
65027765
65027321
65124739
65122997
65121558
65119765
65111873
65111466
65109629
65115181
65113186
65110761
65109661
65108077
65107575
65107097
65106807
65106413
65125049
65122041
65119715
65118195
65117631
65116407
65113362
65113108
65118387
65117705
65116088
65114899
65111406
65110500
65110690
65109424
65108900
65108120
65107730
65107507
65106595
65107424
65106548
65105953
64760481
64757266
65121133
65107426
64948115
64947333
64946504
64837076
64835768
65141635
65113841
65110669
65110254
65109390
65108662
65106682
65106152
65105534
65104902
65104508
65085496
65084290
65130921
65129574
65109161
65108767
65108506
65107541
65090317
65089163
65083032
65110876
65110124
65109418
65108713
65107670
64985289
64984830
64984335
65138511
65137883
65137653
65136825
65136437
65136150
65135950
65135361
65138401
65138110
65137254
65136923
65131092
65129920
65144443
65143939
65143681
65143149
65142907
65141717
65141330
65141007
65140753
65124642
65116651
65115912
65115182
65114485
65113970
65113109
65112687
65112162
65110631
65110120
65144567
65144038
65108437
65107066
65106436
65105686
65104944
65104390
65136138
65135195
65134833
65134108
65132364
65130582
65127760
65111054
65110314
65137291
65137066
65136703
65136219
65134831
65134566
65134213
65130145
65109862
65108344
65106234
65105882
65105198
65096428
64860266
64759334
64717926
64660795
64656217
64655634
65142110
65141752
65141139
65114543
65113709
65113418
65108432
65107632
65133672
65133031
65131418
65130262
65124213
65087181
65066827
65066436
65066075
64859569
64858028
64855336
65133173
65132065
65130753
65130101
65129594
65128216
65126972
65126180
65124410
65122633
65056113
65054944
65054182
65052817
65031814
65031290
65030217
64733911
64733766
64464731
64462746
65107630
65106017
65110102
65109670
65109179
65108565
65107761
65107578
65103579
65168372
65166513
65165267
65164506
65168876
65166159
65164844
65144125
65167848
65152019
65151318
65150535
65149912
65149386
65178930
65177993
65176930
65175829
65174820
65173379
65171566
65170643
65169557
65167469
65167126
65166293
65165397
65163562
65162065
65160871
65153215
65152506
65151471
65150067
65148780
65148145
65147432
65146756
65146080
65145477
65145105
65144611
65161032
65159185
65156170
65155047
65153583
65147410
65145043
65144374
65143713
65143125
65152245
65172537
65166398
65164382
65179537
65179275
65149752
65148693
65148039
65147230
65146479
65145933
65145226
65144694
65144165
65143328
65142889
65152934
65150433
65149632
65148472
65175650
65174824
65173772
65166642
65155632
65154767
65154164
65169020
65166805
65164883
65162658
65161896
65160429
65159001
65152022
65151320
65150597
65153747
65152730
65151886
65151092
65149239
65142546
65163120
65161277
65159534
65157776
65152585
65151745
65151207
65142954
65142231
65144154
65143811
65146950
65146332
65145352
65144377
65143779
65143365
65168236
65166327
65164158
65162313
65160375
65179815
65179135
65178604
65143903
65143458
65143239
65168319
65150703
65149087
65162141
65160268
65156499
65179674
65179193
65178670
65177998
65177043
65176326
65149724
65149142
65148610
65148144
65165296
65150862
65147113
65176075
65174743
65172774
65171269
65166860
65145810
65178776
65177541
65176534
65169250
65162418
65161610
65157971
65178517
65177672
65177208
65176381
65175163
65144232
65179959
65179401
65178251
65177382
65176388
65152900
65154356
65147841
65157028
65149895
65149356
65148998
65148422
65146048
65145425
65144808
65172099
65178425
65171884
65163784
65161890
65158759
65153348
65159839
65158304
65155288
65173651
65170229
65165967
65160660
65173784
65150321
65167139
65166216
65164316
65163315
65161147
65159612
65177127
65175049
65143038
65146966
65168734
65166815
65165005
65163680
65162680
65161883
65160460
65158616
65165490
65163579
65162339
65160730
65159028
65157497
65146837
65147532
65145684
65157310
65168552
65165758
65163584
65160812
65159079
65157690
65156815
65148280
65175292
65171772
65171029
65169595
65168419
65166616
65164521
65162952
65162020
65160585
65147282
65146923
65146141
65145570
65175845
65169488
65168599
65167144
65165734
65164048
65154186
65153716
65155466
65164052
65146231
65154489
65166595
65164646
65162588
65156434
65170252
65165636
65159498
65173356
65171926
65171014
65166151
65164116
65162098
65160380
65162899
65161264
65158808
65157543
65156326
65155531
65179169
65178643
65177925
65177539
65176572
65167497
65162535
65173979
65172925
65177114
65176058
65174768
65167082
65160578
65159098
65180248
65179942
65179361
65179069
65178257
65177530
65176973
65176581
65175341
65174642
65161019
65159309
65132289
65131142
65177344
65176113
65175450
65096397
65113845
65113057
65112222
65146164
65176961
65175481
65173935
65172681
65171344
65168388
65164531
65167783
65165499
65162407
65161366
65160404
65153742
65153289
65152715
65176822
65174002
65172865
65171438
65162981
65161038
65180145
65179547
65179133
65178423
65177458
65176486
65175507
65174219
65168992
65167921
65164267
65163540
65162124
65157940
65157053
65164899
65168544
65162303
65158057
65156501
65155974
65154907
65154005
65156414
65154823
65129349
65124818
65123238
65180078
65179555
65178995
65178250
65177903
65090585
65088513
65170657
65167558
65162540
65151888
65151022
65149860
65149138
65126147
65163328
65161514
65160588
65152546
65151928
65151369
65150886
65179755
65179142
65178784
65178141
65177627
65177151
65176599
65176073
65169571
65163143
65162338
65172128
65170420
65168863
65163753
65169403
65161789
65147279
65146697
65146013
65145690
65156756
65149252
65148492
65147958
65178706
65178006
65177034
65176117
65175020
65172233
65170865
65168589
65166521
65123019
65175005
65173686
65172665
65171002
65179932
65177239
65176292
65167904
65165702
65158003
65153832
65153210
65168109
65159426
65158126
65157062
65156372
65175631
65174988
65173775
65172764
65165933
65171854
65171181
65167310
65163880
65178843
65155100
65153993
65165585
65159127
65103471
65103328
65144305
65143866
65141337
65141061
65175041
65173694
65172646
65170843
65167941
65180415
65179385
65178957
65176711
65175217
65172854
65170900
65150671
65150295
65148212
65174222
65179028
65176368
65174429
65171719
65170521
65171136
65174023
65172460
65170187
65164458
65166950
65164822
65180219
65178128
65176852
65175736
65173415
65171722
65171286
65165677
65174210
65172214
65161199
65175241
65174173
65172977
65172174
65170427
65167587
65166470
65165236
65164276
65153396
65180282
65174735
65168696
65162880
65157916
65154952
65180553
65179989
65168414
65145283
65144684
65144053
65169644
65163498
65169948
65179415
65180392
65163909
65162082
65160142
65157096
65156031
65178360
65159405
65162478
65156864
65155247
65154523
65155774
65154643
65168728
65151621
65156950
65148938
65162641
65154003
65152953
65151647
65150836
65159165
65158220
65179378
65177820
65175413
65146007
65145560
65143732
65144925
65156291
65155327
65154311
65147328
65144799
65143588
65142813
65143413
65164778
65163477
65160427
65152444
65149231
65145351
65157700
65155228
65153860
65153217
65152273
65150227
65149665
65149230
65148711
65148244
65179725
65175560
65173253
65171440
65169679
65169031
65176262
65175691
65174969
65174130
65173646
65172720
65159411
65157996
65177455
65171153
65155787
65160321
65147665
65156518
65155031
65148430
65144411
65149758
65149095
65148757
65148378
65148006
65147618
65147131
65041056
65152027
65164662
65162706
65169961
65167976
65166234
65163106
65153962
65152704
65150036
65108251
65107629
65148682
65147499
65146819
65147049
65146421
65145693
65151446
65154151
65172093
65170721
65169720
65168731
65150439
65152241
65142987
65142536
65168860
65168040
65166252
65164976
65162926
65161225
65159304
65157727
65171248
65169976
65168174
65155763
65169376
65167460
65165552
65163383
65161456
65159899
65158501
65157033
65156189
65179642
65176360
65175275
65169277
65180791
65179521
65177162
65174596
65173121
65176813
65147802
65172345
65146629
65146241
64863984
64863173
64862117
64861114
65176686
65175900
65175236
65180686
65146693
65145828
65167489
65165264
65175572
65174901
65173433
65172325
65171690
65169974
65179855
65179525
65172885
65172162
65149575
65148030
65143735
65143416
65142905
65142485
65142072
65175875
65173209
65169583
65166618
65146894
65145121
65144497
65143967
65153621
65153036
65152339
65180701
65180113
65179052
65178473
65180980
65179155
65166751
65177668
65176758
65166523
65164787
65158609
65157891
65157035
65166297
65165018
65163355
65161593
65160129
65168312
65153953
65153267
65149644
65178922
65178138
65165292
65161436
65159620
65179431
65178254
65177625
65176212
65177788
65151247
65169225
65161641
65160623
65051360
65169116
65161525
65160197
65158848
65157919
65156123
65153532
65173454
65171862
65170322
65165310
65164568
65163238
65161374
65160253
65175611
65174788
65173534
65170594
65150169
65155130
65154360
65126114
65125141
65123609
65121903
65140715
65140397
65140238
63782396
63780962
63779484
63776404
65150265
65105117
65104724
65178331
65177733
65176969
65176525
65171570
65164347
65180801
65180330
65179954
65179227
65178640
65177747
65177157
65176194
65174938
65173026
65172205
65170718
65162873
65015157
65013258
65180676
65180150
65179573
65178739
65175309
65174136
65173001
65171348
65169485
65174952
65155373
65154169
65179174
65178837
65177805
65176905
65175926
65175149
65174092
65173248
65172185
65170528
64941206
64939822
64938587
64938047
65176859
65175743
65131717
65130920
65180185
65179654
65179212
65156223
65155280
65179249
65175520
65174473
65173859
64904130
64903035
64901088
64884411
64881841
64881314
65129147
65171611
65170330
65054055
65173839
65172281
65167915
65155319
65158728
65157187
65122482
65177144
65176418
65174094
65172667
65152998
65161416
65127206
65123655
65075469
65155736
65122994
65121346
65154728
65154298
65155790
65154772
65148450
65147789
65151088
65150410
65149627
65149295
65148440
65147657
65153997
65152457
65058482
65058011
65181014
65180892
65180567
65175771
65174584
65173157
65170380
65125928
65108518
65168456
65157374
65155932
65165189
65177221
65176798
65176237
65175063
65173710
65172843
65172035
65170729
65164881
65159318
65108403
65092909
65150676
65145077
65144451
65143917
65143612
65143241
65177080
65176013
65174808
65172104
65173346
65171183
65112468
65111943
65111377
65145423
65174267
65159399
65158479
65177825
65177229
65176235
65174021
65173399
65171715
65170488
65169015
65158475
65151476
65150932
65155014
65154181
65158686
65152327
65120235
65115970
65111960
65147533
65146762
65146140
65179988
65178389
65177255
65174778
65172570
65169738
65104442
65103685
65162885
65161195
65158712
65157329
65156029
65160332
65150539
65148858
65175796
65174060
65172738
65160690
65148862
65151629
65150726
65150401
65147769
65109953
65153504
65175120
65173601
65150289
65031770
65175017
65155160
65153447
65152757
65152265
65151625
65144021
65151848
65151037
65150097
65149367
65148817
65178872
65178349
65177562
65165962
65164027
65147469
65146960
65146166
65142539
65181163
65180042
65179584
65177874
65176942
65175662
65174309
65142675
65142306
65141971
65155822
65178795
65177907
65174334
65173471
65142946
65155929
65154848
65153097
65172530
65149521
65174930
65174291
65172040
65171381
65170425
65143596
65143063
65177516
65155960
65155258
65149815
65149025
65180404
65179939
65172447
65167599
65165509
65172578
65168740
65166318
65164375
65163005
65169830
65166160
65164927
65180662
65180423
65180089
65178722
65172336
65163274
65161876
65161029
65159696
65157706
65155103
65157880
65156630
65170554
65168982
65167099
65165427
65161554
65159548
65172848
65171262
65170237
65168320
65166319
65162137
65129281
65160954
65159217
65156545
65155696
65154080
65175871
65166869
65181247
65180862
65180252
65177684
65081057
65078917
65179753
65176776
65174196
65159787
65155196
65165914
65167540
65165942
65163915
65162753
65147750
65146804
65146358
65026411
65156898
65156169
65154101
65153426
65152893
65148470
65148073
65146747
65164658
65157629
65156727
65155473
65154294
65153351
65170100
65169190
65167172
65164675
65150258
65149450
65149185
65170877
65169297
65167709
65166695
65165619
65163859
65162331
65160662
65158929
65157922
65180578
65180218
65178758
65177633
65177078
65165832
65163864
65175580
65174594
65173028
65171397
65169313
65168325
65166141
65150855
65150493
65158171
65157154
65152691
65148542
65143461
65126671
61685095
61684615
61683923
65148954
65148524
65148128
65146712
65146257
65145652
65145358
65144998
65124321
65119789
65118098
65082597
65151965
65151347
65149072
65148575
65148140
65160104
65158921
65156633
65154954
65146928
64933443
64932829
65149282
65148822
65121571
65072630
65072158
65165052
65150950
65150581
65150215
65149645
65148901
65148374
65147079
65146677
65150017
65149258
65148759
64997238
65174108
65172763
65171524
65170265
65169548
65168215
65166326
65164961
65163612
65141433
65161056
65161951
65160515
65159664
65159049
65157492
65156101
65155348
65154674
65170764
65168978
65167134
65144568
65143834
65143355
65143122
65142701
65158658
65157121
65155815
65145170
65144655
65144085
65149524
65147796
65147399
65146065
65145416
65181657
65181450
65180984
65180640
65179791
65178300
65176143
65168476
65177677
65175493
65156484
65155759
65155045
65154254
65143890
65143188
65142982
65152252
65151630
65150933
65150329
65149608
65148498
65147758
65147047
65146840
65162022
65150683
65149981
65149126
65148421
65146916
65146442
65145957
65164830
65162903
65171960
65170453
65169446
65167691
65164395
65162670
65109024
65108656
65147119
65181561
65181225
65172645
65171590
65169171
65175171
65171116
65147133
65108352
65148371
65143727
65142742
65129660
65181406
65158504
65109967
65181166
65178529
65168443
65160359
65160993
65176608
65171071
65169172
65167844
65181742
65177766
65176030
65181757
65177395
65166110
65113095
65172025
65169421
65167471
65180848
65174688
65173503
65171839
65169926
65170879
65149467
65142732
65142370
65142003
65141618
65141275
65148211
65147437
65146649
65146010
65145785
65145156
65144761
65143485
64946427
64945052
64941712
65161922
65159732
65158262
65169287
65167264
65163764
65161888
65160087
65158385
65168566
65166402
65179466
65178979
65178158
65177603
65181824
65181575
65181228
65180981
65180508
65180102
65146176
65145700
65145097
65144320
65143701
65173586
65172586
65169427
65178176
65159299
65157812
65156880
65149491
65143066
65111907
65146390
65144637
65144059
65143534
65166244
65149844
65176020
65145820
65145398
65145086
65144525
65143678
65108272
65107581
65107411
65106942
65148041
65147270
65146598
65145992
65145515
65144996
65047216
65172943
65171529
65170442
65169228
65167351
65165477
65163929
65162793
65161417
65159590
65179812
65179210
65177621
65171542
65169713
65167855
65160251
65158112
65156703
65148637
65173017
65170503
65169594
65168098
65166175
65164186
65162488
65157668
65156235
65121369
65112593
65112013
65158405
65157351
65156585
65155404
65146089
65145827
65145306
65144843
65144528
65166526
65165437
65164341
65147808
65146458
65146104
65145375
65144911
65176989
65176340
65174240
65173013
65172054
65181917
65181627
65106847
65105773
65147908
65146915
65146293
65145816
65145101
65150449
65149713
65149365
65139654
65085373
65083895
65143631
65143415
65143121
65142913
65142403
65156375
65144548
65174792
65174102
65169660
65145135
64996985
65022139
65180999
65180529
65180176
65178893
65178104
65177358
65176590
65175077
65166039
65164687
65163121
65156868
65155590
65154652
65152240
65151429
65172056
65167476
65165144
65163138
65161380
65159961
65158336
65156572
65172501
65171639
65170770
65055135
64893891
64892877
64891255
64890113
64889102
64798223
64796379
64788865
65075106
65170750
65154344
65153761
65170092
65168213
65166134
65164251
65162526
65159771
65158624
65156641
65153875
65180684
65180147
65179424
65177167
65176149
65174950
65173783
65172462
65171069
65169678
65168531
65167619
65163913
65162081
65155951
65154934
65150048
65149302
65161829
65159868
65158876
65157301
65151197
65150576
65149183
65157917
65154844
65154207
65153373
65152706
65115288
65176036
65175407
65173073
65169785
64386787
64386333
64385879
64385749
64385248
64384733
65130098
65128971
65127528
65126311
65124839
65124160
65122725
65116348
65115790
65114677
65150766
65150012
65149735
65145241
65144757
65144261
65143806
65143513
65165303
65163722
65162878
65161768
65161102
65120521
65119598
65158823
65152018
65180408
65180038
65179499
65178924
65178000
65177111
65176503
65174720
65180119
65179541
65179157
65178392
65176494
65180543
65177850
65176547
65174627
65176463
65174368
65173309
64982453
63821535
63766672
63766122
63729437
63728562
65179178
65178799
65178297
65177735
65177253
65176440
65174444
65173402
65157979
65179399
65179005
65177172
65176457
65174466
65172770
65174903
65173302
65168613
65174306
64997773
64923867
64921925
65176864
65174532
65173589
65172440
65169220
65167518
65165498
65164106
65173950
65171573
65151977
65151255
65147998
65147172
65178967
65177918
65176817
65173598
65172407
65171486
65170747
65169532
65129229
65128030
65086648
65174603
64999273
64998233
64997359
64995233
64994528
65158324
65154806
65151020
65178397
65177348
65176615
65174868
65171302
65168605
65137000
65136597
65176592
65174678
65158417
65157094
65155642
65154418
65148744
65148260
65090804
65088905
65087462
65086878
65085291
65175537
65174118
65173004
65146736
65146131
65135923
65135328
65176782
65175720
65173939
65172541
65014347
65176100
65175750
65171703
65170058
65168524
65167149
65149566
65148948
65178566
65142708
64770693
65181784
65181458
65181113
65180734
65180276
65179952
65179276
65178925
65177980
65156285
65155738
65085849
65083369
65175802
65174189
65173224
65172008
65170932
65169751
65041994
65172967
65171409
65168960
65167735
65166430
65164949
65163331
65162084
65156446
65172274
65171309
65170129
65168250
65179096
65176833
65174022
64955583
64933019
65173794
65173043
65113563
65112475
65174097
65179588
65178689
65177024
65176112
65175494
65172287
65176963
65171661
65170477
65168668
65164855
65162769
65173507
65163865
65172623
65115731
65111586
65179346
65178582
65176960
65176083
65175039
65170207
65171734
65170055
65154689
65154152
65127270
65177188
65172846
65172717
64387624
64309564
64306084
64102212
65133038
65094411
65181371
65181221
65181025
65177305
65176700
65181405
65181201
65180952
65180333
65179935
65179211
65178810
65176725
65178489
65178005
65177216
65175368
65135248
65058003
65009340
65170622
65169643
65166968
65164423
65163435
65157644
65154235
65153253
65173961
65168832
65167301
65153350
65152455
65145502
65144771
65144224
65182254
65182015
65163184
65161702
65158984
65157332
65155603
65152844
65151820
65150793
65164176
65162042
65160227
65157714
65156041
65148206
65087915
65140731
65153707
65152527
65152060
65151283
65150498
65163719
65162218
65160691
65063101
65173293
65171769
64830235
64829867
65169711
65159595
65178662
65178097
65177655
65176257
65159628
65134583
65134262
65133879
65132854
65156705
65155191
65146576
65145912
65145158
65144797
65157086
65155481
65154277
65182101
65181776
65122300
65144244
65143794
65124424
65145329
65167698
65163927
65127365
65173318
65123156
65154255
65153896
65157819
65156422
65155378
65153606
65165093
65154001
65126970
65125286
65123921
65101716
65070774
65070057
65069443
65182292
65182062
65181733
65181312
65181091
65180810
65180137
65179551
65179035
65178182
65131042
65129947
65120757
65157696
65156952
65155569
65119780
65154758
65169530
65118457
65168645
65167407
65165042
65156481
65155244
65153968
65172796
65171088
65168730
65167028
65164213
65162606
65168148
65166017
65164826
65162309
65159872
65157413
65170267
65162366
65160880
65134247
65105642
65161700
65157909
65132591
65131538
65130646
65174458
65172384
65168900
65166855
65164930
65163277
65161981
65160501
65148645
65157593
65156505
65155391
65154719
65008569
65007569
65006085
65004981
65120120
65117542
65156825
65034652
65033989
65033364
65028347
65074215
65072207
65071903
64845063
64841779
65159447
65158316
65157212
65154930
65153539
65152708
65177465
65176407
65174111
65173366
65171794
65153188
65152477
64965208
65172555
65172068
65170463
65168833
65166689
65164712
65162773
65161048
65160308
65159478
64557268
64495233
65163683
65161942
65160695
65158942
65158166
65157386
65156562
65155666
65156486
65155385
65154665
65153862
65152865
65151560
65159233
65157533
65156662
65155959
65155416
65154803
65154074
65153492
65166657
65165377
65160874
65158811
65157333
65156332
65154568
65153805
65153122
65152468
65111216
65153662
65153070
65152504
65149448
65149057
65148628
65151117
65150319
65149963
65149221
65148049
65147225
65168279
65156128
65154352
65153274
65152483
65151332
65153294
65151351
65035729
65161868
65160755
65157581
65156559
65155717
65152405
65114180
65113632
65067229
65043395
65041924
65126415
65125352
65124015
65074741
65054882
64995939
65150809
65150073
65147689
65146955
65146429
65177203
65175898
65173957
65169454
65167763
65166099
65164967
65163076
65161174
64746314
64589743
64434974
64396337
64739770
64734479
64671701
64473562
64436691
64434364
64408965
64736412
64616162
64437214
64432290
64411375
64383324
64688365
64593143
64496313
64730888
64704750
64638136
64624150
64594899
64660731
64643353
64598358
64553997
64551666
64532491
64488727
65152970
65151794
65150883
65113714
65113269
65073448
65150568
65149625
65149111
65148497
65147966
65147522
65150505
65148157
65146144
65145607
65181425
65179733
65158751
65164459
65162492
65160124
65158437
65156874
65155742
65150132
65149204
65148857
65112881
65076177
65075838
65075242
65074412
65173428
65171996
65170285
65149900
65149049
65148238
65168624
65167379
65164836
65163394
65144616
65168620
65166810
65165275
65161468
65160114
65149771
65149345
65148576
65148194
65146985
65146311
65145869
65145493
65152257
64950847
64949821
64948747
64947789
64946721
64946025
64944574
64825075
64756377
64754725
64752649
64288502
64288261
64287888
64287573
64287216
64287037
64286747
65151019
65148879
65147781
65108549
65108125
65117951
65079602
65077475
65131888
65130497
65129442
65147926
65147497
65164996
65163023
65161869
65160828
65158373
65164497
65159052
65177854
65177335
65176828
65176328
65174823
65173016
65171939
65166705
65148046
65146815
65165760
65162328
65066348
65065807
65141288
65107956
65107599
65106945
65073471
65073074
65115923
65037693
64865494
65079591
65078351
65174937
65173319
65171711
65163310
65161780
65159930
65158455
65157952
65157200
65153241
65152389
65151652
65150840
65150405
65149612
65179611
65168719
65165399
65143271
65142892
65142497
65142096
65182549
65143304
65143014
65157666
65156876
65179806
65165092
65162972
65161680
65182510
65161572
65179343
65178671
65178205
65152562
65151914
65151473
65173484
65172077
65171412
65162966
65161138
65153435
65150240
65148336
65159805
65175458
65172405
65182263
65181994
65181282
65176894
64458923
63189080
63188690
62972915
62972044
62964392
62963578
65177294
65167072
65179045
65178728
65172094
65134922
65133644
65179961
65050817
65049914
65049029
65174289
65170854
65168763
65167323
65165600
65163702
65180161
65179464
65179162
65178544
65177786
65176739
65175538
65173348
65172257
65171090
65169857
65168807
65167694
65175678
65175044
65174341
65143422
65147748
65144930
65144593
65144060
65143611
65143158
65142811
65145806
64984485
64983948
64983782
65142952
65142149
65141769
65141400
65143172
65142801
65142344
65141851
65141700
65109530
65108678
65070143
65069225
65068450
65030999
65106791
65106149
65105720
65104873
65104747
65104450
65103926
65107602
65142051
65141547
65141132
65070837
65069832
65142429
65142590
65105465
65105052
65141625
65141266
65142331
65148276
65147807
65103782
65067853
65103059
65105898
65141855
65148911
65142264
65141992
65069506
65068995
65068740
65068142
65147547
65146746
65146103
65109607
64986176
64396945
64395778
64244825
64243333
64242725
64183348
64181292
64989081
64988537
64985084
64984867
64819867
64819524
64696032
64695637
64695092
64694725
64694381
65027356
64987294
64986520
64986011
64985345
64984672
64932899
64932050
65182795
65182634
65182479
65156506
65155155
65154546
65153700
65152632
65067419
65181957
65181778
65140894
65101817
65182415
65182139
65181920
65181618
65100196
65175184
64739491
64539610
64538628
64441965
64441359
65147032
65113552
65157373
65155953
65155223
65154645
65153972
64915244
65147196
65146874
65145621
65144990
65145227
65144786
65150907
65150484
65150191
65149441
65149027
65131500
65182777
65173816
65097908
65004822
65003231
65176677
65159263
65154957
65179527
65178727
65166872
65172860
65171699
65172965
65153906
65153296
65152363
65148803
65147931
65155358
65154273
65153325
65152794
65114338
65180754
65180327
65090521
65158025
65182949
65182775
65180749
65179721
65176875
65175821
65174359
65154986
65154364
65152807
65176544
65175400
65174407
65164444
65150330
65149975
65149261
65148436
65143547
65142765
65175153
65174033
65173476
65160572
65149857
65158150
65156070
65155268
65154194
65153637
65152669
65153441
65152347
65151779
65111528
65110937
65109944
65157588
65156516
65151148
65150438
65149930
65148187
65147005
65145904
65157437
65147424
65147108
65146521
65145955
65141064
65140905
65140254
65145469
65145162
65182866
65182593
65183009
65182883
65181860
65182612
65182361
65181422
65170041
65167869
65183053
65181855
65181644
65180390
65179960
65179406
65172850
65174090
65172963
65170826
65143985
65143599
65142887
65142589
65142362
65147612
65145260
65103933
65103643
65163866
65162806
65145026
65144575
65171951
65168323
65166054
65151435
65150764
65150063
65149201
65156819
65155663
65153273
65152525
65151877
65151116
65150228
65149414
64948631
65168859
65167775
65166125
65164659
65163253
65162182
65166917
65165269
65182861
65182565
65182336
65182155
65181958
65181825
65181452
65181140
65180823
65175045
65179084
65170676
65169764
65165696
65180891
65178900
65177803
65181885
65181608
65181344
65180620
65070741
65069818
65177586
65176565
65104169
65179151
65077709
65076586
65043248
65181304
65180474
65139848
65139693
65139436
65139314
65139158
65179044
65177969
65096325
65095549
65093562
65093097
65091828
65180800
65179377
65134033
65133563
65132549
65132125
65130963
65129727
65180488
65180239
65178055
65100636
65181976
65181749
65181514
65175958
65175214
65172290
65178460
65177443
65114720
65176204
65179620
65176854
65173926
65173177
65172062
65106438
65178516
65174878
65173984
65151226
65149293
65148932
65117885
65117048
64842218
65179644
65145541
64909838
64908210
64906447
65146620
65143165
65142944
65148983
65147886
65147296
65180693
65180383
65177289
65179701
65179329
65175907
65135984
65182551
65182347
65182084
65181919
65181719
65181480
65181552
65181335
65181077
65177782
65177119
65178009
65177701
65168397
65166321
65165134
65164062
65179457
65147681
65150652
65149846
65149360
65148930
65181968
65180337
65178077
65178225
65173691
65098520
65114935
65039519
64976663
64976149
64922573
65181950
65181668
65149722
65148955
65014557
65178829
65173850
65171479
65183231
65183129
65182762
65182516
65181542
65174523
65173155
65171942
65170160
65165262
65179718
65174620
65172248
65146462
65146083
65145673
65145048
65144561
65144116
65173505
65171900
65170497
65090711
65088809
65175953
65174751
65160601
65159477
65158434
65182907
65182597
65182460
65182223
65181729
65176399
65175143
65181930
65181509
65181280
65182738
65136860
65136579
65182342
65182116
65016331
65171268
65157371
65154415
65182904
65182509
65182375
65182238
65180926
65178693
65084294
65075054
65175873
65182408
65182258
65175588
65171355
65169545
65166197
65173259
65159937
65177875
65176442
65164076
65161961
65160563
65159153
65116985
65115996
65173863
65041530
65039685
65134967
65178961
65178415
65175667
65171953
65155020
65154471
65153656
65125603
65183276
65183061
65182871
65182638
65182433
65182315
65182078
65112693
65111992
65074790
65055406
65175408
65169657
65167680
65175681
65174431
65173612
65172833
65169455
65167561
65165848
65175433
65181605
65170456
65007508
65178246
65166578
65133918
65179255
65178852
65171450
65177013
65174779
65173936
65171498
65165138
65163326
65155886
65175461
65076290
65056601
65024211
65024099
65156834
65155552
65154457
65153927
65153507
65152196
65151639
65181636
65172318
65171327
65154156
65148289
65147548
65153603
65150387
65108171
65148650
65147355
65145165
65144773
65180759
65179992
65179222
65178428
65176722
65154113
65147595
65146887
65146220
65145793
65169840
65168591
65166729
65163153
65144941
65149350
65145945
65143891
65180536
65180044
65178971
65178325
65177511
65176691
65175753
65174813
65173574
65183208
65154921
65169839
65166717
65165495
65160323
65171354
65169910
65147905
65146835
65148397
65147619
65070269
65069230
65140168
65139660
65154698
65153321
65124663
65121359
65118889
65117518
65041991
64949192
65152153
65147188
65123159
65158167
65156573
65152613
65151737
65150998
65183306
65183150
65183008
65182854
65146012
65145383
65147901
65169144
65159507
65153045
65147264
65126252
65161812
65160475
65142522
65108047
65104387
65146687
65145618
65145138
65118430
65117046
65168392
65167299
65165295
65160965
65160198
65157677
65156242
65155055
65170039
65168101
65166467
65161350
65149019
65150424
65055477
65050732
64988824
64987506
64986817
65163558
65161526
65159886
65158926
65155852
65154394
65150690
65149473
65146568
65156931
65156065
65155650
65155009
65146597
65146064
65180405
65149761
65149389
65148177
65147550
65146866
65146496
65146171
65156249
65155565
65151937
65150273
65149460
65166734
65119968
65167524
65161607
65153271
65152345
65150827
65149083
65133595
65132490
65147839
65161666
65160712
65158064
65156720
65147614
65134556
65134122
65147044
65143962
65165819
65164162
65163144
65157080
65155456
65135003
65134509
65133936
65133197
65132347
65147374
65171718
65163705
65161973
65161098
65177411
65176334
65174337
65172887
65171388
65169730
65147484
65140198
65102276
65102108
65145819
65140417
65110885
65183483
65155952
65154888
65153819
65152964
65152157
65151413
65150463
65164618
65162621
65161597
65159801
65157991
65180726
65162363
65160340
65157495
65161065
65169354
65168171
65167261
65165386
65163740
65161907
65182449
65146276
65183577
65182133
65183979
65183797
65183541
65183322
65182940
65183733
65183348
65183841
65183589
65183196
65181815
65183496
65184119
65183186
65169907
65168238
65184180
65184337
65184271
65181905
65156014
65155534
65169045
65168233
65167431
65166440
65164762
65165314
65163992
65163048
65161953
65166770
65182675
65182304
65169077
65167925
65161634
65159082
65163552
65161693
65157239
65153852
65152940
65151860
65151270
65150529
65161274
65160461
65160474
65175285
65173813
65172532
65171282
65169757
65167913
65166930
65164383
65162354
65177424
65176557
65174315
65184347
65171085
65164539
65163072
65162198
65161266
65184421
65184028
65183350
65167156
65183446
65182747
65151554
65150856
65177267
65168781
65155527
65152661
65152370
65151747
65169408
65167633
65162546
65160086
65158771
65156055
64531397
64491565
64490912
64962119
64941679
64940224
65155825
65180768
65180461
65152246
65151709
65121070
65084071
64753639
65168081
65167631
65165692
65167075
65165438
65164606
65085744
65167086
65127971
65185094
65184913
65184724
65183980
65183645
65155425
65154271
65153920
65183500
65183678
64945374
64944220
64943397
64942717
64928947
65183647
65102357
65101637
64930659
65184062
65183588
64922301
64921208
64919929
64919107
64918094
64916790
64915450
65185437
65185144
65184700
65184319
65184103
65183447
65184699
65184295
65183521
65183261
65183125
65184138
65183942
65157879
65156827
65141321
65184985
65184729
65184392
65184033
65183477
65046325
64939884
65128348
65127733
65126709
65125630
65124312
65183393
65183082
65182912
65139468
65139340
65138964
65184120
65171831
65168908
65185161
65184447
65184207
65183995
65183377
65106090
65140385
65076835
65076050
65181353
65183825
65183355
65183021
65185187
65184992
65184598
65184387
65184203
65183974
65183307
65183092
65182852
65183925
65183706
65182539
65182395
65182128
65181769
65139604
65139378
65185163
65184877
65184496
65180720
65180369
65179867
65179426
65185595
65185319
65184865
65184607
65184383
65184157
65185391
65184950
65184563
65184400
65184143
65183953
65183333
64821466
65185108
65184463
65183187
65183042
65182729
65182277
65181993
65133857
65185200
65184771
65183851
65184922
65184339
65184034
65183809
65175598
65185468
65184917
65184439
65184121
65183089
65184646
65158899
65157711
65183688
65183165
65185170
65184701
65138988
65138244
65151439
65183344
65178220
65177426
65177040
65175371
65174041
65172560
65183397
65130258
65126014
65123913
65122387
65112887
65112210
65183835
65166299
65163543
65162487
65159627
65158037
65184840
65184530
64170283
64169820
65184327
65184037
65183751
65183493
65183115
65182810
65151163
64651008
64641844
64535902
64533527
64333118
64295955
64294920
64278363
64340687
64170007
64163418
64105032
62955790
62819429
64522756
64430204
64281267
64233102
64101434
64078695
64284867
64232723
64216644
64362468
64284909
64233087
64166593
64114216
64108965
64086362
65184364
65184111
65183455
65182988
65182770
65182588
65182468
65184090
65183792
65183587
65182873
65182702
64729839
65184948
65184684
65184489
65183899
65183203
65182705
65182564
65156875
65156336
65155068
65144121
65143575
65143062
65127159
65100518
65099547
65185399
65185132
65184869
65184474
65184208
65184010
65183765
65182274
65182112
65181578
65182026
65181696
65136851
65136508
65182967
65105557
65104970
65063447
65063195
65185390
65185036
65184465
65184174
65183965
65183510
65183384
65183133
65182665
65182360
62891827
62891170
62890681
62889638
62888901
62879976
62879825
62879626
65141366
65134810
65091791
65086607
65185672
65185419
65184954
65184666
65183874
65183606
65183073
65168739
65165940
65164405
65154592
65183881
65185613
65184978
65184275
65183147
65183131
65138924
65114892
65114278
65113641
65112865
65112242
65185593
65177225
65176570
65182794
65181244
65182475
65182370
65182170
65182569
65178646
65177853
65177000
65176005
65174781
65173547
65183241
65140752
65140569
65184222
65163671
65161688
65160331
65158684
65157806
64451687
64450707
64449714
65185673
65185288
65183959
65183786
65183580
65183331
65182568
65181003
65173937
65172383
65170742
65169027
65168020
65152646
65151985
65151679
65151400
65150787
65150024
65149236
65146324
65120043
65185427
64888859
64887822
64686359
65182659
65182554
65182396
65182234
65182120
65181904
65178710
65175301
65154133
65178153
65176251
65175101
65173840
65172546
65162420
65155120
65147534
65185097
65184726
65184401
65184123
65183858
65182308
65175863
65147305
65146386
65146031
65144193
65185996
65185520
65184996
65184751
65184277
65184149
65183927
65183789
65180445
65179787
65186156
65149781
65178747
65186293
65162280
65182369
65182130
65181858
65181658
65181298
65180825
65180202
65179702
65165573
65173330
65168959
65167203
65165594
65147057
65047907
65182071
65181593
65186412
65186032
65074672
65073833
65073328
65072698
65150491
65150071
65186353
65174479
65173029
65171915
65158427
65156751
65155492
65154591
65153982
65152850
65152227
65175180
65174056
65173134
65145357
65144278
65143750
65143270
65142783
65142255
65141849
65155893
65152144
65151389
65165830
65166862
65185216
65184731
65186624
65186049
65185693
65185441
65185060
65184459
65185305
65184855
65186083
65185466
65184936
65186474
65185877
65185601
65184539
65186234
65185536
65185092
65186557
65184947
65186203
65150384
65182567
65182243
65181874
65181563
65151649
65151155
65186750
65150513
65140186
65186449
65185954
65186794
65185679
65184711
65183832
65186891
65183361
65181490
65182045
65180821
65180588
65178645
65177861
65139808
65139391
65139281
65182199
65170381
65170959
65180778
65144391
65143888
65143504
65143218
65142920
65185074
65184782
65183368
65182966
65182335
65182187
65184795
65184408
65183568
65182257
65181534
65136726
65135912
65135336
65182746
65138088
65088486
65086603
65085112
65181158
65180546
65180027
65179545
65181449
65138975
65114588
65100573
65078881
65161855
65160099
65158017
65157135
65145008
65144735
65144203
65143846
65160275
65171567
65170552
65168694
65167279
65069466
65159060
65149465
65148944
65148361
65147709
65147452
65146904
65146156
65145636
65142057
65185710
65169157
65166732
65142809
65141954
65139376
65102339
65102075
65186923
65186310
65185815
65185485
65154681
65165818
65164565
65162710
65150680
65173272
65172387
65168266
65166224
65154774
65154553
65152189
65161859
65156921
65154623
65154154
65153305
65152597
65179394
65178354
65176620
65175562
65174314
65172648
65171128
65170943
65169942
65169154
65166124
65161763
65158282
65157483
65156865
65117662
65116679
65115510
65114860
65186913
65172426
65166822
65165536
65163620
65155973
65165077
65161164
65159741
65157232
65156002
65129374
65077242
65043010
65161470
65157481
65154035
65151938
65151082
65132151
65185218
65184742
65154482
65040002
65037510
65119571
65040972
65160841
65159090
65157384
65154501
65154943
65116884
65116366
65115828
65110983
65110270
65109583
65108849
65108235
65107714
65107160
65185695
65185383
65184923
65184761
65163165
65161347
65159569
65151759
65151358
65150966
65129476
65128410
65184866
65184508
65184172
65183991
65183837
65183665
65183469
65151131
64623512
64622415
64620739
64619402
65187340
65139595
65139395
65102220
65102150
65101914
64733067
64694251
63303902
63303480
63060343
65094823
65092843
65187242
65186703
65185574
65185047
65184075
65148646
65147828
65147193
65146447
65143963
65143589
65172621
65167142
65164962
65163056
65161729
65160201
65187501
65186596
65170727
65149626
65148980
65148287
65147459
65174656
65173504
65172366
65158531
65165922
65163743
65161603
65177486
65182225
65164642
65157960
65156299
65187611
65187210
65186634
65186071
65185691
65185183
65173141
65169174
65167594
65164189
65162090
65161247
65159863
65153100
65180413
65187420
65186660
65186336
65185698
65138459
65138214
65137758
65182898
65182698
65187691
65185807
65185452
65184009
65183327
65162481
65160675
65159392
65146781
65181205
65171210
65169018
65167808
65158909
65157462
65156018
65028305
65027874
65027020
65186566
65121132
65119172
65117932
65116629
65036645
65036183
65035582
65169864
65166725
65163146
65159634
65146463
65146254
65145723
65145338
65130614
65122353
65170074
65164244
65163034
65170241
65168996
65167123
65124486
65149527
65147827
65187396
65186958
65186486
65186125
65159532
65158651
65167313
65165205
65163572
65159191
65155799
65154734
65186981
65183718
65179578
65178380
65178043
65177505
65176900
65154224
65153730
65152834
65151902
65150578
65161866
65160395
65158652
65157292
65156532
65155847
65147823
65187751
65146258
65128927
65127951
65096939
65108071
65106763
65106457
65156118
65151707
65144422
65188330
65188068
65187351
65146749
65146050
65145462
65144716
65149698
65178125
65148639
65155608
65154779
65154219
65153736
65179597
65179019
65177015
65150888
65149569
65144478
65146470
65145805
65145182
65151657
65151371
65150976
65148484
65147179
65146825
65158916
65153398
65152649
65151184
65153739
65151493
65150715
65150296
65149700
65148961
65148242
65147596
65146902
65146626
65158962
65144281
65186442
65178830
65163422
65159319
65175727
65171671
65167847
65166281
65144874
65177694
65179450
65179125
65178450
65177470
65168970
65109878
65109250
65108572
65174890
65128317
65127149
65125833
65091093
65089726
65088564
65084224
65188880
65188090
65180564
65179974
65179335
65048734
64512582
64510358
64508273
64505868
65172386
65181071
65180528
65180001
65178865
65188759
65188465
65187234
65186944
65186626
65186262
65185714
65185380
65058958
65058433
65057708
64772098
64771911
64771485
64770975
64770365
65148405
65147599
65146850
65127079
65124518
65122036
65110358
65109405
65109120
65108619
65108015
65151370
65160169
65151604
65151288
65109546
65189560
65146471
65071284
65001132
65000443
64989824
64989539
64957458
65153314
65152665
65151819
65178676
65178162
65177497
65175092
65174038
65172719
65157513
65148102
65189212
65188644
65142715
65142593
65142383
65141883
65141498
65141352
65111127
65110537
65183106
65182822
65141403
65141153
65140507
65189245
65188145
65187479
65189283
65188796
65188250
65187983
65187594
65186802
65133612
65173667
65172964
65171279
65169854
65189544
65178078
65176546
65175466
65174693
65171103
65169141
65166957
65165246
65163167
65041058
65039899
65178139
65175348
65163402
65162326
65160714
65157941
65166444
65188584
65189519
65188706
65188121
65142162
65179544
65178384
65168873
65165325
65190094
65170446
65167973
65159874
65158207
65153757
65116904
65115543
65114816
65084794
65082503
65147711
65146864
65146246
65145628
65145321
65113102
65111281
65109852
65150195
65149463
65148677
65148014
65128942
65143089
65142822
65142623
65118083
65116997
65078783
65042169
65040898
65189941
65189163
65188522
65187857
65187027
65185951
65151293
65150552
65148365
65147520
65146780
65146093
65145689
65083490
65177584
65176772
65174064
65172021
65170318
65166590
65162123
65161140
65158945
65157436
65154400
65153743
65153201
65152637
65152006
65151214
65180341
65179421
65178402
65177927
65121914
65080231
65077278
65076692
64996007
65168390
65164349
65129870
65144056
65143510
65142106
65139985
65120073
65118759
65117901
65116966
65190405
65189152
65187758
65173982
65173276
65168825
65167623
65187308
65184187
65150213
65149486
65148662
65148253
65146033
65174746
65128837
65169541
65163541
65162383
65158637
65157203
65157838
65156688
65146499
65129175
65126539
65167782
65165822
65161075
65190525
65175585
65174209
65172644
65170681
65153459
65151708
65181521
65181175
65180741
65174311
65134305
65133462
65132359
65124680
65150643
65150259
65061342
65061110
65059859
65052120
65128082
65176276
65175332
65174629
65173819
65170246
65169230
65168375
65121220
65176855
65190670
65189933
65189530
65152878
65152054
65151470
65150748
65150199
65054683
65191074
65053897
65052368
65051390
65049994
65009506
65002912
65001476
64999780
65162695
65161460
65160708
65091824
65090823
65172130
65170707
65169065
65164042
65162299
65160586
65159324
65190295
65189851
65189104
65188366
65187961
65187538
65123522
65121930
65178026
65176314
65175145
65173915
65172712
65171357
65178410
65177126
65176090
65174804
65171863
65170152
65149205
65148786
65145750
65169670
65168643
65167006
65165601
65164401
65161401
65160843
65160046
65055410
65054483
64555413
64553085
64552397
64551297
65163089
65160791
65147120
65146334
65145924
65218695
65217925
65217136
65214937
65213799
65212366
65211394
65219039
65217028
65215914
65214139
65212598
65210755
65209626
65202969
65190488
65219260
65217194
65215075
65213535
65187244
65201481
65224540
65217265
65228656
65227765
65226435
65225824
65193930
65192902
65227302
65214453
65213780
65207575
65206533
65205727
65201413
65202295
65201386
65200698
65199811
65228887
65228026
65226914
65225981
65225089
65224304
65223393
65219865
65218024
65209672
65220818
65220276
65218028
65216176
65217461
65214841
65213403
65211267
65202040
65225454
65224012
65191990
65209041
65189124
65188614
65188228
65187626
65221201
65227579
65226296
65224520
65222934
65197782
65196502
65228864
65224833
65223550
65222082
65216639
65199619
65198590
65197355
65226955
65216408
65215338
65213598
65212129
65211447
65201682
65215785
65213115
65211889
65210519
65204961
65203516
65195314
65227063
65226360
65224679
65223850
65222368
65221114
65219817
65207245
65209993
65208097
65206951
65205359
65203724
65229509
65228400
65227865
65221541
65210311
65206052
65204651
65228415
65225239
65224195
65217747
65200484
65199640
65198601
65197637
65196847
65195607
65187637
65211102
65204463
65202605
65195767
65194402
65228991
65226706
65225525
65192715
65191696
65190744
65190008
65195333
65197207
65216255
65214580
65213709
65211906
65210816
65190555
65189739
65187236
65186510
65186087
65185522
65185306
65219329
65212308
65204069
65198151
65196342
65195175
65192135
65191378
65223899
65199755
65198787
65198225
65197727
65197171
65196410
65195653
65194701
65190610
65196722
65195969
65227108
65222733
65192459
65188962
65188364
65187774
65204318
65203142
65229666
65227980
65221831
65189864
65188488
65215706
65213748
65211907
65210853
65222950
65221602
65209345
65200262
65199091
65197995
65196940
65208708
65203299
65202803
65193738
65201980
65200991
65199829
65196872
65195937
65220190
65218538
65215668
65213536
65212241
65211643
65193458
65190930
65218456
65219081
65216827
65215875
65213878
65211063
65209126
65188849
65217486
65214933
65212716
65209994
65208456
65207240
65202596
65217294
65216017
65214605
65213498
65211758
65210386
65209161
65205729
65204419
65161529
65160602
65159615
65158293
65229488
65228879
65228486
65227285
65226059
65210398
65209025
65207548
65199269
65217281
65213879
65211870
65210820
65110864
65106615
65067414
65216732
65213702
65212010
65210871
65202951
65202030
65175501
65174639
64513020
64511403
64427889
65214254
65210912
65214559
65213090
65212018
65210251
65208565
65201216
65198802
65192848
65192117
65191817
65191003
65067904
64462995
64461210
65219024
65216124
65214762
65213407
65211710
65209988
65209077
65207421
65168261
65166241
65218948
65217015
65215509
65213995
65212527
65226824
65225873
65226114
65225066
65223814
65219358
65216830
65212700
65210832
65195768
65214764
65076129
65038867
65037964
65152707
65075311
65070738
65069989
65222078
65220843
65170887
65144926
65216282
65212632
65207088
65168768
65166195
65164914
65219460
65218478
65165343
65228087
65226870
65226055
65219127
65213295
64915429
65209686
65208864
65207471
65206677
65154150
65153463
65229441
65205721
65203991
65202903
65202406
65201566
65221442
65216177
65214789
65212947
65218590
65214349
65212261
65210896
65209705
65209039
65011022
65009458
64925831
64925628
64925275
64925033
65222832
65221247
65215391
65213503
65045035
64964027
65177879
65215145
65213682
65211562
65210619
65074646
65073986
65073185
65070354
65154746
65213255
65211543
65141355
65141012
65127615
65210817
65224016
65222376
65221837
65221034
65211778
65211059
65230187
65229364
65228373
65227237
65226214
65223957
65222356
65221606
65220796
65219112
65217638
65215732
65201400
65200674
65192417
65191269
65172710
65199526
65198501
65221674
65220273
65216580
65211174
65170685
65169691
65168607
65167377
65217932
65216041
65214147
65203914
65203056
65202508
64785332
64784191
64783676
65090134
64940857
64940239
65218485
65217530
65216167
65213385
65222688
65221722
65220665
65219292
65216873
65213110
65143283
65143123
64849500
64847308
64846248
65217038
65213973
65207443
65206164
65205159
65140848
65119790
65118873
64912173
64911237
64909678
64908050
64904056
65198330
65197735
65196517
65215573
65214442
65211027
65007917
65005140
64834975
64834558
65215112
65212766
65211041
65207326
65205973
65218752
65215367
65212473
65208926
65207749
65205925
65218868
65213038
65211527
65191882
65191466
65217378
65212595
65211675
65210606
65164742
65163406
65215219
65160846
65147303
65215890
65209470
65208612
65162909
65160609
65209606
65208480
65208817
65207070
65205632
65204484
65219852
65148216
65147276
65146466
65001677
65000151
64998564
64968504
65133401
65222875
65221212
65217154
65205474
65203137
65224826
65223656
65222314
65219893
65214071
65228113
65226882
65225728
65218406
65199155
65198608
65196878
65210396
65208801
65197991
65141232
65203435
65202174
65201521
65217663
65207440
65204557
65203439
65202711
65201744
65224599
65223511
65222057
65221330
65226356
65225758
65224405
65223451
65221753
65220499
65220917
65200458
65199715
65199318
65162760
65161188
65159853
65215774
65192233
65191610
65190801
65218191
65215461
65210831
65208949
65207461
65206042
65220362
65207618
65206153
64921412
61771871
65216590
65215199
65168692
65166956
65164091
65119522
65118658
65117819
64991275
65215670
65214370
65209669
65190195
65189431
65188776
65188140
65167380
65126159
65124723
65122894
65122338
64803452
65219274
61821359
61820442
61819900
61819278
64878593
64877879
64876825
64876326
65191273
65190830
65190097
65189351
65200628
65199546
65198280
65204598
65222523
65225638
65224321
65221042
65219998
65230188
65230473
65230026
65225000
65220683
65188062
65222411
65220306
65216945
65229749
65223417
65228558
65225038
65223572
65227566
65198306
65196163
65195181
65229141
65230361
65213718
65202025
65200464
65199423
65219851
65229987
65229434
65228366
65227157
65225925
65225218
65224105
65223221
65218978
65229647
65228651
65227771
65226776
65221443
65219566
65217834
65220629
65217251
65219263
65223837
65212122
65197079
65230105
65229455
65218049
65216534
65187014
65213004
65207795
65206311
65205335
65204161
65200061
65199240
65197444
65198558
65215994
65229978
65228169
65224752
65222055
65200642
65218786
65215576
65200275
65199214
65198714
65208760
65190210
65223498
65221904
65220595
65188107
65219186
65215489
65213346
65220184
65219332
65218252
65217056
65215978
65214045
65212791
65207230
65226229
65221769
65214240
65212547
65191383
65190547
65189235
65197460
65198882
65205348
65204054
65203469
65206817
65205662
65201285
64747444
65218676
65170581
65217338
65215277
65213975
65210825
65217750
65216419
65214105
65200228
65199353
65141503
65215611
65148658
65148240
65123751
65122370
65115454
65114925
65213484
65211776
65210829
65210132
65216878
65215342
65213670
65158721
65157084
65124719
65122753
64889462
65231039
65230583
65229991
65229303
65228594
65225209
65213027
65211537
65209939
65208608
65218853
65217081
65214584
65213218
65211682
65223235
65222037
65221159
65220059
65212109
65211160
65207302
65205864
65127795
65125915
65125062
65121451
65221250
65230784
65230326
65216908
65215299
65223703
65222142
65218370
65216973
65215571
65210897
65209034
65207865
65206480
65205244
65204284
65163797
65212077
65210861
65209430
65207854
65220556
65218769
65217445
65215080
65213485
65211850
65209896
65207754
65206675
65229754
65229151
65228000
65227522
65207583
65206411
65204104
65209752
65223672
65222917
65221199
65219407
65217623
65215943
65214894
65213121
65211168
65209969
65215132
65202231
65194238
65193276
65218078
65217171
65214758
65212691
65211642
65194960
65226555
65210705
65231101
65226005
65200916
65200142
65208285
65204998
65204282
65203101
65201498
65200806
65199344
65198898
65189452
65211516
65202524
65194093
65193101
65192388
65191833
65191228
65189528
65220320
65218920
65218087
65216582
65215323
65213918
65213153
65211817
65210879
65230264
65229616
65228643
65226778
65216186
65187379
65220547
65218380
65214348
65213320
65210976
65199278
65225865
65201640
65221750
65220538
65217566
65216116
65215337
65213678
65212875
65210352
65230679
65227017
65223064
65221005
65217361
65230724
65215741
65214030
65212141
65210893
65230328
65224582
65223145
65212052
65210114
65205011
65198779
65198127
65195583
65189817
65217719
65216595
65214203
65213508
65211151
65205248
65212739
65203666
65203078
65202009
65201253
65231391
65230925
65230268
65228422
65227462
65226485
65225557
65224075
65222403
65217807
65216538
65212671
65205772
65205227
65189105
65188259
65187653
65217529
65212587
65223972
65202700
65200465
65149712
65207781
65218283
65215941
65213120
65192053
65165081
65199741
65198899
65197792
65196674
65224818
65223805
65220902
65219036
65173420
65171830
65227050
65226315
65215715
65214610
65212841
65210981
65209400
65207848
65164759
65163145
65161319
65160603
65214878
64963269
64961143
64958982
64957289
65205693
65204443
65202100
65200089
65199150
65157851
65156428
65221575
65219581
65214617
65230468
65229643
65228667
65227505
65226341
65224950
65223602
65222146
65221586
65213119
65207504
65203697
65202859
65202003
65200980
65218528
65196701
65195627
65194663
65193843
65192040
65228228
65227718
65221767
65220144
65216564
65212290
65150514
65149913
65216766
65230375
65229523
65218058
65210715
65208922
65217622
65216426
65163756
65161984
65131075
65129973
65128843
65060492
65060082
65059688
65059185
65230858
65230462
65229654
65229210
65228480
65227658
65231295
65230659
65230062
65229156
65231188
65230517
65227419
65209239
65187007
65186610
65185487
65165268
65163984
65047481
65204309
65203721
65198658
65222291
65221321
65217910
65230720
65229923
65228951
65227715
65226400
65225996
65224664
65223359
65221680
65223831
65208410
65206304
65205274
65227235
65226750
65225396
65224111
65223197
65222050
65220606
65218774
65217438
65211820
65209890
65207995
65206460
65205125
65220423
65219732
65211445
65218974
65208363
65200519
65207807
65206938
65231434
65230702
65230204
65229424
65228639
65227832
65226019
65224754
65230435
65229828
65228759
65227934
65227055
65226143
65222282
65220672
65036060
65193180
65192100
65227477
65223874
65221597
65220741
65219369
65217800
65196669
65195913
65188160
65187597
65196624
65196922
65196079
65194961
65194582
65193537
65192493
65191955
65191526
65190711
65220076
65218896
65217912
65217009
65213679
65210869
65231658
65231488
65230872
65209588
65208039
65206618
65205777
65204461
65199591
65188750
65187919
65222654
65212201
65205554
65205104
65211784
65209244
65221728
65204861
65203453
65203000
65200721
65199681
65231249
65230598
65229960
65194534
65191100
65231294
65230602
65229910
65229096
65208764
65207047
65206251
65205641
65204811
65195065
65194416
65193636
65210150
65207952
65206574
65205480
65204391
65203629
65202742
65227511
65226216
65225116
65221655
65219855
65218042
65217003
65215493
65214486
65213408
65212251
65211193
65198534
65197542
65196900
65195747
65190843
65190328
65189389
65201646
65200636
65199557
65198847
65197816
65196896
65195597
65194866
65194209
65217578
65231595
65231119
65230686
65230244
65229619
65229057
65228250
65227595
65226038
65214424
65213797
65211923
65210356
65230806
65230542
65230153
65229908
65228963
65228363
65227432
65227032
65226156
65224587
65211460
65231646
65231238
65230571
65229926
65229005
65214745
65212512
65215069
65199628
65198599
65197570
65196703
65195998
65203711
65231841
65231554
65231279
65230903
65229883
65228844
65210258
65208783
65207561
65217050
65216125
65215204
65213749
65212775
65212028
65197695
65137936
65194561
65193988
65220489
65218736
65217312
65216504
65215636
65213932
65213003
65211260
65218768
65216861
65215292
65212867
65211007
65208257
65207121
65215880
65211126
65211469
65209790
65208758
65232026
65231687
65202947
65231154
65230672
65230312
65229623
65228581
65230359
65229318
65228546
65227745
65226532
65224880
65222814
65223331
65221581
65218939
65216944
65214791
65212641
65210943
65167117
65165175
65161173
65159475
65230570
65229755
65228943
65227854
65187529
65199995
65217266
65216229
65214659
65209720
65228312
65227673
65226851
65226165
65225152
65223947
65222287
65221016
65219747
65219222
65218103
65204893
65204181
65204890
65203794
65203203
65202438
65198726
65198031
64667102
64657207
65195004
65194586
65193754
65230910
65230481
65229204
65228136
65227345
65226084
65225014
65222144
65219858
65231788
65230604
65229932
65229473
65201196
65198323
65197388
65196627
65195444
65194871
65194356
65193669
65192661
65191726
65190853
65145843
65222166
65220409
65219111
65190665
65190165
65189484
65187998
65187157
65231647
65203206
65201966
65201072
65200029
65198931
65195176
65194046
65223219
65222516
65221264
65219627
65218503
65215407
65213800
65211958
65210541
65218923
65217629
65215239
65214456
65212426
65211255
65209292
65207812
65206689
65202906
65202092
65201579
65200816
65200385
65132368
65131404
65204575
65223475
65222290
65229610
65220959
65218625
65200344
65226509
65225725
65223455
65222243
65220648
65218794
65216886
65214683
65213018
65225265
65222946
65212204
65210369
65208828
65207031
65205360
65204896
65225942
65223202
65218351
65215308
65226758
65225774
65222124
65221137
65219431
65217864
65216082
65214846
65232209
65231809
65231311
65230587
65228673
65226969
65223094
64452958
64451843
64323339
65228653
65227939
65227412
65226205
65225661
65223538
65203725
65221909
65220481
65219655
65046416
65221336
65196439
65195467
65194381
65130093
65214091
64706673
63396212
65218863
65215667
65214180
65211277
65136173
65135967
65202315
65199345
65196663
65196073
65211150
65213994
65210894
65142598
65218204
65212120
65207075
65227874
65226856
65225754
65224681
65222912
65221301
65219755
65192744
65191645
65190965
65190332
65232192
65231843
65231142
65229360
65227155
65226372
65225134
65224291
65212378
65231834
65231486
65231068
65230208
65229526
65228438
65228148
65191323
65190506
65190202
65215516
65189894
65225659
65224851
65223406
65222460
65220839
65219019
65192658
65232021
65231144
65229401
65232556
65232105
65231758
65232338
65231278
65232208
65199611
65199094
65198545
65197975
65207731
65232486
65230557
65231462
65232696
65232503
65209446
65229105
65228284
65227674
65214727
65213257
65211722
65227492
65226595
65224200
65201855
65203019
65201776
65201131
65200172
65199241
65197096
65198816
65198175
65197586
65196515
65192829
65192081
65162135
65160850
65159560
65158482
65112505
65194310
65192333
65195804
65202219
65196221
65195128
65188677
65187873
65186916
65197701
65232794
65232427
65231453
65230707
65228505
65232820
65232617
65215139
65212515
65191920
65232007
65223607
65206446
65205473
65201265
65199845
65198179
65144945
65193568
65223973
65214507
65206076
65204727
65222765
65221799
65219713
65225221
65223872
65222551
65220808
65219519
65216443
65214609
65218829
65214407
65211510
65211412
65207894
65207005
65203256
65214974
65212342
65202154
65175779
65174753
65174270
65173243
65172027
65170323
65168639
65168050
65202346
65106144
65066646
65220975
65202127
65200740
65232871
65232470
65232127
65231773
65231433
65230560
65230235
65229513
65228875
65228443
65213903
65209138
65208028
65207192
65206289
65204747
65203811
65202879
65220333
65219062
65217867
65215346
65213572
65211732
65210656
65208647
65207513
65205932
65210292
65209166
65207554
65206097
65204947
65203564
65202321
65229218
65228414
65227620
65224889
65223940
65222186
65220349
65219668
65217521
65214114
65212000
65200252
65093567
65092373
65090315
65221371
65219547
65218137
65216985
65214779
65203853
65202469
65232231
65231946
65231546
65230533
65220205
65218785
65216089
65212830
65208101
65206696
65202185
65191465
65188268
65207940
65199496
65196868
65195626
65194962
65193722
65175148
65230668
65230120
65229293
65228276
65226740
65225390
65223007
65203430
65193885
65193373
65192150
65191242
65189415
65188731
65202079
65191446
65190639
65180887
65179767
65179336
65178858
65212517
65210394
65208731
65200045
65215467
65213616
65211706
65210827
65209114
65205224
65204389
64953779
64952594
65202198
65220833
65209173
65208160
65206704
65195584
65194516
65209263
65208259
65206442
65205184
65186257
65077500
65076346
65189584
65187568
65186798
65142450
65213081
65211594
65213265
65194617
65212188
65211154
65209462
65231355
65230774
65229817
65228967
65228346
65227217
65232934
65143182
65142658
65141888
65210663
65209697
65208236
65203812
65210434
65189323
65187986
65187138
65214907
65142103
65196646
65230988
65230388
65229895
65228874
65227793
65192753
65226788
65221109
65214241
65212374
65210408
65209091
65206918
65206057
65232963
65232626
65232363
65232086
65231750
65230633
65229681
65229832
65229349
65228076
65225872
65222737
65230437
65227823
65225693
65231671
65230345
65229561
65227930
65102517
65230186
65227737
65226568
65225187
65224207
65222571
65230786
65219473
65216731
65189455
65188666
65233260
65188237
65227507
65226466
65223614
64531442
64531005
64530706
64012469
64012322
64824387
63790961
63728648
65227479
65225628
65224529
65223346
65222060
65212353
65210537
65177185
65228584
65227274
65226097
65224904
65223381
65219990
65226881
65225536
65224119
65222721
65221662
65220025
65229162
65228670
65227320
65226342
65225713
65224316
65223249
65223530
65222380
65229753
65229009
65227370
65226050
65193858
65171009
65222108
65013022
65220929
65219722
65176144
65175401
65174340
65192158
65224808
65222812
65221851
65228898
65203995
65227840
65224380
65212690
65211217
65210276
65208469
65206763
65231269
65230660
65227914
65225905
65224787
65223162
65232564
65232222
65231765
65231288
65230625
65229460
65228449
65227427
65226234
65223634
65222156
65233236
65232922
65232603
65232186
65231688
65231077
65228073
65213009
65229351
65225662
65229378
65228499
65221921
65216127
65214649
65212707
65210489
65225825
65224557
65223270
65222114
65220482
65218861
65084339
65060120
65233059
65232751
65232278
65231139
65230099
65224841
65224779
65223584
65093526
65091015
65222398
65221010
65219288
65216920
65215796
65213852
65204336
65224634
65222927
65222177
65221123
65215776
65214338
65212908
65196650
65230713
65230094
65229002
65228068
65227519
65221231
65227240
65226602
65224947
65224085
65222417
65221313
65220202
65175176
65231579
65230760
65227778
65178725
65228338
65227291
65219784
65226761
65224441
65222967
65220689
65200423
65170079
65158253
65156739
65224131
64961675
65230823
65228330
65227296
65222603
65230293
65228454
65227385
65223430
65222017
65221047
65229536
65228586
65227941
65226474
65223925
65222509
65220062
65225950
65197545
65196710
65195440
65194627
65193883
65193441
65192511
65230501
65226135
65221103
65202140
65177318
65176224
65223432
65227338
65194082
65193666
65191830
65190959
65233215
65219739
65217961
65216032
65214150
65213368
65228466
65225924
65223635
65222062
65220646
65054628
65223479
65222598
65221457
65219546
65217699
65177593
65219229
65214244
65212741
65211647
65217488
65216283
65229088
65228105
65226959
65226015
65224067
65222342
65219509
65221370
65144971
65142202
65141914
65204599
65203634
65202831
65202110
65201401
65199604
65199228
65224015
65223222
65205940
65193578
65185343
65185197
65181082
65077104
65229997
65227317
65223559
65222749
65054335
65052262
65223370
65212864
65210856
65210039
65207962
65178486
65154979
65154209
65227366
65225735
65221304
65221070
65218984
65215803
65166900
65228627
65227103
65226290
65135634
65219554
65228774
65227769
65226579
65225589
65223185
65220855
65219744
65226900
65225253
65221812
65218008
65216911
65151205
65226223
65207405
65205084
65203671
65202553
65125932
65124668
65220780
65219843
65217084
65186188
65185401
65225504
65223116
65219491
65218207
65159948
65158663
65157653
65197356
65196465
65210673
65209255
65208504
65207892
65206605
65205113
65203802
65196160
65195186
65128421
65126288
65122862
65121862
65225337
65222621
65220795
65217208
65215453
65205570
65220078
65219082
65217958
65062508
65231032
65229728
65229166
65228364
65226834
65214766
65212882
65211860
65210804
65089754
63691949
63541305
63540777
63487763
63449417
63448186
65221806
65220960
65216656
65214505
65212616
65211441
65209620
65221965
65219206
65217481
65215578
65209963
65205818
65225493
65221472
65219531
65217650
65215702
65200272
65199216
65233142
65232455
65230746
65213560
65210683
65221884
65220535
65196327
65195716
65149773
65142294
65222169
65220563
65219482
65200733
65199777
65199257
65224499
65220751
65218116
65168560
65226534
65119924
65117502
65055950
65129080
65116274
65128940
65127865
65125901
65124340
65226942
65225680
65223520
65218671
65136862
65136516
65144141
65143837
64987638
65218319
65216669
65215645
65212179
65211051
65209758
65203654
65202626
65217130
65216090
65214943
65200520
65199914
65199064
65218104
65216359
65215269
65213868
65123265
65117860
65215710
65228042
65227134
65225644
65224167
65222579
65216618
65215149
65213629
65221647
65216043
65213785
65211787
65210792
65217757
65213725
65212448
65204771
65229976
65221344
65228723
65227877
65224483
65227074
65226133
64905407
64903297
65222130
65214988
65213315
65208401
65229114
65228624
65225829
65224418
65216322
65215926
64880653
64879519
64878304
64877288
64876921
64618642
64614624
64613513
64612350
64611205
64610258
65228145
65227457
65226025
65224930
65223365
65221453
65219402
65216678
65231150
65229996
65229675
65228993
65228696
65228261
65227670
65226896
65226505
65223314
65222077
65221167
65219857
65216783
65214686
65212624
65210701
65223304
65220040
65126620
65124751
65020536
65020245
65224809
65216307
65189579
65188890
65188537
65153900
65152808
65122449
65121654
65177500
65176607
65175080
65219254
65215717
65214341
65166631
65164993
65163437
65162311
65087186
65215757
65214077
65212157
65210538
65173353
65172033
65170815
65169985
65220739
65216641
65215436
65213966
65209573
65208338
65206364
65222492
65167805
64955484
65216501
65144335
65044353
65224957
65224109
65221840
65217070
65215922
65214575
65232535
65232221
65216445
65212306
65210799
65206941
65205531
65188523
65184848
65168245
65226311
65225478
65222453
65221439
65220254
65218195
65216545
65214734
65228908
65206800
65163041
65225170
65223752
65219391
65214126
65169208
65164860
65112807
65110103
65229714
65228925
65227894
65227070
65226081
65224644
65223085
65221764
65220726
65219579
65208964
65198297
65197439
65196681
65194574
65193803
65192719
65224602
65219672
65218600
65216470
65214513
65210818
65230256
65228956
65228190
65227131
65226109
65225469
65213268
65211187
65208482
65207208
65205963
65204509
65189998
65189356
65188626
65203746
65203111
65202105
65213911
65211922
65208450
65207159
65206337
65205432
65204393
65227692
65221990
65208620
65207396
65206523
65205038
65202838
65149232
65124783
65124020
65122619
65145886
65145539
65145218
65231016
65230096
65232441
65231896
65231361
65218588
65216659
65215244
65213279
65215109
65213610
65221657
65220599
65230223
65229334
65228568
65228012
65208478
65207136
65206444
65205435
65204646
65231749
65231507
65231129
65230068
65229319
64953208
65233521
65233144
65215066
65123239
65122378
65231878
65231476
65230940
65230475
65202732
65189798
65188932
65214181
65212454
65210233
65233460
65233220
65232901
65232710
65232283
65232002
65209051
65206428
65225763
65222747
65219718
65218869
65217495
65226649
65224715
65233713
65233233
65200592
65199417
65210886
65205664
65233669
65233345
65231999
65231172
65225663
65233667
65233487
65232965
65232462
65232185
65227664
65224168
65220704
65218477
65229034
65224684
65223770
65224177
65223072
65230666
65169295
65167659
65161909
65224563
65223794
65221644
65220178
65219056
65217953
65174247
65186757
65224343
65222715
65179793
65177776
65227545
65224481
65222863
65175181
65230618
65229805
65228692
65228177
65224919
65223056
65168934
65226021
65225118
65219940
65217949
65233682
65233514
65232939
65232434
65232235
65231913
65231520
65231192
65224743
65222310
65167905
65166052
65162958
65230046
65228150
65231735
64463305
64462104
64461019
64460316
64459232
64458285
65147413
65231862
65231227
65221610
65220027
65171037
64958202
65205756
65205043
65203947
65202885
65202087
65206989
65205529
65233720
65233373
65230455
65202115
65201046
65200188
65198110
65232663
65191106
65197074
65195517
65194496
65193269
65227009
65225639
65223312
65220223
65233000
65232084
65231752
65233609
65190460
65131920
65206861
65203551
65187125
65068269
65067625
65066707
65066218
65208402
65193415
65192296
65219051
65215958
65213835
65211273
65212897
65210947
65206749
65203704
65202525
65233833
65201812
65215558
65214325
65213044
65233025
65232078
65231622
65209908
65208350
65206978
65204988
65195141
65194383
65193430
65192668
65187505
65194589
65194005
65194500
65233420
65187767
65228940
65227961
65227348
65225678
65224132
65222511
65195914
65193959
65193017
65191862
65191419
65190468
65190010
65222648
65221221
65220106
65216410
65211975
65206354
65204972
65203732
65221524
65217475
65215744
65214465
65211095
65209875
65190040
65189173
65226554
65225424
65223898
65208260
65207190
65205303
65204357
65203509
63891923
65199505
65198924
65198196
65196459
65195249
65222988
65221163
65207991
65222195
65203016
65192884
65216636
65211757
65216776
65173466
65233851
65232620
65231175
65203892
65199951
65198261
65197750
65197230
65194698
65233957
65160707
65231457
65233417
65233128
65228282
65227562
65225060
65223836
65222232
65221285
65219752
65218271
65217349
65214317
65062359
65195839
65195182
65192987
65192358
65191453
65190657
65193181
64945758
64944259
65225374
65221481
65218864
65101912
65205271
65216206
65197530
65192651
65190839
65222835
65219709
65217355
65207402
65233601
65233459
65232960
65224702
65216729
65225580
65206739
65204378
65203098
65197075
65214441
65211364
64944399
64562830
65218623
65217227
65210122
65207811
65231173
65230456
65229693
65191700
65189556
65187076
65234041
65233880
65233760
65174206
65173332
65134754
65132201
65219906
65214101
65113450
65208718
65206287
65205396
65185882
65185266
65208730
65207028
65226263
65225414
65224600
65222782
65218159
65217448
65188455
65188150
65221176
65130426
65128995
65175257
65153628
65151866
65115788
65213869
65080765
65079610
65078253
65231429
65230729
65230119
65229870
65229219
65227593
65226334
65224864
65220419
65215275
65208217
65207224
65205840
65197274
65150025
65219129
65218085
65214669
65192748
65192276
65191492
65163744
65162396
65219970
65218230
65129862
65128294
65125971
65216444
65214308
65212084
65198061
65196995
65196315
65195292
65108598
65106420
65105854
65176079
65174124
65168851
65164848
65162125
65213225
63336301
63335253
63333754
63332190
65227218
65226610
65224820
65223014
65222399
65220783
65208219
65213240
65175982
65227076
65225681
65224126
65222524
65198058
62940029
62551570
62550821
62549589
62548423
62547427
65208526
65220880
65209321
65206768
64659925
65081637
65080255
64944253
64943063
65193103
65192247
65191371
65189633
65192377
65121752
65120440
65217549
65216051
65215166
65209743
65207937
65206899
65205594
65142269
65142040
65118039
64885796
64884343
64883708
65225072
65222432
65218693
65217858
65216006
65215021
65214000
65212416
65204247
65203750
65161684
65160162
65159113
65158083
65182397
65164647
65162763
65123821
65122287
65223364
65221633
65220145
65179676
65178726
65141707
65032233
65031539
65220561
65009345
65223383
65221836
65223920
65222095
65220256
65218302
65201539
65136998
65197023
65196032
65217659
65214754
65214043
65212898
65212006
65233118
65230777
65213082
65141109
65140798
65196034
65195066
65193533
65192934
65192016
65191315
65218053
65215886
65214489
65212718
65211197
65207560
65220003
65218356
65215154
65213582
65212214
65210707
65208634
65206482
65198152
65189666
65206133
65209103
65207747
65206375
65205329
65212712
65211079
65200150
65194173
65218227
65216420
65228110
65227649
65225862
65224448
65221865
65220729
65219319
65224052
65222616
65218837
65234009
65233888
65233731
65233491
65233208
65233069
65232765
65232588
65212929
65232866
65231899
65113858
65113046
65112346
65111273
65220686
65219921
65228172
65224840
65177089
65230162
65229589
65228890
65226396
65225618
65224998
65222617
65126084
65125131
65230152
65229347
65228252
65226151
65224920
65223329
65218375
65221485
65219585
65215862
65215042
65227776
65227114
65225178
65224366
65222775
64673356
65229098
65228642
65227578
65224981
65222471
65221425
65219997
65219201
65224578
65222992
65221630
65219676
65210071
65208599
65206564
65229735
65228682
65227443
65223913
65195320
65194405
65193425
65127132
65229741
65230852
65230009
65230733
65230194
65229534
65228536
65227534
65226713
65225721
65223131
65233714
65233551
65233295
65229431
65228003
65227029
65225362
65223776
65222041
65220189
65218267
65216723
65217907
65214663
65176641
65175992
65174211
65173532
65221169
65220304
65218247
65174572
65173232
65229973
65229410
65228880
65233562
65233320
65232690
65232375
65231979
65231636
65231117
65206521
65205909
65205098
65222818
65219847
65217573
65216513
65172365
65171130
65222823
65221867
65221009
65219710
65217876
65216745
65214587
65213483
65211328
65213897
65213091
65211653
65210905
65232974
65232766
65232506
65231385
65230310
65229953
65198005
65197044
65052490
65051107
65047704
65045804
65044099
65227575
65225021
65213236
65212322
65210474
65221087
65219545
65228040
65227102
65225834
65224543
65223080
65013053
65012080
65123236
65121777
65211088
65208320
65227638
65227008
65226471
65224848
65219500
65218397
65217343
65215698
65214783
65227083
65225518
65223523
65221487
65217330
65215639
65178101
65224383
65221380
65220222
65219442
65217732
65216148
65214516
65228986
65224621
65223902
65220840
65221423
65218754
65126411
65229180
65226773
65226253
65218221
65216818
65211903
65215372
65214426
65213574
65192309
65219708
65218320
65167365
65129788
65113265
65224476
65222254
65219207
65217656
65215648
65177287
65176152
65215739
65213858
65211807
65210174
65208520
65206958
65227904
65226737
65225749
65224393
65133248
65132510
65131315
65223227
65221982
65219346
65218569
65217162
65212060
65210577
65231772
65231443
65229857
65166116
65235124
65234740
65234486
65234166
65234621
65234951
65232854
65234069
65234889
65234280
65232138
65218818
65216848
65211334
65209809
65206839
65235204
65234990
65234100
65235366
65182591
65212967
65219000
65215008
65234773
65234393
65232107
65232983
65232644
65232232
65232076
65233191
65232846
65232491
65233889
65228821
65228107
65227374
65226930
65225716
65224850
65223285
65222406
65220998
65219528
65218373
65216682
65208445
65207193
65201960
65201412
65199784
65196876
65195838
64943612
65196749
65187753
65216750
65212944
65210958
65209507
65206898
65231801
65231135
65197182
65195334
65188621
65188137
65187581
65187319
65235611
65234569
65234231
65234001
65203240
65201161
65219248
65217567
65216693
65210273
65222624
65220617
65217158
65194777
65217672
65215556
65212554
65204411
65203675
65221895
65221352
65219527
65216672
65214378
65226792
65212195
65106574
65222972
65221611
65220079
65219015
65218458
65216688
65215829
65216561
65202426
65201245
65200769
65199613
65198597
65206387
65205006
65204200
65202980
65182284
65231766
65231169
65230513
65229911
65228427
65213817
65211596
65235797
65235461
65235103
65234897
65234726
65234593
65234424
65234189
65233926
65235192
65235117
65234840
65205351
65204517
65203852
65198128
65169118
65167214
65046581
65035935
65035033
65204570
65203354
65202577
65119278
65167212
65198690
65197237
65196638
65195466
65193475
65219063
65216364
65189910
65188997
65173127
65217922
65210090
64960960
65231440
65235975
65235676
65235387
65235265
65234944
65234672
65234555
65231268
65236422
65229638
65236025
65235567
65235480
65236429
65235946
65235223
65218362
65236327
65236137
65235768
65235389
65236519
65140833
65236133
65193899
65209291
65208414
65206924
65206070
65205404
65155505
65121538
65119778
65082346
65081091
65059487
65058971
64670259
64413623
64412521
65236597
65069874
65069465
65223357
65215928
65236343
65191050
65190476
65189937
65189289
65151329
65192056
65191157
65230428
65229230
65196437
65221556
65220342
65216047
65213468
65210650
65212723
65210460
65209395
65207972
65204275
65189771
65217978
65197791
65196208
65194868
65193820
65201743
65191699
65191313
65222303
65195462
65195014
65193918
65165662
65163993
65081032
65228699
65232022
65231822
65232853
65209116
65192577
65230454
65198404
65211502
65207968
65203017
65201489
65199696
65193227
65207793
65206257
65205590
65204299
65193668
65189414
65188830
65237202
65200917
65207426
65204214
65202794
65200343
65192033
65191564
65190847
65190361
65189777
65188988
65188570
65194965
65194168
65193079
65231970
65231513
65230973
65230198
65209074
65207352
65206353
65205492
65204519
65203638
65200397
65187699
65236935
65205124
65202045
65201424
65200393
65199575
65199208
65198864
65234863
65234697
65234507
65201026
65213561
65217568
65212327
65211052
65237544
65211920
65207879
65206570
65205819
65214285
65212888
65211124
65209596
65208593
65207353
65206191
65204764
65203626
65187292
65186786
65197568
65193527
65222435
65220870
65214318
65211550
65215428
65236807
65236269
65197412
65196255
65197351
65201480
65200778
65199817
65199000
65198144
65196560
65195778
65230097
65229428
65228721
65227629
65212579
65211227
65236906
65236370
65237742
65237320
65236886
65235803
65236424
65201431
65199865
65223276
65221646
65220703
65217680
65236324
65236111
65235920
65235560
65235345
65235053
65234854
65234385
65234253
65225278
65224254
65190428
65190073
65189711
65237997
65237143
65236785
65236522
65233820
65233413
65232878
65232650
65227404
65226510
65225001
65216274
65233664
65233454
65233213
65238140
65237534
65237089
65236520
65236014
65230166
65210955
65209148
65190509
65190064
65228292
65227853
65227168
65237725
65237259
65195986
65193060
65192460
65189004
65188168
65207585
65206859
65206172
65204650
65235359
65238076
65232627
65232395
65231867
65231531
65226917
65224473
65233931
65233276
65231774
65231419
65233528
65233258
65233098
65231669
65231246
65218454
65234126
65233853
65233568
65232706
65231737
65234729
65234545
65234315
65234090
65233755
65231795
65231493
65229933
65229411
65228772
65227293
65234506
65232414
65231856
65231495
65237883
65237476
65236568
65232530
65231875
65230923
65229934
65229525
65226935
65226257
65225097
65224424
65223542
65230808
65201508
65200852
65200381
65199804
65199220
65198451
65232859
65231333
65230225
65229383
65208446
65231530
65231264
65230801
65230448
65202443
65232468
65173991
65113818
65061549
65061278
65060943
65234441
65234157
65234042
65233777
65208688
65206972
65205506
65233711
65233587
65233243
65233068
65232888
65238302
65238403
65237772
65237321
65236708
65236224
65235164
65234459
65232943
65205692
65187149
65233360
65238536
65238000
65235365
65235128
65234898
65234641
65234421
65234147
65234003
65233835
65233565
65233272
65238261
65237689
65237403
65237050
65236656
65235375
65235591
65226194
65224425
65058146
64860623
64438787
64438315
65237871
65237424
65236917
65236542
65236242
65234264
65234110
65221841
65220192
65214995
65212965
65211815
65210009
65198547
65197519
65226361
65172217
65170632
65225324
65224278
65222745
65127343
65218335
65195995
65195217
65194368
65149172
65221733
65218954
65223217
65238933
65238450
65237910
65237571
65235762
65225912
65224527
65223050
65228004
65199933
65199563
65198577
65228341
65227264
65220470
65200411
65199955
65199059
65198494
65223107
65222306
65220551
65217321
65211909
65223013
65221190
65220142
65218211
65215879
65212977
65118597
65117153
65115862
65114870
65237872
65153395
65151920
65150315
65239031
65238351
65237434
65211858
65211123
65226124
65225531
65084951
65082637
65056907
65220352
65202707
65164053
65158815
65220552
65219440
65143613
65143259
65143032
65239131
65216803
65214613
65211806
65209142
65239336
65190994
65190177
65114301
65113390
65088894
65087305
65069596
65069005
65217586
65216233
65214459
65218108
65215101
65202428
65188014
65197728
65173057
65208231
65206520
65205502
65239411
65238995
65238638
65238244
65237945
65232094
65187970
65187546
65187143
65210864
65208591
65199550
65198482
65197658
65196135
65238872
65238328
65237574
65237159
65236713
65236162
65235731
65195566
65194435
65192741
65184442
65198409
65175284
65171971
65222679
65221802
65221056
65219587
65132183
65131168
65054226
65164215
65162453
65214185
65210674
65205845
65204267
65228320
65227276
65226113
65223566
65222683
65220317
65175478
65174127
65173312
65171818
65170732
65169579
65125292
65123407
65239211
65238722
65238427
64888974
64887824
64887298
64886543
64885681
65225621
65223968
65234497
65234370
65210486
65210303
65209128
65125285
65123393
65222004
65187600
65187208
65203663
65160542
65159494
65222385
65220562
65219423
65218862
65217670
65231406
65205871
65204709
65203810
65221073
65219988
65218673
65217193
65212362
65178756
64942550
64941365
64940123
64937790
65218904
65216506
65214497
65227229
65223750
65221796
65219301
65217439
65215443
65136064
65240085
65239471
65238897
65238394
65203923
65201559
65239811
65223784
65144531
65143904
65143450
65240103
65239203
65238544
65219223
65217212
65214803
65174137
65163953
65162325
65214927
65135942
65131694
65074411
65073588
64671781
64669193
65203438
65202055
65200985
65199940
65199367
65178591
65177447
65240313
65239467
65227077
65224604
65202786
65201656
65199943
65199048
65197746
65196639
65223386
65199938
65199007
65198130
65195677
65194953
65194072
65193329
65192870
65192242
65225601
65239307
65238852
65212438
65210684
65191299
65190306
65189695
65188730
64879825
64879025
65240273
65239619
65189030
65207050
65206390
65205690
65217926
65202484
65201813
65230115
65229574
65228658
65227484
65226340
65224994
65224272
65222887
65221166
65237023
65236598
65236210
65235941
65201859
65201244
65200635
65199942
65153630
65152904
65152225
65240488
65239995
65239751
65238841
65238207
65237420
65237116
65236736
65236318
65235718
65224438
65215211
65152616
65114985
65058820
65219090
65217515
65196405
65216150
65214108
65207439
65205985
65204870
65230681
65230324
65227641
65226688
65225999
65223617
65221871
65240401
65239558
65238955
65238483
65238139
65236570
65236105
65235745
65227288
65224032
65222953
65222003
65221514
65217387
65200241
65198380
65196527
65234359
65233738
65233397
65233135
65232562
65232269
65231989
65231640
65239364
65239114
65225379
65223890
64967492
64965161
65240879
65239739
65238975
65228522
65225123
65214627
65210979
65159210
65225676
65217954
65205228
65204126
65217700
65216467
65196343
65195555
65194829
65157043
65117064
65240112
65239423
65238499
65227563
65219723
65232884
65232430
65231491
65231180
65230782
65226679
65212234
65201364
65200318
65240983
65241080
65240260
65239807
65231607
65230982
65230060
65240465
65225041
65223919
65221961
65217738
65231543
65229950
65229125
65227981
65226735
65225338
65223727
65222827
65240619
65239945
65221027
65216417
65214929
65205809
65170447
65162165
65160307
65232010
65233120
65219095
65215949
65215185
65213251
65211848
65238615
65184862
65161003
65113565
65087711
65074661
65169186
65241052
65240215
65238398
65237454
65224400
65215695
65213844
65212943
65210446
65207824
65109819
65109325
65194721
65194153
65217857
65190345
65189791
65185196
65184813
65219443
65215383
65213084
65240880
65240306
65239542
65219022
65240304
65239476
65238056
65215409
65213487
65208069
65230123
65194605
65193714
65192017
65240542
65239917
65228418
65226853
65222503
65233628
65233211
65232162
65231266
65218741
65215711
65214961
65240946
65218074
65198243
65218382
65217094
65213398
65208796
65224712
65223141
65213986
65133022
65132565
65241126
65240479
65239632
65240802
65240454
65209935
65202478
65233018
65232715
65179339
65178584
65156433
65155128
65216599
65207115
65203735
65203032
65187075
65186519
65240685
65239866
65221367
65218122
65216085
65202767
65131048
65129659
65122908
65208951
65165996
65163834
65057609
65056987
65054689
65053288
65220246
65216711
65214732
65205123
65214320
65151449
65150921
65225826
65224849
65213570
65212001
65232139
65231585
65231275
65240729
65236033
65232772
65232377
65230170
65234251
65234021
65233794
65233468
65221517
65215806
65229544
65228579
65227330
65221408
65219428
65204381
65203611
64953450
64940751
64939623
65223345
65221693
65220140
65218306
65216574
65215182
65221149
65220036
65217968
65212610
65226850
65188567
65241338
65238745
65237881
65236608
65232225
65231189
65220754
65219725
65208302
65205314
65202945
65200438
65209810
65208763
65207460
65205409
65204846
65203531
65202386
65223533
65193075
65209934
65205747
65205020
65204140
65202262
65163248
65157681
65152813
65092712
65240216
65239540
65239121
65208545
65205056
65208974
65225831
65222776
65218438
65216203
65212779
65211409
65216309
65215053
65213997
65212539
65208130
65205831
65204029
65230297
65229700
65227885
65224944
65203187
65202102
65201013
65200460
65199586
65225670
65240801
65239303
65228654
65203346
65201488
65148512
65126848
65125002
65124416
65122266
65210422
65204128
65202970
65202037
65200798
65200232
65199831
65216448
65214277
65213127
65193593
65191812
65191196
65190128
65210889
65204977
65202588
65148724
65147865
65142720
65142158
65141639
65239309
65192707
65234491
65216554
65214403
65212974
65241627
65239812
65239154
65237384
65236878
65236483
65236114
65239734
65239362
65238999
65238473
65238172
65237909
65237275
65237014
65241499
65240738
65240087
65239354
65238628
65238081
65227268
65225547
65224906
65226491
65232068
65178541
65177659
65176528
65223578
65222221
65221653
65229645
65228591
65208815
65207429
65212696
65211446
65208952
65206263
65205596
65205155
65204188
65165989
65209560
65208201
65188705
65187990
65187561
65187020
65184552
65115791
65115241
65236751
65236467
65236050
65235795
65234959
65234814
65234701
65234407
65234277
65234070
65225280
65096981
65096515
65167100
65225467
65214651
65212625
65211075
65235538
65235296
65234795
65234373
65204040
65172914
65156994
65146936
65104952
65104603
65103072
65219403
65217883
65241900
65240932
65240527
65239580
65238804
65238407
65237468
65229972
65178164
65210767
65209550
65208264
65150350
65149928
65241763
65206122
65180197
65179624
65178990
65150666
65149886
65224943
65219776
65228386
65224434
65219174
65218127
65225854
65180841
65180368
65233903
65233540
65201915
65200901
65074701
65074033
65073603
65073155
65072685
65072303
65071995
65143302
65113375
65112803
65230639
65202926
65197242
65196070
65195551
65194833
65194453
65242274
65241389
65240843
65239618
65259889
65277848
65277194
65276417
65275621
65274577
65273035
65271380
65269478
65266052
65268084
65264743
65260776
65259817
65257938
65258801
65257436
65240547
65239687
65238834
65238045
65237501
65236973
65275788
65275255
65274322
65271931
65270867
65267084
65265098
65263769
65261546
65256354
65255347
65254544
65253122
65251882
65275439
65273386
65272378
65270608
65269988
65267572
65265441
65264214
65239940
65240264
65261938
65248548
65245821
65245285
65240513
65239656
65271136
65270117
65268445
65267284
65266275
65264575
65244510
65243510
65278138
65277643
65276969
65276756
65276302
65275091
65274127
65272545
65270375
65278231
65277305
65247591
65254998
65252849
65250424
65249194
65267319
65262146
65258356
65256943
65255740
65255164
65263561
65250877
65249517
65248760
65247490
65246594
65245105
65247890
65246212
65243213
65242755
65241656
65268772
65276611
65276149
65265703
65262486
65260483
65253118
65252578
65251481
65250216
65247872
65246479
65244681
65242602
65239025
65245678
65244334
65260247
65274855
65253834
65252987
65251942
65251059
65244956
65278034
65246341
65247156
65242342
65241180
65264450
65263468
65250727
65250162
65248128
65243940
65274791
65272012
65266688
65246675
65251117
65270896
65269070
65267711
65264313
65246891
65243361
65271918
65270342
65266953
65265094
65253851
65249674
65243816
65277122
65276874
65276534
65273966
65269115
65272762
65271658
65274917
65273642
65266331
65275962
65256590
65267964
65262954
65261207
65259941
65248380
65244723
65244171
65270306
65268490
65267604
65265842
65264820
65241399
65238290
65253437
65252358
65249904
65254029
65252956
65239835
65271507
65269992
65269257
65267798
65266098
65264131
65259836
65258444
65257052
65277402
65278438
65275500
65272694
65271428
65269754
65264132
65262895
65260938
65260168
65263376
65261625
65260977
65258997
65258305
65257226
65256206
65255189
65254514
65263518
65261568
65158571
65246314
65270631
65269805
65269024
65267667
65264793
65262676
65261275
65273294
65271884
65271165
65269783
65268861
65267335
65265680
65264741
65263615
65262764
65269935
65269072
65266999
65266066
65264405
65263367
65262510
65261232
65260507
65260512
65258621
65257509
65199515
65210633
65201561
65261657
65260736
65259042
65066986
65066713
65038734
65261718
65260809
65259125
65258259
65214451
65258419
65257796
65254643
65253327
65252343
65251789
65250948
65249258
65270151
65268416
65266562
65265221
65262261
65261133
65258819
65123087
65276669
65276118
65275376
65274534
65273713
65272880
65271675
65270438
65264235
65262621
65264864
65263207
65262182
65260772
65257053
65260921
65258676
65257330
65256654
65255659
65254893
65254042
65225840
65273254
65272267
65211332
65209621
65208071
65262424
65261369
65250018
65249197
65247955
65246825
65245576
65244623
65274375
65273364
65270570
65201844
65199465
65199020
65262189
65260765
65250398
65249620
65248190
65247007
65244853
65259361
65257882
65257009
65256209
65255210
65254613
65248953
65273116
65271811
65270416
65268713
65266976
65263105
65262405
65261530
65260717
65258234
65247871
65254503
65251673
65250601
65245405
65252481
65251596
65250837
65277144
65275617
65273852
65270985
65269454
65268442
65278331
65259313
65278686
65278754
65275047
65274609
65270070
65275848
65270249
65262871
65261451
65260463
65259625
65278585
65274305
65273017
65271565
65270663
65197326
65278841
65278439
65271835
65268721
65265634
65263874
65272695
65273869
65269797
65263244
65253275
65251492
65277765
65252843
65249016
65247491
65245001
65267748
65262765
65277965
65252690
65251410
65250713
65249822
65270563
65269134
65268175
65266255
65264617
65261178
65277488
65243236
65266557
65255717
65275465
65273813
65272452
65271634
65207710
65276757
65275276
65266884
65265815
65261882
65260735
65259593
65258126
65273183
65271966
65216003
65191438
65190513
65237958
65242877
65277595
65259036
65257868
65254732
65268513
65256881
65252389
65271292
65276100
65260198
65258886
65257785
65271495
65270822
65268820
65267644
65221946
65268768
65265251
65268760
65267646
65265929
65264072
65262748
65261260
65276599
65274680
65252932
65256189
65263425
65254203
65275416
65274728
65274085
65239169
65246954
65278249
65260344
65265369
65264230
65267424
65256726
65256148
65216339
65214975
65213278
65211913
65210726
65265957
65262374
65272021
65270603
65257377
65243078
65242166
65241565
65268103
65266935
65262103
65249215
65247715
64797926
65271569
65246868
65273457
65272596
65271307
65269765
65268037
65267129
65262054
65261010
65259977
65269131
65246150
65259314
65258830
65257404
65248434
65247072
65246346
65258696
65267629
65270751
65269003
65255921
65254406
65278971
65258181
65257123
65256251
65255581
65254772
65254168
65253613
65253079
65257582
65253379
65268796
65267060
65259269
65251676
65273687
65272902
65270351
65269465
65268407
65264900
65263906
65256466
65255330
65254911
65254090
65251836
65253939
65264748
65269596
65268077
65257429
65256436
65255045
65254337
65253900
65260571
65255256
65253656
65243065
65241783
65275153
65274379
65256605
65275051
65274149
65258521
65206575
65193829
65191800
65217110
65213172
65255098
65278473
65258723
65257160
65279110
65278662
65278458
65277923
65277445
65277098
65276804
65276030
65275582
65275106
65267297
65266282
65264507
65276161
65274009
65272730
65271898
65261123
65277280
65276653
65279192
65278849
65262062
65239192
65265089
65263201
65230816
65269752
65268685
65256079
65233385
65233177
65249350
65248736
65275994
65275094
65274211
65273747
65274451
65250108
65270392
65269202
65264567
65263513
65262235
65261457
65260639
65260050
65279331
65243183
65242049
65241249
65239087
65238254
65194067
65246169
65244517
65238610
65276242
65239941
65237747
65237264
65199247
65198678
65249388
65248090
65246526
65245441
65244223
65243363
65239785
65238807
65248520
65247348
65242659
65189203
65188648
65239314
65233226
65232913
65065688
65243859
65241714
65185933
65245198
65190985
65189959
65188532
65187865
65189424
65259737
65258673
65257462
65236533
65187095
65191551
65190167
65066946
65237325
65236856
65236417
65188297
65187812
65186713
65186264
65240244
64983641
64983252
64933564
65192313
65279263
65279044
65278683
65278272
65066754
65066365
65190730
65256083
65255275
65254346
65253364
65240958
65029760
64944801
65140868
65234345
65234118
65233104
65231250
65184880
65184471
65184100
65183826
65279204
65278812
65278613
65232862
65232471
65185733
65104134
65241661
65240441
65239767
65238986
65181676
65181469
65028890
64983486
64015084
64014368
64013820
63920231
63867480
65235772
65235434
65235033
65234879
65183614
65183490
65189269
65188809
65187846
65106625
65106056
65105555
65104949
65104546
65104250
65065378
65065212
65064769
65243917
65242818
65272755
65271141
65269565
65225036
65258281
65279503
65279061
65271007
65237181
65236796
65279135
65265046
65263386
65265341
65272680
65269171
65267202
65266061
65265149
65239234
65238598
65237848
65248763
65277464
65276897
65276393
65274362
65273193
65272419
65270952
65239695
65263755
65268633
65266746
65266154
65221384
65263964
65262289
65261183
65259667
65269819
65255561
65252183
65251120
65260104
65252100
65247239
65245423
65258648
65252214
65273773
65273056
65272167
65270709
65268967
65267395
65265157
65260887
65258401
65248202
65244643
65252068
65251047
65265604
65264317
65279225
65266521
65265469
65264547
65262497
65261566
65259222
65248457
65251080
65245181
65243904
65242907
65272897
65254537
65250519
65248525
65271008
65268375
65267382
65264226
65244228
65196504
65194191
65263510
65261901
65261344
65260093
65259431
65279164
65278864
65278692
65278361
65276693
65275972
65271198
65269356
65277746
65279365
65279062
65278780
65278385
65277917
65276446
65275736
65275000
65274134
65239137
65195932
65274592
65227080
65277519
65277136
65279624
65279273
65278943
65271709
65270391
65268787
65266008
65265413
65268916
65267184
65266062
65264703
65263711
65262249
65260928
65279572
65279215
65200817
65199787
65128954
65174638
65174168
65172696
65133279
65109334
65270360
65268485
65265359
65263618
65261915
65246788
65245776
65272294
65271395
65270387
65268449
65255708
65248291
65247628
65272538
65265222
65262682
65262060
65260643
65259510
65267280
65265454
65263826
65259605
65261033
65254730
65253897
65242332
65241405
65240597
65265227
65263454
65268493
65261991
65248946
65262862
65242360
65250821
65249718
65248081
65245806
65244533
65243905
65243172
65242101
65279680
65274944
65240713
65258003
65257151
65253213
65242152
65241301
65262110
65260496
65257974
65256892
65236992
65236569
65255593
65248372
65228337
65242154
65246995
64965072
65266704
65263726
65271705
65270317
65253401
65213757
65209436
65245153
65244123
65229119
65227770
65227221
65279190
65278761
65278305
65278028
65277449
65276735
65275594
65265085
65264248
65248764
65247212
65245818
65215891
65214725
65270220
65268841
65252564
65249867
65248789
65247190
65246055
65245150
65254178
65253125
65250921
65249208
65243266
65242414
65254255
65250213
65248731
65247977
65246310
65267016
65279414
65239475
65279608
65277346
65276905
65246264
65273581
65272364
65270809
65245735
65244474
65243664
65279954
65279384
65279098
65278702
65278166
65268732
65267537
65266522
65265351
65263651
65275528
65274390
65273351
65277297
65276725
65275903
65275228
65274405
65273394
65272841
65271983
65271113
65270301
65268868
65267966
65278910
65278595
65278384
65277942
65277461
65277100
65276497
65275999
65275418
65265712
65264264
65259662
65259037
65252082
65251401
65257435
65256724
65255667
65255008
65253918
65252715
65252058
65251098
65250728
65249693
65269306
65267947
65266560
65265489
65245216
65244481
65243188
65251981
65251338
65249521
65256515
65254947
65254458
65268354
65267145
65265339
65250012
65249279
65246615
65210112
65280015
65279738
65239887
65202098
65254807
65253509
65250741
65245575
65271523
65270093
65270633
65268987
65267563
65266332
65276474
65227007
65225583
65173107
65150641
65107140
65255705
65254742
65254248
65253194
65252205
65251223
65250748
65257489
65256630
65274756
65276943
65276352
65276053
65275096
65277357
65274032
65268702
65267380
65266489
65226894
65215015
65209237
65237650
65237252
65270380
65269678
65267949
65266978
65265878
65264298
65237625
65237063
65275178
65274550
65273412
65272464
65257721
65256669
65255510
65254679
65278508
65278016
65277633
65277031
65276429
65274557
65273832
65273343
65269370
65267979
65264197
65260120
65259062
65260021
65258813
65257811
65271386
65269921
65268808
65267401
65265730
65263876
65261878
65266989
65280223
65279977
65279784
65279470
65278001
65277009
65256754
65255988
65254824
65256639
65255488
65280041
65279828
65279722
65279305
65245348
65244654
65244037
65242717
65241662
65266909
65264942
65262504
65259864
65258598
65280128
65279950
65240064
65238317
65188043
65172074
65260561
65259354
65258423
65240217
65238935
65238531
65271074
65269571
65269091
65268343
65266694
65253967
65253434
65252791
65252268
65257653
65256765
65255832
65254715
65253674
65252875
65240380
65238366
65178506
65177908
65176512
65173688
65241865
65241346
65240747
65240027
65218707
65204117
65200730
65190865
65190263
65189553
65266619
65264904
65263209
65262082
65259704
65258295
65257637
65256157
65255086
65219796
65279747
65278617
65277579
65241958
65241593
65240444
65234992
65213099
65211357
65240463
65238592
65237885
65237300
65236963
65215822
65213875
65212272
65252065
65251250
65250173
65249096
65240113
65260142
65259377
65258055
65256959
65256293
65254971
65254335
65253537
65248530
65244734
65244033
65185272
65277520
65277249
65276908
65276605
65276243
65248395
65247211
65246093
65162914
65273039
65271762
65266349
65261732
65233372
65232971
65277509
65273989
65081059
65273198
65280344
65280140
65279863
65279574
65279233
65278942
65278669
65278359
65277818
65273781
65216171
65214109
65204620
65203672
65154072
65279050
65194114
65148763
65148034
65250309
65249300
65277283
65276584
65275929
65275260
65274669
65248417
65247301
65246784
65246002
65278046
65253669
65252761
65250842
65229490
65207871
65275739
65275451
65270588
65263015
65130905
65271864
65270955
65269933
65268178
65266946
65265867
65264791
65250895
65250261
65249168
65248123
65247294
65246365
65245467
65244864
65244014
65243262
65277797
65277137
65270602
65266866
65269528
65266531
65265660
65267076
65265484
65271679
65215414
65192396
65191493
65249404
65248148
65247135
65237606
65236981
65236510
65274619
65273550
65180936
65278633
65278116
65275076
65274006
65264501
65278842
65272826
65271329
65276783
65276382
65275570
65277606
65277089
65275498
65275003
65268930
65267165
64939630
65262346
65261513
65260008
65259195
65208785
65165597
65127776
65011369
65261342
65213287
65211459
65278985
65278694
65278285
65277832
65277426
65277146
65275776
65275154
65274289
65273636
65272812
65278092
65274470
65271494
65270696
65269453
65265904
65264923
65274485
65273569
65270907
65269969
65266683
65241017
65240635
65240051
65239433
65238904
65264565
65216966
65266413
65264535
65263155
65262357
65261077
65259901
65229787
65265519
65264320
65262661
65261672
65260447
65241614
65248794
65262142
65280473
65278083
65058161
65257394
65222794
65220408
65278411
65278219
65277387
65276082
65275721
65275266
65218057
65215912
64959164
64956572
64955009
65218026
65252494
65251546
65262459
65261346
65259878
65231248
65273586
65272745
65271833
65270479
65258175
65240640
65239720
65262040
65146607
65145947
65269617
65262322
65273602
65272531
65279188
65278815
65278302
65277805
65277485
65276887
65276394
65274844
65274165
65258791
65275430
65274846
65272245
65266440
65262716
65261215
65214726
65275807
65275450
65275035
65273890
65272670
65271392
65270141
65268357
65267360
65197396
65195832
65268951
65267893
65266058
65262746
65261325
65229232
65243753
65243305
65196799
65195737
65193152
65271755
65270298
65260786
65259324
65277632
65277109
65276642
65276068
65088240
65199993
65199445
65198884
65272871
65276060
65275365
65274453
65276795
65276286
65274427
65261333
65259066
65257703
65256445
65276648
65275948
65275012
65269973
65269124
65267706
65262270
65261095
65280521
65247492
65245101
65237376
65257280
65255825
65241147
65240246
65273324
65272566
65271157
65270098
65268433
65259419
65255343
65246119
65245289
65198012
65197232
65241034
65239509
65238827
65237603
65258448
65257252
65247455
65245246
65244587
65243489
65242352
65241509
65280323
65280107
65279881
65276378
65275565
65280514
65280395
65280165
65279917
65279708
65279326
65278966
65280285
65280657
65280466
65280166
65280422
65274270
65269395
65280117
65279840
65278511
65278010
65277694
65275338
65277675
65276471
65269138
65267378
65261997
65188162
65275180
65274426
65273269
65272479
65280549
65276837
65279580
65268891
65240054
65274558
65273504
65272435
65271105
65269542
65266152
65262951
65261497
65258998
65258216
65257180
65256080
65239548
65263517
65262607
65261761
65260357
65259279
65258011
65256808
65255792
65268141
65267010
65265706
65263035
65256579
65266779
65251619
65269620
65267843
65261629
65260375
65261391
65256708
65263193
65275045
65274239
65273028
65272317
65271143
65267504
65264262
65261765
65259975
65255513
65252949
65256331
65155392
64474660
64438217
65265652
65264674
65260897
65259405
65258209
65257018
65270132
65260719
65256268
65255794
65250437
65251211
65250447
65249108
65248055
65251586
65250585
65249799
65276606
65275633
65258365
65257250
65256259
65251141
65257869
65256859
65249898
65249195
65247791
65246198
65244960
65243713
65242428
65255679
65280754
65280594
65279820
65279405
65086740
65085576
65084619
65274882
65276765
65263903
65262360
65260490
65093666
65092672
65276629
65276294
65275754
65274617
65273875
65272606
65271528
65270009
65278784
65278614
65278271
65277971
65275927
65274472
65273626
65272367
65276012
65275538
65180433
65180094
65179658
65280823
65268132
65264706
65259594
65235032
65260241
65259464
65258387
65257366
65256496
65255390
65254413
65253997
65253109
65252609
65256636
65255434
65254116
65253321
65276117
65275615
65254123
65252014
65274099
65271970
65270494
65247185
65276200
65275414
65274398
65273408
65271589
65270120
65272082
65271139
65267411
65271702
65268744
65267987
65242583
65241990
65241322
65240825
65187363
65264284
65260098
65255900
65280326
65278244
65221974
65221422
65219859
65218100
65216251
65258697
65257528
65256299
65247422
65246269
65245728
65244885
65243742
65243221
65266580
65264861
65251975
65267540
65266236
65265116
65264290
65257467
65239819
65279965
65279506
65279136
65278592
65277930
65278093
65258617
65255539
65278622
65276348
65265777
65252185
65251048
65250285
65254085
65253567
65252775
65280877
65280797
65280653
65270490
65269301
65267715
65266856
65260278
65259363
65258491
65257369
65255455
65254310
65253270
65251700
65250989
65268411
65266942
65266069
64956534
64954730
65194261
65193620
65280712
65280498
65280365
65148739
65147513
65235586
65234384
65234230
65251961
65250844
65249966
65245882
65245230
65244679
65271756
65270775
65269798
65268006
65279505
65279176
65278749
65275966
65275433
65274866
65274337
65280976
65276572
65275967
65274133
65255496
65254956
65253869
65260894
65258634
65259212
65274506
65273689
65273155
65271895
65268041
65266458
65263410
65262830
65261141
65259950
65259248
65216953
65213339
65257303
65121692
65094576
65232349
65276454
65275680
65275095
65274502
65273681
65237979
65237746
65237414
65159241
65157255
65154302
65281105
65280918
65263452
65274916
65269724
65117669
65116386
65115096
65264869
65258100
65253581
65239972
65238726
65252827
65238797
65238559
65238267
65237946
65237445
65237254
65236858
65255254
65271326
65270278
65268530
65267177
65265622
65264025
65262959
65261302
65260985
65260415
65259639
65256970
65255757
65254929
65253895
65250049
65248955
65249555
65248547
65200081
65199323
65280617
65280415
65280298
65280047
65279923
65280757
65261537
65260896
65259283
65258374
65252285
65247378
65159311
65261052
65260036
65256031
65255426
65254595
65253716
65252055
65164699
65254182
65251706
65250711
65249956
65249351
65248799
65247848
65246509
65245815
65265124
65263917
65262444
65260529
65255157
65249533
65244520
65243858
65243124
65211442
65272202
65271040
65270023
65265192
65264448
65263042
65262197
65259340
65280563
65280186
65280053
65279630
65279289
65278924
65278583
65277511
65277342
65276928
65276528
65275985
65254780
65277389
65276766
65276104
65275545
65274676
65253198
65251577
65250618
65264815
65261676
65258152
65256238
65248337
65246943
65257553
65256347
65255187
65253966
65254588
65253677
65170097
65168263
65164677
65251925
65251206
65250480
65249511
65201028
65273997
65273057
65272445
65252125
65251697
65251144
65249921
65168789
65167266
65166004
65123814
65122852
65121075
65119826
65281091
65255812
65253577
65253091
65200876
65269919
65268628
65265657
65264609
65259923
65253830
65253078
65251131
65250302
65249099
65247602
65246276
65244921
65250692
65248396
65247323
65272937
65272058
65269106
65266190
65264292
65262602
65253858
65251773
65121464
65120301
65095703
65253094
65250838
65249679
65249075
65248145
65247532
65200031
65230799
65230247
65245025
65155583
65151986
65096399
65252680
65246707
65241631
65241135
65240665
65249688
65250439
65248248
65247581
65241798
65241193
65240638
64987209
64986839
64879637
64878425
64877517
64876551
64875997
64614719
65275055
65274599
65272799
65271537
65268005
65266945
65266180
65250351
65247732
65246829
65244439
65241907
65238756
65265968
65264541
65261596
65258907
65257606
65256506
65255387
65253197
65252499
65250288
65249576
65199579
65198865
65197784
65197100
65252246
65224871
65255909
65254920
65253885
65252812
65252211
65204803
65204115
65203122
65202031
65280428
65280187
65279716
65278342
65277855
65276918
65276683
65276213
65262703
65270833
65269672
65267955
65267321
65265492
65263820
65259432
65258835
65257906
65249556
65267313
65266457
65252470
65251138
65248990
65247759
65246500
65245481
65244548
65244002
65243138
65242609
65271316
65269488
65266215
65264400
65262438
65260737
65252250
65253149
65252601
65251302
65250709
65249136
65248141
65246856
65255106
65253787
65252668
65252156
65251330
65190494
65189133
65273493
65256853
65255135
65245294
65196454
65195598
65267585
65266158
65265109
65263340
65247371
65246634
65277211
65276784
65276400
65275724
65248669
65247834
65247170
65277814
65273804
65259646
65250331
65243717
65242557
65262877
65258300
65262167
65277950
65277561
65276954
65275656
65279479
65279137
65278733
65278141
65277727
65276853
65276324
65275440
65272076
65267170
65262879
65262412
65261363
65271631
65270735
65269064
65267783
65266060
65264266
65263368
65249918
65248916
64248616
64247440
64246233
64245324
64244473
64242907
64237708
65275377
65265355
65262039
65258481
65257126
65272683
65268914
65267200
65265545
65263996
65263034
65246739
65035349
65033740
65259254
65257987
65257196
65256470
65255298
65254461
65253836
65249530
65249067
65248563
65276453
65275874
65254390
65251978
65250299
65271942
65270294
65269191
65267318
65266292
65265472
65263930
65255424
65254607
65253817
65207492
65274559
65273683
65272784
65268878
65246899
65263000
65260137
65259216
65267631
65265868
65263943
65261104
65259761
65258603
65257759
65248587
65247181
65249428
65248777
65246924
65245726
65245009
64886714
64885251
64884212
65201959
65201284
65095954
65094239
65093344
65265789
65250322
65249749
65247141
65264596
65263123
65279749
65279455
65278317
65278067
65260948
65258477
65257167
65254217
65253029
65250858
65249763
65249226
65247934
65226647
65247474
65210504
65201091
65199443
65198635
65197536
65276852
65276136
65275029
65274498
65269899
65269015
65267704
65263670
65261853
65258529
65257254
65256663
65255773
65254883
65274582
65273656
65272270
65268803
65267226
65254737
65279206
65260898
65260129
65259190
65257924
65256787
65254676
65252413
65222952
65220782
65219276
65249133
65201235
65200622
65200064
65199645
65198916
65174469
65173778
65268745
65265625
65264713
65263762
65262437
65261269
65266389
65265168
65255902
65255055
65252138
65251020
65248083
65247257
65244559
65251150
65250099
65248531
65247762
65245282
65242731
65262106
65261418
65259807
65252265
65251343
65245657
65244795
65219305
65249531
65248453
65247366
65243938
65242638
65241557
65240964
65200908
65250591
65248892
65247609
65246236
65245473
65279220
65274813
65269310
65254570
65253752
65253161
65252052
65249137
65248414
65257652
65255412
65254439
65253286
65252608
65251767
65250841
65262960
65209572
65208067
65204907
65260453
65259223
65257880
65256920
65254466
65246588
65272802
65254093
65253512
65246385
65239898
65245611
65048759
65047817
65046029
64960314
64958470
65279345
65278819
65277783
65253933
65248597
65269495
65268469
65266676
65264213
65263504
65262654
65261914
65255438
65251561
65243566
65242321
65246107
65214869
65213418
65201173
65200202
65199260
65244438
65239019
65261079
65281318
65281028
65251805
65281336
65281124
65240140
65239355
65252132
65250985
65250505
65248797
65248290
65245840
65245045
65244218
65243244
65281347
65277781
65276258
65275388
65273293
65272497
65265239
65263601
65262540
65261003
65260053
65258733
65278732
65278434
65278140
65277704
65277203
65276839
65276167
65275277
65274338
65273615
65258309
65257323
65255460
65254498
65253624
65244354
65243555
65276173
65270236
65242183
65263099
65262415
65261291
65271222
65259472
65257568
65256358
65265280
65264209
65249034
65247879
65246665
65245431
65252245
65251092
65249295
65263848
65254247
65253372
65251478
65250245
65248436
65247917
65246826
65238892
65273461
65270998
65269538
65267692
65281624
65281459
65280442
65279983
65281842
65281730
65281548
65282022
65281187
65281893
65281689
65281588
65281523
65281743
65281580
65271192
65270402
65268619
65266136
65265065
65263942
65272584
65271384
65264392
65270357
65269598
65268600
65266780
65255049
65254059
65267132
65248223
65162977
65161813
65278471
65277487
65273859
65271442
65269982
65267180
65256380
65148600
65147860
65109192
65108455
65107931
65242953
65242033
65249740
65248791
65247687
65247076
65245836
65244961
65244470
65280463
65280207
65279973
65276744
65276041
65274943
65271346
65269736
65268192
65271047
65267472
65248135
65247489
65246656
65245554
65243349
65249622
65248502
65247376
65246542
65245593
65242579
65241926
65242787
65241843
65240214
65042952
65277838
65267818
65247562
65246770
65246061
65259133
65257684
65256513
65255856
65254210
65276489
65276153
65275364
65274841
65274209
65273522
65272303
65267157
65257020
65282311
65282147
65282052
65219679
65260330
65195332
65279012
65277737
65276820
65276364
65261069
65259526
65280724
65282249
65281975
65282330
65282119
65281709
65280108
65277338
65102867
65102560
65270967
65270403
65266939
65266256
65268734
65269833
65276984
65276530
65275513
65274578
65273523
65272350
65271131
65252974
65251847
65251755
65250412
65249856
65281466
65281274
65281161
65280992
65268140
65265638
65271279
65268710
65267466
65266086
65264409
65262668
65282055
65281871
65253696
65240111
65238163
65237942
65236970
65236243
65266539
65265039
65277662
65274164
65281360
65280073
65279878
65249092
65245916
65244816
65243710
65280619
65279620
65279379
65278998
65278721
65233039
65232801
65232563
65232292
65280576
65280219
65278389
65277795
65277348
65279686
65278745
65278495
65276190
65274468
65273041
65272428
65271311
65263560
65277012
65276519
65275812
65274978
65274281
65281082
65280908
65275901
65275318
65165282
65164012
65281663
65281572
65281412
65281236
65281075
65280988
65280871
65280752
65280628
65280330
65278206
65277077
65281317
65281196
65280948
65280825
65280679
65280201
65280722
65279512
65263892
65262280
65260763
65183044
65182934
65279928
65235509
65235339
65234516
65232906
65280092
65279976
65279757
65279371
65233485
65233182
65232812
65227332
65279759
65279610
65277475
65275958
65275584
65279107
65278376
65277967
65277529
65276951
65275914
65274919
65280897
65280693
65280479
65277823
65276838
65280646
65280273
65278949
65233980
65278701
65233311
65278770
65272957
65272068
65277289
65229652
65267980
65266366
65265211
65264511
65263432
65261831
65260870
65259994
65259332
65257951
65257521
65280850
65282647
65282499
65282220
65282007
65281799
65281655
65281460
65281267
65204252
65250646
65252255
65251373
65250163
65248340
65247091
65245703
65244724
65241570
65148746
65148109
65282907
65259578
65281813
65281394
65280828
65280586
65280347
65280075
65255572
65279777
65245287
65243537
65283027
65282770
65282524
65282896
65283155
65282985
65282929
65282603
65282404
65282294
65283217
65281521
65237224
65278586
65280340
65283412
65282903
65282575
65281929
65283170
65282699
65282437
65281339
65281628
65234967
65270999
65268319
65256321
65255121
65267462
65255870
65254722
65246117
65245290
65243668
65283411
65283093
65282861
65249068
65247953
65246395
65245231
65278991
65195706
65194797
65194244
65270905
65269563
65268939
65263234
65261821
65260242
65258913
65257885
65256611
65281707
65260047
65258854
65244355
65243375
65278197
65244635
65241295
65239222
65262549
65260199
65273764
65272323
65270956
65270491
65269063
65268209
65263055
65266300
65275386
65274808
65274104
65273276
65272340
65270596
65273450
65272170
65160638
65157502
65258323
65257147
65253167
65281280
65281157
65281021
65280874
65280731
65280580
65280355
65280097
65283744
65282002
65251632
65249990
65261799
65260256
65257946
65256811
65235521
65235311
65263037
65261687
65256018
65271902
65270842
65269330
65266778
65270814
65269747
65243010
65241440
65240993
65262467
65261063
65259623
65267185
65266002
65265122
65250344
65241347
65266166
65233917
64903241
64868785
65283700
65283368
65255681
65265946
65256050
65255085
65254061
65283136
65282796
65282650
65282474
65282422
65027108
65026659
65026212
65266858
65265278
65283592
65282899
63718841
63718180
65242126
65249409
65267642
65264833
65263148
65251413
65250339
65249242
65271601
65270420
65268007
65273917
65283781
65283476
65283213
65268582
65267556
64916811
64915101
64909046
65260184
65258986
65257957
65257446
65256876
65254860
65253827
65212530
65271323
65268197
65266192
65264394
65263284
65283767
65283591
65276841
65276175
65275596
65274449
65273468
65272682
65282390
65282189
65281802
65284035
65282225
65244160
65242358
65239511
65283799
65283616
65283296
65282267
65282132
65281827
65281606
65281534
65281397
65235686
65235097
65283030
65282778
65282507
65282123
65236280
65235990
65235814
65281857
65264895
65264064
65200063
65199391
65155056
65154607
65154248
65283414
65282882
65282551
65284190
65283858
65283586
65283423
65283000
65282692
65282486
65282341
65283355
65283193
65282891
65282777
65282370
65282157
65281916
65283072
65282641
65282470
65282178
65235796
65189330
65253829
65109088
65108840
65108438
65107853
65281310
65281149
65280790
65284113
65283442
65284136
65283555
65283307
65283376
65283178
65282905
65201038
64820284
64820116
65283955
65283728
65283490
65282621
65283940
65283669
65283283
65281751
65281569
65283408
65283276
65279882
65279553
65258417
65257578
65264105
65247104
65264403
65261477
65247657
65245095
65243929
65284181
65283885
65284094
65283868
65283271
65283512
65283284
65279474
65279056
65277563
65277961
65277362
65273181
65282964
65270925
64807675
64806047
64803974
64798074
65281086
65280899
65280782
65280641
65280134
64910718
65264839
65217794
65242302
65265785
65264376
65197965
65197148
65196755
65236745
65236336
65236128
65257434
65256953
65201839
65255893
65255370
65272886
65271479
65270565
65269722
65267999
65266745
65265000
65263263
65257548
65255886
65255011
65254423
65205656
65204028
65251516
65245064
65274811
65274064
65273428
65272388
65270916
65267445
65284299
65283938
65283665
65282423
65282314
65281781
65253808
65252654
65181643
65283459
65282722
65282304
65281789
65281474
65281335
64657156
65282014
65269470
65267114
65264848
65263753
65262779
65261393
65282385
65256310
65255722
65254705
65282919
65282767
65282462
65282252
65282074
65281179
65249834
65247480
65282284
65281509
65244216
65235292
65235132
65183736
65284458
65284171
65283977
65283633
65282794
65283163
65282997
65282835
65282080
65281710
65281562
65281492
65284394
65283738
65283421
65283204
65282825
65282668
65282056
65281690
65281545
65281439
65281131
65276119
65283215
65282352
65279801
65284698
65284341
65283976
65283320
65283035
65282751
65282582
65282094
65239370
65238589
65237295
65255952
65284401
65284052
65283719
65282883
65281968
65284655
65284368
65284195
65284008
65283300
65283116
65282438
65282243
65281362
65183062
65281246
65280967
65280792
65280699
65280607
65280459
65279398
65275184
65274510
65273539
65220620
65219360
65282285
65282149
65282021
65281853
65282807
65282128
65281964
65254005
65283946
65283365
65282479
65282260
65280588
65280503
65281832
65234754
65234628
65234382
65234161
65184299
65282952
65281894
65282364
65281993
65281282
65281447
65224309
65223100
65222104
65221050
65174576
65173367
65171921
65233674
65233493
65208200
65022507
65022436
65102171
62848377
62848147
62847914
62847789
62817008
62816795
62784436
62780814
65265608
65246125
65244662
65243549
65242290
65235781
65234865
65281214
65280975
65280807
65280408
65284608
65284426
65284102
65283849
65283577
65283164
65282977
65282515
65284649
65284371
65283650
65283393
65281673
65282144
65281444
65257265
65256502
65255816
65234736
65234505
65234616
65234356
65182936
65182764
65138545
65138363
65282676
65281911
65282684
65281354
65245124
65282182
65188861
65282821
65266892
65265874
65264975
65263092
65261373
65260544
65259002
65257930
65105020
65104646
65071305
65070626
64981322
64981160
65283147
65282617
65281948
65284564
65284734
65284592
65261449
65259785
65258318
65256720
65253860
65253267
65251968
65251123
65282204
65281823
65281716
65281060
65240018
65239439
65238734
65231130
65230704
65225258
65240940
65232533
65230489
65281390
65234151
65184146
65165368
65284688
65284293
65283540
65283185
65282983
65282851
65282648
65282397
65282221
65281997
65272349
65271776
65268239
65266962
65257672
65256412
65255559
65284776
65282644
65282012
65282792
65281746
65270320
65269317
65268648
65267209
65240334
65192497
65237278
65236758
65235384
65235938
65235663
65235378
65235092
65234892
65280265
65280007
65276266
65263654
65275822
65273760
65263701
65216272
65274203
65258050
65256732
65219215
65217520
65214862
65269258
65275205
65211888
65237007
65236371
65201935
65201381
65200953
65219887
65215671
65280467
65279894
65268281
65266655
65265677
65271241
65244884
65243663
65125534
65123578
65121854
65085799
65247498
65246496
65197712
65196787
65272752
65269770
65049827
65250011
65284685
65284342
65283790
65279357
65279183
65278824
65278536
65279637
65279481
65279351
65156398
65249644
65142762
65142581
65142284
65142007
65256712
65255556
65253132
65250812
65249848
65245748
65223065
65222131
65192800
65188472
65269568
65267852
65245561
65272977
65271817
65270865
65162766
65161446
65159940
65151859
65260787
65269239
65267001
65265605
65264145
65263401
65262052
65260656
65256805
65255976
65100581
65100292
65100072
65099679
65245702
65232475
65232191
65197397
65196615
65275272
65274382
65272779
65271766
65270792
65268666
65266373
65264472
65268545
65284937
65284510
65283569
65283230
65282961
65282701
65282440
65282265
65282103
65281831
65272986
65272070
65269533
65265480
65222669
65220894
65219661
65262166
65260756
65253234
65273485
65272406
65271897
65268774
65284959
65284485
65284245
65283943
65283663
65283487
65271331
65268817
65268023
65266344
65264878
65278341
65277891
65247315
65245993
65112569
65279827
65279370
65266121
65264614
65245805
65242825
65241799
65197555
65262807
65247530
65258709
65257674
64999960
65263415
65261866
65260539
65214310
65285103
65284873
65284525
65257988
65255974
65244809
65243225
65127054
65126016
65093551
65251611
65267402
65227780
65226949
65225658
65244901
65244307
65243580
65242706
65242088
64082803
64080179
64077807
65285239
65285037
65273102
65272335
65270996
65269035
65268224
64873023
64872869
65255301
65253476
65252584
65259330
65258552
65234716
65192681
65269390
65266293
65265112
65263198
65266879
65265230
65262451
65261430
65260187
65250524
65285040
65284819
65284464
65266532
65285334
65284616
65283900
65279528
65279256
65278859
65277361
65275890
65271939
65272091
65269739
65267851
65247267
65245973
65264773
65247826
65246587
65245642
65244648
65215819
65265376
65263611
65253529
65252905
65247913
65274000
65272984
65272060
65270573
65269506
65268514
65266826
65265995
65265263
65263782
65229381
65228921
65227791
65261531
65260338
65277935
65277160
65275704
65219964
64933340
65272860
65271570
65262291
65261206
65260329
65259511
65258200
65257519
65256577
65209012
65207364
65205843
65204584
65203993
65218365
65215842
65209589
65266264
65285494
65248433
65246219
65245050
65244072
65279684
65189500
65110484
65072196
65071349
65172389
65167249
65166111
65164749
65162840
65178315
65176642
65254009
65252826
65251705
65250383
65249567
65249036
65248137
65245280
65243895
65283568
65283313
65283057
65282820
65282526
65282068
65281514
65281030
65272659
65271622
65252828
65185813
65281555
65280885
65280696
65277824
65277433
65261508
65223911
65262760
65261060
65240377
65239948
65239191
65238410
65285703
65285293
65284841
65283757
65171122
65170233
65242949
65242439
65241676
65241065
65240430
65277748
65277112
65275402
65275127
65231615
65230926
65278832
65278449
65278020
65277610
65277028
65276709
65276236
65110420
65127626
65081884
65285519
65285064
65284186
65263540
65261926
65180284
65179774
65285628
65285380
65284983
65284490
65284024
65282971
65285056
65284667
65284354
65284135
65283749
65252663
65279718
65279417
65279178
65254494
65253142
65252716
65211879
64373281
65156561
65155262
65278556
65278182
65272528
65285150
65285927
65285454
65285032
65284635
65270701
65268370
65306858
65306082
65305060
65304029
65302642
65300779
65292842
65315130
65305783
65304065
65302264
65300877
65299004
65298026
65296861
65312998
65304593
65303370
65301346
65293004
65292173
65286281
65285462
65315301
65315156
65314645
65314126
65313838
65305698
65304811
65303286
65301743
65305130
65303078
65293142
65292515
65291562
65291196
65290478
65314555
65313757
65313426
65312884
65286685
65286203
65285547
65295688
65294602
65293464
65288878
65288140
65287462
65287084
65286413
65310085
65308973
65307844
65306652
65284755
65299445
65314828
65314310
65313942
65313353
65311962
65311265
65310258
65313286
65312808
65311997
65314469
65303886
65302037
65313168
65310826
65309805
65307986
65306943
65302474
65284620
65299952
65315380
65314768
65314568
65314195
65313755
65313032
65314207
65301697
65298714
65296619
65295494
65294069
65307247
65303901
65296309
65295223
65314483
65314058
65313529
65311766
65309186
65308394
65311554
65309775
65298323
65287604
65285834
65310577
65301953
65314998
65313616
65312240
65311652
65291813
65291403
65290631
65289951
65289188
65288535
65287881
65287400
65309330
65308378
65307534
65306818
65306023
65304380
65286487
65285952
65314830
65297767
65293584
65310698
65290528
65297122
65291996
65291345
65313018
65312300
65311475
65310736
65309942
65312093
65312379
65309577
65304385
65292991
65289742
65289029
65288408
65287203
65286604
65314334
65314142
65313793
65311195
65310553
65309770
65308696
65294047
65293198
65291317
65290827
65289350
65288738
65307427
65304639
65303050
65301116
65294843
65293767
65293408
65290197
65286334
65307183
65305811
65301963
65300919
65291957
65290703
65288236
65287727
65284863
65307015
65306782
65305611
65304657
65302788
65301208
65300112
65285330
65295213
65305273
65300262
65292061
65290136
65289635
65314057
65285570
65285230
65307579
65306678
65303583
65301898
65288458
65287694
65293342
65304988
65303581
65302476
65300739
65310453
65305598
65303868
65302344
65300828
65298548
65296154
65307847
65304152
65300693
65276360
65302430
65296450
65295591
65297722
65296320
65295526
65266777
65264139
65305960
65303170
65301522
65299341
65298703
65269812
64832204
64830246
65286912
65310222
65308906
65308351
65306350
65302859
65254919
65305494
65302644
65292133
65291533
65290904
65290411
65262878
65310785
65305151
65301271
65279861
65279230
65289979
65289639
65289134
65287823
65315297
65314974
65314663
65314354
65314087
65313840
65313574
65313339
65312806
65311101
65309246
65307937
65304440
65299537
65298525
65307975
65307344
65304270
65307788
65302428
65174446
65312541
65312132
65311172
65313722
65313073
65312489
65312138
65311546
65311224
65310154
65298668
65298148
65296959
65295971
65295042
65271440
65270739
65269158
65300234
65299230
65301000
65299138
65295651
65294556
65293694
65315129
65314862
65314372
65314097
65313788
65304346
65314674
65314284
65313983
65313536
65312986
65312580
65312389
65311979
65311160
65309992
65312508
65312029
65300992
65315400
65314927
65306664
65244844
65299818
65298879
65292816
65292280
65291496
65277428
65309736
65309144
65307741
65306733
65305647
65299251
65297749
65312796
65312206
65311570
65311052
65310695
65297073
65295543
65302206
65299374
65295912
65288985
65307976
65306657
65272839
65271064
65288177
65287629
65287211
65286887
65286541
65311005
65298039
65305609
65299732
65298905
65268799
65255869
65254762
65167294
65165260
65309682
65296075
65289626
65244490
65288255
65287650
65287308
65147579
65147050
65299185
65297702
65296698
65295343
65293329
65292604
65185969
65252561
65250925
65250144
65249019
65311686
65310770
65305094
65303429
65228183
65225528
65304129
65306934
65305882
65305244
65303738
65303082
65304618
65302565
65296215
65250579
65171119
65164753
65301543
65296187
65294539
65298608
65297348
65294071
65312191
65311776
65310884
65310410
65309940
65308399
65297320
65276290
65276013
65315461
65313746
65313122
65255122
65253950
65302967
65300640
65299772
65301249
65300416
65297666
65294257
65292411
65291451
65288519
65288216
65287856
65287354
65307044
65303408
65301544
65300674
65294484
65306206
65295191
65294683
65293816
65307747
65303732
65298457
65314278
65314016
65312427
65311543
65310822
65309099
65308305
65300697
65299767
65298539
65297234
65296856
65295353
65293345
65293873
65293580
65289056
65288550
65115335
65304511
65303111
65301571
65291610
65291174
65290038
65285687
65291022
65290314
65307430
65309660
65315578
65313053
65311698
65310821
65315625
65313719
65313261
65312257
65311426
65310754
65313128
65312723
65311927
65302830
65315392
65314775
65312783
65308403
65311421
65309111
65310555
65306737
65302260
65301093
65299511
65297582
65296515
65308607
65304264
65300816
65300515
65298715
65292502
65303884
65301120
65293563
65292750
65292045
65291382
65309622
65308380
65307142
65306654
65310997
65308904
65310035
65308783
65314890
65314636
65314410
65314007
65313709
65313273
65312390
65311691
65297389
65304714
65302909
65302584
65298932
65297294
65299290
65314824
65314437
65313517
65313071
65312446
65311813
65310684
65309557
65307349
65312660
65306564
65304985
65305667
65305910
65295037
65296910
65292574
65291796
65294208
65307719
65302207
65270156
65268691
65313564
65313047
65312559
65311849
65311154
65309996
65309354
65308575
65312041
65303418
65306550
65305501
65305865
65308251
65310627
65309802
65308983
65308594
65308008
65307474
65299180
65295215
65309182
65308410
65307838
65306991
65306204
65188603
65302919
65310251
65291450
65290968
65284495
65313761
65312666
65312126
65307624
65296009
65294944
65296351
65292785
65293137
65291538
65297905
65301537
65300666
65299498
65162792
65161851
65313180
65312722
65311994
65311599
65296182
65243418
65242343
65302987
65301856
65300848
65299716
65298612
65312623
65297737
65311845
65310218
65304746
65312669
65312225
65311424
65309768
65308874
65308149
65307151
65306138
65314017
65313456
65312472
65311851
65309195
65305990
65295163
65292878
65315173
65314963
65314758
65314171
65313756
65313299
65312284
65302699
65302088
65277602
65277201
65276675
64977260
64971644
65312023
65311382
65307926
65305894
65304363
65301862
65299877
65314623
65314409
65313678
65313375
64589891
64589647
64589430
65087162
65085180
65084270
65082770
65081201
65080421
65315267
65313959
65312347
65311607
65311107
64704119
65278577
65290445
65315721
65307582
65306189
65308020
65306938
65309019
65308041
65306528
65305132
65301110
65300479
65288315
65294749
65312555
65312162
65311819
65311319
65310559
65308103
65307418
65305786
65304782
65292755
65286816
65289274
65304155
65302335
65301572
65298744
65297551
65296252
65315685
65292222
65294630
65304365
65303426
65289910
65289486
65290928
65289721
65288708
65287963
65287545
65287056
65302166
65300881
65289375
65289106
65286903
65307807
65306059
65286718
65288946
65304122
65285566
65285140
65284760
65284240
65288119
65287716
65287139
65286730
65285025
65300089
65290783
65284980
65242209
65285849
65286131
65287155
65286488
65265389
65262277
65315871
65315214
65283661
65283493
64049589
64049147
64048251
64047965
64046928
63962243
63960574
63960180
63848714
63847471
65298454
65297170
65300598
65298262
65287285
65311501
65310963
65294276
65293399
65292988
65292525
65291677
65290533
65289851
65289290
65215946
65309905
65308665
65307133
65305460
65166694
65315904
65283001
65282501
65282349
65282127
65270825
65269956
65268458
65267564
65290277
65288990
65288320
65309860
65307181
65305600
63951287
65313648
65312618
65313971
65313630
65313294
65238148
65237572
65068981
65312429
65311916
65310949
65310078
65293066
65307647
65311752
65295374
65294656
65308622
65306192
65305144
65302934
65301712
65300878
65295669
65295076
65313008
65312599
65312216
65311307
65310607
65306239
65306534
65305309
65304677
65303508
65302767
65301915
65269553
65267799
65315355
65314747
65314366
65313902
65313561
65313066
65314038
65313511
65313304
65312676
65312259
65308658
65283523
65283226
65283037
65306096
65303034
65301631
65299215
65289498
65288851
65287363
65286702
65286424
65300159
65299107
65297966
65296779
65295787
64699852
64699392
65313976
65313602
65313093
65312553
65311981
65311395
65310769
65304940
65315796
65314598
65316020
65310285
65309511
65311111
65310400
65314877
65314177
65315427
65308506
65307180
65304055
65286157
65295627
65294356
65288250
65315196
65312336
65308784
65313636
65310092
65315055
65314246
65187112
65143169
65291875
65314873
65315842
65315637
65315501
65315236
65315005
65301719
65265664
65263866
65289944
65289347
65288734
65311330
65307241
65306351
65313332
65312704
65312074
65311231
65310515
65315876
65315659
65315488
65315350
65313513
65312809
65289201
65268110
65266317
65265709
65264279
65296777
65295963
65295252
65294493
65303051
65290729
65290179
65284693
65309828
65309255
65300643
65297175
65296124
65294991
65310257
65299239
65309841
65309304
65270511
65294964
65307271
65306548
65298445
65311413
65310522
65309704
65314215
65313844
65313399
65261785
65311840
65311205
65310239
65309276
65308529
65312167
65298716
65297606
65277429
65309454
65308199
65312330
65307048
65293072
65275832
65274080
65306376
65291965
65291383
65290326
65289849
65289575
65289242
65297940
65297179
65296366
65292933
65292500
65298077
65301317
65298452
65295052
65289818
65289291
65311930
65311535
65212672
65210329
65164366
65310674
65307420
65305408
65305614
65304592
65303578
65309880
65309234
65308655
65305527
65299009
65297718
65296887
65296243
65295349
65294580
65293819
65288007
65301205
65300136
65298950
65297068
65296308
65295687
65314103
65313628
65313379
65312762
65315507
65314479
65086084
65315068
65297150
65283904
65316079
65316097
65304320
65284244
65271836
65270426
65212086
65289867
65288684
65316206
65290423
65288758
65286148
65287111
65286813
65316168
65315917
65315745
65315565
65315311
65288883
65287790
65310237
65293715
65292866
65292233
65273469
65296462
65292709
65296519
65294530
65295713
65304632
65155026
65307843
65300230
65298218
65290855
65290185
65298332
65292239
65289729
65195387
65290929
65297645
65296329
65295444
65290799
65290229
65289085
65287640
65285313
65284286
65283542
65266068
65256351
65311797
65311254
65315630
65315411
65315099
65314924
65314382
65313667
65313132
65315834
65309698
65308678
65304332
65303343
65302251
65301467
65299832
65297712
65296123
65294877
65294106
65303546
65302133
65301034
65299407
65298005
65296645
65293246
65292430
65291912
65289514
65308933
65306920
65305597
65301798
65299633
65292249
65291819
65305897
65305048
65303535
65301726
65303189
65312839
65311278
65310446
65309439
65307187
65306262
65304620
65303550
65302510
65291110
65290456
65299483
65297329
65296625
65294524
65293507
65292631
65285210
65284823
65299987
65301238
65295834
65297644
65310398
65309287
65308033
65306356
65304965
65303415
65302038
65308694
65307398
65305978
65304334
65302495
65301735
65300075
65299127
65267496
65307002
65256933
65254805
65306523
65300932
65299692
65316279
65287908
65287309
65302236
65302571
65274631
65310172
65309002
65302991
65288894
65286318
65313458
65313125
65311173
65311247
65310455
65309502
65308833
65307679
65306687
65305481
65295126
65294161
65297991
65297050
65296296
65295620
65294953
65163404
65305725
65304830
65298751
65286880
65286283
65315036
65314140
65313864
65302414
65300916
65300127
65299076
65298164
65268371
65267118
65315090
65313605
65311480
65307690
65306426
65268651
65205153
65203777
65202870
65201878
65302227
65300894
65257054
65249257
65248039
65296554
65295345
65294513
65293082
65292436
65306705
65296598
65287113
65286722
65286453
65307417
65306116
65305061
65303975
65256393
65255760
65254506
65305397
65302826
65264600
65229852
65311434
65309631
65308431
65307488
65306031
65304895
65307090
65305962
65303851
65302655
65301610
65300825
65293186
65292432
65301593
65300780
65299841
65298795
65296860
65295518
65292743
65291723
65302482
65301213
65299648
65297673
65295180
65294416
65283114
65282622
65312449
65312094
65303205
65300276
65298814
65297262
65291572
65310919
65309747
65308842
65313391
65312751
65312083
65270277
65268472
65303458
65266461
65299499
65298778
65297350
65313822
65313579
65313342
65298085
65297261
65296288
65294839
65293996
65284438
65287474
65287142
65286558
65284969
65284571
65283893
65283686
65308225
65307259
65314543
65313283
65304913
65303800
65298846
65297784
65307960
65306807
65289181
65275674
65316472
65308750
65307439
65305997
65307963
65301503
65305738
65295354
65294237
65293382
65288929
65316410
65304799
65309639
65308751
65308078
65307202
65294261
65292102
65311760
65311281
65307621
65315453
65314975
65315704
65315531
65178293
65315813
65315581
65315477
65315150
65314969
65301253
65273891
65314497
65313334
65314388
65265690
65263907
65262176
65093663
65314616
65314250
65313767
65312939
65312320
65311548
65310448
65309717
65314491
65313960
65313448
65310173
65309049
65307840
65270152
65269153
65239236
65238950
65226083
65314350
65313553
65313078
65288808
65287831
65287512
65287218
65273571
65270672
65268979
65313442
65312601
65312274
65311568
65315293
65315023
65312343
65311647
65316543
65316356
65316236
65316126
65315945
65315671
65256467
65254565
65253578
65252658
65252219
65314592
65314217
65313925
65313457
65181525
65181210
65179246
64649124
64648887
64647911
65314551
65314291
65284448
65284160
65277882
65277416
65316610
65316423
65316256
65315982
65315776
65315456
65315296
65314036
65313771
65277480
65313721
65313105
65312706
65311897
65311103
65310263
65316266
65316052
65315863
65316221
65310028
65308893
65316153
65315952
65314314
65314800
65304458
65302684
65301570
65276898
65276164
65285762
65285273
65284927
65284504
65284170
65283888
65316571
65316418
65316278
65316191
65315973
65315731
65314847
65314240
65283605
65237934
65227387
65314125
65313896
65313647
65313158
65312771
65277235
65275827
65312176
65311706
65310802
65249316
65199096
65115997
65115032
65067600
65067289
65066762
65066562
65315364
65314106
65312738
65314077
65313001
65312439
65315511
65315289
65314977
65313957
65230603
65229820
65313859
64990324
64989683
64987808
64940446
64939504
64938704
65314600
65312970
65312239
65314710
65314487
65303889
65302953
65268872
65313130
65311369
65283693
65283373
65311974
65310344
65309739
65316446
65316103
65315746
65315252
65314734
65314418
65310119
65297463
65296586
65262822
65313408
65312051
65309536
65315144
65314932
65314756
65305511
65304133
65302663
65285174
65284875
65137087
65316487
65316288
65314500
65276995
65251008
65250352
65249157
65248042
65247493
65179802
65313216
65312130
65310875
65308794
65307809
65313135
65241158
65240563
65226313
65224471
65311355
65275057
65273584
65266938
65316175
65316017
65287036
65286462
65273967
65313478
65273911
65272704
65311904
65310975
65310146
65303607
65314745
65312866
65294056
65293339
65314080
65310722
65293961
65293493
65291454
65290845
65314191
65313510
65309890
65309348
65308098
65312875
65310989
65279740
65275109
65273806
65276299
65275020
65278880
65224479
65223051
65221492
65313705
65313356
65311992
65296773
65295754
65250301
65312576
65312140
65311407
65310565
65310024
65284132
65312377
65311010
65277208
65231085
65315025
65313498
65279529
65279299
65269892
65268907
65313423
65311529
65310675
65304211
65303229
65301877
65313676
65313419
65312078
65310053
65309170
65307951
65306531
65308004
65306986
65306407
65305233
65303796
65315420
65315179
65314827
65314688
65313789
65316176
65315998
65315804
65312617
65293560
65292704
65292117
65291236
65290666
65290127
65172979
65316547
65316032
65315318
65314904
65313600
65312684
65310830
65309513
65312754
65310162
65308810
65307874
65312499
65313390
65286822
65286251
65285859
65285441
65285107
65276467
65276091
65275380
65274695
65273576
65292064
65291687
65260482
65297084
65303172
65302349
65300958
65299583
65283905
65308792
65308129
65307337
65305045
65304442
65304697
65301636
65300882
65306588
65303456
65301926
65291073
65290549
65291158
65289966
65286966
65303036
65289831
65289270
65288659
65288223
65287916
65287300
65286433
65294675
65290608
65291908
65291032
65290214
65289792
65289151
65288840
65288182
65287679
65286925
65286513
65290019
65289326
65297721
65292039
65305560
65304547
65302226
65305264
65303997
65303136
65295682
65294909
65292968
65144340
65301305
65300396
65296557
65316826
65313461
65312912
65310508
65285816
65307040
65303775
65210289
65207694
65306461
65304870
65303462
65302507
65301686
65300409
65189600
65188328
65187770
65316699
65308867
65259104
65257173
65309791
65292978
65292565
65291767
65158068
65308995
65312364
65311724
65311031
65310534
65309435
65308375
65306237
65313269
65311936
65311070
65310661
65309941
65277622
65277269
65276699
65258403
65316862
65316630
65311958
65311479
65309340
65308122
65306518
65306779
65305507
65303931
65290460
65289692
65303361
65302375
65261199
65260491
65258782
65200645
65200222
65291764
65290982
65309945
65310882
65308825
65308237
65307161
65305964
65305260
65302899
65310633
65306322
65303592
65302319
65313196
65305916
65304246
65302939
65300783
65299270
65263077
65224128
65222645
65221599
65220077
65312420
65307772
65254025
65309271
65308446
65290722
65289854
65289645
65276058
65262262
65308691
65231200
65304840
65308178
65316910
65316724
65303287
65302366
65298387
65113583
65112984
65112320
65311697
65301980
65298133
65307817
65306503
65301959
65299202
65297491
65296500
65276269
65297492
65296121
65295314
65294748
65294287
65293523
65168051
65310556
65309656
65309257
65299985
65278085
65312128
65309100
65308504
65306525
65304600
65303953
65299769
65297377
65306086
65304495
65303210
65301576
65300763
65297511
65251752
65250792
65247846
65246949
65285364
65285191
65213430
65211983
65195907
65195023
65127936
65126289
65300853
65297445
65296136
65295623
65294976
65293324
65287554
65299665
65288869
65288241
64331805
63642962
63642068
63173603
63172078
63171549
65297140
65300591
65299153
65132073
65131618
65130461
65129106
65127610
65122890
65297469
65129512
65286144
65285771
65313201
65303719
65286076
65190935
65190111
65189457
65225282
65224399
65297478
65296429
65293664
65291542
65290708
65305872
65304257
65286431
65285662
65287922
65297963
65276592
65275823
65274951
65248987
65247654
65230909
65293145
65284434
65284077
65283761
65284664
65310407
65308813
65308061
65305627
65287049
65288522
65287803
65287487
65165833
65316994
65305767
65287216
65286610
65251900
65284623
65303291
65296063
65295041
65277237
65276515
65316740
65304184
65303460
65270620
65269204
65261617
65260385
65316401
65300865
65280928
65316923
65316840
65314841
65305003
65309930
65306442
65305425
65304670
65303011
65301394
65302523
65267855
65266141
65264659
65311730
65311263
65310734
65310103
65308094
65307350
65306306
65304976
65291194
65290873
65290660
65311606
65311012
65310368
65305482
65304583
65303045
65302295
65301654
65056841
65055936
65054746
64953176
64952428
64951755
65177407
64967335
64790382
64770457
64615615
64412178
64411337
65184160
65242571
65241930
65241005
65299906
65298431
65297899
65296620
65296081
65300296
65290488
65290027
65289472
65248827
65247781
65187037
65309494
65307765
65302372
65306288
65302718
65309591
65305736
65303552
65301718
65299635
65297115
65295075
65303787
65302233
65256849
65254527
65302645
65299696
65298989
65297841
65296464
65253347
65251732
65165124
65312139
65310106
65307221
65250166
65267669
65258942
65234696
65234383
65292847
65292364
65317090
65316993
65316715
65316541
65316364
64996101
65312050
65309865
65274597
65306602
65305332
65304031
65301420
65296678
65310768
65309760
65273906
65271633
65314879
65302616
65300983
65298805
65268169
65264701
65177691
65311750
65309269
65271189
65269958
65302632
65300917
65306128
65305207
65303604
65301290
65299807
65298370
65296347
65309209
65309952
65309016
65306897
65305129
65303667
65302313
64843728
65297102
65295649
65294505
65295249
65293390
65292552
65282048
65281884
65300508
65299586
65298745
65252359
65311338
65305296
65305406
65302445
65301157
65272127
65270667
65268126
65303145
65302097
65267698
65265962
65243453
65242495
65241920
65241381
65305451
65265535
65264616
65307649
65174873
65117222
65116301
65304033
65302339
65300392
65298883
65269518
65268166
65311297
65310881
65308677
65303728
65302985
65300688
65298211
65297271
65296378
65295516
65132414
65131680
65130320
65315075
65314050
65312903
65312496
65285117
65316321
65315069
65310281
65310045
65308205
65307053
65301085
65297217
65305159
65300629
65299056
65292734
65292376
65291590
65291146
65287123
65301389
65299674
65295346
65294376
65287032
65259641
65258703
65292616
65291870
65291488
65291121
65290388
65289466
65288852
65309467
65307726
65305574
65303085
65301867
65297998
65308562
65306583
65302538
65301678
65300098
65313635
65312830
65312082
65310483
65309374
65306870
65302835
65302026
65301193
65299924
65298295
65297091
65301702
65300045
65298642
65296796
65255267
65252734
65312761
65309953
65299506
65298155
65297024
65302787
65300169
65297924
65264985
65302465
65299941
65298570
65227190
65225883
65296608
65292300
65291691
65297153
65257845
65007442
65005660
64846860
65266048
65264966
65264468
65307711
65304243
65294468
65292894
65290034
65289483
65291726
65290652
65290323
65289955
65289045
65288492
65315730
65315641
65315421
65315092
65314955
65313699
65313107
65307876
65306533
65312785
65312450
65311899
65311626
65311120
65310226
65309140
65308735
65307699
65306674
65314172
65313815
65313597
65305631
65304254
65303012
65302138
65299781
65316304
65316144
65315913
65315709
65315474
65315172
65314772
65314176
65313773
65313307
65296295
65295656
65294521
65292917
65308660
65308153
65306789
65285296
65297245
65295964
65294990
65288598
65287972
65287624
65286522
65286262
65286384
65296641
65294845
65293940
65301399
65299982
65295130
65293441
65284336
65289538
65285378
65295458
65314920
65314676
65314371
65314030
65313803
65296224
65293957
65292309
65290621
65290040
65289767
65269602
65294392
65293521
65292800
65291670
65291320
64612081
65294855
65294088
65293492
65292632
65291428
65291054
65285363
65241058
65223076
65290377
65290128
65289740
65289173
65288391
65287651
65291622
65291010
65290330
65289590
65289083
65237709
65237431
65237080
65311339
65309151
65307684
65306405
65304805
65301404
65294773
65291605
65293163
65291387
65154308
65303033
65301532
65300015
65299070
65298247
65295893
65295092
65293741
65293367
65292896
65291233
65290952
65011222
65009498
65304642
65303981
65302129
65300554
65298430
65296939
65295513
65295086
65298917
65297750
65295105
65294426
65293391
65260515
65295941
65295231
65293640
65293290
65292548
65188577
65187942
65299910
65298832
65303770
65301453
65299808
65292363
65289164
65287415
65242723
65242061
65240373
65315566
65315447
65315240
65315010
65314655
65314224
65313731
65313226
65293558
65293092
65292768
65291739
65290992
65290359
65289804
64699590
64699158
65309679
65308221
65293611
65292486
65291804
65290782
65275856
65300369
65294402
65291898
65292152
65292189
65289614
65288373
65299604
65297332
65290563
65289631
65289377
65288760
65289748
65287450
65271685
65270364
65269688
65268399
65297027
65293477
65271992
65270212
65268497
65266888
65265300
65305407
65303850
65224670
65223616
65292722
65292268
65291729
65257982
65256750
65248480
65315790
65314567
65314152
65308497
65273255
65313520
65309919
65309123
65304564
65303676
65307712
65290607
65289914
65271098
65307283
65256158
65313321
65312346
65311726
65311302
65310798
65309110
65257810
65257128
65256413
65223621
65204829
65204106
65203132
65202389
65317190
65317001
65316871
65316653
65311598
65274460
65274012
65273381
65313805
65280153
65279277
65278925
65277667
65311242
65078685
65314859
65314037
65313581
65314012
65313841
65313569
65092151
65091008
65052624
65051483
65050516
65049183
65315451
65314673
65314383
65313266
65312956
65311893
65313895
65295156
65293902
65288001
65313054
65311030
65310240
65309384
65308489
65307223
65306630
65305552
65134520
65303967
65310271
65309710
65308685
65307280
65312861
65311547
65305818
65305855
65303132
65301869
65300343
65296938
65314360
65313909
65291784
65291292
65290564
65271602
65270669
65232280
65294806
65294165
65293267
65313993
65313652
65312791
65313118
65311578
65300832
65299349
65286731
65286254
65315008
65314416
65314122
65313878
65312468
65311932
65315810
65315702
65310927
65310951
65309794
65308404
65306968
65300561
65299088
65311960
65310452
65307882
65306725
65305805
65314209
65313187
65310588
65306161
65302489
65300771
65299675
65260654
65203105
65297825
65287780
65242118
65241215
65191671
65191018
65190234
65189859
65177276
65258985
65307899
65312566
65254303
65308890
65305201
65264378
65215905
65303739
65298912
65313642
65312778
65312089
65311315
65309166
65308093
65300306
65315039
65314871
65314450
65314049
65313576
65313097
65312656
65312073
65311197
65307575
65306553
65277388
65311432
65311616
65310485
65225456
64865794
64865287
64865015
64864311
64863606
65228970
64972114
64970017
64968942
65285500
65285128
65171746
65169601
65256592
65207408
65307036
65308782
65304989
65243815
65231067
65230700
65229886
65228916
65228506
65307520
65302720
65272304
65271178
65312075
65303859
65297275
65270966
65309187
65255175
65254520
65253502
65252477
65309052
65296047
65292052
65291654
65316337
65311066
65308266
65311098
65307480
65306806
65280695
65249443
65248599
65241712
65226511
65240252
65239088
65229783
65217933
65263286
65249106
65298607
65296998
65296344
65295024
65294404
65291209
65290870
65139895
65139536
65316771
65316575
65316400
65316252
65316143
65315936
65315711
65315452
65286003
65310076
65308433
65307377
65306231
65305084
65303722
65302340
65300873
65287012
65276631
65275838
65299415
65304481
65284431
65284017
65222574
65221725
65220061
65218925
65217835
65216896
65214980
65316485
65316355
65316159
65315976
65315883
65315628
65287397
65310760
65310075
65308897
65307565
65306165
65289444
65308457
65307319
65306573
65305032
65229312
65317479
65317166
65316595
65290744
65290173
65317425
65289554
65286931
65294157
65293639
65291903
65291276
65306224
65304873
65302481
65301451
65292940
65292314
65308095
65287173
65317428
65317102
65190395
65189930
65307435
65304158
65300252
65308426
65306994
64540780
64368807
64366762
65313417
65313004
65312479
65307422
65306212
65305126
65303413
65302244
65304267
65302501
65300938
65298367
65295859
65295185
65306956
65302617
65302034
65294726
65313994
65313637
65313157
65279084
65278685
65278288
65277987
65231179
65230541
65314594
65313217
65292928
65292446
65292011
65291551
65290930
65315258
65232399
65314805
65313770
65313430
65311922
65311624
65312276
65311830
65311460
65310678
65310168
65315253
65252020
65234057
65277865
65276618
65276156
65296906
65295769
65316120
65316007
65315458
65314697
65313476
65312975
65312483
65312156
65311085
65306252
65302758
65301800
65300732
64815898
64815596
64815112
64814915
64814596
65308991
65307867
65275922
65131389
65130066
65314447
65264032
65312730
65317354
65317234
65311617
65311007
65229179
65311729
65059218
65058366
65058041
65041090
65039948
65038929
65314690
65308076
65191861
65016006
65013733
65178232
65315220
65314281
65312311
65311901
65247776
65247024
65246149
65229628
65228517
65317584
65317327
65317138
65316934
65316635
65316483
65316312
65316127
65315960
65315778
65310920
65309921
65272006
65316214
65316070
65315787
65315045
65307599
65306713
65317537
65317162
65317033
65315954
65315462
65277182
65314490
65314253
65311058
65310371
65294992
65294024
65315826
65315585
65315406
65315315
65315032
65314701
65314303
65313889
65299193
65297480
65296812
65310266
65295766
65294561
65293544
65274074
65312013
65310842
65310225
65272219
65271387
65270267
65269129
65315756
65309142
65307333
65305026
65303261
65312100
65310341
65308599
65307620
65305903
65305034
65303240
65278370
65305653
65304016
65299204
65297946
65315202
65313185
65304022
65290893
64963571
64961874
64960401
64958448
64464849
64462027
64459967
65302071
65294657
65293727
65309164
65308565
65307443
65305146
65302717
65301091
65300462
65298727
65272299
65271124
65313832
65312930
65287348
65312625
65312241
65311621
65276793
65276148
62525343
62485292
62484386
62483725
62459751
64869251
62589500
62589050
65307150
65274158
65298534
65299376
65298193
64997836
65306346
65304223
65276722
65276311
65232662
65109135
65108128
65107685
65309231
65305169
65303637
65302303
65279276
65278514
65308808
65306265
65304760
65304100
65303289
65317672
65317258
65317103
65317657
65316900
65317636
65317828
65275455
65274188
65271020
65239621
65317244
65317830
65218464
65317504
64969148
64917736
65304569
65292453
65262203
65252622
65251378
65278804
65277977
65277376
65301366
65299917
65296585
65305337
65304544
65288278
65269876
65268440
65266310
65276959
65274025
65272940
65207248
65206667
65154297
65125631
65109177
65267801
65266459
65259615
65258542
65257433
65222639
65219681
65303193
65306637
65305376
65304414
65303652
65302981
65295905
65295133
65294039
65292895
65152175
65151452
65307285
65305763
65304851
65302921
65278718
65278222
65277655
65317712
65317483
65316795
65316642
65317008
65316849
65316671
65318107
65317906
65317120
65316973
65305004
65314657
65312141
65317461
65317336
65318275
65318022
65316885
65318198
65244488
65102266
65318406
65244137
65318093
65317949
65318337
65318218
65316479
65299857
65293447
65292705
65286632
65318266
65317534
65292442
65291872
65290882
65290252
65289655
65286407
65317819
65286364
65304662
65300308
65317937
65317686
65307892
65306671
65304884
65303315
65301579
65296756
65294427
65292085
65291441
65318532
65317246
65318715
65318631
65318049
65317633
65318801
65318621
65318239
65317986
65317821
65317650
65317448
65317146
65316986
65316971
65318772
65318647
65318438
65318877
65318707
65318421
65318161
65317571
65297953
65296905
65290505
65285805
65318866
65317671
65318998
65318936
65319304
65318519
65243379
65239746
65319168
65317780
65317439
65318714
65318502
65318261
65317787
65317511
65318092
65317885
65289780
65289437
65288740
65288025
65286739
65286220
65318826
65143068
65107362
65318742
65318562
65318132
65317990
65317397
65317470
65317310
65311467
65290190
65289715
65289080
65288445
65319333
65319048
65317833
65317108
65316888
65291170
65318909
65318706
65317982
65317257
65294733
65293696
65288814
65287985
65287435
65314233
65314076
65313884
65283190
65319148
65318788
65318463
65318190
65317931
65318797
65318329
65285105
65284856
65317077
65318430
65318145
65319180
65318856
65318596
65316756
65287644
65286890
65319197
65318880
65317788
65317565
65317311
65317142
65316908
65316753
65316271
65318703
65319637
65319411
65319515
65319407
65319283
65258741
65258037
65257011
65206508
65302910
65314263
65313262
65310952
65319648
65319398
65318282
65318043
65296440
65318451
65317743
65319480
65319196
65319793
65318945
65318630
65319337
65319039
65317320
65308797
65295350
65294702
65293861
65319273
65293373
65289401
65240858
65238092
65237499
65319934
65291257
65301105
65296669
65268577
65206995
65318413
65274881
65273536
65272274
65314773
65291811
65278111
65277799
65277370
65276533
65275831
65279024
65278408
65277929
65277559
65277173
65275998
65274918
65271389
65269712
65306217
65305210
65276197
65272904
65271554
65270192
65275071
65274478
65273282
65272461
65271104
65270110
65268451
65313765
65313335
65311740
65310918
65306648
65305224
65277604
65250911
65248468
65247264
65306845
65305423
65295451
65294258
65293369
65318766
65277117
65276651
65276094
62732761
62731884
62731214
62730203
62729414
65176207
65175496
65174528
65172927
65172131
65269433
65268653
65298345
65225808
65225294
65224148
65222515
65059011
65058528
65057521
64788320
64787307
64786512
64785695
64784799
65089288
65087916
65010005
65008176
65006196
65314461
65314243
65313830
65279579
65279541
65279146
65267936
65299205
65298056
65276973
65276568
65275158
65272991
65303979
65302436
65296681
65276323
65312692
65306437
65304692
65277822
65279070
65278410
65276759
65276238
65311102
65310469
65306793
65305662
65275950
65275141
65267593
65265010
65275714
65305443
65304509
65303712
65302045
65300567
65293487
65277016
65272059
65230763
65275601
65300161
65298816
65320074
65319851
65319505
65232738
65232308
65296068
65294671
65293423
65221482
65219670
65218295
65217323
65308605
65305298
65304434
65303160
65276665
65275631
65315009
65275504
65275036
65274370
65273023
65269572
65268549
65294658
65294278
65293538
65282498
65282306
65313568
65313056
65312740
65312187
65311398
65303201
65301766
65300838
65300080
65320084
65320034
65319626
65272211
65301134
65267675
65308295
65307279
65216011
65214748
65213808
65168738
65166841
65307177
65305925
65269621
65174730
65173192
65171449
65169592
65273167
65272431
65270319
65268911
65228972
65227888
65227301
65195771
65262535
65309248
65307715
65307007
65306021
65304992
65277601
65272712
65290246
65266874
65152583
65091747
65310833
65266686
65220719
65161104
65159699
65093992
65320114
65319764
65308307
65305769
65303969
65301259
65270144
65222236
65220904
65219820
65167812
65166397
65125930
65093391
65092235
65320080
65319550
65319200
65318895
65252251
65244515
65243803
65242871
65242231
65244997
65238921
65237518
65319673
65319471
65251999
65249888
65318157
65241251
65241438
65285227
65279281
65245447
65244343
65240528
65274026
65319988
65319389
65319138
65317945
65319076
65291099
65319775
65318821
65318526
65318712
65320207
65319631
65319353
65316951
65316726
65316534
65316328
65315971
65315708
65315273
65253735
65320255
65319856
65320175
65319756
65319640
65319492
65319254
65320309
65303792
65320322
65320103
65319883
65319669
65226384
65317130
65316987
65316802
65316677
65314557
65313943
65313152
65272548
65271259
65270305
65269226
65268285
65251190
65250295
65308478
65305411
65304340
65301692
65300328
65085792
65084821
65083364
65080937
65079748
65075591
65075070
65074449
65073583
65318999
65288010
65287351
65286376
65286128
65285869
65285606
65319911
65320206
65300870
65297830
65296144
65294934
65288039
65307564
65291843
65320125
65319348
65319188
65318977
65318702
65318429
65318060
65282827
65285915
65285445
65312122
65311346
65310835
65310213
65309322
65307316
65305981
65304439
65303395
65211554
65207691
65206410
65307270
65273991
65297286
65296045
65319752
65319045
65318753
65318521
65318199
65317844
65316197
65316026
65304556
65299386
65248905
65246397
65245394
65229400
65227610
65226708
65225054
65299938
65299542
65290207
65267296
65265740
65276455
65261960
65260614
65278152
65256852
65253257
65240392
65231022
65230055
65229365
65223720
65266298
65257922
65279402
65278997
65278171
65220018
65215840
65176268
65213205
65209150
65202557
65195074
65192418
65188041
65198861
65197137
65317751
65191967
65303748
65300994
65302583
65300101
65298692
65297553
65295232
65295691
65291565
65293187
65263860
65304630
65300827
65298401
65296894
65245067
65233451
65189906
64149813
65287923
65287387
65286821
65286365
65249570
65248800
65247641
65246947
65296868
65288425
65287409
65320327
65320213
65302120
65300682
65300149
65201247
65199633
65154293
65303569
65301985
65300440
65298737
64616717
65306003
65304585
65303342
65302170
65303992
65302224
65300550
65299505
65297897
65296575
65296087
65295111
65294149
65293347
65292144
65319642
65311163
65310210
65307835
65306539
65293244
65292492
65291816
65307212
65306546
65305547
65303956
65314109
65312394
65300209
65296151
65295563
65294374
65292802
65291048
65309658
65307455
65313173
65268313
65265224
65263887
65314092
65313858
65305621
65303998
65303002
65302054
65299065
65297347
65294255
65292689
65275496
65274894
65274421
65263174
65313058
65312624
65312063
65311612
65310823
65310524
65309427
65308573
65307887
65205204
65320673
65320462
65319382
65319069
65256239
65224428
65222879
65210666
65310612
65305871
65305097
65320582
65320288
65304157
65310758
65310200
65309127
65308574
65306767
65309667
65313450
65313270
65306228
65304795
65232903
65232646
65299923
65298432
65297019
65296491
65060497
65025386
65025230
65024828
65024522
65314894
65314604
65314046
65245367
65243184
65241957
65240545
65239737
65061248
65037951
65036956
65036337
65035922
65168345
65166643
65164269
65161094
65314648
65314264
65313795
65295000
65311373
65162539
65160522
65320941
65320727
65316341
65315589
65315402
65315183
65314856
65314472
65309206
65308707
65307967
65244400
65302268
65300617
65298265
65297453
65228544
65227962
65227045
65225801
65315610
65248746
65247842
65231597
65231008
65230451
65314165
65179294
65312118
65311397
65232679
65279439
65232294
65097779
65097556
65096946
65096146
65292210
65197539
65196728
65196155
65211727
65209966
65209021
65207374
65205748
65311631
65315229
65320286
65315510
65315294
65315050
65287475
65321005
65320607
65320236
65319798
65319449
65319171
65318758
65289032
65320898
65320685
65319949
65318599
65318348
65292889
65287330
65194549
65260476
65259808
65258841
65304197
65306526
65303273
65301769
65298066
65305873
65304464
65301905
65306002
65304927
65310616
65309902
65308683
65244238
65243557
65242992
65242432
65241983
65241449
65300523
65299079
64968029
64966300
64958741
64956981
64827351
65133034
65132374
65097400
64382746
65313935
65313100
65253496
65252978
65251124
65250570
65248452
65252475
65251069
65199166
65198576
65197581
65314475
65314210
65313740
65313309
65312739
65312503
65312009
65311411
65311094
65310460
65249500
65294975
65294298
65302860
65259731
65258228
65256922
65253632
65185826
65185287
65227004
65264444
65262917
65261608
65265302
65304665
65289237
65263650
65262410
65310264
65309673
65308929
65307505
65306396
65305624
65304626
65303530
65302023
65247967
65315072
65314726
65313210
65312947
65312630
65246927
65245103
65213717
65212154
65210902
65195634
65194690
65320494
65320137
65304008
65274181
65235590
65235096
65234823
65314867
65314737
65314362
65314110
65280589
65313929
65313759
65276227
65275326
65274735
65274108
65309172
65308058
65302778
65301144
65299820
65297081
65312734
65312381
65311911
65310940
65308500
65307027
65300695
65294852
65293971
65293574
65292836
65292163
65268368
65267147
65264587
65195316
65194458
65193427
65163301
65161843
65160018
65305536
65303716
65301940
65301037
65299319
65298587
65264062
65263013
65261416
65259650
65298825
65296808
65295991
65308543
65306933
65272770
65271498
65247332
65242643
65273061
65272052
64325934
64324266
65257881
65255774
65254652
65253566
65309243
65307841
65306597
65304957
65304128
65303154
65302105
65304575
65303089
65302222
65300226
65299329
65265737
65263591
65257643
65256863
65301300
65298423
65292617
64225139
64224056
65128020
65091280
65089565
65089010
65320705
65317599
65305283
65302321
65300624
65299611
65298098
65296616
65270881
65269611
65268366
65267224
65264733
65269608
65267890
65118650
65117802
65309506
65295271
65310682
65309783
65218524
65216765
65033889
65202968
65311665
65308362
65301060
65300082
65296340
65295225
65294717
65293110
65273213
65224320
65197377
65300058
65195190
65272881
65270080
65268327
65208208
65207105
65301771
65262058
64953533
65285198
65284971
65284337
65278055
65276723
65276170
65273506
65272654
65301643
65300302
65321926
65321385
65269473
65307024
65303463
65299578
65286727
65286276
65269666
65268299
65267326
65265906
65124794
65123412
65122727
65121877
65120510
65317280
65290960
65290481
65289945
65289224
65288877
65288536
65202155
65201542
65201018
65200638
65312987
65312353
65301424
65299332
65298742
65297417
65294015
65294669
65294194
65274496
65273413
65317490
65226889
65284709
65284499
65284364
65284192
65274384
65272463
65271349
65269522
65268301
65263166
65260796
65258778
65257512
65303055
65301575
64967501
64965734
65314138
65308157
65303785
65305519
65304060
65303142
65301563
65300541
65299406
65298057
65297394
65296481
65295864
65305257
65304596
65241355
65240779
65240516
65213170
65212491
65183934
65310461
65309425
65308049
65306977
65305585
65304215
65302707
65174035
65173083
65172353
65171324
65170062
65290728
65226103
65221874
65277763
65277142
65276569
65276174
65275280
65274359
65304705
65301765
65300558
65299093
65297983
65296514
65213273
65211402
65209307
65208256
65201665
65200454
65199605
65199156
65198491
65197409
65302960
65301949
65251246
65250007
65247736
65247037
65245969
65245542
65213239
65321727
65321265
65320774
65314029
65313760
65313501
65313194
65258496
65257447
65257014
65252447
65251389
65301688
65299854
65218541
65167597
65165455
65264044
65169107
65167624
65165633
65129480
65325237
65324490
65344497
65343537
65342989
65341954
65340471
65338719
65338078
65343880
65343211
65342052
65341388
65340556
65339987
65338912
65328199
65327627
65339421
65337879
65336091
65335424
65333729
65332149
65328865
65327846
65327104
65326316
65347874
65346936
65343877
65342603
65341630
65339863
65338502
65337336
65335609
65334100
65344877
65343167
65342359
65337575
65327287
65326908
65325730
65325369
65349206
65348939
65348619
65348324
65347965
65347556
65332367
65331117
65330658
65330005
65327556
65326994
65326086
65325507
65325021
65324744
65323960
65323404
65340700
65346868
65349526
65349159
65348699
65348366
65347987
65347305
65346777
65346198
65345242
65344126
65325421
65321319
65344433
65327966
65327189
65326753
65326058
65332486
65342799
65336812
65334823
65336605
65334390
65332825
65331535
65328963
65328181
65326027
65322315
65321819
65321257
65320734
65320358
65319906
65346007
65342631
65341306
65340005
65325722
65345879
65345056
65344327
65343314
65342571
65349630
65349231
65348965
65347731
65346465
65320621
65320283
65346856
65323885
65321466
65319569
65343705
65340888
65331579
65349727
65347590
65345036
65322390
65322058
65320833
65320448
65320025
65345454
65336357
65347179
65346290
65341391
65341234
65342399
65341190
65339879
65338572
65337759
65336611
65335943
65345597
65338931
65334605
65333316
65326614
65345412
65344732
65343940
65342909
65341560
65341013
65331960
65340197
65324981
65343356
65324130
65323653
65323053
65349885
65349708
65349295
65349070
65348661
65325156
65323459
65335870
65334162
65323243
65322766
65322314
65321990
65321441
65326530
65321146
65344999
65343727
65342693
65328426
65327700
65349380
65348045
65347655
65346633
65320883
65320529
65319825
65325652
65324023
65329334
65341350
65321398
65322976
65348796
65325842
65345855
65344577
65343531
65342700
65340564
65345601
65342191
65340999
65340347
65338869
65337992
65336430
65335828
65344054
65342857
65341638
65340006
65339304
65324606
65322564
65322151
65326883
65324934
65324281
65323562
65337097
65330222
65329523
65335386
65334133
65333020
65331611
65330809
65329751
65329261
65328614
65323151
65337049
65331766
65321795
65328124
65327448
65339851
65339050
65332192
65331468
65330358
65326211
65324425
65339572
65337993
65339353
65335211
65323340
65323058
65328673
65341848
65330895
65324540
65324079
65321548
65349271
65348955
65348497
65347931
65347341
65346719
65345992
65345511
65343578
65340295
65338647
65336986
65329361
65328459
65327488
65326841
65326495
65324845
65321660
65320965
65332577
65348304
65322741
65325338
65349456
65346095
65344828
65333885
65327295
65328296
65322767
65321984
65321733
65344191
65342559
65341419
65340960
65349997
65347370
65349849
65349546
65349292
65348926
65348626
65348292
65347817
65345104
65343873
65343157
65343312
65341982
65331979
65330661
65329646
65328769
65330083
65345987
65347092
65342414
65340420
65338558
65343254
65336478
65347545
65347311
65259527
65330500
65342545
65341743
65340354
65339392
65338280
65336928
65335779
65330893
65342178
65340026
65338126
65334946
65333511
65332333
65339715
65338536
65337838
65341121
65349774
65348919
65338123
65336727
65336005
65333374
65340630
65339016
65337770
65341995
65340449
65332413
65331647
65330437
65329810
65329119
65350040
65321119
65320686
65348519
65338623
65337647
65337101
65331729
65344781
65343195
65339217
65334137
65345843
65344946
65343707
65342475
65348268
65346964
65340436
65341125
65330329
65329272
65336922
65335164
65334475
65332947
65336028
65341485
65337054
65336520
65346695
65344940
65343767
65342917
65342789
65341544
65340029
65347170
65345124
65344234
65342682
65341671
65336312
65332636
65347821
65347301
65346475
65345041
65314295
65313443
65346522
65346083
65345170
65344411
65330290
65329669
65329307
65326949
65347235
65343008
65346128
65345445
65344515
65343389
65342726
65341827
65340578
65339155
65346123
65345670
65344664
65342819
65341942
65089962
65089300
65340493
65339618
65325705
65338074
65336398
65345849
65345373
65344491
65342895
65208955
65207385
65205766
65205067
65204103
65168791
65164051
65161300
65339600
65125797
65125040
65346489
65336552
65345827
65345217
65342456
65341041
65340211
65338124
65336537
65342429
65341122
65339239
65338031
65335887
65306649
65305139
65346586
65345189
65344039
65341763
65340419
65260220
65259188
65258164
65344116
65340149
65338243
65303954
65346414
65345201
65344644
65343995
65349223
65348957
65348632
65348189
65346828
65346020
65345468
65344388
65341212
65340416
65339623
65337662
65332704
65331506
65341480
65340041
65338287
65336691
65335702
65323359
65314381
65340120
65339308
65338083
65280306
65350061
65349900
65349614
65349430
65349216
65348711
65348184
65347548
65346930
65349059
65348719
65348344
65347768
65344311
65343061
65350246
65343472
65342704
65341138
65334224
65333218
65345054
65344073
65340123
65299028
65298192
65297057
65295806
65295048
65266959
65265508
65264618
65263328
65262338
65343763
65341168
65340285
65339530
65048064
65046036
63925161
63924574
65347694
65347133
65346286
65345483
65322922
65343297
65338364
65337107
65336154
65334960
65333406
65336447
65293239
65292345
65345730
65344200
65343569
65342869
65340510
65339037
65337287
65350342
65275955
65275256
65348042
65347354
65346685
65345920
65344207
65343095
65340498
65339377
65304244
65302797
65300734
65296785
65295438
65340319
65338808
65337247
65335449
65334563
65333520
65332685
65331382
65342431
65338567
65271290
65222482
65344548
65343363
65342217
65339746
65338409
65324154
65343895
64945866
64945152
64943654
64942188
64941307
65333518
65331250
65330352
65340810
65339201
65338082
65337392
65336486
65333384
65332152
65330944
65334411
65333757
65333136
65332009
65330901
65330303
65340030
65336890
65335372
65334581
65332471
65321534
65326285
65132420
65324132
65323851
65323187
65322814
65322357
65348557
65347991
65347515
65344071
65342533
65341846
65339495
65338745
65337058
65335612
65334845
65338995
65301780
65123366
64939487
65341852
65339780
65338933
65344937
65343252
65342244
65341352
65339019
65337937
65336242
65349615
65348995
65348577
65348284
65347762
65347116
65346428
65345999
65345133
65341738
65339428
65348789
65348365
65347947
65336282
65338186
65124432
65122932
65121456
64379137
64378281
65337405
65255083
65326135
65325926
65325283
65344270
65343223
65342633
65341379
65339350
65338465
65337518
65336039
64807463
65347152
65337440
65336003
65334217
65332716
65330424
65338382
65332942
65332267
65330866
65330158
65329637
65329118
65326586
65332257
65330568
65329538
65328956
65328227
65327362
65348377
65348047
65347702
65347204
65346457
65346496
65346167
65345761
65344792
65342934
65344003
65342820
65341446
65337410
65334667
65272821
65270471
65335802
65334964
65321035
65269755
65269018
65268334
65266475
65264648
65263728
64806335
64804913
65347528
65347155
65346721
65345810
65344902
65343588
65338507
65195502
65194148
65188225
65349177
65348658
65348353
65341244
65338796
65337210
65329358
65328542
65319818
65336178
65334603
65333810
65332604
65331257
65306403
65318184
65335558
65334654
65251761
65343348
65341947
65340542
65332215
65337571
65335189
65333808
65332585
65331145
65330611
65330025
65329499
65340379
65339672
65338138
65337155
65335819
65334344
65332555
65305848
65304687
65342105
65337761
65336114
65304313
65302869
65301244
65299780
65335837
65335161
65333659
65345728
65329405
65328842
65327570
65326879
65326521
65326167
65325574
65325239
65340357
65337368
65336322
65332787
65330727
65329077
65348209
65347723
65346282
65345561
65342358
65339844
65338764
65304083
65326663
65250277
65216627
65214736
65213067
65211275
65210163
65338052
65336488
65334407
65332862
65331496
65330739
65328650
65313640
65335434
65334021
65333016
65332191
65331084
65330120
65329781
65329011
65327753
65330867
65329813
65329301
65327613
65327056
65325323
65324816
65324311
65323910
65327475
65326857
65325446
65324858
65324250
65336636
65335066
65334461
65333167
65332593
65331303
65330566
65328876
65346145
65345753
65345184
65343490
65342783
65208677
65333494
65332190
65330906
65330363
65329336
65328906
65327298
65326779
65341950
65341265
65340036
65338554
65337106
65335727
65334482
65335247
65334486
65333591
65332626
65262902
65329575
65328060
65326944
65326322
65325938
65325481
65325233
65324897
65346471
65325784
65328357
65321551
65273467
65272379
65271719
65269968
65349446
65349039
65348777
65348449
65348109
65347822
65347191
65345655
65345138
65333514
65332121
65330926
65330263
65329160
65328724
65302123
65301326
65290016
65289539
65289039
65349535
65349220
65348771
65348262
65347602
65346872
65346396
65343914
65334758
65333907
65333208
65332410
65331351
65330150
65328520
65340916
65339898
65337170
65336356
65335107
65334441
65332576
65331432
65288691
65328007
65326977
65326634
65326116
65325667
65325111
65324279
65321153
65320740
65291289
65290725
65236639
65322849
65322271
65298160
65296804
65295578
65292777
65350481
65350334
65350074
65350454
65350129
65349632
65348760
65348338
65347801
65334345
65332852
65331459
65328624
65346430
65334736
65342982
65339426
65335843
65238863
65238336
65343946
65340154
65338771
65335761
65340870
65336683
65329663
65347312
65346957
65341079
65339693
65345546
65344726
65343488
65344451
65334597
65333795
65333318
65332042
65350558
65349892
65349711
65348313
65347843
65347322
65337429
65319951
65266230
65329706
65349855
65349250
65349019
65348612
65347288
65341062
65339505
65337074
65322997
65340060
65338292
65336841
65336868
65335297
65321380
65336783
65334785
65334035
65331030
65350591
65350319
65331313
65328636
65350241
65349251
65347711
65324854
65350393
65325508
65323244
65328700
65345406
65338265
65327890
65325782
65324393
65328165
65324113
65323606
65323236
65345290
65343827
65343067
65342393
65340745
65337911
65319731
65319445
65343907
65342684
65339337
65349811
65349640
65349315
65348897
65348575
65348008
65347474
65345975
65350190
65319594
65349500
65346661
65350727
65350529
65350654
65341282
65350717
65350578
65350238
65350094
65349909
65338929
65338510
65325290
65338913
65337466
65336088
65333646
65327705
65327009
65334787
65318551
65344888
65342130
65327023
65325618
65337113
65325126
65324692
65328843
65326723
65326003
65324938
65293912
65293308
65292092
65324468
65324070
65339632
65337837
65342317
65340845
65336549
65341545
65320695
65345449
65345066
65344425
65342964
65342225
65340860
65339923
65338810
65337061
65323622
65345030
65344254
65342064
65340719
65339235
65337752
65336373
65335241
65333632
65342233
65340138
65338033
65336476
65335035
65333898
65327632
65326792
65198507
64784452
63870038
63823101
63822482
65332907
65331989
65330776
65329711
65329262
65328438
65328393
65327794
65326301
65325875
65322601
65332448
65331592
65329146
65327831
65340717
65330927
65326381
65325240
65324801
65324382
65349743
65349391
65348994
65348698
65348251
65347713
65347349
65346785
65346053
65344686
65350014
65349423
65349185
65348794
65348428
65347962
65328563
65327960
65326529
65324390
65323914
65323407
65322957
65321985
65321774
65329436
65328615
65328025
65335518
65334745
65325814
65325075
65288076
65286782
65336565
65334628
65332829
65332057
65348509
65348208
65346398
65344056
65343121
65345712
65344984
65343815
65342692
65341851
65340733
65339423
65337811
65334838
65349284
65348861
65348642
65347218
65342815
65341757
65340803
65339352
65326154
65325752
65318738
65318592
65318290
65289934
65289542
65288968
65332185
65329424
65328932
65328087
65327752
65325538
65343479
65341615
65327562
65306197
65270314
65338145
65336602
65336093
65335073
65340875
65339372
65326103
65256479
65338184
65334639
65333798
65332511
65341467
65340444
65339431
65337749
65335411
65334244
65331473
65326419
64680967
64584081
64582579
64580854
64556064
65330228
65329410
65328671
65327265
65325912
65338513
65336814
65335831
65334174
65332135
65331395
65327228
65325148
65297517
65337325
65334751
65333241
65331211
65330152
65329382
65327508
65343044
65341698
65340550
65339686
65338436
65336679
65334940
65333730
65332222
65326219
65326258
65323549
65327361
65326479
65325281
65324751
65324161
65323577
65323127
65322506
65338689
65335704
65327135
65326558
65325214
65324688
65324012
65347252
65346990
65346161
65350895
65350696
65350538
65328774
65328316
65327241
65326869
65326072
65320603
65320290
65301041
65212789
65211461
65209765
65327494
65327110
65326736
65326131
65324668
65323584
65322961
65338751
65337153
65325103
65324625
65323696
65290899
65335940
65334788
65333204
65332345
65329850
65328988
65328346
65327916
65327225
65326766
65287805
65322454
65335668
65334760
65334007
65332710
65331721
65329345
65344749
65344118
65343110
65328480
65327389
65327176
65348205
65347658
65324904
65324232
65323529
65293677
65109489
65108688
65034233
65033388
64992084
64991538
65336413
65335011
65334089
65332611
65325757
65325046
65301846
65300764
65299279
65334108
65332600
65331895
65330402
65327942
65327159
65326554
65326096
65324072
65320586
65287259
65286660
65325766
65324656
65324199
65323991
65323420
65322977
65322289
65321988
65339991
65338252
65336920
65334267
65333334
65332085
65330822
65327103
65323749
65323345
65258729
65257421
65256449
65346763
65346044
65343638
65333346
65332327
65331596
65330399
65333553
65332268
65344197
65343064
65328443
65324905
65326025
65302509
65301135
65334555
65333767
65333060
65331548
65324967
65324515
65327340
65326478
65325672
65324706
65323945
65334526
65333456
65331512
65346844
65346482
65346090
65345501
65343817
65341572
65340241
65338903
65337263
65338166
65336951
65335012
65331155
65329543
65328705
65328365
65350303
65350026
65349447
65342957
65340263
65347913
65346942
65175589
65344158
65349553
65348692
65348278
64860728
65245996
65244698
64989520
64952410
65343878
65340954
65339608
65337400
65336294
65351026
65350849
65350733
65350610
65306816
65305641
65347674
65347623
65347006
65346313
65345733
65345244
65346253
65345487
65339609
65343404
65342021
65341140
63474424
65346437
65345978
65344253
65233934
65328977
65328321
65293786
65292857
65348592
65348103
65299022
65349192
65346984
65346265
65345562
65344987
65343839
65349579
65349254
65348476
65348085
65347421
65346776
65341516
65292051
65291598
65077402
65345900
65308460
65275543
65315803
65315547
65315122
65314790
65350225
65349896
65349611
65349042
65319288
65349342
65349099
65347262
65346625
65337748
65349081
65348823
65347120
65345330
65349471
65349311
65347861
65350695
65350422
65350237
65348133
65347849
65347509
65341727
65339521
65338014
65342771
65341346
65350054
65349864
65349014
65348621
65341036
65339909
65347441
65346979
65346043
65343324
65342160
65340785
65347880
65345142
65341034
65339575
65338060
65306740
65350668
65349496
65349152
65348850
65348660
65346375
65345528
65344632
65343663
65346595
65315601
65314819
65314439
65347326
65345931
65344875
65343661
65332466
65331326
65318915
65318540
65326786
65326398
65329156
65328499
65327843
65327427
65302580
65301540
65300685
65308642
65307294
65348989
65330681
65333997
65332649
65347082
65345795
65345361
65348241
65339442
65346322
65345807
65344840
65342255
65342080
65350981
65350720
65350589
65349763
65345918
65345177
65343574
65343069
65341751
65264984
65343549
65346543
65345309
65343602
65342757
65341646
65350883
65350735
65347062
65336351
65333761
65280990
65280863
65339085
65347225
65346245
65308051
65306061
65304703
65303639
64968549
64895576
65347176
65350203
65350609
65350379
65349977
65348384
65344570
65343658
65341887
65341007
65335439
65333191
65322921
65322518
65321924
65325368
65346734
65334516
65333893
65332903
65347661
65347013
65346612
65348920
65347389
64938073
64936784
65338518
65265236
65263389
65336757
65333934
65332774
65338550
65337427
65336747
65331944
65330970
65330031
65278764
65277663
65333630
65328389
65322794
65322329
65321869
65326256
65325754
65325058
65333644
65323288
65348479
65341904
65345233
65343365
65342490
65338335
65342000
65340356
65339475
65338951
65337955
65337240
65336112
65331883
65342078
65341644
65339035
65337220
65335862
65330742
65323471
65322263
65322266
65330000
65327991
65327152
65326341
65346156
65345589
65344591
65342038
65341172
65325864
65340176
65334452
65326449
65351222
65351092
65350974
65350794
65350180
65326394
65325717
65325167
65329833
65328820
65328282
65327839
65327161
65326305
65325956
65325389
65326648
65325931
65330049
65348679
65348221
65329592
65329044
65328229
65327784
65327477
65326922
65351175
65350973
65340867
65338134
65337415
65336223
65340385
65338557
65337683
65336131
65334944
65326443
65337640
65332566
65343409
65341670
65345702
65345255
65344351
65343123
65341792
65340169
65339261
65338228
65200831
65347652
65347240
65345010
65341428
65340585
65342971
65342128
65339813
65348280
65347901
65347434
65339232
65337975
65331940
65311954
65311516
65310619
65309652
65308834
65340509
65338670
65344273
65308527
65307144
65327819
65322410
65349799
65348993
65348325
65347798
65340855
65303650
65351306
65351050
65350857
65332358
65351357
65351237
65350774
65346073
65307332
65351238
65351124
65350935
65350682
65350392
65348335
65311232
65347145
65344390
65343150
65338781
65331981
65330557
65321275
65291416
65280100
65326234
65325611
65324936
65324165
65323898
65323330
65341662
65333396
65328642
65327542
65326760
65325820
65322015
65321652
65320769
65320157
65345809
65344852
65343452
65341974
65340714
65291071
65338614
65336742
65335456
65310531
65309778
65308412
65334569
65346851
65343269
65340893
65326128
65343546
65351440
65351079
65326120
65322663
65283778
65326001
65322527
65335400
65334237
65327089
65326415
65325004
65324407
65323816
65346515
65345345
65343398
65341667
65333718
65333174
65331232
65329553
65328742
65327812
65327342
65326923
65326332
65312219
65339140
65337083
65336055
65334590
65333722
65298696
65297203
65266365
65331167
65329819
65329203
65268282
65197489
65193387
65192688
65191725
64536942
64536352
65343074
65341639
65340148
65338532
65337708
65336941
65336009
65334497
65333228
65339394
65336871
65335470
65334743
65336875
65335922
65333645
65331792
65276891
65350787
65143383
65346117
65345328
65344247
65307185
65344477
65343996
65343235
65341538
65337393
65329984
65313059
65312292
65330699
65299526
65297630
65292558
65270796
65269019
65265394
65275841
65275422
65275169
65332956
65332350
65298990
65328311
65327695
65327028
65326342
65325637
65340968
65346898
65346442
65327312
65328526
65327704
65327040
65326604
65326517
65266469
65162525
65083380
65325613
65324164
65326698
65325388
65319584
65319078
65193343
65326352
65323174
65285349
65284892
65330011
65329258
65328320
65326629
65325598
65322940
65304525
65331728
65330958
65328204
65327552
65326751
65320196
65325262
65323782
65323157
65322645
65322346
65339650
65303840
65241041
65342947
65342124
65340739
65337797
65336227
65332835
65332211
65351320
65350338
65349539
65349394
65339689
65338696
65335834
65340546
65323582
65346825
65345158
65344096
65343262
65340013
65338581
65337381
65323997
65321624
65324543
65323437
65323144
65322698
65322253
65321753
65321531
65321209
65337039
65333953
65331007
65330473
65329868
65328924
65322397
65337987
65322383
65321930
65297941
65334717
65333993
65332554
65309580
65273826
65333720
65332308
65300921
65335723
65335138
65333940
65331335
65304693
65344377
65323609
65341399
65344192
65337505
65344737
65343568
65339682
65341765
65339190
65333603
65331306
65330239
65325665
65335183
65334228
65319319
65335021
65332976
65342400
65337503
65342543
65333703
65332377
65335974
65335814
65331554
65330706
65343969
65342969
65348770
65333869
65332850
65307226
65306137
65297861
65344418
65343468
65344819
65351291
65351064
65350938
65346021
65345539
65345155
65344224
65325495
65324842
65333916
65351652
65351522
65351379
65351214
65351027
65350819
65350664
65350439
65350195
65331088
65330429
65329761
65328753
65348550
65345520
65342449
65294272
65349839
65349705
65349387
65301916
65347754
65346651
65273398
65342609
65334318
65332839
65342350
65332580
65331552
65329917
65328415
65350899
65350483
65350371
65347095
65344897
65342724
65347981
65342595
65083770
65229145
65225812
65350057
65349627
65349353
65349001
65348723
65348369
65347970
65347273
65346762
65342320
65341174
65339668
65338559
65337576
65348390
65347479
65345716
65343376
65343787
65342547
65340408
65342048
65340137
65338705
65337369
65351181
65350852
65350588
65350154
65349880
65349515
65349015
65348578
65348159
65341828
65344166
65343560
65342975
65341994
65341132
65340527
65339211
65337828
65327345
65341623
65340134
65337403
65335357
65307977
65302051
65279518
65279169
65278862
65349596
65349226
65348754
65316813
65342854
65341299
65336578
65347228
65351719
65341099
65339674
65334227
65331047
65330599
65349589
65349195
65348767
65348397
65348217
65345114
65344227
65342360
65341312
65336435
65345538
65340735
65339142
65344814
65341535
65351629
65343950
65342323
65341737
65299431
65274420
65341843
65340028
65338688
65337128
65335468
65310959
65310320
65309073
65307993
65346103
65345164
65321113
65320724
65333724
65195836
65195224
65348981
65340239
65310408
65311638
65269738
65267899
65349116
65348846
65347748
65347083
65346568
65342396
65341262
65336873
65334813
65340921
65338175
65050056
65048533
65046542
64680347
64429890
64429388
65344788
65341878
65327426
65344526
65343660
65341022
65334731
65333922
65332494
65345653
65344535
65345196
65343205
65341924
65339006
65337720
65351756
65351639
65351435
65344216
65343420
65335743
65334811
65333839
65332936
65345529
65339998
65335077
65334342
65348932
65347889
65327702
65350850
65350397
65350107
65349937
65349281
65348886
65348520
65347803
65347402
65346736
65346176
65345607
65345109
65341780
65341696
65338629
65258739
65322465
65322189
65321598
65278150
65277220
65310518
65305684
65292549
65209314
65206090
65203583
65351665
65351611
65351708
65351547
65350469
65349309
65330988
65326946
65348793
65351488
65325655
65325077
65324474
65351760
65339607
65337075
65335633
65267617
65266697
65265101
65302392
65323532
65323016
65322452
65335920
65306513
65325311
65324728
65323258
65322909
65322000
65321269
65339928
65285426
65285038
65271900
65349795
65349339
65334032
65351223
65350969
65350844
65350473
65351635
65351441
65350410
65349993
65334088
65332002
65331049
65341056
65345375
65344942
65343722
65342643
65341804
65340521
65318837
65327982
65327177
65326813
65172301
65170566
65169482
65167457
65165451
65164033
64698689
64698125
65332513
65331342
65330170
65329686
65301251
65300307
65299609
65297448
65174882
65174499
65173633
62052874
62052115
65343586
65293320
65292585
65292179
65324722
64657120
64655920
64373388
64372489
65331881
65330297
65329791
65323860
65323499
65325664
65324983
65324605
65324296
65323858
65323415
65345892
65345443
65340071
65339145
65337721
65291103
65186570
65053476
65351855
65328690
65331140
65330112
65350773
65350356
65350144
65323890
65323392
65351642
65351575
65351454
65351321
65351118
65350882
65350487
65349942
65330361
65328830
65348195
65347936
65347279
65345953
65346945
65345911
65349983
65348005
65347492
65351717
65351615
65351501
65351356
65346830
65012309
65349146
65326326
65326029
65325249
65291645
65272633
65342844
65342115
65336288
65334983
65330244
65348029
65346968
65251446
65249646
65244544
65228189
65346200
65327507
65347174
65346643
65345455
65343747
65342473
65350918
65350626
65350231
65349996
65349758
65348554
65346805
65346367
65333387
65331889
65330692
65327699
65326672
65348076
65346312
65345055
65343017
65309636
65308749
65307920
65349584
65343704
65347023
65279958
65278972
65347096
63301349
65309018
65334805
65333587
65335242
65334440
65332049
65351935
65351539
65350878
65324104
65323676
65323069
65322180
65321822
65321162
65347064
65346325
65337078
65323823
65347900
65345836
65341548
65329961
65291871
65241969
65241187
65337130
65333764
65325051
65324391
65323703
65323384
65331096
65329896
65329339
65347499
65346815
65345961
65344316
65343330
65342087
65341236
65340320
65339024
65339634
65338413
65336707
65335110
65333752
65332958
65332187
65341955
65339615
65338466
65337419
65335855
65338972
65351977
65344885
65339150
65349649
65345270
65339593
65343920
65343182
65341891
65340837
65339958
65326705
65193245
65192527
65163322
65342035
65348552
65348084
65347813
65347541
65347140
65346657
65346132
65345229
65344601
65343892
65344602
65342773
65340061
65338683
65343183
65342120
65339191
65338759
65330277
65329227
65348739
65348423
65347919
65347337
65346582
65328841
65343691
65339806
65345017
65342406
65320386
65320185
65319770
65339990
65337929
65307079
65335846
65333822
65332145
65339839
65338489
65337311
65334580
65332963
65347306
65346438
65345108
65344286
65342241
65340359
65339454
65340109
65337281
65334499
65332463
65337971
65337094
65336198
65327993
65339854
65338251
65334989
65324693
65323639
65323304
65328732
65328013
65343139
65332319
65330295
65329786
65329056
65327921
65335975
65334346
65331414
65320666
65320366
65348342
65351789
65351431
65351275
65335907
65326160
65325456
65288631
65339275
65337563
65336313
65253901
65253133
65251865
65250733
65092399
65090568
65200760
65200392
65199689
65199016
65338415
65337081
65339665
65306639
65304549
65345720
65344669
65351706
65344962
65335784
65309199
65308013
65305428
65348801
65330318
65329609
65328461
65329651
65327983
65327470
65326846
65333999
65332905
65331492
65330773
65330085
65304081
65333733
65346197
65343851
65350161
65349914
65327678
65326178
65325577
65333813
65328288
65326993
65344806
65343680
65343057
65337385
65335966
65352082
65351908
65352233
65351863
65352328
65352406
65352523
65352413
65348010
65347625
65341220
65340437
65338985
65335786
65294445
65339272
65330819
65293876
65291847
65228147
65352530
65352282
65352044
65330520
65328405
65133830
65302706
65256116
65255297
65295582
65349930
65349665
65349530
65339420
65338324
65340307
65339509
65338438
65337462
65335812
65334849
65333619
65331911
65352670
65352583
65352224
65352618
65351680
65352468
65254162
65209811
65208423
65351404
65353091
65352867
65352114
65353071
65244297
65243114
65015755
65336857
65352150
65352961
65352784
65353154
65352856
65352596
65352411
65352127
65351082
65352337
65352010
65340074
65338633
65334352
65305394
65303962
65275775
65351919
65352728
65352112
65351906
65330401
65329460
65350430
65350279
65331590
65351152
65349175
65350357
65330442
65344777
65343649
65315728
65315335
65230873
65216817
65348672
65333073
65351534
65351338
65350647
65307175
65305640
65303985
65280461
65350248
65349693
65349274
65350959
65343002
65341610
65340303
65349560
65349142
65351829
65348345
65348079
65353444
65352863
65353299
65352999
65352770
65353320
65353501
65353183
65351821
65353526
65353050
65328739
65353241
65353385
65321701
65353406
65341057
65338258
65337132
65341193
65339853
65338386
65266737
65333297
65331380
65240620
64583015
64582135
64581498
64575370
65353438
65353230
65352929
65352708
65331122
65347466
65346956
65345093
65341155
65339742
65322630
65322198
65321801
65321368
65349541
65349115
65348682
65341000
65340969
65339335
65338153
65332909
65327408
65326812
65326060
65325479
65321998
65321595
65321177
65322296
65321943
65321562
65321318
65321108
65320237
65319889
65353484
65353175
65327061
65326467
65326074
65325532
65324592
65323996
65323649
65252735
65290775
65331617
65339444
65338231
65289553
65288993
65288588
65329617
65328721
65261942
65260821
65259059
65327282
65326400
65325755
65325012
65324777
65324101
65323778
65310873
65328660
65349950
65349637
65324547
65349428
65349056
65278472
65315553
65315347
65314130
65313808
65352755
65322510
65257155
65255985
65276145
65351326
65351126
65350666
65316149
65315650
65351851
65278569
65278175
65323637
65341001
65336635
65343340
65346194
65328427
65327658
65341532
65338197
65336976
65335441
65330683
65331546
65330395
65338901
65337559
65334890
65322112
65353325
65344142
65341558
65340767
65335203
65302464
65301545
65196997
65322129
65321878
65321259
65320932
65288502
65288247
65287677
65287356
65326117
65328893
65353935
65353735
65352463
65352267
65354251
65353720
65354122
65353780
65353220
65352974
65346562
65344475
65343457
65342051
65341047
65340540
65339118
65336213
65334797
65331635
65352104
65352021
65349480
65348891
65348118
65339387
65338221
65336472
65335186
65333918
65331691
65350039
65349819
65279152
65278601
65327383
65326714
65326429
65325703
65312043
65347592
65344721
65343804
65327634
65291922
65291127
65353754
65324755
65289791
65289305
65288664
65288351
65287729
65330685
65119821
65082383
65073348
65320749
65323405
65322451
65322171
65321779
65321333
65320842
65320378
65319957
65248896
65326049
65326024
65325382
65325145
65324484
65312473
65310291
65200643
65354469
65353823
65353593
65329526
65354573
65354444
65354031
65353515
65353895
65354181
65353966
65354374
65354105
65322281
65321910
65320051
65347950
65347304
65346796
65346267
65345812
65344790
65344272
65343145
65342657
65336600
65321620
65351490
65351368
65343270
65236652
65233438
65349199
65348806
65348316
65347518
65346599
65341103
65335167
65333836
65331826
65330648
65330119
65342353
65341701
65334866
65333910
65332863
65331756
65330820
65328940
65328536
65327923
65354299
65340130
65335204
65333989
65290737
65354785
65353441
65353264
65351972
65290315
65289650
65289393
65288793
65285214
65284798
65354240
65353906
65353661
65343608
65339673
65336699
65285680
65334980
65329642
65328802
65327972
65325692
65324629
65349051
65353784
65332178
65324817
65341854
65302605
65301124
65300152
65298910
65333104
65331383
65330224
65332882
65318817
65350427
65325194
65319274
65355081
65354804
65354663
65352691
65352314
65352145
65351949
65351021
65350951
65353498
65353210
65352855
65352726
65318210
65317919
65317790
65317550
65355000
65354762
65354565
65354318
65353588
65353394
65352923
65352640
65352363
65353404
65353121
65352893
65352682
64826220
64825691
64825384
64824714
64824144
65351506
65317927
65317781
65317685
65317561
65317357
65317236
65355055
65354674
65354548
65354270
65354110
65353863
65353654
65353570
65352342
65352952
65352814
65352628
65352121
65351939
65351104
65351905
65351799
65351190
65350927
65350726
65350496
65350141
65349569
65351872
65351672
65351604
65282740
65282490
65282126
65281943
65354091
65353877
65353724
65353398
65353308
65351766
65330393
65324770
65324465
65297641
65295747
65333946
65285940
65285277
65154473
65154085
65153551
65151786
65146558
65352420
65317841
65317631
65281973
65277743
65277178
65354371
65354081
65353752
65353457
65353181
65352781
65351975
65327064
65352704
65332078
65330932
65311215
65310334
65305753
65305049
65303208
65249964
65352769
65352419
65352322
65166598
65165701
65164634
65163641
65162426
65352630
65351461
65351350
65351241
65350834
65350565
65350456
65353074
65352829
65352256
65352284
65352201
65352050
65326796
65326075
65325663
65325297
65292053
65352178
65318152
65353595
65353513
65353250
65353026
65352397
65352243
65329832
65327796
65327078
65326664
65326240
65199809
65198813
65197508
65140399
65352827
65352625
65352276
65352108
65351559
65351422
65351188
65355137
65354894
65354129
65353954
65353829
65351953
65353519
65353305
65353106
65352886
65352775
65352213
65352028
65351600
65353590
65353259
65353128
65352900
65352739
65352513
65351983
65324561
65312445
65311106
65310182
65309417
65263948
65262679
65261527
65260159
65259306
65352257
65352131
65317859
65317704
65278496
65278348
65278137
65277690
65282760
65282433
65273122
65354003
65353771
65353613
65352575
65352076
65318319
65318138
65300024
65298980
65297762
65288731
65236256
65235921
65352543
65351856
65351721
65351648
65352987
65352067
65351907
65343265
65342422
65182994
64869961
64628362
64222208
64221269
64219652
63859768
65354747
65354455
65320735
65283312
65283021
65351727
65316861
65284941
65284736
65284574
65284011
65283777
65355082
65354945
65354415
65354199
65353882
65353695
65337560
65336208
65334932
65334058
65332724
65331486
65330515
65328965
65084967
65044482
65043030
64968432
64967179
64919736
64918662
65313415
65313016
65312255
65312072
65231372
65206462
65183143
65320681
65320338
65333133
65332296
65354870
65354655
65352056
65351915
65317750
65180905
65180489
65352332
65337251
65335899
65334952
65333252
65332419
65331128
65287713
65345698
65349088
65348104
65299066
65297600
65286396
65350453
65329582
65329223
65328107
65327123
65326553
65325968
65297955
65297405
65296474
65345629
65344494
65343615
65326171
65301194
65293411
65353331
65353038
65352683
65352529
65352288
65352225
65352052
65351887
65328260
65347452
65346885
65346383
65345871
65345271
65344297
65343143
65341868
65340386
65338842
65299836
65292013
65350059
65348909
65341039
65339781
65355671
65333370
65346880
65345074
65336939
65335782
65321766
65321329
65353653
65348410
65340841
65346887
65346054
65345433
65345151
65344281
65342681
65325132
65322095
65321205
65320687
65331763
65330767
65303028
65302001
65300331
65342690
65142009
65328970
65328691
65293516
65287637
65287076
65286585
65333108
65344074
65342927
65330525
65336139
65334636
65344480
65329535
65323087
65239164
65339727
65338331
65347759
65346671
65338494
65326715
65331248
65330071
65355740
65338187
65333288
65347049
65327308
65325349
65324928
65324248
65354302
65291037
65290142
65340088
65286508
65355525
65355288
65303066
65329115
65328567
65294078
65352993
65322897
65353980
65340647
65330476
65329473
65328556
65327644
65326895
65347571
65346954
65341761
65340948
65349401
65349008
65348725
65348433
65348111
65347517
65347065
65345757
65348124
65347743
65346547
65345662
65344831
65343938
65311310
65310615
65355801
65344719
65343730
65341880
65340452
65335681
65348391
65317474
65317231
65317010
65316782
65297577
65295624
65294766
65291842
65292987
65291159
65348358
65347443
65345347
65344760
65347537
65346799
65346070
65345181
65344159
65343494
65341980
65341088
65340329
65290520
65290159
65351944
65347922
65354392
65312106
65305236
65356037
65355517
64687111
65073344
65355848
65231893
65339331
65338267
65336609
65335041
65333352
65331983
65330716
65329701
65299327
65340881
65339397
65338114
65332522
65356366
65355892
65355122
65342526
65330317
65329316
65326248
65325848
65342180
65341366
65307821
65304883
65301378
65300053
65298690
65329083
65305328
65303733
65298027
65113611
65338552
65336196
65335285
65261881
65260115
65259213
65205469
65202929
65201984
65329365
65302763
65301839
65358825
65358146
65357754
65371665
65370016
65383812
65383535
65383344
65382869
65382506
65383158
65374791
65372855
65363389
65362561
65362986
65383338
65383059
65382785
65382335
65381933
65381305
65380481
65379451
65361904
65374847
65373742
65367643
65367059
65381011
65380183
65379731
65379047
65377927
65376878
65375582
65374173
65361761
65361346
65383750
65382616
65382215
65381544
65381190
65379533
65378728
65380783
65380313
65379254
65378588
65377419
65375995
65362809
65362033
65361253
65360633
65359996
65359435
65358444
65357840
65357501
65357216
65375302
65373441
65368251
65363142
65358730
65357655
65362563
65369750
65369213
65366877
65365260
65364348
65363546
65358350
65382319
65378833
65373200
65362412
65362138
65361604
65360937
65360254
65359836
65367311
65366235
65365086
65364057
65363285
65373727
65373093
65371734
65367701
65366850
65365772
65362413
65354767
65354411
65354263
65375967
65374880
65373100
65371648
65370036
65372124
65370318
65368697
65367540
65366054
65363859
65377173
65372355
65370613
65375080
65374201
65372640
65371216
65367123
65365798
65364655
65363678
65372423
65376548
65375942
65374708
65373202
65372587
65356614
65356067
65362368
65361117
65360468
65359735
65381279
65380944
65364205
65362081
65361409
65360962
65360186
65359768
65359129
65358684
65377043
65375483
65373994
65372970
65371389
65370480
65369443
65368135
65366802
65366109
65376427
65356705
65354640
65357244
65356210
65355981
65354782
65377783
65370803
65376160
65367760
65366465
65365515
65361506
65360990
65364495
65360160
65359707
65358919
65375792
65374442
65370065
65360130
65357006
65380538
65353662
65371328
65369459
65356491
65354936
65370127
65357182
65356568
65356118
65355746
65355271
65370800
65369528
65367910
65371013
65359860
65381408
65376662
65378146
65377139
65375385
65374580
65357121
65382762
65382045
65381641
65376123
65375313
65384001
65383608
65379863
65359147
65358494
65383907
65383449
65381770
65380006
65384098
65356302
65355507
65355032
65376255
65373693
65355810
65357516
65376735
65373859
65372245
65354362
65354089
65353659
65353418
65357432
65356971
65356676
65356224
65355875
65355580
65354992
65383819
65360739
65378342
65359470
65366651
65361083
65359641
65377388
65357985
65348409
65360706
65360257
65358279
65357656
65357074
65356437
65356106
65370339
65369521
65368581
65359362
65357952
65357431
65356285
65371885
65361430
65361494
65360888
65359607
65359039
65357361
65361732
65321843
65381308
65380899
65373471
65372430
65371541
65357843
65366487
65365920
65365271
65364233
65363101
65362151
65356873
65356347
65356150
65356812
65383390
65383153
65382422
65371587
65369712
65368389
65367137
65365882
65365010
65360435
65359916
65383269
65382801
65382297
65380784
65379792
65378711
65358961
65358701
65376002
65375410
65374642
65372886
65372117
65370821
65368876
65367870
65366606
65365254
65369169
65364177
65362699
65381879
65380458
65379593
65377959
65376231
65377633
65367468
65365423
65365008
65382980
65383504
65383206
65382538
65381930
65381399
65380985
65380286
65379258
65358053
65384079
65383729
65382673
65381626
65380459
65379758
65358640
65356694
65356247
65355860
65355545
65349747
65358512
65357033
65356775
65355698
65355332
65354962
65368603
65358075
65358306
65374348
65383925
65379017
65355313
65350182
65372421
65357205
65377069
65375831
65374144
65368514
65367265
65366303
65365617
65335382
65332627
65374883
65373272
65371908
65369376
65368175
65364740
65361859
65370764
65369930
65367683
65370159
65369924
65365986
65381073
65380319
65379650
65375905
65375270
65381514
65377806
65384231
65372711
65379173
65378229
65368348
65366952
65366020
65375480
65374438
65382012
65378220
65376777
65376137
65374588
65373889
65372191
65362953
65362218
65361543
65382228
65371757
65370705
65360949
65360392
65359763
65359515
65359011
65358404
65357855
65357122
65356678
65381221
65359040
65358356
65357908
65357381
65355968
65360657
65360020
65359388
65358739
65358479
65357893
65357460
65382251
65381525
65381082
65362223
65361643
65361037
65360455
65359133
65358678
65357378
65356880
65382670
65382166
65381683
65381157
65380332
65380766
65380354
65379482
65378340
65377751
65366821
65365905
65383809
65382223
65381459
65381103
65379870
65378921
65354133
65353950
65353630
65383642
65383364
65382921
65382377
65382023
65381393
65380754
65380224
65366374
65365762
65365172
65364679
65364169
65362892
65362506
65361302
65365088
65362686
65367159
65353873
65382942
65379633
65383318
65382898
65382367
65384389
65384274
65381658
65380876
65380015
65383115
65380953
65380054
65384316
65384380
65383065
65172238
65384146
65373874
65372902
65371279
65373564
65364881
65363458
65368128
65365641
65382130
65361475
65360425
65359231
65358475
65340297
65095698
65379285
65378589
65376074
65375322
65381802
65371467
65356554
65355427
65354924
65381709
65379168
65379476
65378477
65378241
65371635
65370548
65384427
65384137
65383855
65383551
65383306
65376723
65373525
65372639
65371706
65370533
65369243
65368018
65384009
65376538
65362886
65381564
65381100
65366077
65384580
65384465
65384140
65364545
65363797
65374951
65373574
65372447
65370603
65369652
65372050
65371390
65363614
65361191
65381309
65380375
65379385
65378563
65377741
65376581
65375876
65375108
65362976
65251189
65247751
65363605
65363144
65361811
65360760
65364327
65363315
65369198
65359673
65359114
65358632
65357714
65377435
65376834
65373062
65371305
65369399
65368161
65363995
65339622
65370782
65369270
65367820
65367019
65365725
65364821
65364109
65363209
65362451
65362161
65284825
65380857
65380373
65379462
65378313
65377475
65376575
65375643
65374709
65323360
65381825
65372007
65334128
65350106
65349842
65349232
65328894
65384502
65383854
65383577
65383741
65382557
65363273
65349467
65384337
65383933
65383556
65382596
65382121
65381495
65383786
65382824
65382127
65381849
65381205
65384476
65344895
65344221
65384248
65384027
65383861
65383674
65383100
65382765
65382204
65381878
65378514
65384006
65383779
65382902
65382465
65381847
65381526
65337957
65382529
65382075
65381714
65381039
65379938
65378950
65378237
65380011
65379382
65296198
65294954
65293932
65117988
65384202
65377708
65376715
65375276
65366272
65382686
65381913
65381282
65380824
65378966
65377815
65376678
65383451
65382674
65382350
65381863
65381376
65380795
65379286
65378108
65380886
65380115
65379185
65350351
65382617
65380043
65379648
65378640
65374761
65373144
65371609
65344615
65377645
65376367
65375033
65381510
65380546
65380076
65376150
65348622
65017366
65016646
65016062
65381418
65380184
65379794
65350123
65118077
65116627
65340549
65291695
65290370
65289170
65383468
65383266
65382993
65383621
65382270
65380655
65383501
65381250
65379352
65377534
65384667
65383614
65381646
65346560
65342990
65381486
65375394
65373986
65373155
65371863
65370694
65379541
65379008
65378269
65377474
65384678
65384482
65383747
65383461
65380837
65380147
65379199
65364555
65364004
65363296
65377062
65350778
65381733
65381122
65380170
65379817
65379775
65379086
65381164
65380464
65379850
65381751
65380401
65258515
65381462
65380714
65380010
65379313
65378751
65378042
65377262
65376602
65382057
65381685
65381123
65380427
65379642
65379002
65378396
65377498
65376362
65383221
65377625
65376400
65375253
65374504
65372988
65376187
65157078
65156415
65127767
65127138
65124900
65381362
65380960
65380168
65379391
65378365
65377238
65376412
65375624
65375066
65376518
65375294
65341882
65340430
65370139
65357476
65356665
65355989
65355690
65355367
65379107
65378278
65377438
65376228
65375566
65374236
65381046
65380243
65324886
65324355
65311642
65310996
65327157
65326621
65379940
65376390
65375797
65353854
65305036
65380136
65379257
65371267
65368837
65367396
65366092
65364949
65384688
65384317
65384071
65383479
65382560
65378598
65377377
65376766
65377943
65190279
65189472
65189046
65380504
65380074
65379598
65378710
65378212
65377207
65382320
65381731
65380615
65380154
65371392
65370404
65324924
65380554
65379874
65378800
65377804
65377358
65311113
65310602
65309825
65375931
65362378
65361146
65369203
65368314
65367152
65215261
65342923
65341263
65332646
65311362
65362309
65361613
65383633
65382018
65384624
65384501
65328448
65327036
65375191
65374207
65371428
65380971
65380588
65380187
65379980
65384725
65371157
65370504
65365738
65364857
65364333
65363725
65363292
65362603
65361994
65384722
65384020
65383610
65383357
65382853
65382354
65381478
65380768
65380260
65379919
65374717
65344678
65343754
65308905
65272055
65271320
65270121
65376286
65375164
65372385
65222179
65342439
65309693
65305726
65384631
65384384
65384058
65383201
65372335
65363700
65363002
65253144
65252759
65251876
65250535
65377157
65372250
65369367
65367315
65365482
65380211
65377539
65370535
65369523
65368232
65367420
65341136
65340166
65375515
65371043
65369180
65368268
65367586
65366354
65365302
65377068
65376196
65375422
65372342
65369810
65365330
65371501
65370149
65376257
65371422
65370015
65368929
65368068
65364528
65375212
65371827
65370307
65368669
65367864
65366486
65364458
65378752
65376794
65366095
65355338
65354915
65354677
65354340
65366656
65364890
65363969
65363255
65362815
65330740
65329685
65329132
65203487
65164649
65380932
65378083
65377345
65376498
65378673
65375985
65374772
65373890
65371201
65366339
65370106
65365395
65364820
65357894
65384193
65383787
65383142
65382839
65382265
65382033
65381477
65381225
65346142
65344072
65374096
65373224
65368660
65367463
65366121
65364936
65376484
65375150
65374412
65364992
65364116
65363704
65338777
65269365
65381446
65380697
65376121
65375248
65373916
65369623
65366567
65365773
65365124
65364499
65363516
65360264
65333684
65332935
65331902
65330902
65363198
64300488
64299427
65378196
65377513
65376332
65375034
65373926
65373132
65369957
65372549
65371839
65365923
65364652
65363387
65372401
65370344
65366688
65364984
65364221
65328158
65368393
65366859
65365888
65364817
65363923
65363479
65356702
65356342
65356126
65373338
65371602
65370913
65368468
65368534
65161549
65159129
65158397
65157804
65048861
65046757
65376743
65373911
65372694
65371183
65366991
65206078
65187841
65141052
65384883
65384767
65384512
65384267
65384047
65383705
65383273
65382998
65382767
65382179
65366286
65364823
65363782
65333096
65331872
65377404
65374969
65259873
65258358
65257174
65256197
65255127
65376192
65375225
65374283
65373361
65372637
65370946
65369149
65373492
65371925
65371309
65368746
65337227
65368794
65367710
65366361
65365484
65364258
65363662
65363128
65362682
65362006
65382040
65381158
65380279
65379781
65378700
65377667
65373820
65372402
65370721
65369509
65368574
65339855
65338496
65334644
65380801
65376568
65375615
65374604
65373451
65333466
65295990
65379460
65378737
65377591
65375910
65375003
65372373
65370820
65369240
65381200
65349968
65334376
65333003
65258165
65206366
65382188
65380640
65379061
65375028
65371948
65370250
65369515
65368112
65366345
65365239
65298518
65297355
65262463
65261820
65246401
65374551
65373627
65371583
65370670
65369343
65364937
65370317
65369018
65353951
65366629
65362852
65376528
65375039
65368427
65339065
65338220
65377603
65384835
65384559
65370226
65367477
65373187
65361886
65378040
65370646
65372745
65382423
65380699
65377024
65375848
65360546
65342146
65374180
65371427
65383406
65367495
65366422
65371511
65360611
65355603
65355204
65384994
65384923
65384606
65380138
65379072
65377912
65377117
65375533
65374443
65384727
65365392
65364797
65363750
65378354
65374752
65376376
65372445
65371521
65370131
65381270
65380518
65374411
65383044
65382745
65373414
65369289
65383309
65382865
65382479
65382061
65385022
65384547
65384226
65384002
65375999
65374766
65373305
65371851
65369969
65327082
65364576
65363843
65384886
65384307
65382296
65381970
65380650
65370252
65378893
65378174
65377066
65376319
65375386
65373985
65372483
65371361
65370442
65381353
65196467
65194398
65193675
65133485
65132803
65381000
65379902
65377957
65374436
65346659
65345887
65344973
65313009
65312414
65312052
65311386
65310742
65372331
65370625
65369685
65368718
65375030
65373519
65371163
65369799
65368707
65367296
65366615
65344190
65343022
65385109
65382989
65382742
65373511
65372284
65369221
65375338
65373838
65372188
65369683
65368183
65366707
65366184
65364772
65362744
65374133
65372379
65370898
65366949
65365823
65364961
65364061
65362053
65378821
65378125
65381655
65380044
65372743
65372237
65371430
65370103
65368665
65367327
65366045
65383011
65381778
65361457
65361347
65360315
65385010
65384707
65237801
65378674
65378033
65356308
65353816
65359468
65359093
65328775
65292398
65112584
65356898
65356442
65356077
65355253
65354797
65354429
65358780
65357995
65357676
65357076
65356477
65368042
65366684
65365812
65364062
65363208
65361600
65360969
65363412
65362928
65359979
65359462
65358872
65358045
65357728
65357426
65325393
65325147
65324578
65324253
65323911
65357015
65356583
65355943
65355489
65355203
65354862
65373556
65371760
65370188
65367855
65362118
65361731
65382769
65382267
65379857
65378948
65359179
65298871
65380432
65294448
65374926
65373461
65361578
65361315
65360831
65360510
65360156
65359570
65359238
65361161
65360499
65360088
65359610
65359083
65366886
65366137
65365130
65364155
65363446
65362810
65362354
65361729
65383872
65383277
65382688
65382293
65357975
65209343
65372978
65370595
65368968
65365411
65361326
65360542
65360107
65359377
65370306
65360607
65359296
65370375
65368073
65358832
65358186
65361057
65359784
65358846
65358412
65357058
65356249
65355917
65358323
65357596
65356012
65355577
65355290
65358470
65356926
65356175
65322584
65322158
65321936
65358549
65358289
65358059
65356660
65356336
65355947
65359703
65359418
65357506
65355098
65340781
65339221
65373359
65368425
65363549
65362284
65358396
65327126
65326380
65296421
65258495
65255977
65360882
65360384
65359581
65358917
65358764
65358157
65357326
65356783
65356401
65321516
65321084
65320657
65357384
65356865
65356538
65339952
65339141
65335051
65357794
65268240
65163685
65275454
65175530
65358532
65362340
65353888
65353535
65378572
65377526
65376823
65376059
65374894
65374182
65282981
65195438
65161169
65146502
65356939
65356647
65381942
65376320
65375153
65373744
65372791
65359986
65359537
65359101
65358783
65358492
65364355
65359247
65358713
65358037
65357760
65356808
65329475
65381088
65380659
65380014
65379215
65378814
65365915
65364850
65364218
65363465
65362012
65376182
65374531
65373740
65372597
65370033
65183926
65183804
65183640
65356639
65356329
65356053
65355243
65354739
65354541
62402255
62401887
65360135
65359749
65359474
65359241
65358850
65358340
65358112
65357631
65337868
65381708
65380933
65376977
65376399
65375496
65374268
65372650
65371117
65370448
65369146
65372995
65371653
65370125
65369112
65368115
65366596
65359897
65359603
65359004
65358430
65367254
65357771
65374908
65367410
65366139
65357502
65356759
65356313
65337678
65336264
65326497
65377664
65376930
65375675
65374212
65372686
65371051
65370175
65368720
65368181
65359520
65358943
65358643
65357820
65356486
65321118
65357701
65356435
65323028
65322492
65322176
65355828
65355458
65355178
65373330
65357530
65356895
65348051
65322378
65321439
65320963
65320544
65168927
65167999
65385261
65364451
65356913
65322526
65376288
65382076
65381426
65380821
65379932
65379412
65378387
65377127
65337241
65336307
65379582
65065184
65365892
65365107
65364134
65363595
65362592
65357438
65326688
65383470
65383067
65382678
65382232
65358817
65357493
65357075
65375869
65373153
65370403
65385356
65385220
65385099
65384900
65384673
65384420
65384275
65384072
65383711
65385294
65373981
65372516
65369267
65363008
65359714
65359340
65385151
65384347
65384159
65375845
65365202
65364130
65363697
65362973
65362627
65372128
65370716
65367287
65365965
65358819
65358102
65383478
65364589
65385223
65384819
65384480
65374872
65361140
65385324
65385094
65362765
65361959
65377268
65364605
65363484
65362725
65362180
65373675
65385392
65368653
65366183
65364379
65362694
65360699
65360251
65359504
65376142
65354845
65379756
65378840
65369914
65367266
65365525
65364811
65372364
65360274
65379750
65374781
65372471
65373290
65382735
65375746
65285225
65284893
65284535
65343124
65378626
65377913
65369971
65368282
65363309
65370954
65361660
65361018
65372806
65371429
65369585
65368518
65367738
65367087
65366359
65365458
65381946
65362855
65368734
65372909
65370992
65375949
65374496
65372936
65339279
65352232
65352078
65343913
65382391
65382020
65372787
65369968
65367726
65356158
65358469
65358136
65357533
65355421
65355106
65354379
65381010
65380693
65379877
65370115
65368289
65365939
65364404
65362125
65375810
64796745
65260403
65259396
65378144
65377216
65373825
65367906
65367404
65365671
65364550
65374022
65330236
65329419
64988199
64987676
64987049
64780522
65370687
65349974
65380392
65379742
65378975
65378376
65377348
65376116
65383086
65382408
65369446
65368757
65376005
65373622
65371956
65133619
65132694
65131991
65131352
65067512
65385413
65377983
65377455
65375369
65370944
65380665
65292093
65291775
65291316
65174374
65249335
65247910
65334176
65302498
65301372
65299748
65298147
65368912
65363430
65362700
65362281
65361785
65340352
65374463
65368206
65364898
65363885
65362989
65362235
65376854
65376282
65375056
65372675
65145006
65144427
65381406
65325472
65088414
65084753
65121724
65365135
65358313
65261520
65259302
65257482
65255646
65250448
65362041
65361610
65360884
65360397
65359667
65292536
65302197
65300806
65366982
65364719
65357927
65357415
65352198
65352037
65351950
65335014
65324523
65368801
65272687
65271617
65133983
65040791
65034338
65033591
65033089
65032664
65032241
65031434
65366882
65365581
65364651
65363858
65363175
65361940
65361354
65362910
65361910
65361679
65370519
65369850
65369135
65337467
65262283
65261130
65260518
65361105
65360761
65360174
65359880
65359140
65358653
65382760
65382150
65380123
65379212
65378448
65377418
65374696
65373515
65371858
65370964
65375522
65374253
65372513
65371097
65366819
65217471
65215843
65214388
65213537
65365735
65257929
65256192
65248065
65242656
65381815
65380267
65375602
65373166
65372311
65371302
65372837
65371145
65369943
65205563
65323877
65365090
65364326
65297385
65295110
65294190
65161945
65160877
65364552
65363623
65363083
65362390
65362044
65356025
65355720
65375331
65374239
65372009
65370618
65369875
65368663
65367648
65344590
65383000
65382734
65382173
65381595
65374192
65369371
65358666
65358225
65356972
65331186
65322610
65333505
65325819
65296667
65288907
65368061
65360013
65359420
65359007
65357621
65367582
65367984
65361451
65360829
65367853
65366439
65365114
65364526
65363456
65362576
65337036
65336158
65334865
65369161
65296232
65294883
65294240
65263587
65364176
65363706
65363156
65331626
65330458
65329913
65329155
65328310
65364773
65362980
65306898
65367933
65366792
65364976
65364264
65361251
65332475
65296683
65156946
65144194
65368997
65367799
65364249
65332638
65331405
65330595
65329957
65372922
65372148
65369749
65370816
65369779
65368958
65367101
65366265
65080980
65079034
62853076
62852374
62851488
61947714
65361687
65361331
65360796
65359920
65327814
65296488
65295862
65295233
65294271
65293900
65364640
65363788
65362196
65340567
65364910
65364256
65359914
65359328
65358895
65358697
65380097
65373886
65384791
65384664
65384309
65382884
65355502
65355023
65354623
65381194
65380746
65367556
65366933
65365597
65364491
65363881
65372159
65355037
65376512
65375354
65374605
65373258
65369091
65368030
65367225
65366085
65364948
65360068
65359764
65359395
65359115
65358904
65358291
65357723
65357346
65356840
65356359
65355257
65084925
64946773
64945764
64944512
64943861
64942517
65384455
65384254
65357241
65356319
65355652
65379961
65378695
65377532
65376397
65374987
65374304
65372967
65371659
65370069
65359302
65358782
65358398
65358165
65357512
65356609
65356200
65355838
65359687
65359439
65359204
65358723
65357875
65357168
65356274
64165402
64165090
64164739
64164245
64163631
62990264
65322614
65321517
65368936
65355149
65354453
65333816
65332399
65331066
65330169
65326205
65370785
65355688
65329250
65321993
65231828
65354589
65354132
65353849
65213843
65212919
65210610
65209260
65368172
65367437
65366735
65365631
65354906
65354062
65353715
65361546
65360849
65354252
65144107
65143844
65355435
65353594
65281025
65372729
65371723
65370253
65369554
65368001
65366538
65365745
65361362
65360896
65360449
65373113
65367432
65365912
65356607
65356438
65356033
65355670
65355393
65322655
65322164
65289159
65288873
65288259
65287951
65380061
65372971
65370511
65366246
65365784
65365285
65381509
65380406
65379450
65378916
65378310
65376937
65356145
65355861
65355175
65324155
65323614
64740553
64710005
64613529
64686961
64651857
65357746
64979641
64659089
64653536
64649332
64705718
64591510
64573281
64490497
64418034
64409845
64558566
64431291
64734357
64727624
64702559
64593406
65367825
65366664
65365548
65363981
65361265
65360671
65360104
65359550
65353968
65353822
65353581
65353296
65352809
65311731
65361241
65357351
65356757
65354005
65194451
65193650
65192954
65360411
65359826
65358431
65357951
65356649
65355964
65355564
65355272
65353351
65379324
65378629
65377765
65377087
65375688
65374807
65373210
65369532
65376868
65375924
65375382
65373787
65372462
65370977
65369456
65368452
65367051
65366344
65379631
65379102
65378688
65378039
65376869
65370022
65371959
65370169
65367829
65366226
65365005
65368034
65367094
65365907
65343097
65357663
65357309
65356804
65356569
65369335
65368850
65378865
65347250
65346481
65381128
65379149
65378156
65368793
65367435
65372826
65371842
65363558
65375431
65361046
65371018
65370000
65356995
65356469
65356008
65351151
65371499
65001761
65379306
65378649
65363892
65363307
65362889
65354311
65364623
65363775
65328799
65328454
65296032
65295011
65259772
65383799
65383526
65383087
65369560
65348851
65348263
65368698
65367970
65361280
65385467
65382069
65381588
65380793
65379696
65378927
65378718
65377888
65328583
65375768
65385450
65378877
65367250
65362246
65361564
65338426
65336177
65367455
65366125
65365314
65364660
65364059
65365504
65363710
65362691
65301183
65290640
65289948
65369824
65345828
65368448
65367528
65366943
65368611
65361126
65359197
65354165
65378694
65377727
65379679
65333160
65331978
65369145
65368364
65367716
65366985
65245514
65240764
65238457
65238077
65236729
65192657
65192161
65338151
65336427
65335308
65366247
65365299
65330639
65305678
65304469
65300572
65362078
65360836
65385362
65367516
65365684
65370589
65367689
65366438
65376206
65375230
65377010
65375660
65374052
65371997
65366536
65365865
65343036
65342305
65365517
65336540
65335265
65375192
65373291
65372482
65375793
65375093
65373393
65371535
65378480
65377787
65372601
65222976
64852367
65244970
65244146
65243180
65242540
65340362
65313303
65312697
65311149
65368324
65367128
65365874
65365040
65364036
65367913
65366838
65366462
65365397
65276189
65176361
65173873
65172419
65171405
65167750
65166137
65348223
65347954
65343201
65340952
65385822
65385683
65385575
65385434
65385239
65385018
65384705
65383940
65332777
65371560
65368704
65368097
65379709
65379121
65351194
65351008
65336339
65335013
65376586
65368255
65366714
65362066
65361489
65378666
65377481
65377171
65376109
65375455
65374806
65373434
65342306
65307122
65383294
65382411
65382098
65381561
65380295
65378765
65373270
65370324
65369275
65345275
65373448
65371642
65370216
65369417
65202591
65201596
65200771
65307159
65306284
65223851
64624993
64623604
64578359
64576237
64573252
65379629
65377985
65377120
65376046
65254396
65237229
65236891
65236431
65188021
65187373
65380621
65373738
65339283
65337117
65330612
65275474
65124284
65123052
65119746
65367355
65311140
65310243
65309623
65176965
65354488
65375591
65370222
65385856
65385787
65385702
65385586
65385457
65385303
65385183
65385042
65384930
65384802
65342663
65377149
65335706
65335002
65334379
65333439
65332380
65331148
65329757
65371156
65369615
65367973
65367039
65354327
65354060
65353743
65374516
65373670
65373094
65371896
65370158
65367609
65366576
65375314
65372952
65379138
65378586
65374041
65372472
65371562
65381150
65380342
65379913
65378323
65377401
65379599
65341408
65340251
64796195
64371181
64368971
64253215
64252289
65382089
65381721
65378828
65377802
65384003
65372333
65230673
65229133
65227749
65357918
64887590
64886078
64884620
64883478
64861173
65375132
65372316
65370779
65370215
65342216
65339419
65381398
65381132
65380677
65379986
65379422
65378858
65377883
65376934
65374976
65367263
65366436
65365308
65359793
65341076
65338444
65336815
65311448
65311057
65374462
65372809
65371922
65370449
65368965
65327095
65326507
65326179
65325951
65176373
65175495
65175089
65173738
65172105
64968936
64967819
64967057
65379272
65378760
65342224
65341196
65256324
65255441
65253797
65373975
65371933
65370973
65370316
65368978
65368189
65355422
65376797
65371674
65369955
65376057
65366285
65375484
64995323
64994254
64992240
65376659
65375370
65373949
65372691
65369936
65277035
65379151
65378054
65373379
65371969
65368689
65352562
65352405
65341469
65339237
65337737
65336936
65335712
65355805
65355505
65355213
65354944
65354680
65368565
65366918
65382252
65381749
65006718
65364834
65204654
65203432
65202559
65376887
65371495
65363359
65358153
65334704
65333794
65238871
65238577
65366837
65371739
65370088
65297189
65295663
65362911
63595816
63595087
62722522
62722279
62722062
62721776
65384782
65384498
65384207
65362559
65368306
65367278
65214570
65383975
65383609
65383259
65382739
65382174
65380814
65380071
65378369
65373748
65344267
65342481
65340355
65339121
65240128
65239447
65385616
65385509
65385335
65385085
65384868
65384706
65384610
65383605
65383279
65382763
65376157
65271794
65270644
65269782
65264497
65376536
65375426
65331202
65329257
65377295
65274241
65273096
65271677
64038082
64000685
63999888
63946711
63902416
63848101
65361798
65357980
65335643
65332544
65375180
65373571
65372087
65384941
65384421
65382722
65381659
65356833
65355706
65329849
65286038
65285657
65285264
65355660
65257517
65243473
65360754
65355642
65284582
65244261
65241691
65379492
65385881
65363096
65362292
65361977
65361348
65360666
65360172
65359571
65359226
65379238
65378119
65377099
65355832
65321976
65285733
65285312
65285093
65134932
65358100
65357628
65357137
65356903
65356258
65355781
65282925
65358162
65357617
65357154
65356729
65356289
65355717
65355320
65318015
65309315
65360619
65355078
65354148
65353986
65358312
65357657
65357296
65356739
65321215
65320851
65384859
65384149
65383807
65383513
65383264
65380438
65361113
65370323
65369576
65367886
65360751
65360347
65358026
65357189
65356303
65281932
65281818
65281619
65281522
65372514
65371109
65369993
65367904
65382116
65380964
65380497
65379975
65379384
65378798
65377993
65377395
65310318
65309732
65260966
65366441
65365781
65360913
65384787
65384636
65359126
65066536
65066091
65360316
65359265
65358958
65353548
65353282
65334474
65367666
65365758
65364738
65363966
65363424
65365290
65363499
65362403
65358978
65317996
65302844
65300880
65293252
65361858
65361470
65361029
65360579
65110191
65063254
65063140
65360043
65359012
65350885
65360132
65319346
65318684
65243686
65358907
65298697
65124773
65274838
65216900
65213150
65211832
65365945
65365399
65363437
65300185
65265527
65374978
65373501
65385857
65385728
65385614
65385541
65381728
65359137
65358583
65295442
65294458
65293679
65357717
65357082
65356674
65355884
65355493
65355065
65354712
65361004
65360614
65360089
65353143
65361560
65361092
65360201
65355463
65341030
65339418
65359331
65376976
65359758
65358878
65358384
65347906
65360817
65360293
65359609
65362522
65361581
65368551
65364472
65377757
65376394
65365177
65364161
65358006
65380842
65380208
65379372
65359460
65339685
65200666
65363393
65089099
65362786
65260823
64974648
64699708
64699109
64749947
64550202
64548939
64547776
64546808
64546105
65227325
65366005
65360852
65380312
65379928
65379343
65378523
65377702
65373737
65368209
65363312
65362363
65370195
65369695
65361817
65361050
65360491
65359839
65359399
65226742
65225377
65370837
65361976
65360907
65360417
65360678
65360148
65357489
65357252
65301159
65128487
65126514
65125411
64975557
65381507
65374419
65372253
65371248
65369316
65362270
65358567
65357898
65376556
65375125
65371947
65370280
65364844
65361889
65360365
65359772
65252028
65166776
65165180
65164154
65359998
65357578
65357281
65344075
65343004
65342055
65254891
65253290
65376940
65376334
65373788
65373034
65371883
65362428
65361365
65362144
65361431
65360566
65360213
65359741
65359384
65353839
65353361
65325996
65320943
65360004
65293451
65292653
65242143
65360564
65360027
65358500
65325812
65325329
65376720
65375803
65373676
65091340
65089864
65052731
65051621
65050659
65359279
65356721
65356299
65355978
65379268
65375621
65374731
65373615
65372214
65370718
65369569
65368544
65326460
65325831
65325258
65324700
65373910
65373051
65370148
65368589
64400328
64399872
64386123
65359645
65358005
65352509
65325263
65378291
65377560
65375011
65373626
65364295
65363373
65362927
65362540
65362060
65361488
65324742
65324064
65323698
65290248
65359894
65338980
65337343
65370290
65369389
65361179
65358629
65376035
65357969
65370486
65358893
65363839
65362239
65360521
65184961
65184590
64864060
64812955
65369889
65368879
65367029
65358202
65357377
65357025
65356235
65367952
65374408
65373251
65370123
65369084
65367168
65365862
65364313
65354057
65326582
65290479
65368321
65367430
65376670
65374476
65373712
65370878
65370382
65325177
65369756
65367650
65357886
65366198
65365117
65364034
65363113
65362516
65297816
65050497
65075832
65066533
65065832
65365347
65363435
65359522
65358096
65323736
65322782
65322545
65287779
65372224
65369499
65368017
65367178
65365917
65365035
65364257
65363420
65363060
65327969
65327471
65326776
65326017
65325373
65362712
65362045
65361429
65360659
65359249
65370372
65368420
65367565
65360456
65190996
65189764
65182158
65181847
65366039
65365013
65364710
65364412
65363904
65358133
65325600
65325022
65358266
65370659
65359808
65339355
65332277
65368688
65367457
65338305
65336657
65335800
65370729
65369129
65342020
65368613
65329440
65341284
65382708
65381962
65380633
65378137
65376894
65357832
65338697
65361654
65361093
65360734
65378315
65377281
65363507
65347460
65377567
65376504
65367131
65366574
65368705
65367599
65368608
65367295
65366118
65379798
65378701
65377519
65376705
65386076
65385758
65385296
65366396
65365152
65364001
65341730
65340554
65375501
65374518
65373296
65372198
65363790
65363011
65362402
65361757
65361245
65340642
65338026
65386005
65385896
65383912
65384326
65383531
65377421
65376185
65374811
65374228
65372985
65371287
65344373
65373801
65368109
65366903
65372876
65134344
65383300
65382628
65381961
65381621
65380986
65375898
65371232
65225085
65224409
65170544
65385045
65384812
65384155
65383352
65383088
65382303
65375390
65370263
65368696
65326043
65325691
65370667
65365506
65365687
65364581
65363565
65370425
65340520
65301581
65299815
65298221
65296430
65373108
65371831
65366560
65363741
65363854
65363085
65357119
65375789
65369600
65382818
65382462
65382803
65382272
65342718
65341369
65385027
65384867
65380023
65379409
65374997
65374146
65369653
65366788
65365724
65365191
65364625
65334247
65363723
65362995
65379355
65376771
65375265
65374043
65372656
65370441
65369482
65368777
65365243
65362464
65361718
65369087
65299064
65297613
65366820
65351253
65350922
65211284
65209921
65207911
65206074
65205550
65375645
65374533
65372877
65371657
65366756
65365700
65375980
65374683
65372064
65364593
65369219
65367824
65364303
65369259
65367749
65371575
65368848
65367800
65363812
65362584
65373368
65371652
65370045
65368832
65367751
65340611
65337627
65336796
65380205
65379128
65369733
65368477
65367064
65308029
65369455
65368090
65367105
65364064
65363248
65362417
65361753
65378124
65376994
65362556
65361915
65331244
65330033
65363633
65301348
65299856
65363006
65325742
65383023
65382575
65372069
65371350
65369770
65367907
65342687
65349728
65375629
65374711
65372930
65371250
65368546
65345394
65344722
65375143
65373586
65379566
65379031
65374640
65362188
65358541
65332941
65331623
65330943
65330324
65375640
65374080
65372638
65365595
65364241
65362286
65361569
65360259
65359587
65358969
65357916
65361276
65385189
65384976
65367226
65370501
65369582
65367567
65366626
65365922
65364505
65386218
65386101
65385919
65385807
65385667
65385554
65367782
65365649
65382906
65382656
65366022
65356027
65360348
65376404
65375441
65374110
65367156
65358799
65377597
65360142
65356460
65355669
65355216
65370072
65369116
65386162
65385869
65386045
65364977
65363907
65362341
65380215
65379654
65378912
65323031
65322440
65322055
65371824
65370059
65348188
65347540
65385077
65384842
65384614
65384444
65379439
65378034
65367898
65335848
65334533
65267764
65266947
65322695
65348419
65348114
65346922
65368170
65363353
65362513
65358145
65371608
65363984
65360594
65363227
65362508
65361998
65361406
65362596
65361897
65360922
65373912
65373087
65379038
64873377
64872977
65378729
65377553
65380973
65384831
65384543
65382811
65385786
65384192
65383487
65383125
65378910
65377581
65376903
65373851
65373277
65363902
65342290
65343152
65342409
65340170
65379580
65341817
65320311
65285774
65354574
65185869
65386351
65355606
65354191
65359833
65380849
65379822
65375214
65357049
65356522
65356171
65355825
65287992
65287506
65379114
65372294
65371092
65357695
65357114
65356724
65356504
65374555
65355501
65386348
65386197
65386335
65334334
65386223
65385972
65385651
65386441
65386490
65385752
65385498
65386578
65212686
65211641
65210592
65208385
65386625
65369040
65368218
65367211
65365932
65365346
65364507
65361415
65360930
65349422
65258689
65250501
65248926
65248231
65367773
65339603
65338314
65337165
65367695
65360302
65375296
65376768
65375977
65375291
65373168
65371515
65323199
65322721
65152127
65374881
65373605
65368515
65364938
65325916
65361185
65354390
65367693
65376951
65375671
65361252
65358513
65358015
65357529
65357113
65367986
65366205
65365719
65361861
65368786
65366999
65366587
65363837
65323503
65357613
65283267
65365751
65255938
65359213
65375262
65374284
65372570
65371304
65363850
65367552
65366717
65364863
65362030
65361462
65360820
65360393
65359708
65359196
65358793
65358432
65386338
65386192
65385805
65385710
65386615
65386477
65386177
65385991
65385906
65386721
65378103
65360685
65357300
65372084
65370852
65378467
65376767
65368833
65368300
65367010
65365841
65325053
65386942
65386795
65386560
65393508
65392716
65392198
65391424
65390526
65390099
65389760
65415587
65415237
65414623
65414088
65413376
65413011
65412188
65411427
65410739
65414809
65414421
65413627
65412900
65412287
65411311
65410509
65409366
65408765
65408605
65407723
65407051
65405724
65396817
65395696
65394651
65394269
65393368
65392800
65414494
65414201
65409530
65408063
65407211
65406023
65388223
65387687
65387293
65387142
65396271
65393986
65393134
65392528
65391974
65390967
65390287
65389639
65388691
65388959
65388523
65387959
65387605
65386948
65386770
65408537
65400092
65398333
65397530
65393827
65406248
65405424
65403290
65401792
65392415
65390787
65390006
65389233
65403539
65402047
65400318
65390881
65415246
65399222
65398485
65397146
65395978
65394759
65413138
65410096
65408989
65407523
65401463
65398965
65389416
65388588
65388032
65401213
65415447
65414949
65413882
65411799
65389148
65392870
65387054
65386839
65412674
65411659
65408174
65395836
65391632
65410606
65409917
65390600
65391202
65390418
65388854
65387198
65393632
65389052
65403996
65388154
65387511
65412427
65411631
65410628
65409832
65409088
65408301
65402678
65400840
65399292
65389870
65390686
65389323
65410907
65397054
65394901
65391759
65389087
65388728
65388129
65387564
65387061
65389250
65395269
65415343
65415491
65415087
65414718
65414212
65406748
65402376
65397958
65412392
65388341
65405098
65393242
65387770
65405625
65404554
65403716
65402467
65401203
65399911
65415066
65415727
65404459
65395504
65399572
65398122
65400604
65405696
65388437
65412809
65412504
65411590
65409576
65406647
65406116
65404131
65402962
65394362
65392181
65391824
65391034
65390471
65389815
65389197
65404957
65403299
65408685
65407249
65405582
65404771
65403930
65397554
65396596
65396160
65395133
65392076
65391580
65391138
65390225
65389736
65379900
65379298
65394568
65394119
65392989
65409829
65398637
65397812
65396502
65399526
65398595
65396044
65395205
65394527
65394131
65392804
65390298
65411941
65408841
65407961
65407438
65409581
65408866
65408127
65404265
65395982
65394717
65412507
65411742
65410745
65409721
65408482
65405145
65403582
65402663
65401124
65396626
65400506
65399677
65413551
65412817
65410401
65409243
65413938
65411331
65391920
65401924
65399478
65398209
65393903
65401379
65399958
65393769
65393159
65413294
65406424
65404735
65403034
65397436
65393436
65392021
65391291
65390772
65389126
65389941
65386967
65397271
65403938
65402314
65399162
65396960
65404844
65395442
65392201
65389580
65409892
65407277
65406220
65404894
65403569
65401805
65400533
65399822
65398435
65390200
65389695
65388800
65372669
65395760
65392654
65396868
65408680
65402717
65399489
65398176
65415658
65415266
65414876
65414393
65413755
65413095
65412437
65411645
65411115
65410433
65396721
65388805
65411098
65410170
65388025
65387608
65399671
65381601
65405248
65401630
65399391
65397903
65396677
65393010
65392437
65391839
65390952
65388932
65392454
65415170
65414484
65414195
65412196
65397982
65397246
65396006
65395068
65391266
65407819
65391385
65387932
65398105
65405782
65392758
65391540
65410247
65409091
65408220
65405821
65404497
65412967
65406590
65415967
65400191
65413897
65413390
65409318
65414981
65414671
65413531
65413304
65412347
65410645
65409782
65400432
65399255
65410887
65410000
65408878
65415964
65413670
65411448
65414041
65412729
65411973
65411045
65408123
65415563
65414769
65393881
65393118
65391889
65398853
65398870
65397336
65415805
65416084
65403818
65411822
65415550
65415335
65414831
65407675
65412562
65390595
65406835
65406808
65412045
65410082
65408290
65394657
65401066
65415983
65415769
65406446
65409381
65406924
65407077
65405342
65410695
65409333
65414303
65414945
65414767
65414392
65413924
65413593
65413050
65402315
65405420
65403334
65401957
65401224
65412093
65411623
65416175
65414617
65408516
65407388
65415803
65415430
65410398
65409878
65409216
65407535
65406004
65402126
65412821
65403156
65400800
65404507
65403247
65401795
65400607
65399000
65398208
65415880
65415482
65415187
65414798
65416184
65415966
65415703
65414856
65414629
65407233
65407069
65405750
65404791
65403815
65402297
65401161
65375670
65414091
65413727
65413398
65412211
65411435
65410587
65415369
65414936
65407822
65410071
65349812
65333572
65331359
65330282
65413061
65411534
65409614
65407275
65404361
65402179
65400944
65399630
65265175
65262638
65261267
65409912
65408015
65414190
65413610
65413196
65412246
65411157
65410229
65407551
65412295
65410786
65409885
65380835
65411222
65410659
65409666
65406806
65405328
65404444
65402856
65404653
65393683
65337496
65334599
65330577
65405129
65400224
65398914
65398085
65396638
65395831
65394850
65393897
65410920
65409392
65407592
65412720
65412028
65406604
65402972
65396984
65410707
65409239
65296458
65085811
65084713
65082936
65411096
65410157
65406417
65404828
65401993
65395145
65393054
65411729
65406411
65405639
65404158
65406901
65404020
65376256
65374153
65372553
65371341
65402100
65376693
65401876
65399985
65399492
65398458
65397351
65411022
65409763
65408617
65340667
65339840
65337000
65398570
65339865
65337291
65288387
65288004
65287408
65413925
65413465
65412732
65412177
65409805
65408877
65406027
65403475
65402524
65398370
65387901
65387460
65382007
65381148
65380577
65413097
65412420
65411884
65408647
65406046
65403626
65402582
65401712
65398204
65405209
65403295
65267976
65409291
65404356
65402786
65401200
65400653
65399190
65398177
65374812
65373260
65413860
65413139
65412318
65411870
65410641
65410211
65408809
65404603
65402842
65401414
65399902
65398617
65397495
65396164
65391503
65405403
65401632
65400663
65399928
65398488
65397829
65414532
65411867
65406579
65404195
65392776
65392231
65391703
65384911
65414296
65413799
65405461
65415440
65411926
65415202
65414913
65414507
65413598
65413410
65412920
65412597
65412021
65406127
65405370
65404321
65402774
65401370
65399394
65407968
65371007
65369119
65415833
65415637
65415152
65414351
65413872
65412901
65412333
65414978
65414758
65405853
65404695
65403929
65402926
65401514
65400732
65399308
65398457
65398259
65397157
65390475
65376055
65374376
65373382
65369885
65405612
65399319
65396722
65387800
65376932
65414306
65413781
65413566
65412517
65411650
65409803
65408896
65408264
65410612
65258699
65408403
65403468
65401985
65400637
65393631
65393148
65392503
65416361
65416042
65415632
65414884
65414693
65414147
65413489
65412588
65408603
65407801
65403097
65401774
65393775
65392996
65414215
65403136
65372958
65371483
65370177
65342882
65407011
65403875
65402736
65404023
65396015
65395130
65367395
65366316
65331428
65379116
65378127
65377350
65309307
65307568
65305444
65403090
65400430
65398911
65394569
65393850
65407709
65399828
65398827
65360076
65359367
65358809
65358578
65405084
65393908
65393193
65392872
65381341
65376414
65366189
65408794
65406657
65372908
65371433
65338505
65337347
65336569
65306628
65269378
65409516
65408823
65400070
65412987
65408386
65406935
65396201
65390961
65389374
65388718
65388272
65333988
65416190
65415798
65415349
65415068
65414627
65414337
65413838
65413041
65411333
65410224
65413166
65408813
65405702
65404380
65394439
65411491
65411124
65416196
65396142
65407193
65404141
65411800
65411192
65410677
65410046
65409474
65405089
65399924
65398338
65397664
65396835
65393361
65386696
65368399
65361378
65396333
65395519
65394949
65408683
65408053
65406643
65405805
65404857
65416302
65411558
65410575
65411264
65397776
65395684
65394869
65400314
65410771
65409522
65407987
65377777
65401374
65401097
65400065
65410101
65408864
65407561
65406788
65388365
65387361
65396496
65395732
65395154
65405522
65404138
65402600
65394516
65391129
65388068
65030918
65410840
65410517
65409394
65406109
65403878
65410611
65409665
65408407
65397709
65397071
65396024
65394985
65389715
65389341
65388760
65403186
65401825
65401249
65399719
65398325
65397387
65396155
65401265
65414021
65412887
65412200
65411379
65410891
65405528
65402683
65400138
65398772
65397476
65396562
65395934
65394894
65416562
65416411
65402670
65401491
65392107
65390586
65398065
65397017
65395833
65394832
65370754
65394244
65392754
65391505
65396365
65386143
65385916
65385809
65390129
65389618
65388574
65388216
65411684
65408844
65389004
65410404
65408193
65407363
65402153
65413980
65378492
65377305
65411431
65410323
65390828
65412538
65411699
65410780
65408273
65412630
65411964
65416568
65416297
65416004
65415697
65414968
65414498
65413909
65413487
65412669
65411802
65411322
65410720
65413664
65413261
65416413
65416112
65415825
65414093
65413514
65413237
65415663
65415415
65415906
65415075
65414750
65414506
65413481
65412568
65411660
65411010
65415287
65407434
65394973
65394010
65402359
65400155
65400415
65398878
65397751
65416582
65416731
65416480
65416225
65415877
65415107
65413864
65412994
65406873
65389969
65390764
65393397
65393026
65413759
65413082
65412270
65407997
65406770
65405845
65397156
65395387
65394774
65391767
65392669
65396273
65413526
65411785
65393288
65392617
65416451
65378665
65393426
65393077
65392402
65391954
65391493
65391171
65383421
65402534
65401502
65400708
65399590
65398868
65394633
65386651
65394585
65394137
65392576
65411020
65401272
65400216
65397782
65401889
65362690
65402504
65395761
65393249
65387306
65386060
65385487
65392261
65391157
65393611
65392959
65389660
65389146
65388817
65388163
65385653
65403222
65307728
65412444
65412078
65411473
65410562
65409778
65407892
65407039
65413182
65412815
65407085
65405584
65404876
65382302
65381713
65410981
65407167
65402229
65400921
65405907
65403919
65402569
65401586
65414785
65414290
65413741
65409253
65395042
65390260
65388621
65329014
65251559
65413328
65412719
65409651
65407055
65405335
65404298
65178262
65177304
65176578
65175132
65173386
65412355
65411892
65410204
65409601
65372763
65416664
65392924
65406490
65399060
65395280
65411603
65411206
65410670
65409534
65408684
65407574
65406123
65400215
65399301
65398598
65397820
65396560
65404109
65401909
65400538
65398098
65390047
65389335
65387695
65385712
65385469
65385309
65385107
65388104
65416687
65391395
65398537
65398698
65393314
65404324
65396873
65396138
65395549
65409155
65408143
65406546
65405000
65403284
65401409
65412089
65411129
65410733
65409844
65408930
65407504
65406005
65404999
65404381
65402713
65402792
65401243
65398992
65396879
65395786
65394604
65371781
65399148
65398273
65389535
65416680
65416313
65377676
65376562
65360282
65330127
65329289
65328822
65324929
65391248
65390706
65389999
65415013
65380942
65414781
65396112
65395340
65384577
65415570
65414577
65414316
65378876
65377222
65375457
65374137
65416807
65416678
65416422
65416163
65415615
65412546
65416911
65416292
65415980
65415818
65416149
65415529
65413564
65412865
65416454
65416304
65416006
65415736
65414419
65414055
65413723
65412387
65411772
65371676
65369291
65328975
65328156
65414660
65413238
65307994
65413873
65407400
65413731
65385059
65384297
65384109
65397580
65397005
65396324
65395438
65394025
65393546
65392656
65328610
65406883
65416998
65416799
65416606
65412536
65411972
65400730
65407305
65405947
65403620
65402111
65400288
65397895
65396120
65398128
65397388
65395872
65343165
65405668
65400494
65397868
65375400
65395906
65375541
65403647
65402433
65400896
65399974
65398245
65397398
65394226
65372010
65401705
65372595
65335512
65080428
65409957
65409393
65408463
65408001
65406531
65405004
65400662
65399742
65377689
65400955
65393979
65393321
65222112
65414881
65414415
65413910
65412574
65412110
65411725
65410961
65410346
65404904
65403474
65412572
65412174
65411323
65409609
65408380
65405789
65403908
65402026
65410098
65408942
65407538
65406475
65404854
65400834
65399567
65397692
65397018
65411037
65410168
65401341
65372394
65397778
65396358
65392127
65391359
65310611
65309904
65401742
65216739
65214661
65397619
65412583
65411285
65404047
65401990
65377617
65376843
65375357
65374350
65341287
65395253
65394271
65369369
65368488
65407222
65406404
65403856
65400266
65403338
65402109
65400946
65399418
65395810
65395172
65394520
65398790
65396076
65393214
65392850
65364798
65409386
65408138
65381954
65404425
65402976
65401176
65400136
65395112
65413706
65413415
65400833
65400873
65400032
65399048
65395482
65393896
65389183
65398355
65394947
65399445
65398240
65397742
65396564
65395020
65410958
65410376
65408314
65406915
65406100
65404972
65404078
65403162
65392551
65365948
65338271
65407894
65406366
65404635
65403848
65402684
65401785
65400402
65399903
65396737
65392257
65391885
65391267
65393027
65392348
65391658
65391005
65228767
65226797
65225923
65413982
65413305
65412848
65412054
65411356
65391994
65391775
65391168
65390623
65390195
65389534
65398005
65397477
65396748
65396187
65404961
65403141
65401689
65400735
65335879
65386701
65399760
65417005
65416804
65415309
65413467
65396486
65372352
65335350
65413725
65413224
65417165
65390853
65388704
65387923
65397414
65389949
65408749
65391740
65393760
65411786
65411034
65409943
65408584
65386608
65408304
65394346
65412423
65411646
65410666
65409461
65408215
65407128
65395861
65416583
65391826
65390462
65388528
65387516
65387259
65390705
65400711
65395484
65406652
65405421
65403655
65413339
65412950
65412283
65411475
65410752
65410150
65408880
65407448
65404534
65415171
65414447
65413907
65413268
65417261
65416358
65414386
65413988
65389838
65416486
65386312
65386178
65386037
65411901
65411052
65392508
65392172
65391430
65390854
65390171
65402452
65400279
65399470
65398711
65397411
65417092
65416853
65416026
64882430
65406362
65400951
65410272
65408957
65387157
65416909
65417330
65417112
65416955
65372149
65354283
65414478
65409523
65408875
65384365
65384064
65383710
65383236
65382914
65382625
65382151
65417347
65417225
65414140
65413324
65412321
65389452
65388866
65403511
65386310
65403763
65406211
65404927
65395380
65394777
65394327
65374857
65413787
65413207
65412119
65410131
65412214
65411258
65410083
65372903
65412660
65401688
65399704
65398236
65395720
65389427
65358876
65358421
65358016
65357702
65409993
65409250
65408814
65407488
65406772
65405197
65404316
65403731
65402520
65401024
65417037
65416819
65416569
65416303
65416119
65415969
65415742
65415452
65415201
65414730
65412348
65411620
65410993
65410005
65409298
65393056
65392309
65391895
65391146
65390626
65390050
65389624
65389039
65385404
65397510
65396845
65392729
65392064
65389633
65388936
65414017
65413464
65412268
65396013
65394079
65412988
65412524
65411908
65409851
65415304
65412879
65346251
65417493
65416531
65416284
65382355
65379825
65378878
65378106
65390618
65415733
65415381
65414940
65414479
65414145
65410126
65408909
65407928
65403700
65402698
65400974
65399726
65398404
65397440
65396367
65408893
65417350
65417499
65390914
65390188
65383818
65383448
65382982
65382693
65382344
65382071
65381494
65380969
65415718
65415584
65415262
65414789
65414546
65414035
65413453
65412724
65412051
65409597
62740406
62739250
65414527
65413946
65413496
65413265
65412759
65392529
65408961
65407429
65403118
65414236
65413386
65412841
65412010
65382966
65267358
65404964
65414739
65413994
65413491
65412949
65411857
65411112
65409997
65345515
65414594
65414115
65413573
65412883
65388029
65382222
65180881
65180628
65330810
65408378
65406212
65404538
65390643
65389951
65389474
65388956
65388567
65410881
65408382
65393155
65406293
65392259
65391681
65390822
65405859
65230789
65417571
65417406
65417243
65417061
65416840
65416587
65416387
65416227
65415888
65374841
65413970
65408620
65407866
65401770
65407190
65410801
65393750
65410141
65409315
65407999
65405806
65411216
65409211
65407660
65406145
65404366
65318287
65318050
65317202
65411401
65409971
65408105
65406566
65402837
65402027
65367736
65366481
65409996
65408851
65394609
65393585
65392802
65392394
65406530
65379698
65309078
65409055
65408243
65406764
65405232
65404040
65400301
65399356
65411543
65409423
65408748
65406538
65392421
65392094
65391044
65412025
65410075
65409164
65406045
65405298
65413114
65405247
65404211
65306567
65353747
65353483
65412760
65410912
65382840
65382330
65410995
65408645
65407612
65340672
65339953
65278170
65415861
65385182
65384830
65384588
65384390
65381830
64781100
64363092
65411289
65410285
65408667
65407529
65405920
65412700
65405829
65415408
65415113
65399705
65411737
65411044
65366633
65400739
65398880
65398190
65412305
65399022
65397752
65396988
65396230
65395708
65413789
65407455
65405068
65403419
65377470
65376054
65417561
65417206
65417007
65416774
65416559
65416401
65416278
65415393
65414971
65414574
65406662
65405910
65390383
65389977
65389444
65362406
65406783
65379276
65378159
65377147
65374541
65369247
65407358
65406502
65367848
65366716
65343524
65407715
65406069
65390009
65389429
65388232
65409848
65407917
65406371
65402950
65233371
65410299
65408336
65406121
65404558
65271615
65408480
65407166
65405804
65373126
65372354
65306414
65405540
65396750
65379888
65130374
65129123
64722905
64401409
65401537
65405493
65416521
65407672
65404996
65402518
65401672
65414218
65412497
65411462
65410532
65382986
65415521
65415289
65414966
65413054
65412138
65411166
65410453
65411015
65378412
65338125
65299699
65298946
65297969
65414096
65409433
65260627
65417614
65417272
65416471
65337013
65335388
65334218
65333183
65412467
65411246
65410533
65409835
65409010
65393774
65412400
65411773
65410332
65394443
65393923
65393384
65392584
64491500
65411051
65410091
65408950
65392849
65392159
65391409
65390687
65389978
65409769
65407870
65406540
65404970
65410492
65372339
65359378
65275221
65366391
65416623
65416335
65416150
65416934
65416773
65411952
65411253
65413040
65412157
65402581
65401801
65411776
65411191
65409462
65408186
65417791
65416215
65415042
65417604
65417694
65417520
65417436
65417262
65416901
65415916
65415434
65414843
65414222
65413691
65390807
65390176
65407279
65406396
65403727
65402877
65401983
65410527
65397194
65355063
65417866
65399685
65398696
65397514
65396814
65394666
65407309
65404675
65403502
65401280
65396126
65392960
65391906
65412046
65411011
65409505
65408144
65407186
65405605
65404535
65402889
65390704
65363318
65361503
65253025
65252426
65251832
65407867
65406409
65405722
65404284
65389934
65205572
65204527
65203350
65173008
65409314
65406974
65402688
65407593
65406072
65405215
65403017
65401550
65408583
65405032
65404118
65403243
65402273
65401455
65399907
65398785
65391064
65390385
65326673
65325795
65325320
65282230
65389553
65389018
65395790
65395304
65394724
65388601
65406571
65405124
65398865
65394640
65395618
65393818
65393045
65388119
65387520
65385435
65337931
65335208
65334544
65333398
65332435
65417971
65417879
65417665
65393281
65394285
65393700
65392453
65389804
65388594
65388152
65387641
65289556
65393677
65393192
65392579
65391915
65391618
65391280
65390763
65390077
65389585
65391170
65390186
65389542
65388387
65387779
65406009
65405243
65404147
65401743
65390888
65390281
65388423
65387982
65321770
65321022
65403305
65401511
65399989
65399005
65397720
65396408
65395367
65394162
65389398
65388317
65387843
65382257
65381810
65380116
65377725
65391953
65392471
65392633
65392376
65366281
65410989
65397232
65396277
65395574
65394705
65390966
65390504
65389878
65389201
65388061
65387728
65375240
65352764
65352567
65400163
65398904
65397784
65390359
65389718
65389310
65321053
65320451
65412285
65410581
65410123
65409290
65406946
65394981
65405678
65394086
65393367
65389064
65388458
65264041
65382483
65382305
65381957
65381761
65381155
65380347
65354401
65391868
65391205
65390555
65389308
65411317
65408670
65407518
65406560
65399664
65398358
65397419
65396422
65394963
65394357
65392740
65388346
65387862
65387579
65367382
65417880
65416458
65405043
65404365
65390420
65389863
65389410
65389011
65388725
65388343
65336778
65391436
65390930
65390162
64774361
64774061
65407676
65406154
65404432
65402973
65401528
65400667
65392274
65391577
65391028
65390303
65415169
65414753
65414443
65414237
65405322
65402895
65401474
65399870
65406802
65406222
65403776
65388655
65387484
65301471
65154827
65408203
65406962
65406259
65405260
65403237
65401393
65399916
65397569
65398015
65396712
65396149
65395138
65394683
65393052
65392126
65391926
65391522
65390862
65407536
65406183
65402679
65371219
64509776
63054887
65404878
65371909
65404080
65402424
65401588
65399517
65390049
65393858
65392846
65391934
65391304
65390622
65389926
65390055
65387989
65414403
65413069
65412658
65389572
65389166
65388589
65388360
65415085
65414770
65414272
65413889
65406285
65404764
65403870
65402509
65390553
65390024
65389351
65389008
65388599
65387791
65414698
65389223
65387755
65391008
65389912
65366146
65412565
65412199
65411226
65408285
65405692
65402107
65400686
65399788
65398720
65398017
65390319
65387915
65387359
65382990
65382539
65382002
65140251
65291246
65289025
65397429
65396535
65395586
65394669
65393805
65393157
65389464
65388779
65387922
65389662
65386606
65386449
65386281
65320423
65320018
65319751
65377947
65376787
65376131
65374647
65373814
65372037
65370699
65369035
65418111
65417745
65396700
65395577
65394412
65390833
65390150
65389900
65389545
65417998
65417783
65417621
65417385
65417152
65416145
65415758
65415274
65414746
65387175
65386881
65386768
65386583
65351660
65351523
65351337
65351078
65406852
65403365
65401831
65400154
65386864
65389106
65388420
65388115
65387599
65386941
65391694
65391211
65389801
65386695
65386241
65386074
65402783
65401338
65400767
65398363
65397353
65386908
65387144
65386824
65386575
65386370
65199441
65197597
65196546
65386716
65352884
65352656
65316936
65316772
65386780
65353493
65352794
65352522
65332841
65331819
65330296
65320000
65354508
65354353
65353573
65353383
65353677
65353266
65353085
65352812
65352566
65352432
65354227
65322141
65320507
64877745
64877059
65402265
65401324
65399863
65398419
65396264
65395368
65394333
65393564
65414116
65413380
65412937
65412258
65410674
65409978
65408812
65353238
65353021
65346141
65345628
65401205
65400175
65398764
65405112
65403538
65401966
65401292
65400778
65399808
65388553
65388222
65409593
65408815
65407634
65406131
65405075
65403037
65401506
65399748
65399007
65397928
65416325
65339782
65399542
65396285
65395014
65394593
65393831
65389568
65388904
65190286
65391078
65390413
65390141
65418252
65418120
65417893
65389835
65386939
65386707
65386488
65386253
65390750
65390153
65388700
65388441
65388167
65387872
65388896
65388300
65387857
65324001
65322567
65322096
65321661
65411588
65395986
65394927
65394276
65393771
65391188
65390401
65390083
65389733
65324144
65323740
65323436
65322990
65322649
65408236
65402247
65401015
65397657
65396614
65395823
65393792
65391419
65390343
65389702
65387095
65386937
65386736
65386548
65415994
65390376
65389782
65388632
65388044
65369731
65368205
65409783
65408349
65388263
65387859
65387488
65417902
65417698
65417505
65417409
65417169
65393584
65392901
65392234
65388053
65363627
65358829
65344598
65343037
65404889
65386821
65354447
65391363
65390921
65390448
65380962
65408092
65360993
65360447
65388257
65387613
65355934
65355645
65338202
65415567
65414922
65414457
65411447
65350776
65215170
65390295
65411962
65381176
65363709
65362865
65405316
65391812
65391992
65390742
65410638
65408306
65406614
65404030
65403036
65401382
65399746
65417975
65417881
65417648
65410475
65409356
65406659
65405063
65403423
65401823
65400312
65398782
65397314
65394318
65403317
65401180
65390588
65390334
65389631
65350390
65349491
65415772
65415277
65415088
65414734
65414109
65209201
65207679
65193979
65416695
65415746
65234002
65233873
65233652
65233375
65414948
65414530
65414010
65412970
65412429
65411504
65410671
65410008
65418315
65418444
65418146
65417771
65416929
65418244
65418079
65418182
65418095
65417897
65417756
65417541
65418531
65418329
65418159
65418085
65417454
65418690
65418381
65418189
65387019
65394760
65393709
65393401
65392012
65391451
65390924
65418429
65418323
65418241
65418097
65403173
65398135
65418723
65417706
65417367
65417186
65417021
65416837
65417731
65417497
65417320
65416535
65416207
65417413
65416812
65417389
65417239
65410852
65410268
65408254
65416822
65416008
65389923
65389484
65388944
65388411
65397593
65419026
65418767
65418541
65418819
65418983
65419076
65418552
65418631
65418804
65418937
65419119
65417500
65419116
65418930
65419251
65418043
65417316
65416973
65418056
65417867
65417346
65417049
65416339
65416011
65415790
65417963
65336913
65335461
65333850
65332436
65412217
65411704
65410724
65409566
65413366
65412801
65412233
65411503
65411185
65410309
65409568
65409069
65380171
65375415
65324642
65288715
65258701
65412284
65417681
65408726
65408060
65406363
65419322
65319329
65319005
65318597
65318360
65318116
65218916
65217759
65408935
65410693
65408112
65406931
65399782
65398539
65397626
65297770
65296621
65295376
65227248
65226034
64382734
64098531
64096894
64094934
64093042
62118697
65376053
65328813
65328262
65327840
65327248
65325025
65392585
65413017
65412417
65411984
65410926
65410010
65399181
65419296
65418877
65352902
65230018
65229288
65228387
64957184
64955833
64557765
64556406
65389846
65407294
65406449
65405547
65404550
65402937
65395838
65404511
65401594
65400088
65399287
65403723
65400897
65398599
65394002
65393254
65398574
65418578
65418469
65392806
65392143
65418380
65418178
65417977
65417852
65419842
65419483
65406150
65404565
65403059
65400461
65399434
65393059
65403959
65413987
65417294
65416548
65412979
65411936
65410968
65417073
65416702
65416134
65415315
65415208
65416205
65412734
65416647
65416392
65418856
65418599
65388279
65387489
65417108
65415686
65415308
65414264
65189216
65188435
65410846
65399490
65397550
65396500
65389550
65376357
65414185
65413645
65408370
65416330
65415920
65415322
65419877
65419672
65419389
65419020
65418665
65418559
65418289
65385157
65385005
65384718
65419793
65419565
65419364
65419053
65418883
65418779
65391897
65390865
65387044
65401185
65399514
65398337
65396997
65391552
65390774
65409935
65404395
65402655
65399710
65398866
65408562
65388783
65387649
65387517
65390954
65401519
65400140
65419846
65419540
65419403
65420186
65411624
65409086
65407485
65406433
65403591
65402114
65399286
65398234
65410311
65409624
65408701
65408045
65362128
65300218
65299265
65410316
65409411
65408199
65407401
65395395
65368390
65366737
65363884
65340192
65338626
65393482
65392922
65390372
65389975
65389406
65399504
65397725
65396909
65243269
65242336
65390678
65389914
65389297
65419433
65420423
65420239
65419893
65419658
65418618
65418387
65418186
65420703
65419294
65419071
65418789
65418573
65420482
65420185
65420596
65419822
65419498
65415571
65415269
65374850
65372616
65420689
65420255
65420122
65419557
65419330
65419159
65419011
65418835
65384931
65384702
65414524
65398060
65397069
65379905
65369006
65412395
65416940
65416504
65416245
65415973
65415709
65415414
65415065
65414754
65414278
65413869
65420862
65420507
65420143
65419888
65419543
65410599
65409498
65408547
65405624
65411154
65410347
65409478
65408292
65418364
65390290
65420785
65420362
65420090
65419708
65325593
65387650
65376667
65375459
65374109
65421062
65420672
65420330
65419120
65406472
65405333
65404637
65357816
65355716
65237322
65348826
65307492
65306098
65276987
65228010
65227228
65226576
65213880
65411275
65410564
65359208
65358664
65412639
65412057
65411484
65411146
65221119
65219694
65216705
65213787
65212372
65355855
65355440
65355066
65354734
65410408
65409302
65407857
65334909
65362993
65411472
65410764
65372031
65371172
65370459
65346831
65346127
65415850
65415699
65415464
65414990
65399491
65395985
65385004
65384668
65384405
65414112
65415424
65414985
65414823
65414458
65418158
65417961
65417836
65394366
65411879
65411061
65409968
65412840
65412317
65411804
65409852
65414888
65414685
65414357
65414045
65413667
65413067
65412293
65410978
65410155
65377545
65166798
65297791
65088420
65086650
65084927
65082385
65411978
65410714
65410164
65409455
65398304
65396899
65408494
65407798
65294882
65260724
65404218
65402547
65400977
65369704
65402575
64541739
64541315
64539002
65396955
65392218
65391496
65358040
65357737
65407700
65400888
65359333
65358726
65406168
65301064
65299652
65262565
65261308
65260572
65244740
65402739
65401947
65375609
65369551
65368013
65366743
65366110
65335088
65333652
65393812
65393146
65412907
65412548
65411937
65407830
65406466
65375674
65374732
65372897
65371777
65363986
65408471
65407774
65406281
65404858
65403275
65401971
65400525
65399044
65397402
65396198
65393437
65394236
65393389
65377785
65421453
65354647
65354476
65406591
65405942
65404325
65401884
65400774
65415402
65414944
65414477
65414131
65413632
65415931
65415675
65415117
65414595
65414300
65413714
65379279
65378524
65377415
65376839
65375470
65375012
65357600
65357270
65356813
65371651
65287961
65416810
65416716
65416448
65415930
65415639
65421403
65413162
65412664
65411825
65391650
65164429
65161377
65160092
65418301
65418096
65418039
65417901
65398966
65398113
65397142
65395757
65394742
65393978
65393263
65392577
65392206
65391593
65393311
65392881
65378035
65376694
65376252
65374656
65373745
65372275
65371455
65414490
65383326
65382870
65382440
65380988
65380528
65378690
65401476
65400106
65397878
65396389
65395851
65395136
65418133
65417779
65417685
65417447
65417364
65407014
65402886
65411488
65395749
65381171
65380167
65413516
65375154
65412445
65412015
65416636
65386492
65386329
65418482
65394442
65415116
65414656
65413422
65412964
65412225
65414143
65413819
65413260
65412850
65413636
65410602
65408500
65407115
65387764
65420796
65415585
65406049
65404428
65403807
65402745
65413285
65412746
65418285
65234358
65174495
65173439
65104736
65419199
65418964
65418765
65418358
65381865
65421991
65421542
65420778
65420551
65418879
65418526
65418341
65395924
65421068
65420606
65420246
65419522
65419215
65419013
65378935
65376773
65371093
65370530
65397217
65396480
65395266
65420099
65419906
65419536
65401060
65418372
65418046
65417833
64782894
65418839
65418606
65320877
65320574
65418440
65351651
65351565
65351309
65419987
65419449
65388685
65357115
65422092
65421632
65421398
65420993
65420715
65419723
65419504
65419292
65419001
65354951
65420060
65419801
65419338
65419154
65393957
65389601
65389016
65388678
65386856
65418807
65386117
65351603
65295439
65294629
65417922
65421365
65420901
65420637
65420342
65419803
65418851
65421971
65421022
65420552
65418203
65406957
65405225
65387224
65386962
65401878
65351176
65351044
65315958
65315478
65361006
65286810
65419080
65418918
65420654
65420472
65418538
65416884
65416095
65419670
65419344
65418995
65418768
65400701
65399623
65397469
65421568
65421112
65420549
65420199
65419859
65418217
65372543
65363453
65351268
65351153
65350902
65417036
65417448
65418659
65418269
65385949
65418529
65418317
65417534
65188597
65418055
65416826
65416590
65416426
65416117
65415176
65418030
65399023
65398318
65396520
65421409
65421214
65420870
65419997
65419808
65418433
65418236
65396760
65422184
65399804
65397574
65393571
65417988
65416477
65416054
65415855
65415494
65422319
65422008
65421470
65421161
65420933
65419622
65422322
65421920
65421784
65421305
65420959
65420759
65420376
65420105
65419596
65418670
65418513
65418297
65418163
65283069
65243684
65243059
65399776
65397486
65396786
65393880
65386204
65386033
65385900
65351866
65421315
65420498
65420299
65419940
65417199
65276206
65273854
65270065
65422017
65409444
65408895
65408381
65407303
65406073
65404420
65403408
65401869
65420828
65420579
65419478
65419273
65418628
65392357
65422358
65422075
65417917
65417563
65417427
65417168
65316788
65387985
65387540
65366708
65366075
65422194
65421777
65421280
65420841
65420509
65419248
65420746
65419419
65419285
65386997
65422306
65417417
65417059
65416841
65417226
65417024
65416733
65416544
65093809
65092593
65091331
65089440
65088019
65416845
65416642
65421820
65420446
65418247
65417338
65137646
65137292
65136873
65136658
65136278
65414887
65414560
65417137
65389020
65388758
65388318
65417244
65416993
65416601
65416331
65415948
65415544
65415160
65414618
65385110
65416340
65415755
65416533
65416213
65415989
65415642
65415411
65416349
65415673
65415062
65418127
65417821
65361170
65360418
65360047
65359746
65359080
65421814
65421462
65330870
65394723
65362788
65422559
65422173
65421728
65389517
65388913
65365691
65364681
65361176
65360527
65359868
65359592
65359047
65379978
65378977
65377778
65401238
65399586
65390405
65393296
65392896
65392470
65391944
65422594
65422277
65419034
65416745
65355976
65419117
65418191
65346378
65381725
65422190
65421762
65421233
65420831
65411903
65409548
65422735
65422226
65420953
65420699
65413780
65413478
65412737
65411836
65410812
65403631
65365404
65363831
65421843
65419363
65420117
65419746
65419497
65387975
65396793
65392182
65391621
65391036
65422931
65422668
65422326
65392645
65392117
65422705
65422288
65421808
65421531
65421149
65420859
65420408
65388628
65388051
65422618
65422138
65421625
65421441
65421060
65420200
65417016
65416730
65416143
65415768
65415382
65414803
65414661
65414226
65422274
65421758
65421489
65420962
65402048
65401153
65416254
65413157
65412592
65398690
65395999
65394541
65422760
65422210
65421897
65421364
65398714
65397587
65396501
65395930
65394431
65393793
65393260
65403301
65401935
65400626
65399064
65398158
65419196
65408523
65407646
65406777
65404928
65355675
65415027
65407552
65401258
65409166
65407874
65329613
65335087
65419315
65419032
65418474
65410515
65409751
65409128
65407334
65372588
65344088
65449802
65448387
65447494
65446512
65445485
65443588
65440787
65439972
65438395
65437456
65434048
65432728
65431657
65430651
65429771
65429062
65428251
65427504
65427099
65428792
65428015
65427695
65441642
65439490
65437984
65436859
65435816
65435185
65454978
65454462
65453371
65439112
65427206
65429334
65428895
65428133
65427329
65420997
65420063
65419743
65425444
65424585
65423926
65423342
65421783
65420154
65429106
65428366
65427584
65426824
65374115
65453222
65452015
65450647
65449586
65448516
65447359
65445597
65444506
65442238
65430927
65430353
65429921
65428602
65427928
65426083
65425751
65447878
65446617
65440597
65425884
65425000
65423437
65447542
65445991
65444270
65437694
65436783
65435817
65425122
65424367
65456145
65454726
65454102
65452309
65451208
65449834
65448260
65442693
65441188
65439178
65437174
65435809
65434309
65433281
65423691
65423137
65422787
65438853
65430538
65426550
65425674
65424468
65422690
65422348
65426473
65424896
65419332
65429554
65429083
65422150
65421587
65421190
65446309
65440993
65456347
65455644
65454279
65450005
65448711
65447212
65445409
65443587
65441797
65440025
65438798
65444832
65443365
65438605
65436140
65434777
65453781
65452769
65451627
65450117
65442997
65453588
65443977
65439330
65435057
65435271
65456427
65454868
65453935
65426903
65430786
65429583
65426164
65455944
65455186
65433163
65432021
65431239
65430248
65440011
65438423
65455767
65455510
65434389
65433462
65440250
65433818
65432353
65432233
65422790
65421254
65420967
65424766
65424037
65422572
65427800
65430014
65429503
65426712
65424840
65424030
65453054
65451839
65450461
65448903
65442282
65441152
65440438
65438759
65437565
65436328
65435226
65434587
65433852
65444436
65436491
65434578
65433320
65421423
65430470
65423316
65453216
65452687
65451463
65450124
65449522
65452557
65431616
65430620
65430117
65429729
65436230
65434831
65433471
65428684
65424375
65423743
65432871
65432483
65453822
65452791
65450474
65448712
65446815
65444768
65452298
65450890
65447932
65448459
65447245
65445818
65444349
65443561
65442391
65441540
65440061
65438807
65450630
65437917
65412567
65411697
65378587
65374952
65371234
65448868
65454910
65454201
65453560
65453176
65452477
65451542
65449137
65441101
65412371
65453666
65452896
65452054
65451412
65450756
65398077
65453182
65452251
65451561
65450464
65443371
65442086
65441134
65440248
65438963
65455333
65454799
65454182
65453509
65452001
65450592
65449019
65447510
65450916
65448996
65448312
65219833
65451063
65447085
65445190
65443753
65428494
65422667
65422333
65407495
65376342
65375597
65448018
65446453
65445444
65401673
65400071
65448498
65447649
65446243
65443830
65442659
65441206
65431465
65431021
65429775
65455060
65454196
65452455
65451161
65448227
65447135
65443998
65442776
65442036
65440086
65438748
65437507
65456117
65455511
65454747
65453765
65452948
65451053
65448253
65446822
65456738
65456211
65455836
65455361
65454560
65453610
65453026
65453831
65452853
65451957
65449600
65447082
65446299
65431638
65431156
65450723
65449440
65445114
65390651
65390138
65389109
65453460
65450449
65447182
65445779
65438348
65436831
65435989
65435058
65449459
65446751
65444982
65443492
65233289
65233100
65232725
65447569
65442556
65451565
65446922
65444564
65443103
65441861
65439979
65438526
65441282
65440293
65438589
65437204
65435695
65451804
65450796
65446776
65443649
65441932
65438212
65451281
65449148
65386611
65386369
65385988
65453408
65452900
65452035
65449424
65411368
65449952
65447333
65444671
65442646
65441070
65406098
65404512
65402849
65248610
65248094
65247427
65246811
65246070
65245136
65243898
65242993
65446116
65444997
65443685
65441664
65439818
65407550
65404600
65454923
65454138
65452724
65451025
65382352
65449302
65444072
65442614
65437257
65432430
65424640
65375771
65333159
65268162
65266451
65442271
65441370
65437783
65433276
65456634
65455996
65455619
65446056
65444165
65427034
65426314
65425731
65425293
65454057
65448776
65445614
65371859
65371024
65370214
65449041
65444387
65442525
65440936
65439164
65437977
65436628
65435924
65450945
65445195
65439314
65456876
65456327
65455683
65455263
65454646
65452077
65448480
65443772
65442045
65441164
65439355
65437527
65436326
65445700
65444235
65442169
65437369
65436285
65435435
65454188
65452413
65452003
65450969
65449710
65448364
65425340
65424671
65415552
65443374
65442158
65441094
65446689
65444909
65440996
65450851
65445088
65407441
65405134
65403988
65379499
65445651
65422707
65422244
65421950
65444258
65442960
65439650
65438714
65451120
65450054
65407969
65441978
65260531
65259238
65257959
65444991
65442140
65439994
65438686
65437395
65436093
65434564
65428725
65451863
65451145
65450113
65448176
65443321
65422109
65421606
65447885
65448925
65448061
65444116
65442218
65440151
65438571
65437092
65445160
65444004
65440371
65437624
65436672
65429741
65453764
65452304
65451256
65450738
65449194
65445291
65442985
65426964
65426586
65425822
65425276
65420972
65433535
65432507
65431802
65430901
65399559
65397822
65455689
65454973
65455423
65454240
65452380
65454355
65453324
65452022
65450491
65449397
65436130
65427834
65426444
65445532
65441640
65439174
65437616
65436630
65432968
65431882
65444648
65440654
65439714
65438508
65428112
65427346
65450301
65449553
65448753
65409864
65407395
65406474
65405257
65442421
65440858
65428921
65428513
65427846
65427008
65443795
65442015
65440359
65438101
65274536
65272370
65271722
65269353
65252232
65439270
65449638
65448689
65447185
65441603
65448718
65435278
65433830
65432889
65431122
65430304
65453519
65452210
65447168
65443528
65440505
65438880
65437640
65436040
65441704
65440690
65439625
65356845
65356479
65324299
65392677
65392219
65376847
65334471
65443337
65440377
65398814
65398090
65396226
65393326
65367334
65365997
65455292
65454775
65453703
65452393
65451530
65450333
65449038
65447222
65444517
65431541
65430980
65430473
65429558
65424732
65424079
65423848
65450362
65449484
65444530
65440348
65445527
65441607
65428627
65427781
65427172
65404296
65445144
65408041
65406442
65405344
65344507
65457134
65440806
65439489
65437806
65450424
65447733
65440750
65381888
65439740
65437137
65436298
65435368
64743214
65455571
65454733
65445239
65442578
65440537
65437701
65435539
65433286
65432477
65455908
65453542
65452573
65441079
65376454
65374334
65372777
65307691
65305114
65445934
65444726
65442127
65441229
65440499
65439440
65434484
65450871
65449317
65447478
65424105
65423286
65422874
65456772
65456339
65455900
65455309
65454506
65453896
65453125
65451973
65449991
65448977
65045842
65005694
64907590
64715968
64714739
65392025
65445537
65439531
65438081
65436532
65434726
65433892
65432593
65431589
65454880
65453288
65452602
65450736
65445866
65430096
65428028
65427207
65397319
65396924
65440319
65439335
65437939
65436767
65435483
65430837
65430059
65447024
65445137
65443247
65436368
65435167
65441599
65437327
65443682
65442462
65439794
65420721
65420477
65419933
65437615
65425990
65454081
65453043
65451972
65451553
65450267
65449448
65446799
65445014
65443602
65451410
65450667
65447826
65446338
65438472
65433764
65454675
65449462
65448101
65442465
65424347
65423620
65423322
65456920
65437084
65451524
65449125
65438259
65443315
65431128
65429867
65427020
65457054
65456469
65455745
65455020
65453541
65452877
65452147
65451159
65455856
65455254
65454454
65452757
65450308
65445870
65444079
65435640
65433934
65432638
65455408
65454853
65454119
65453067
65451997
65451248
65450348
65449260
65447774
65446569
65435499
65422087
65421707
65433011
65449069
65447181
65445499
65443738
65442684
65441250
65440559
65456812
65450946
65443737
65441792
65438355
65437354
65436384
65434351
65446587
65444720
65441120
65456711
65456189
65455314
65454522
65450640
65447989
65441965
65428469
65420615
65457117
65436842
65395080
65393481
65377314
65431377
65429767
65428686
65423875
65426362
65400171
65457310
65432898
65431725
65434346
65447747
65456411
65434572
65450942
65449705
65448342
65446625
65444733
65443838
65442981
65431917
65441306
65435926
65434452
65433211
65432433
65431614
65427427
65431803
65430166
65452196
65437914
65430678
65429996
65450866
65455364
65454504
65453820
65452996
65450564
65425833
65425452
65439623
65451062
65450401
65449766
65448320
65434928
65428367
65431954
65456875
65456564
65455885
65455207
65453457
65453095
65437643
65436312
65435332
65425031
65424293
65423719
65423456
65422837
65422401
65441045
65438178
65436644
65435689
65434682
65433496
65426869
65426225
65425078
65424503
65424021
65425390
65448964
65444062
65443023
65441322
65422887
65454334
65453984
65452195
65429213
65454237
65453277
65452504
65451059
65449829
65447151
65446226
65444811
65440186
65455478
65430613
65430167
65432632
65447496
65446364
65446198
65436712
65444482
65443399
65441520
65440529
65439425
65437941
65450759
65449556
65448270
65446467
65436255
65434990
65434042
65433092
65432254
65425709
65425170
65445377
65441809
65431570
65448733
65438429
65437270
65435860
65432110
65431250
65453614
65451635
65450356
65427257
65431057
65449843
65447780
65438596
65437042
65436342
65435032
65433754
65432833
65431913
65431509
65430971
65421984
65421247
65424424
65456410
65455036
65453500
65452816
65451735
65450882
65424229
65431187
65430326
65429453
65424700
65423758
65421855
65425586
65449933
65445105
65443793
65442524
65440621
65439025
65439616
65438723
65438050
65436562
65428770
65426919
65426503
65456682
65456061
65455426
65454759
65454268
65453199
65429097
65428687
65445138
65443151
65440287
65439363
65449173
65438463
65457576
65457165
65455102
65427973
65426245
65422965
65422524
65439265
65437845
65434893
65433632
65431750
65431334
65430440
65449151
65447635
65446567
65445714
65436136
65434957
65434264
65433745
65432853
65427505
65455299
65454559
65421361
65428786
65427926
65422436
65447014
65431552
65429409
65427918
65448113
65446288
65430768
65429999
65429276
65430783
65429864
65429160
65441022
65439139
65437537
65436045
65432170
65429932
65373989
65421234
65420968
65420741
65420560
65420221
65419907
65418828
65424521
65423973
65423489
65441525
65439932
65438872
65436058
65433958
65431582
65456303
65455587
65454837
65453816
65451348
65449714
65452549
65451129
65436805
65428535
65427961
65427343
65426627
65426169
65435797
65434581
65433446
65425730
65425384
65425056
65424423
65424060
65448540
65447291
65457653
65432281
65431346
65430400
65429645
65427425
65426767
65426030
65425453
65424817
65424451
65449908
65445804
65443813
65442816
65441215
65430719
65423977
65423676
65445704
65447229
65445626
65443609
65442067
65440718
65439052
65437945
65436777
65435878
65434725
65457597
65457170
65447971
65449341
65448028
65457774
65457445
65457729
65457375
65456983
65456231
65455954
65447995
65446242
64631333
64629880
65447607
65455778
65455168
65453950
65448170
65435135
65432011
65449337
65447823
65444918
65434537
65437660
65436485
65435581
65434788
65433417
65397119
65394398
65331923
65449467
65447893
65441945
65439965
65438739
65449751
65448499
65447119
65443129
65436572
65435209
65441028
65438983
64873801
64873545
64872932
64872425
64871785
64871491
64849402
64847214
65437080
65435684
65399521
65398011
65396648
65395282
65394721
65393765
65392982
65444562
65443560
65441728
65439870
65436818
65428605
65427764
65442110
65440955
65439511
65438819
65436364
65435220
65433898
65432841
65432013
65433878
65432729
65431799
65430507
65429599
65428935
65428284
65457469
65457214
65456715
65455933
65455201
65454298
65453674
65453044
65451929
65450486
65442815
65440512
65439333
65436155
65435410
65299598
65298578
65448674
65447529
65445985
65452731
65449944
65448687
65447265
65446087
65373990
65372018
65302168
65300078
65445658
65443742
65434107
65432835
65452006
65450053
65392949
65457699
65457366
65457869
65435632
65434446
65432960
65432060
65428890
65428225
65433808
65432648
65431825
65430806
65429861
65409927
65456491
65455822
65455542
65454639
65453869
65452864
65452043
65451267
65449688
65448804
65269350
65267583
65438289
65435710
65346883
65442280
65440362
65437833
65435494
65434609
65433871
65432215
65444003
65442633
65441808
65438955
65437618
65435292
65434183
65433143
65439692
65438210
65435929
65434773
65376100
65374845
65439548
65434315
65433018
65431966
65431369
65430760
65430104
65438340
65431501
65430943
65451848
65449895
65448409
65447579
65446291
65444403
65454419
65453641
65452750
65450961
65450146
65449057
65437742
65429061
65428565
65427783
65426979
65426460
65422888
65422414
65366825
65345132
65205265
65451329
65447604
65445508
65439576
65438548
65437515
65436397
65456377
65455915
65454758
65452722
65452183
65449582
65434232
65433142
65432336
65431407
65430495
65327111
65429576
65428846
65428191
65455421
65454594
65453634
65452600
65450805
65447929
65444834
65443086
65442164
65440218
65437757
65436693
65424510
65424177
65423892
65452623
65452134
65450742
65449088
65448166
65446359
65444309
65442806
65440852
65436899
65433966
65433228
65432441
65271640
65452725
65446982
65442225
65440278
65436742
65434400
65433304
65431551
65423987
65423405
65454873
65453955
65452857
65452383
65451591
65450549
65454340
65453853
65445184
65442695
65440240
65438235
65436673
65435996
65434554
65433985
65433348
65432358
65431601
65430805
65457682
65457364
65457099
65456674
65455851
65455449
65454936
65444347
65440077
65438338
65434065
65456504
65454912
65453711
65453126
65452340
65450693
65448584
65450940
65200551
65082445
65080904
65457514
65456938
65429850
65429325
65336117
65297160
65296326
65444453
65443505
65441911
65440182
65438442
65437656
65441092
65439771
65409008
65402539
65453504
65452227
65451041
65433826
65433050
65420970
65442468
65430921
65430210
65441113
65437884
65457995
65457276
65456743
65456141
65451720
65450429
65448952
65458101
65457945
65453705
65449953
65458128
65457754
65455646
65454028
65450094
65458077
65457745
65457425
65456420
65450241
65448775
65447524
65421869
65421129
65441333
65419233
65433394
65432793
65451272
65450174
65445964
65444075
65442796
65441414
65429450
65442916
65442278
65197988
65440398
65434745
65433666
65432664
65430911
65430379
65452947
65448890
65447419
65446418
65444636
65442415
65426009
65425510
65421175
65420866
65435348
65434126
65425722
65426176
65427197
65426681
65458138
65441698
65439083
65457803
65456921
65456637
65456198
65431183
65428027
65426463
65428265
65423185
65425220
65424568
65421886
65419640
65420305
65454589
65448777
65442557
65440731
65436931
65434193
65420832
65422336
65458238
65455999
65451917
65421503
65420366
65430325
65424438
65424116
65423655
65422620
65422162
65421798
65421429
65419599
65420647
65420085
65420110
65439695
65428734
65427385
65421371
65452589
65433311
65424672
65423343
65360535
65453936
65423559
65423229
65434029
65431131
65428953
65427676
65427245
65448110
65447158
65445346
65443515
65441077
65425887
65425148
65424826
65421919
65423487
65423161
65422868
65422518
65422036
65421349
65420863
65420455
65420111
65438130
65436745
65435047
65434366
65423531
65422985
65421387
65406943
65452495
65451278
65449873
65448329
65425839
65425593
65424132
65423061
65422598
65424369
65424041
65423785
65423284
65422974
65422504
65421477
65287103
62118734
62117202
65422825
65421524
65421097
65402945
65390969
65390148
65447631
65446353
65444541
65443442
65441799
65438033
65437133
65432406
65422838
65422535
65420729
65431805
65431137
65429898
65429149
65428760
65428019
65427612
65427159
65443889
65442087
65422067
65409222
65408489
65407711
65443180
65441629
65453153
65431686
65425652
65434352
65433726
65432802
65431571
65422168
65390387
65389669
65436419
65435237
65432252
65431312
65430633
65429985
65429231
65425425
65424791
65411939
65259263
65258479
65257261
65256247
65252016
65251017
64602357
64472535
64443167
64423821
64772055
64735685
64596420
64529959
64440605
64396634
64387706
64370615
64355185
65426377
65419307
64984845
64768999
64746122
64494413
64456079
65419963
65419789
65396776
65353733
65353473
65328834
65328266
65387146
65386887
65385790
65421201
65420806
65432217
65431343
65430559
65429240
65428141
65423748
65421545
65421223
65420982
65420360
65388012
65387606
65387305
65358221
65428891
65428091
65426544
65425882
65425324
65424810
65424410
65423807
65423549
65421244
65419757
64874332
65419554
65419711
65375795
65457840
65457345
65457115
65455148
65454588
65282947
65181684
65181496
65445813
65444337
65443357
65441922
65430809
65427117
65426785
65426235
65425607
65425001
65441605
65435182
65396294
65458463
65427901
65431401
65429758
65428528
65426053
65428997
65428614
65427542
65373259
65261649
65259143
65373076
65245119
64933696
65448416
65445225
65443545
65438598
65436518
65457107
65456843
65456408
65455924
65455234
65454292
65453618
65452689
65380794
65380094
65379152
65377736
65335128
65334194
65423040
65422448
65421934
65420991
65388353
65387960
65387514
65387323
65378719
65444928
65443746
65441886
65439987
65438286
65436481
65435144
65434270
65432162
65421283
65420944
65420573
65413671
65412209
65411134
65395728
65395000
65392354
65430102
65429448
65428659
65428026
65427358
65410705
65409205
65392023
65391514
65397098
65376129
65397323
65395594
65376604
65375704
65372239
65446361
65444764
65443540
65434436
65433548
65432962
65432188
65431174
65429467
65426040
65449717
65372689
65336634
65333775
65332572
65267605
65439226
65437684
65375748
65442354
65441180
65439113
65437720
65436267
65435101
65433779
65432948
65458448
65379270
65375009
65402070
65400588
65394948
65447958
65446225
65444448
65438351
65437027
65436441
65427704
65432130
65431556
65430469
65427555
65426678
65425889
65425294
65424886
65448390
65445442
65450928
65449615
65446887
65423360
65422921
65452555
65448455
65446927
65419362
65387220
65458404
65457977
65454669
65458307
65432208
65444603
65458555
65456791
65456349
65456066
65455475
65454968
65450462
65458004
65457639
65457438
65457019
65426461
65425752
65425226
65424644
65424394
65423955
65453904
65453103
65447750
65446718
65439886
65421564
65422526
65422131
65432995
65431886
65447220
65446151
65455935
65448991
65458476
65458273
65457924
65457585
65457274
65432690
65435952
65434756
65433534
65432778
65431956
65423893
65423398
65433834
65432951
65432367
65430832
65427844
65427445
65425409
65424223
65456090
65454931
65454273
65453676
65444223
65403695
65387443
65451497
65434995
65432497
65430197
65442041
65438523
65428364
65443905
65442594
65441150
65439608
65438467
65435330
65434308
65433317
65433167
65426781
65445307
65453334
65448679
65447025
65440020
65438632
65434881
65430443
65456053
65423795
65456576
65455596
65454809
65453926
65453394
65452498
65299711
65295348
65294598
65449675
65448590
65447324
65455417
65454528
65453540
65451517
65450463
65449656
65272044
65271260
65457561
65457244
65457017
65455520
65454714
65426729
65426161
65457751
65456746
65455271
65447955
65446669
65455338
65454707
65453472
65453035
65403147
65401698
65400172
65398928
65423327
65423057
65422674
65455785
65453488
65452941
65451309
65458742
65458588
65458383
65454371
65453330
65452678
65451498
65450546
65457994
65457647
65457248
65454115
65448921
65449136
65447732
65456981
65437411
65435857
65458247
65458036
65457625
65452475
65451439
65445590
65458049
65457916
65457586
65457113
65456616
65454575
65452505
65451299
65458799
65458658
65458394
65458054
65457898
65457683
65457278
65456862
65456383
65458208
65458048
65455365
65448862
65457510
65457220
65438075
65455529
65454801
65446075
65444149
65442360
65441291
65439568
65432339
65458641
65458484
65457966
65457654
65422446
65452283
65458832
65458676
65455859
65455248
65454668
65426745
65448791
65447107
65445316
65443644
65440823
65448174
65447060
65448486
65446753
65443989
65458710
65448676
65447080
65445438
65443803
65442606
65440571
65433609
65458696
65433521
65406929
65404913
65444580
65403741
65372021
65370443
65307308
65413847
65436559
65377658
65373694
65452225
65451521
65442345
65379909
65378327
65451608
65447617
65446155
65444639
65440149
65399906
65399074
65458697
65458365
65425844
65425138
65442768
65437906
65424334
65423645
65421989
65429224
65427577
65399408
65437744
65432325
65431521
65430605
65455960
65455451
65453297
65430887
65444278
65442565
65441371
65437620
65436065
65433627
65432932
65430731
65429588
65435510
65441463
65451531
65450228
65436901
65412109
65411513
65405270
65445674
65441417
65438290
65436371
65433998
65440946
65437447
65435820
65435062
65434014
65437470
65434139
65397147
65361484
65437164
65455107
65454399
65440664
65444150
65442302
65437823
65434447
65433623
65432505
65456612
65456026
65306191
65303493
65432087
65431600
65415547
65446101
65444311
65440428
65437561
65436593
65435606
65434121
65433494
65432891
65425366
65424686
65424323
65422889
65422679
65394005
65435643
65393549
65365067
65364282
65329562
65288564
65288159
65268258
65444494
65443877
65441247
65439412
65251471
65250333
65249343
65248045
65413959
65413412
65412687
65412019
65410267
65408759
65427042
65426020
65425495
65424926
65423596
65444054
65439949
65438590
65404255
65403515
65399575
65438582
65436169
65364893
65363908
65338957
65434961
65405914
65444033
65442054
65434137
65408828
65408160
65451765
65448117
65445392
65443471
65444914
65443418
65441276
65437443
65369597
65449904
65448876
65447905
65446312
65444670
65442949
65441387
65440485
65396908
65450938
65450213
65449227
65447804
65446730
65444856
65442893
65441637
65440338
65432554
65457026
65456788
65455402
65441436
64334891
64334446
65433024
65455003
65449209
65437662
65389226
65453742
65450098
65444836
65438940
65458980
65458780
65456840
65441051
65439397
65437875
65436642
65432840
65431837
65293890
65291671
65289925
65434356
65433560
65430938
65430228
65398672
65457951
65457612
65457181
65456790
65456175
65455473
65454779
65453861
65453354
65452914
65434567
65433464
65423021
65422142
65421648
65409818
65408546
65433743
65432140
65396000
65395106
65452788
65452261
65451311
65449816
65448514
65439374
65433798
65419841
65419519
65323125
65322558
65322291
65441757
65435299
65436157
65435371
65432824
65431249
65429930
65448001
65441456
65439321
65437651
65436091
65436414
65435103
65432078
65430946
65442982
65441606
65440462
65439381
65437820
65436553
65435744
65330013
65262032
65455666
65454277
65449056
65445850
65443982
65442469
65448451
65444464
65431425
65429725
65429129
65438020
65446265
65444785
65442550
65441106
65439074
65437487
65436715
65434675
65439733
65438099
65435158
65434416
65431728
65429533
65429170
65257107
65431936
65428984
65428293
65427441
65455112
65454243
65453196
65451685
65450247
65449249
65445386
65401567
65370895
65337230
65335563
65305577
65360283
65454456
65453426
65452454
65451362
65449373
65446720
65445171
65436985
65432261
65427050
65457265
65456101
65453580
65452240
65450968
65449728
65448493
65449680
65427738
65425577
65424726
65424092
65423612
65455524
65454673
65446041
65444338
65443722
65440507
65446136
65444600
65443755
65442103
65396386
65395049
65394076
65453931
65448302
65446054
65444209
65442035
65445062
65441319
65436179
65431684
65452122
65450861
65449219
65441160
65439320
65437968
65436291
65436685
65436222
65427233
65426351
65425602
65425190
65424628
65453142
65438827
65426392
65425769
65423998
65422127
65421562
65421111
65420816
65420536
65420401
65420112
65419823
65455738
65454951
65451825
65456243
65437695
65426174
65425779
65425292
65455184
65457174
65456559
65455940
65455221
65454357
65459020
65458835
65458645
65428325
65449109
65447983
65444927
65442964
65441358
65445536
65443618
65442393
65437450
65449216
65445994
65448738
65448156
65446974
65459092
65458886
65458546
65458347
65458126
65451324
65449804
65448734
65448022
65456963
65456465
65456138
65455717
65454921
65454543
65454150
65448315
65446958
65445396
65444310
65440877
65438778
65437866
65428455
65426741
65423158
65373351
65438719
65437066
65427232
65426395
65426115
65456597
65419493
65428850
65428084
65427452
65426961
65426572
65426214
65425514
65424893
65363385
65395669
65394772
65429128
65428533
65427910
65427515
65426827
65388623
65376161
65370627
65369391
65429948
65454629
65453621
65435502
65433992
65433337
65432229
65431672
65431115
65430199
65430303
65433503
65432090
65431035
65430327
65401074
65399344
65428898
65409453
65449855
65448088
65415450
65451644
65450812
65449348
65448779
65447998
65446849
65445186
65443554
65441775
65440126
65430546
65425914
65400339
65459219
65459098
65458940
65458648
65458502
65458143
65457953
65457669
65457262
65456727
65432179
65431543
65424157
65398650
65456233
65454662
65454135
65453210
65451210
65450278
65449470
65432734
65431866
65430001
65428863
65428379
65427667
65276255
65275575
65402890
65400448
65399175
65397869
65418642
65418527
65403208
65386730
65330043
65328882
65297781
65429598
65428692
65428312
65405016
65403699
65402213
65400893
65440375
65436042
65434050
65433408
65432803
65432197
65427550
65426826
65425732
65398736
65395385
65427866
65426732
65426249
65425578
65425140
65424475
65428740
65428214
65427396
65409067
65303336
65301549
65082603
65448990
65425644
65430871
65430316
65428199
65427703
65449131
65447296
65445960
65444684
65443280
65441042
65439751
65438263
65437023
65434604
65424482
65424074
65398229
65458978
65458724
65458497
65434239
65442243
65427453
65425048
65424596
65181094
65419008
65418523
65458038
65424779
65419482
65441464
65439011
65437058
65429713
65429096
65451175
65447683
65446747
65443835
65442934
65439210
65430047
65436433
65435255
65434171
65433415
65432843
65448501
65450657
65449884
65448325
65443081
65440039
65438694
65437159
65435504
65431786
65431314
65429744
65429790
65427348
65424977
65423068
65422798
65434819
65433650
65422032
65421725
65401125
65352982
65451454
65451824
65455657
65455397
65452982
65452112
65432485
65451762
65451046
65450625
65449060
65433491
65421437
65456170
65455669
65455255
65454066
65453070
65452201
65451669
65450726
65449240
65457426
65454317
65432633
65431906
65430880
65424912
65424281
65423674
65434130
65432300
65431597
65430717
65429472
65441013
65438951
65429417
65424610
65424121
65423713
65423261
65436201
65434758
65434020
65426399
65425249
65457064
65442762
65441542
65456858
65456437
65455904
65455392
65453818
65452930
65452334
65451214
65458642
65457970
65457569
65457163
65456886
65455015
65425272
65424285
65442884
65437809
65435793
65421946
65436948
65434921
65434858
65429047
65428554
65444485
65440139
65438400
65436000
65435304
65433968
65440262
65439081
65438401
65435538
65434636
65437800
65435011
65434161
65433451
65434528
65432876
65429194
65428260
65426730
65450225
65439504
65351458
65459621
65459474
65443311
65437933
65443235
65452677
65459049
65458574
65457232
65459159
65458934
65459354
65459063
65459594
65459437
65459305
65459184
65459032
65458095
65458956
65458762
65453086
65452176
65450755
65447560
65446777
65445754
65443636
65454676
65453746
65453024
65446040
65444353
65442553
65458746
65457237
65448440
65451652
65453264
65450774
65448479
65453966
65452391
65451590
65450668
65414480
65450927
65270244
65266363
65263007
65447623
65446749
65446007
65439854
65439102
65437383
65459453
65459309
65459073
65458965
65458749
65458514
65458211
65457906
65457528
65448427
65445490
65406733
65404551
65403983
65402746
65401959
65446805
65424743
65424362
65362902
65453340
65447466
65443449
65447021
65445637
65441501
65439746
65438724
65435609
65453254
65447886
65447034
65459511
65459304
65459178
65458938
65458006
65457649
65457297
65456988
65404681
65403205
65400458
65447263
65436189
65423016
65421953
65450331
65445479
65443921
65441980
65440666
65437496
65451766
65442560
65441686
65437996
65340208
65445421
65443132
65439702
65432578
65391810
65391127
65445411
65440102
65459596
65459372
65459208
65458636
65458356
65458169
65457782
65457490
65445063
65439906
65438985
65454362
65451607
65450716
65449494
65415276
65448099
65445969
65441683
65437394
65436083
65442362
65407973
65406942
65406017
65407952
65407114
65405537
65404482
65456604
65456186
65455844
65454558
65453892
65453016
65452384
65451371
65450444
65415738
65384881
65459560
65459407
65459297
65459181
65457677
65457401
65447493
65446458
65393543
65392523
65390587
65444323
65443228
65443663
65439422
65425666
65174682
65173396
65397965
65438273
65434606
65043922
65042602
65446912
65442790
65440807
65432852
65432230
65428172
65457223
65456708
65455992
65448534
65440740
65404350
65412739
65434078
65274555
65273964
65273135
65271891
65448242
65443382
65441519
65438433
65423930
65422212
65442018
65440872
65437192
65444516
65442389
65437255
65445345
65428190
65407088
65405767
65388266
65387738
65357585
65357062
65450141
65448213
65446874
65445879
65444622
65440255
65409374
65441719
65365688
65365055
65363708
65362929
65438533
65436769
65456928
65453687
65451739
65449531
65447671
65446896
65445941
65456551
65455971
65454307
65390233
65389582
65444947
65396078
65395086
65366585
65364839
65334687
65332080
65449021
65440720
65448371
65444800
65427290
65425115
65407373
65405661
65403403
65437118
65434852
65403728
65402035
65400710
65371526
65368435
65440857
65287827
65378560
65407975
65441572
65423709
65442370
65430320
65448212
65441711
65438908
65438065
65245688
65244954
65244022
65121802
65120583
65119351
65117865
65437518
65435994
65375333
65374084
65372575
65369853
65368706
65446505
65410563
65409737
65408076
65427978
65426910
65450532
65447450
65444826
65446977
65445018
65443486
65444143
65442216
65437890
65439567
65366428
65338217
65452848
65449797
65449185
65447541
65424032
65423512
65423210
65368881
65436794
65435314
65426356
65425788
65423539
65422796
65421885
65421187
65423102
65421683
65399766
65426125
65438403
65436751
65430430
65429970
65429105
65428476
65427975
65426837
65429747
65428994
65428213
65427581
65455950
65455414
65459731
65459473
65459311
65459156
65458607
65458441
65426288
65425546
65424540
65424296
65423825
65445848
65430280
65362978
65362335
65362039
65444654
65432028
65429633
65425254
65423942
65440754
63858910
63857956
63856979
63856004
63854764
63853957
65454843
65364998
65434330
65433588
65431037
65398391
65397585
65394599
65453377
65452789
65451196
65449200
65447259
65445156
65443730
65367024
65454947
65443896
65427599
65459074
65458902
65458669
65454486
65453435
65451621
65450394
65449463
65448838
65405985
65273314
65026612
65026305
65446762
65444552
65415546
65413345
65458775
65458530
65457718
65457489
65456967
65387628
65387316
65356323
65356080
64974974
65335319
65333421
65331434
65453298
65452468
65404240
65403454
65368796
65367350
65366572
65448473
65446603
65444288
65435660
65409621
65408870
65407384
65421592
65419072
65417752
65386998
65386853
65386079
65438905
65161461
65430310
65429565
65397221
65396250
65457772
65457462
65456970
65456570
65455328
65454175
65453134
65437020
65435492
65434594
65434162
65419832
65258462
65435768
65431880
65431440
65430745
65439680
65409032
65408357
65459895
65459686
65459409
65459278
65459120
65458537
65458325
65441208
65436072
65435349
65367103
65333594
65445445
65441497
65437485
65367940
65279391
65273256
65272417
65252637
65251494
65452154
65458967
65458834
65458756
65458534
65458398
65458274
65457928
65457259
65436906
65436027
65434558
65458900
65458271
65457913
65451942
65445235
65441098
65431852
65429707
65439790
65438969
65423619
65423013
65422520
65354757
65354504
65354210
65353961
65353533
65353061
65421895
65355029
65354588
65354038
65352692
65423288
65421743
65419626
65419151
65425443
65424653
65422330
65354699
65353279
65424084
65420698
65419974
64986364
64943750
65420311
65321356
65320754
65320531
65320324
65320097
65319730
65355201
65354920
65354432
65354269
65460508
65460227
65459924
65460359
65460110
65459840
65459359
65457565
65457308
65459328
65459986
65457856
65459230
65458853
65458626
65458358
65458181
65457858
65460692
65460254
65460111
65459878
65459654
65438828
65437008
65435740
65419580
65460018
65459760
65459623
65459463
65438971
65437121
65435746
65460324
65460162
65459689
65418632
65415919
65460806
65460349
65441508
65460907
65460680
65459985
65459799
65459520
65459398
65459188
65460309
65460065
65420527
65420183
65419718
65419089
65418810
65387163
65460895
65452031
65460263
65455241
65454493
65443190
65441793
65422353
65421900
65421662
65460708
65460889
65459448
65460119
65404706
65402550
65397131
65460854
65459209
65458948
65458791
65458622
65458428
65460784
65445688
65441128
65439204
65374134
65460267
65460028
65405949
65301605
65300305
65390180
65389045
65388735
65460185
65460005
65459830
65459661
65459426
65459310
65459046
65458944
65460549
65460651
65440861
65439352
65438464
65437070
65436416
65435540
65427103
65460605
65460447
65442843
65439238
65460372
65437271
65436216
65434950
65434473
65433510
65432589
65406242
65405253
65460124
65422762
65459965
65412916
65407790
65406462
65405670
65404759
65393144
65460595
65460406
65459773
65460918
65460591
65460653
65457860
65457519
65426320
65425564
65425123
65424411
65423851
65459996
65398580
65419481
65419142
65398540
65397187
65427659
65426775
65425981
65384832
65384288
65460284
65460150
65458687
65458576
65434274
65433435
65432520
65427457
65386522
65379833
65379043
65376210
65460215
65460061
65459764
65459044
65458823
65426649
65425954
65425629
65417482
65421217
65420840
65420620
65373003
65328482
65235136
65460966
65460718
65460492
65294362
65194142
65115657
64999615
65173131
65459730
65459501
65458854
65426488
65384855
65319208
65109933
65026284
65025860
64979796
64828396
64803251
65454048
65460977
65460574
65460173
65459835
65446224
65445025
65435397
65456220
65455432
65460387
65426310
65425279
65424309
65424002
65460178
65440885
65410945
65407543
65460703
65460210
65430761
65429442
65428275
65427810
65320896
65319151
65252936
65460367
65460211
65424419
65424103
65422892
65432046
65453798
65452903
65452104
65450780
65449828
65313524
65313143
65312699
65451763
65450839
65449298
65447879
65447192
65434796
65460253
65456889
65456306
65457521
65449930
65448609
65449669
65445919
65444891
65443343
65442492
65441834
65440822
65437473
65425398
65424077
65423476
65420438
65419980
65443145
65441243
65461179
65460636
65459806
65459603
65459468
65459258
65460939
65460786
65425460
65461180
65459884
65459423
65461036
65460546
65460224
65460474
65460265
65459479
65431466
65461369
65460764
65460115
65439234
65435774
65435065
65431542
65431111
65430426
65429658
65423731
65423228
65459664
65459548
65459344
65459088
65458879
65458144
65433199
65428227
65427423
65425984
65435818
65456546
65442786
65439097
65438269
65456401
65455726
65455342
65455415
65453356
65452324
65440637
65440593
65439239
65436061
65433244
65432725
65431741
65459842
65459517
65459204
65437784
65436835
65458243
65457930
65457780
65457517
65457177
65456645
65456039
65455310
65454266
65453269
65451547
65456506
65455330
65454617
65453848
65452916
65452181
65450992
65449740
65447999
65460021
65453111
65271079
65269413
65175440
65441820
65440844
65439602
65454049
65448094
65461353
65461098
65460736
65444679
65442764
65441298
65461690
65458937
65460637
65461866
65456442
65455896
65425572
65424842
65424163
65423753
65423533
65423251
65422722
65422258
65459563
65459971
65460199
65459436
65415641
65459059
65458826
65458673
65462051
65444417
65461174
65456018
65455605
65462059
65461900
65461455
65461169
65460992
65460696
65460490
65460025
65459788
65461950
65461643
65461288
65460988
65460586
65460423
65460206
65459466
65462010
65461562
65461363
65461029
65460873
65460713
65460448
65460106
65459870
65462212
65461972
65461603
65461236
65461004
65462487
65461941
65461337
65461082
65461613
65462475
65462118
65461642
65461044
65460464
65427635
65437852
65434638
65422903
65460461
65460338
65389561
65388988
65459177
65459452
65459015
65458730
65461439
65460006
65459226
65458616
65459162
65459023
65458527
65458183
65459885
65459540
65459267
65458894
65459235
65459058
65458915
65443954
65443265
65441351
65385634
65462371
65462159
65461736
65461395
65460374
65458925
65461992
65461576
65459144
65458670
65458204
65461710
65460893
65460667
65460428
65460155
65459890
65459470
65458499
65458105
65457855
65462430
65462039
65461725
65461915
65461376
65462257
65461871
65461548
65460880
65457305
65455750
65456815
65457299
65364509
65462792
65462530
65462172
65461698
65461291
65461102
65460935
65455351
65461039
65457744
65380991
65380149
65457917
65456007
65455289
65439630
65437869
65436589
65435124
65462357
65461899
65458488
65414191
65458824
65459933
65459789
65459705
65459101
65458644
65458009
65457087
65318939
65456294
65462074
65461627
65461201
65456308
65450837
65450163
65449203
65457823
65457507
65380327
65379522
65378541
65378141
65377218
65376162
65459349
65458867
65458568
65457723
65456922
65456499
65458914
65458320
65456477
65387127
65462519
65462240
65462054
65461746
65461468
65461139
65460925
65456710
65384304
65383719
65458985
65456850
65462291
65461882
65461508
65459652
65419378
65460789
65460489
65459290
65459136
65458898
65458408
65458086
65457816
65405396
65462918
65462061
65462832
65463240
65454784
65453817
65452620
65364760
65457257
65462807
65461492
65462474
65462129
65463179
65462582
65462208
65461781
65461070
65460887
65460608
65460477
65460184
65459960
65388273
65387170
65387017
65460179
65460010
65459883
65459757
65459550
65458646
65460315
65459570
65417849
65417675
65312982
65312675
65312315
65311487
65459196
65421328
65421116
65420966
65419236
65418798
65418652
65418503
65453048
65452267
65450936
65449480
65412151
65459955
65459749
65459521
65441218
65439409
65437638
65394951
65394463
65459549
65368291
65213820
65210872
65209909
65042429
65459121
65414849
65413697
65367364
65425205
65423866
65462109
65461769
65461177
65461000
65459593
65459040
65458792
65458630
65427499
65426985
65459616
64715508
64381570
64380505
63744122
65446998
65425360
65424968
65424662
65381471
65454415
65453061
65452095
65450910
65449435
65448567
65302862
65301048
65240933
65240099
65239429
65424816
65423449
65436612
65434234
65433458
65431796
65430888
65430533
65430669
65430231
65427304
65427007
65453496
65452316
65451011
65449578
65455618
65454902
65453916
65461167
65460831
65428194
65427816
65297497
65446222
65445325
65463452
65463082
65463556
65463014
65462044
65461735
65461622
65461379
65460743
65463243
65463714
65460559
65460283
65433589
65431818
65336952
65461783
65461368
65461126
65460946
65460435
65460395
65459748
65326661
65463776
65462999
65462617
65462171
65461778
65461482
65461143
65460905
65460579
65460122
65459561
65446474
65438923
65425310
65424545
65423896
65457769
65457496
65455488
65454704
65453716
65452925
65452215
65450977
65450423
65449140
65448652
65449618
65448016
65459604
65459417
65459256
65456933
65456433
65420034
65419821
65432888
65429385
65428731
65428192
65427709
65427013
65455195
65454153
65451475
65448975
65445787
65451567
65450452
65449899
65448852
65447956
65447036
65444226
65443290
65442202
65462267
65461823
65459849
65459672
65458427
65454022
65450024
65398881
65396825
65396062
65455325
65454791
65453825
65452858
65434212
65391399
65390900
65461480
65461145
65440747
65439701
65422485
65456636
65455966
65455276
65454725
65454203
65443621
65441560
65439636
65437923
65436324
65435200
65422893
65428814
65428143
65427497
65426983
65426583
65441574
65439768
65436420
65434090
65432343
65450453
65448972
65410516
65409307
65408529
65362242
65447667
65446310
65444708
65442655
65441765
65457591
65456683
65456166
65455427
65454878
65460689
65460146
65459920
65459680
65459396
65459271
65464053
65463640
65463704
65463045
65462485
65462710
65458212
65426739
65426220
65459807
65459669
65459490
65457360
65457022
65455956
65413868
65413439
65455814
65444173
65442326
65413461
65412816
65411696
65410730
65409645
65456143
65422128
65413090
65412718
65409236
65408576
65378136
65324761
65386216
65386134
65464163
65461159
65460912
65464752
65464037
65457340
65456511
65455732
65454557
65361673
65458767
65450830
65449566
65448273
65447040
65443619
65430479
65429678
65428800
65457950
65457651
65457412
65456899
64332746
64309031
64307786
65416619
65417828
65417538
65417420
65439100
65436799
65435721
65428720
65427883
65458510
65457221
65456706
65458121
65447303
65464944
65464295
65464024
65463135
65457410
65458184
65457684
65455174
65454265
65453082
65452002
65354013
65274759
65273666
65459717
65458472
65458292
65457544
65458569
65458242
65419290
65418707
65456992
65420206
65419727
65456544
65455660
65454761
65453788
65456882
65455837
65455337
65456994
65455523
65454651
65454012
65464846
65464155
65462610
65461891
65461124
65460564
65457350
65384154
65383263
65382956
65464761
65462980
65462659
65462334
65461461
65461103
65456714
65456432
65455125
65454381
65457062
65456102
65451179
65445938
65442323
65454269
65453434
65464309
65446470
65444586
65401086
65161223
64950439
65456773
65456429
65455920
65455409
65454685
65453921
65453232
65452295
65451707
65452826
65451875
65450643
65448304
65447789
65432203
65463409
65307389
65465469
65462639
65462164
65461703
65434164
65431265
65417156
65416866
65416675
65416316
65415986
65415843
65415084
65414486
64802965
64797375
65455189
65454579
65453414
65408113
65463617
65462471
65461801
65455454
65453630
65453238
65452399
65455727
65452500
65449291
65441068
65444122
65438573
65170958
65441848
65440575
65464467
65463919
65386581
65319141
65318930
65460709
65432033
65041027
65432804
65432323
65464062
65463718
65463362
65462894
65462521
65462175
65460520
65460087
65458960
65458659
65457963
65457449
65457272
65464784
65464328
65463839
65463660
65463142
65462854
65462307
65462021
65461776
65461347
65458147
65457863
65460825
65460581
65460410
65460158
65459645
65459062
65458924
65459427
65315866
65278600
65240202
65233359
65228610
65226345
65150955
65063560
65343010
65324135
65180803
65143746
65136641
65066432
65062522
65275655
65237419
65182754
65139813
65105066
65073292
65463764
65459530
65415831
65371738
65313388
65280261
65256023
65237408
65229634
65281678
65278801
65243798
65196407
65237873
65186075
65465588
65464615
65464131
65463440
65463165
65462419
65461644
65460597
65459008
65460394
65459946
65459801
65459627
65456029
65455293
65454328
65453710
65459502
65458970
65458707
65454943
65453946
65452030
65451151
65449975
65448381
65459673
65459581
65459462
65459048
65458903
65458598
65458364
65458135
64872832
65465662
65465258
65464545
65464030
65463592
65462949
65461054
65460878
65459853
65459742
65458936
65458708
65458422
65454422
65453714
65452901
65452305
65451571
65422858
65403215
65401421
65400818
65399970
65399367
65398555
65398048
65460756
65460242
65458822
65457788
65457560
65457241
65456718
65463662
65463388
65463043
65462616
65439529
65438470
65422984
65459709
65459400
65459313
65459103
65458443
65458265
65459089
65458984
65458532
65458415
65458202
65458043
65431953
65459727
65459248
65459116
65458743
65456500
65456219
65455490
65435586
65434433
65459051
65457717
65457416
65456406
65455691
65413368
65458639
65458559
65458180
65457607
65457315
65457036
65456624
65455834
65459367
65459274
65459190
65459029
65458928
65458678
65460341
65460217
65459937
65459499
65459331
65458287
65459127
65458468
65457877
65457497
65457159
65412544
65411774
65458511
65458219
65457958
65380125
65379548
65378577
65377942
65377152
65465600
65464880
65464190
65463999
65463605
65465795
65459500
65459160
65458062
65438626
65437723
65437239
65435811
65337476
65336614
65335776
65334851
65333641
65460499
65460356
65460074
65459784
65459571
65458942
65458757
65465816
65455892
65454114
65458732
65415954
65415771
65415519
65415191
65414420
65457334
65457093
65456757
65456414
65455998
65455244
65454586
65458090
65457640
65457396
65456424
65455565
65455075
65454239
65465664
65465276
65464587
65464210
65463554
65463196
65462739
65462271
65462063
65458495
65251027
65250077
65249314
65248785
65184443
65184249
65184063
65462389
65461612
65461114
65460757
65460617
65460507
65460190
65459976
65448105
65446598
64556973
64556155
63287538
63286912
63286207
63285552
65466234
65465713
65465050
65459419
65459205
65458905
65458170
65457862
65407590
65406581
65405548
65405017
65459099
65415788
65415416
65415114
65414396
65413972
65458013
65455969
65455391
65454595
65453554
65457918
65455496
65454652
65453259
65452545
65451440
65419961
65419721
65419532
65419038
65418892
65418681
65418487
65418311
65465320
65457144
65346630
65303589
65280139
65278069
65247895
65257268
65237866
65233972
65232857
65457531
65365895
65318561
65317797
65285010
65280206
65276408
65464461
65459295
65458865
65458637
65401215
65369534
65368562
65459683
65459546
65459389
65458974
65457844
65451006
65457119
65456656
65456299
65455763
65464267
65461680
65461477
65461304
65460984
65460390
65460195
65459866
65458515
65315295
65314970
65314632
65314257
65313669
65313205
65280062
65457673
65457338
65457142
65456646
65457288
65456873
65455709
65455332
65466009
65465544
65464814
65464154
65463751
65463364
65462945
65462590
65462046
65461804
65363472
65316804
65279858
65135994
65112182
65061945
65034737
65465706
65416509
65386968
65363517
65303192
65276991
65432072
65429120
65389397
65277007
65239593
65237831
65464598
65418345
65382412
65364219
65353437
65349939
65386743
65251962
65251531
65334385
65196617
65183514
65144092
65316728
65289344
65280762
65255990
65254321
65238170
65466307
65465677
65465003
65461748
65460536
65455495
65365436
65312301
65295762
65285242
65417838
65363514
65355640
65312283
65280596
65230083
65464184
65463343
65281112
65278153
65100745
65462463
65456366
65385308
65339474
65239097
65104600
65103344
65458782
65456697
65464952
65457881
63870484
63869889
63869414
63868753
63867596
65462428
65396644
65306299
65260543
65259548
65244392
65243688
64938280
64798505
65458874
65458712
65458231
65457437
65374734
65464421
65463974
65460413
65458116
65457400
65457196
65456631
65450848
65457246
65456745
65449112
65444056
65407430
65373373
65372313
65243140
65242690
65457538
65457047
65456892
65455952
65455583
65455237
65454520
65453878
65458801
65460047
65459826
65459650
65459439
65459334
65458731
65458617
65428445
65427712
65427027
65457352
65456940
65416198
65415560
65382793
65382342
65382140
65457302
65450845
65449271
65312902
65312626
65311859
65294351
65459697
65458302
65458079
65458653
65435853
65434710
65020091
64975362
64974895
65456558
65416452
65416122
65415625
65412334
65410898
65409785
65466453
65457573
65456371
65426922
65425780
65425167
65424571
65424291
65461847
65461391
65461203
65460219
65459699
65458179
65446477
65444279
65466090
65412207
65362116
65295614
65294409
65293768
65293114
65381652
65380315
65466536
65465880
65464644
65464300
65463895
65462799
65461907
65465726
65428138
65466291
65465428
65446743
65444904
65444290
65443052
65440871
65466692
65445780
65444106
65443535
65441753
64937076
64935848
65399450
65398919
65398285
65428707
65428077
65415391
65414952
65414615
65455867
65455637
65455396
65454577
65453701
65452646
65451458
65450605
65465498
65464727
65464259
65463729
65448141
65447483
65455042
65454350
65453900
65453357
65452919
65452026
65467123
65466394
65450483
65466122
65465667
65464929
65464481
65448557
65446614
65442508
65117285
65116309
65114606
65113990
65082575
65081534
65240549
65239645
65238938
65238446
65462315
65436595
65390639
65433268
65461404
65461074
65460766
65433938
65432847
65431873
65448579
65466892
65466214
65251198
65250717
65249432
65208195
65206999
65206253
65466912
65443008
65442343
65440601
65438771
65443683
65442976
65441075
65439304
65395928
65395255
65394698
65393830
65466758
65466109
65465647
65465090
65464484
65462304
65461472
65461272
65463850
65428080
65427309
65453884
65452829
65451696
65449992
65448953
65447883
65446485
65444570
65442910
65463507
65463098
65462843
65374139
65457540
65457103
65441277
65435288
65430091
65364945
65364226
65465875
65472566
65471549
65470617
65469623
65468652
65467753
65466497
65465951
65465504
65467998
65467240
65466752
65466248
65465479
65464617
65464297
65497741
65496391
65494685
65492903
65488901
65486104
65483433
65482048
65496850
65503686
65502756
65501749
65500884
65500209
65499638
65498636
65497064
65496106
65494517
65462615
65469003
65468489
65467577
65466639
65464236
65503374
65502618
65501427
65495072
65493756
65491021
65487100
65485096
65503544
65501321
65500545
65499446
65497980
65495285
65493349
65483071
65481104
65464722
65488221
65486640
65485587
65484450
65470465
65469434
65468012
65466259
65465122
65472879
65472195
65468687
65467130
65466492
65465993
65464041
65503845
65501048
65499984
65498351
65495585
65494156
65492018
65489893
65489062
65503189
65502375
65497197
65490710
65478554
65477557
65476510
65475493
65474462
65471644
65470838
65469276
65473086
65472084
65470406
65469549
65466124
65465705
65465009
65475118
65473946
65496303
65495875
65493129
65489421
65488387
65486868
65485357
65484015
65482455
65481453
65492328
65498116
65465579
65494874
65490431
65485718
65476653
65476010
65474815
65496616
65492609
65504107
65503052
65501189
65498893
65483578
65486411
65484456
65468170
65478969
65478293
65464714
65499072
65494651
65477965
65479579
65479013
65480686
65479885
65478731
65494345
65491650
65487732
65486547
65484660
65482127
65500723
65499268
65474089
65473305
65472478
65471375
65470735
65477938
65477412
65476532
65475409
65474623
65473938
65473027
65472415
65471744
65470898
65488528
65487029
65485648
65484178
65483077
65471851
65357785
65357056
65356550
65323863
65484896
65467380
65491350
65496548
65495654
65493945
65492397
65490029
65488462
65486531
65492182
65489694
65487922
65487301
65484039
65479373
65477699
65470038
65469032
65467860
65465342
65464958
65464656
65464148
65463474
65474588
65467684
65466705
65466134
65365782
65364732
65362746
65361642
65360323
65501953
65500760
65499931
65498818
65498015
65496392
65493490
65491914
65488657
65487368
65476359
65475554
65474967
65474269
65473418
65471653
65445315
65444188
65477223
65476480
65474934
65474124
65473517
65466018
65465592
65465200
65484391
65483800
65482643
65481893
65481200
65480025
65479083
65478086
65476237
65475295
65474754
65473768
65471701
65468056
65494106
65492574
65490954
65480579
65479919
65471886
65462605
65485253
65484018
65482895
65482064
65481350
65479269
65478223
65476108
65475438
65504548
65503952
65503240
65502673
65502022
65475837
65474489
65473640
65473199
65404539
65402940
65399920
65475873
65474747
65474224
65473799
65473060
65471758
65408409
65471684
65470930
65470421
65469836
65468967
65490296
65477930
65473557
65473042
65493290
65490747
65489746
65488353
65486959
65476812
65476285
65475007
65473782
65483477
65482332
65481232
65480257
65479353
65473857
65498227
65496334
65493316
65491639
65490828
65489301
65488759
65486971
65484107
65482823
65301158
65300020
65291977
65490409
65488484
65485907
65484447
65483219
65481922
65481402
65480563
65480010
65477642
65472806
65472169
65378347
65376960
65344690
65470280
65434568
65421896
65104693
65503771
65501700
65481974
65479228
65478429
65477739
65475094
65498143
65470783
65446975
65428076
65427217
65490790
65489141
65487508
65486210
65484868
65483352
65482145
65480791
65479466
65478783
64935251
64799286
64264904
64179529
64179041
64178266
63987316
63942700
65493754
65492638
65491087
65489839
65488721
65486116
65484188
65472296
65503750
65503237
65482937
65481933
65480831
65480031
65478823
65477795
65476940
65475949
65480224
65479566
65478541
65477592
65475712
65475311
65474630
65473765
65472534
65494594
65492908
65490866
65489090
65488282
65483012
65481457
65479756
65472103
65470174
65469410
65355877
65355380
65476036
65473693
65472265
65470544
65469683
65468766
65472746
65472125
65470211
65469028
65468585
65470014
65469195
65468752
65467170
65466824
65465472
65467002
65470836
65412150
65411711
65409918
65480970
65480415
65479116
65476388
65469978
65466389
65473143
65468353
65324410
65493831
65492507
65490466
65488924
65472351
65471166
65491975
65491017
65488888
65487857
65486250
65478373
65477402
65475794
65475169
65486027
65485187
65483787
65482891
65482183
65481148
65480310
65478471
65500339
65498939
65497549
65496713
65494132
65492361
65488316
65486846
65485695
65468899
65468178
65493268
65491491
65477945
65487130
65485856
65484925
65483325
65482692
65481591
65480802
65479800
65479099
65478497
65474697
65472423
65471796
65471188
65495794
65494533
65493632
65471602
65468278
65501091
65500195
65498971
65498128
65497147
65496083
65494705
65493308
65492149
65477388
65471176
65468731
64936600
65504553
65503993
65503529
65502487
65501826
65494249
65492631
65491348
65490222
65491895
65503208
65502373
65501802
65499736
65498704
65497564
65495991
65494357
65493733
65474456
65473760
65427629
65501928
65500767
65499541
65498489
65496624
65494680
65493421
65492481
65490171
65498903
65497865
65476866
65476155
65474935
65474166
65470068
65471832
65471233
65469906
65468160
65467440
65467077
65477675
65477232
65475188
65474356
65473712
65472689
65471984
65498152
65478683
65477043
65476097
65470279
65479179
65471063
65470317
65426210
65492827
65480973
65477874
65477367
65474757
65474227
65471379
65470579
65439015
65437347
65486791
65485883
65483894
65482617
65467399
65500894
65499769
65498833
65497658
65496565
65495821
65494940
65474406
65473473
65472942
65468631
65467908
65457326
65455659
65472007
65471018
65470302
65469187
65456111
65428560
65466094
65378434
65377495
65489322
65487484
65486421
65484910
65484161
65483013
65481858
65480926
65480365
65501446
65478271
65477537
65477108
65476795
65475334
65474485
65473376
65472761
65475099
65471934
65470373
65467953
65477982
65477042
65475980
65456816
65423629
65460148
65459954
65459844
65498779
65489709
65475006
65422116
65409165
65470119
65469551
65486697
65482713
65481622
65480886
65479357
65470734
65469698
65492077
65490723
65488728
65487820
65486777
65485924
65469252
65467651
65469339
65466180
65465628
65500856
65499644
65498299
65496673
65495827
65491902
65490379
65488412
65486742
65481204
65479955
65474973
65474334
65473052
65471038
65469775
65496915
65495997
65494210
65492942
65491818
65488182
65484096
65482518
65470515
65465756
65456276
65455602
65495899
65494504
65492877
65490217
65488239
65487090
65486169
65485211
65484233
65490575
65488857
65486775
65484828
65483635
65482341
65481600
65484675
65482808
65468232
65464485
65463942
65439750
65480564
65479422
65478383
65477623
65477036
65471521
65470434
65469435
65493842
65492319
65491498
65490119
65488106
65486960
65485502
65484091
65482775
65481765
65481010
65479854
65478799
65477825
65476794
65475929
65474361
65473290
65493363
65466721
65466284
65465273
65464219
65463836
65463102
64986711
64986231
64973183
64972480
65502131
65463795
65469794
65429837
65429364
65469500
65448146
65447216
65446177
65444765
65442654
65412889
65502614
65502196
65501654
65500573
65499930
65498930
65498072
65497254
65496182
65495145
65474772
65474149
65468332
65467229
65502213
65501638
65500403
65498991
65497505
65495762
65495256
65493412
65491757
65490618
65477213
65476534
65476102
65475625
65474100
65473837
65472624
65472034
65471350
65473932
65473056
65472437
65471638
65470908
65470193
65469389
65468935
65468549
65501378
65500320
65499321
65498256
65497218
65495749
65476952
65474694
65503995
65503639
65503293
65502675
65501752
65500476
65500074
65498974
65497613
65495946
65505216
65504634
65503930
65503310
65502342
65501494
65500269
65498737
65496589
65489586
65487852
65486699
65474415
65473615
65472850
65472198
65471161
65467538
65467039
65480949
65498774
65491608
65489422
65487727
65486004
65484457
65483427
65482419
65504228
65502829
65501037
65499409
65498558
65496258
65496958
65496001
65465096
65464868
65464197
64981026
65500434
65499493
65484297
65481274
65494871
65493230
65491133
65489732
65488600
65482742
65481495
65470874
65468741
65467777
65453967
65465689
65429675
65498233
65497357
65495838
65494085
65492593
65489313
65487427
65480590
65480117
65477759
65465142
65496829
65495067
65492854
65491821
65490418
65488923
65486539
65485346
65467291
65436755
65404453
65469779
65467960
65467421
64941743
64938933
65468811
65465323
65476994
65476072
65472847
65472373
65466761
65394075
65390095
65388993
65503601
65503024
65502333
65500812
65499657
65498034
65466581
65474040
65468288
65467453
65465373
65464094
65460867
65482579
65481947
65480754
65465011
65464546
65464058
65463702
65486382
65484811
65483726
65481710
65481076
65472983
65472471
65492645
65490610
65489389
65488469
65487198
65476538
65475878
65475380
65412273
65411890
65472561
65471507
65470894
65470344
65503387
65501738
65500553
65499801
65498653
65497690
65495490
65473182
65505095
65504845
65504123
65469942
65468131
65467595
65422716
65478026
65475035
65473926
65472836
65471809
65471362
65467470
65505196
65504479
65504027
65503399
65502603
65501422
65500620
65499242
65475651
65474769
65472370
65467983
65467009
65466343
65464828
65463202
65468803
65468236
65467548
65467227
65465959
65462725
65493810
65492334
65491482
65489623
65488141
65465196
65464805
65464323
65500540
65498270
65497108
65496153
65494552
65493407
65492292
65490640
65489336
65482619
65479870
65479289
65473998
65465072
65463320
65496470
65495512
65475159
65468697
65427980
65505034
65504452
65503837
65502987
65502551
65501063
65499023
65495595
65502947
65490603
65488968
65485090
65483652
65482630
65256063
65218881
65170007
65498111
65490162
65468086
65467259
65463924
65463360
65462892
65462383
65452841
65500168
65499151
65497891
65497131
65496047
65494882
65493672
65489698
65466716
65498435
65497340
65494809
65476947
65490110
65505418
65504673
65501952
65497636
65473797
65499280
65498668
65480698
65480217
65479699
65478886
65477812
65476975
65475942
65493905
65492992
65491796
65489922
65488025
65486257
65485637
65484661
65483320
65475905
65355408
65355091
65265961
65470761
65469929
65491958
65472651
65472042
65469761
65505306
65504975
65504153
65500386
65505341
65504989
65502322
65500744
65497821
65494518
65492872
65491368
65489490
65487778
65477136
65471600
65470632
65469461
65468637
65500924
65499880
65498502
65497316
65495620
65481714
65480040
65477921
65504709
65502088
65493225
65388381
65478103
65474641
65473564
65476232
65475027
65474342
65466362
65469236
65465093
65489224
65488028
65483877
65479121
65467541
65503066
65502109
65500983
65499776
65498354
65496875
65495309
65493441
65491676
65489827
65495974
65493593
65483301
65481680
65480106
65479296
65505180
65485592
65475592
65472812
65471828
65503633
65484923
65483935
65480544
65479183
65485192
65483711
65482307
65468950
65467941
65466347
65465580
65480860
65479801
65479437
65470687
65492273
65473647
65498561
65492527
65490313
65467725
65477283
65471032
65478357
65477271
65470260
65467921
65467505
65490937
65487764
65486767
65502667
65501782
65500495
65497439
65469896
65468778
65468219
65488795
65487548
65476859
65474116
65464863
65465522
65504823
65501658
65497397
65494170
65492825
65491066
65491824
65485932
65484289
65474390
65473308
65492096
65490311
65486845
65478196
65468411
65466978
65489671
65482898
65497073
65495517
65479509
65470722
65470223
65469335
65500833
65494386
65477364
65478407
65496121
65494633
65470072
65469004
65505705
65499985
65499138
65497622
65488258
65483583
65476193
65475688
65470925
65469660
65469069
65467979
65486521
65484524
65483725
65481246
65474664
65474120
65473408
65504403
65477506
65476466
65475262
65465413
65490989
65465191
65463952
65425356
65424544
65503916
65503134
65499284
65496495
65494912
65473379
65472571
65499568
65498411
65495673
65493663
65480402
65479676
65478697
65502793
65501093
65497754
65495495
65488119
65486664
65485411
65482270
65468490
65467648
65466757
65466227
65460193
65462215
65461814
65461394
65505654
65505069
65504560
65504289
65503863
65504932
65504065
65503255
65502670
65501703
65500485
65454285
65505891
65505508
65504842
65504256
65503327
65502253
65501719
65501180
65493612
65491203
65490111
65505562
65489545
65488460
65484764
65505546
65504727
65504331
65491283
65493168
65492217
65491496
65505970
65499631
65505921
65486419
65485009
65483014
65496692
65488502
65481047
65479273
65487562
65475690
65500360
65498910
65498102
65496792
65495254
65448891
65505978
65491217
65426589
65424370
65502277
65487459
65485393
65484041
65482673
65482874
65481545
65483831
65472425
65506057
65505720
65504572
65504132
65502421
65501622
65500557
65500068
65481318
65478999
65477279
65490272
65488402
65502245
65492665
65482355
65479918
65501179
65494844
65493093
65489565
65483764
65476345
65475350
65492466
65490834
65495173
65492184
65465001
65494987
65493711
65478265
65501874
65499734
65498327
65506155
65499363
65483396
65482845
65481760
65487144
65502010
65501066
65491440
65489989
65488324
65504279
65503640
65502775
65499225
65495447
65494727
65498797
65496880
65495208
65493526
65491772
65490968
65489429
65497047
65495414
65494036
65493175
65491563
65505844
65505247
65504542
65502433
65501621
65500947
65499688
65498513
65496617
65459674
65505467
65504871
65504255
65496873
65494921
65494027
65506139
65505673
65505377
65504983
65494437
65477186
65476111
65474830
65397164
65503437
65502924
65480000
65481607
65480512
65489160
65506277
65493072
65491573
65505920
65505610
65505068
65504622
65503910
65502609
65494389
65466469
65504333
65479760
65472307
65471234
65470306
65503077
65502152
65496185
65504443
65487342
65487136
65494190
65482390
65479610
65506411
65506180
65505995
65497938
65497203
65492696
65488311
65484540
65482550
65506414
65505906
65504001
65503643
65502187
65501564
65501028
65504601
65503851
65503073
65482428
65481372
65502054
65501112
65480337
65479376
65478475
65461248
65462033
65475228
65474773
65445538
65444080
65287197
65286803
65286586
65470002
65468951
65468523
65506428
65505790
65505403
65504767
65504398
65502930
65491800
65489743
65488399
65501328
65500034
65498727
65497808
65479603
65478760
65502484
65506536
65494064
65492788
65492032
65490164
65485849
65484832
65483476
65450771
65449377
65395553
65394402
65393514
65496780
65494863
65493116
65491120
65489181
65487938
65421384
65421235
65420790
65420518
65469597
65468574
65467741
65467223
65466810
65464508
65500135
65497508
65486841
65485092
65481122
65478871
65504832
65441369
65501745
65496543
65494812
65491089
65434327
65433214
65432566
65506183
65505785
65505483
65502037
65506675
65504306
65503538
65502549
65501768
65501075
65500252
65468580
65467805
65466959
65499196
65480317
65504031
65503565
65502579
65501862
65500783
65499881
65498497
65497948
65497022
65496604
65476545
65475640
65474923
65473648
65471909
65483948
65489770
65488995
65487326
65506371
65505885
65475174
65474213
65472997
65504515
65503545
65492035
65485046
65473581
65470984
65470405
65468799
65467993
65467358
65506792
65506364
65505836
65484575
65483041
65481332
65480214
65479042
65478295
65473098
65471938
65470830
65470184
65468873
65467789
65501627
65499837
65462376
65462154
65499610
65503770
65502773
65501685
65505176
65504502
65503615
65502697
65500390
65498707
65495777
65499570
65498211
65497150
65496126
65495233
65499148
65498202
65491010
65484595
65483580
65494148
65492368
65482058
65477513
65477106
65475776
65475183
65494288
65491468
65467585
65470008
65465082
65502221
65500985
65499886
65480677
65479762
65478945
65478503
65477994
65477477
65480872
65475635
65474876
65474363
65473323
65472776
65471687
65489631
65485719
65484529
65483117
65481920
65506711
65506811
65506178
65505802
65505255
65481786
65506484
65497528
65495735
65491963
65490314
65478906
65506951
65506712
65505173
65489592
65487999
65503530
65499368
65496329
65492844
65490144
65488315
65493182
65483395
65487864
65480593
65478399
65495341
65484392
65477581
65476776
65475534
65473573
65472979
65481311
65500683
65499387
65483210
65470388
65469733
65463371
65403053
65401524
65400502
65399079
65503152
65498414
65495911
65493545
65491999
65462456
65506992
65495836
65490745
65480734
65501296
65465887
65461412
65438731
65502011
65499073
65492592
65499238
65489806
65488222
65503300
65502903
65501942
65501005
65500064
65507046
65504785
65504054
65493761
65489206
65487925
65486694
65485476
65482213
65478105
65477427
65475111
65500146
65495408
65498713
65486439
65484918
65463579
65493410
65491634
65497486
65494475
65491885
65490772
65488904
65486530
65492568
65490679
65487305
65486326
65485399
65484593
65483188
65504798
65504242
65502467
65490757
65489311
65501489
65500657
65453149
65452235
65499383
65497272
65495778
65494105
65492801
65490242
65489385
65477264
65476678
65476148
65475290
65361476
65329347
65487142
65486208
65503346
65502815
65502271
65501401
65501030
65500365
65484985
65441038
65439743
65438511
65427012
65426216
65408587
65448040
65444327
65442935
65441329
65497161
65496037
65494412
65492720
65490887
65488679
65483103
65472929
65472110
65471285
65470507
65469601
65468573
65467691
65500972
65500161
65498728
65497555
65496536
65494849
65493212
65491925
65490952
65489972
65500433
65499318
65494984
65491555
65489630
65444690
65501696
65500548
65500002
65500791
65499203
65497739
65496082
65493066
65491210
65489986
65487966
65495942
65494262
65492794
65491362
65490049
65487507
65485820
65483641
65487897
65484294
65482882
65481966
65480729
65480095
65479018
65496198
65495529
65494374
65493697
65491995
65411469
65410522
65409398
65408862
65489124
65487787
65503693
65502457
65500204
65499092
65497973
65496438
65495395
65494772
65493152
65491305
65489583
65488662
65502494
65501974
65501266
65500053
65499047
65493642
65491774
65489796
65487219
65482037
65467643
65467273
65489059
65484075
65482731
65481337
65480237
65479587
65478540
65474983
65473917
65473142
65471384
65470422
65469867
65468897
65488981
65471284
65470991
65452632
65451789
65507083
65504485
65503968
65503566
65502862
65501867
65500933
65489883
65501662
65488694
65486602
65442401
65496907
65495601
65493855
65492541
65490453
65488677
65487229
65486263
65484019
65482781
65481219
65480358
65500726
65499750
65487616
65486677
65485344
65480775
65487109
65481783
65480578
65475996
65449879
65479527
65491708
65490456
65488607
65481863
65480631
65444759
65443761
65498633
65497684
65496014
65493468
65480302
65478490
65500338
65499509
65496514
65495500
65493914
65492180
65487757
65471964
65470880
65470245
65440968
65438186
65482450
65481389
65480762
65473421
65472314
65471825
65470692
65089959
65507264
65506914
65506542
65506172
65505748
65493288
65491588
65489454
65488396
65466352
65322783
65322392
65321879
65321129
65468620
65467414
65465808
65464907
65352876
65352743
65352249
65469024
65467376
65466261
65465681
65464756
65464314
65463622
65424431
65460264
65460093
65459929
65459696
65459527
65459321
65459113
65467146
65466641
65465617
65463667
65463047
65507174
65506968
65476034
65474759
65473220
65464522
65463835
65463376
65462608
65464351
65477193
65476265
65475251
65473996
65472757
65431446
65430402
65463564
65353539
65463039
65461974
65358547
65356806
65356292
65355693
65463970
65462135
65320163
65319850
65319543
65462851
65286342
65283375
65283152
65384712
65287696
65287158
65286479
65462374
65461692
65460329
65459865
65458573
65506145
65027645
65026849
65319414
65318745
65464215
65463867
65464395
65420805
65417423
65418793
65505888
65504790
65356049
65505706
65460690
65285644
65285260
65284817
65462070
65461269
65320708
65484330
65481131
65469183
65501238
65499458
65494001
65491164
65476601
65497365
65465202
65471356
65463438
65462914
65507211
65473844
65472938
65470766
65506850
65506445
65443089
65475263
65481364
65507099
65506080
65505719
65505438
65504186
65504523
65481834
65478855
65478814
65478279
65477340
65491853
65485978
65474645
65458357
65482189
65479637
65468465
65467625
65504068
65503224
65501081
65499794
65497347
65496364
65485004
65483546
65482186
65478732
65478183
65477824
65477202
65466567
65424254
65477034
65470831
65469731
65469237
65491046
65487739
65486232
65484589
65483229
65507512
65507335
65497176
65496295
65494683
65492840
65490508
65488559
65486995
65501141
65499766
65498900
65498434
65497868
65496802
65484486
65493420
65488613
65485407
65483215
65481611
65501382
65500159
65498876
65497548
65495750
65494079
65470173
65498852
65490885
65505026
65504641
65504139
65503360
65501333
65499606
65498812
65492515
65490773
65489891
65488767
65486603
65485440
65482587
65505183
65499878
65485541
65495187
65492523
65478577
65477713
65476729
65507658
65507466
65507219
65500741
65421335
65464193
65477013
65499639
65493411
65490645
65488602
65507092
65468711
65465275
65471411
65470537
65502994
65476714
65474061
65479400
65478457
65472216
65488583
65487535
65471013
65496804
65430016
65429111
65428447
65427639
65426930
65426122
65501472
65507068
65506740
65506425
65506226
65492461
65489022
65486826
65490541
65485111
65468515
65467747
65467056
65466626
65495971
65428990
65473788
65501995
65500818
65500324
65499053
65498139
65497024
65492941
65491969
65493485
65476983
65476314
65428698
65427812
65426948
65426104
65502138
65501125
65500299
65499029
65497884
65496580
65494833
65494108
65492161
65495637
65486468
65456822
65483315
65482098
65490569
65486012
65484527
65499056
65496978
65495068
65493736
65492432
65488159
65494652
65490276
65428157
65427280
65396629
65302647
65301639
65300387
65497591
65494278
65454090
65507737
65507570
65507326
65490927
65489683
65485148
65483999
65483151
65488764
65486199
65445893
65498916
65497543
65495147
65493391
65491720
65490986
65473718
65472556
65471486
65489430
65488100
65489816
65486422
65484801
65483350
65498997
65496820
65495017
65493784
65347432
65346855
65346177
65345509
65491298
65487423
65486327
65441481
65439678
65438157
65437368
65484883
65483740
65482378
65472345
65154522
65153919
65494820
65494120
65489674
65488807
65341789
65340472
65470307
65469705
65467260
65466365
65465741
65465295
65499850
65497959
65497015
65495331
65494411
65489416
65494172
65489250
65487743
65499111
65497399
65408431
65407022
65504383
65503799
65502888
65502066
65486617
65484158
65496398
65491515
65378002
65377362
65376445
65375696
65374854
65504023
65503547
65502974
65502632
65501707
65500680
65499419
65498292
65496920
65495326
65445592
65444752
65440995
65472207
65471164
65470135
65485516
65483150
65482074
65450007
65448809
65445334
65396852
65482508
65460066
65459871
65459636
65417935
65428039
65426001
65226932
65462157
65461896
65421699
65489676
65487804
65504093
65487678
65451655
65502021
65501261
65499869
65498896
65498310
65496855
65495108
65497540
65489562
65487421
65486461
65485256
65482978
65410640
65472385
65471357
65470969
65470497
65462214
65402740
65401368
65400622
65399253
65490984
65477370
65476517
65503368
65502564
65490897
65489087
65507719
65507426
65480680
65480919
65479996
65428066
65500439
65499304
65498093
65496506
65494943
65494037
65491623
65506815
65506588
65506237
65505895
65505517
65465374
65464622
65464097
65476768
65475886
65475214
65469127
65468440
65467940
65467150
65507742
65507594
65507225
65506893
65506306
65490609
65500628
65489733
65488773
65399321
65498297
65497053
65494969
65493432
65492289
65503603
65502751
65501830
65501029
65500626
65499252
65498610
65497237
65495675
65494029
65471143
65240894
65239248
65430080
65429296
65428603
65427894
65427162
64605182
64604421
64603328
64602164
65503422
65502770
65501718
65500821
65499589
65498845
65419820
65419382
65492873
65491855
65490284
65488757
65487649
65486963
65486072
65479549
65464002
65488777
65486962
65485262
65480262
65484191
65473228
65483900
65507919
65478390
65477785
65470322
65507985
65507758
65507446
65507242
65506946
65398140
65396477
65395907
65395302
65393488
65393153
65504744
65504018
65500673
65498002
65491541
65508040
65507131
65503326
65500051
65499096
65496600
65494804
65493192
65261620
65260807
65259870
65404087
65338790
65465935
65463927
65481582
65480444
65479302
65477671
65477272
65476228
65475269
65454411
65484680
65483603
65485442
65505134
65504534
65503965
65503342
65502799
65501497
65493165
65492382
65490651
65481742
65480764
65479725
65478138
65475711
65472915
65477139
65474838
65487102
65485234
65483615
65480019
65464765
65479816
65477151
65438696
65437013
65506964
65506638
65506284
65505840
65503264
65485291
65483361
65480671
65503199
65501418
65499325
65498398
65497632
65496166
65495573
65494690
65491091
65488045
65488439
65486806
65485185
65484026
65482409
65488115
65485712
65482374
65476527
65425021
65500233
65497786
65496933
65493959
65471584
65465888
65464939
65464586
65463500
65492585
65488797
65487079
65485389
65484042
65482841
65500043
65495311
65493686
65488902
65485926
65499358
65497974
65496218
65486083
65495034
65493351
65490889
65489381
65487596
65483060
65482057
65481033
65480282
65479201
65477839
65490659
65489271
65487232
65484380
65481926
65479369
65478910
65485622
65483093
65482100
65480179
65483200
65482352
65480871
65479009
65477480
65502988
65502202
65501482
65500459
65498669
65497128
65496571
65499752
65485089
65484160
65478838
65472229
65489578
65486443
65484919
65483878
65482456
65473900
65472783
65471918
65499532
65498592
65497376
65493873
65488401
65486645
65485630
65467200
65465948
65464172
65462614
65328818
65215996
65487107
65485355
65484023
65481171
65465070
65477563
65476547
65474666
65474093
65473071
65472131
65470490
65492578
65490821
65489910
65488574
65487519
65486432
65485607
65484877
65483745
65482825
65494295
65493379
65491561
65488680
65487648
65485974
65484601
65466293
65481695
65481024
65480464
65472401
65471884
65471043
65469587
65466950
65466194
65465442
65179816
65179197
65467116
65466412
65464233
65463566
65438710
65463417
65463031
65462546
65462363
65421044
65462130
65461342
65507904
65507721
65507584
65505657
65505444
65504964
65504458
65502020
65499649
65488689
65486877
65485304
65483746
65482315
65481658
65481253
65498849
65489567
65488887
65487280
65485825
65490335
65473022
65472364
65504294
65492400
65480216
65479605
65431482
65404778
65395968
65373757
65353701
65342517
65506229
65505515
65504974
65504283
65502649
65501907
65502592
65498381
65497114
65493025
65492001
65490498
65473255
65471051
65504951
65502966
65502016
65500968
65500316
65389599
65389093
65388789
65388114
65387799
65491654
65489479
63416828
63414850
63412825
63380770
63380399
63379706
63378674
63377146
65491603
65488573
65410051
65383284
65382773
65490572
65488029
65486340
65485263
65481848
65447564
65486029
65483484
65506972
65506664
65506336
65504884
65502315
65493272
65492245
65452499
65500438
65499333
65497859
65497278
65494511
65493136
65491629
65487775
65477763
65452772
65492062
65490514
65476632
65484501
65508243
65507641
65507340
65487923
65485582
65478014
65476987
65476012
65474878
65474028
65473114
65472388
65471738
65481522
65463383
65462417
65473711
65472794
65471778
65471172
65470472
65468988
65468061
65467460
65474461
65480963
65480173
65478180
65477203
65476218
65483804
65482506
65481240
65480486
65425587
65479256
65462472
65474274
65473327
65472369
65471546
65468818
65467785
65466620
65505223
65504590
65504237
65491384
65489920
65507521
65463192
65461032
65423828
65466663
65465950
65501172
65499867
65499216
65496363
65438555
65436530
65425222
65422028
65501596
65500830
65499702
65474472
65473243
64893542
64892507
64891299
64250252
65495779
65479966
65474613
65473613
65487712
65476159
65474195
65473097
65462778
65435277
65507370
65507051
65506658
65506269
65505755
65504802
65504265
65503423
65496261
65482123
65481280
65480378
65479330
65478856
65477881
65476811
65475078
65486394
65484753
65483411
65482208
65480932
65479738
65472889
65471611
65470648
65468101
65508344
65476223
65474393
65491450
65488362
65485033
65472098
65470893
65470013
65507595
65478164
65479860
65433174
65432012
65408323
65406951
65405524
65506616
65506437
65506064
65505814
65505313
65508458
65508200
65507955
65474964
65474322
65477158
65475176
65472830
65470615
65469575
65468834
65391649
65497521
65471617
65470846
65469725
65481370
65480667
65479252
65505509
65504981
65504314
65503773
65496078
65494362
65107154
65498803
65494438
65492222
65493043
65491351
65490590
65488742
65485560
64861068
64860290
65500493
65497751
65496228
65494808
65492293
65490738
65489661
65488110
65471430
65469131
65468095
65466665
65507112
65506895
65506691
65480239
65479114
65477246
65476500
65454552
65480855
65479065
65495438
65486264
65501524
65498703
65488959
65487714
65485892
65484837
65483538
65501899
65501153
65431404
65430491
65430176
65497992
65496374
65490998
65488336
65487212
65480204
65476757
65475567
65479835
65486385
65484719
65483647
65481267
65480131
65472649
65419380
65496064
65475405
65474352
65470264
65474500
65426542
65425824
65425357
65415341
65414871
65473908
64594879
64539569
64311242
65483449
65481407
65480391
65477577
65470974
65490695
65481013
65508380
65508107
65507943
65507788
65507571
65507367
65507071
65506941
65506554
65496505
65494834
65494237
65492817
65491436
65489460
65484424
65477413
65474333
65475692
65474605
65494528
65485246
65483866
65482496
65486839
65484820
65483957
65482925
65481583
65478481
65477633
65477127
65476083
65475282
65474188
65472982
65470821
65469383
65426588
65501097
65499779
65475616
65507502
65507333
65507101
65501525
65498942
65466911
65466390
65463450
65462796
65502251
65501271
65499730
65473226
65471834
65438952
65437342
65435899
65432831
65429976
65488503
65487127
65485991
65484448
65483131
65481490
65497070
65495570
65493819
65491840
65490182
65448762
65423805
65315782
65315662
65469743
65423636
65479558
65478531
65477490
65476674
65474627
65473104
65477446
65475126
65290076
64879475
64878810
65496868
65493966
65493035
65492007
65471810
65508629
65508486
65484938
65482300
65481315
65489825
65486895
65487316
65485470
65484114
65483221
65481657
65481167
65477301
65476300
65475738
65474700
65280170
65279939
65279703
65279433
65078224
65077453
65076412
65498123
65497341
65495816
65472861
65470771
65469008
65468442
65467378
65412314
65411350
65409694
65095621
65485840
65475609
65474005
65472069
65469121
65476281
65472750
65335910
65426348
65425878
65482120
65481087
65480458
65478908
65474554
65473907
65473280
65410843
65409730
65493377
65489065
65487415
65484935
65484498
65483761
65482512
65481243
65480122
65479177
65483801
65480462
65493398
65470032
65469140
65468556
65480651
65479499
65478733
65477813
65476841
65475892
65472360
65471270
65497940
65496650
65488869
65505281
65504722
65503097
65473525
65471287
65469088
65429773
65431054
65430086
65429281
65472457
65471544
65433967
65390019
65389316
65373833
65504927
65493483
65490050
65471272
65470213
65478113
65488322
65487060
65486253
65485525
65484694
65456316
65455286
65485754
65483842
65462067
65429965
65236136
65114168
65113844
65074138
65492888
65442316
65496199
65495005
65494017
65497894
65495378
65493551
65491723
65489754
65487744
65486917
65505543
65504985
65497451
65496938
65495526
65478759
65476927
65476404
65475908
65482560
65481794
65481011
65480034
65479537
65478736
65455389
65454565
65481056
65480364
65478844
65476639
65474596
65474165
65473318
65501311
65496667
65508844
65509129
65509115
65508789
65508650
65508457
65509018
65508897
65508647
65508574
65509369
65508985
65508373
65506853
65505642
65505090
65507401
65507201
65509532
65508578
65508286
65509347
65508158
65507826
65509242
65508573
65508156
65508245
65508012
65507456
65509606
65509360
65509074
65507772
65507627
65509723
65509230
65508950
65508747
65508506
65509681
65509413
65490826
65256122
65042686
64651367
65482628
65479875
65478684
65475861
65474755
65509659
64488684
64487952
64486369
64485831
64473625
64472809
64472024
65509768
65509649
65509151
65499085
65497797
65496145
65495578
65494186
65493492
65509749
65509583
65509261
65508794
65508518
65508394
65508233
65509599
65475979
65509221
65509063
65508643
65508465
65508258
65506587
65508563
65508345
65508154
65507946
65465557
65465113
65464548
64547860
65509687
65509052
65508872
65508746
65508644
65508499
65508288
65508081
65276345
65275930
65275356
65274798
65273712
65509653
65507873
65509637
65509375
65508924
65508702
65508443
65508048
65233007
65232678
65509465
65508892
65508742
65477039
65476124
65475345
65508126
65463253
65462806
65460089
65456077
65474825
65424745
65391581
65502151
65501318
65500108
65509457
65508928
65508765
63191521
63190696
63190291
63189522
65440555
65438104
65509376
65508835
65506986
65503160
65502230
65434408
65433452
65432500
65509708
65508169
65507964
65507609
65372515
65369837
65368250
65366764
65254670
65253769
65509561
65509311
65494041
65489222
65487972
65509767
65509387
65491549
65489909
65488055
65486365
65440518
65439466
65478152
65509992
65509678
65509094
65508869
65508646
65508430
65508252
65508260
65509852
65509969
65486278
65484662
65435254
65394384
65507920
65507589
65507422
65509212
65496160
65494383
65493049
65491311
65489994
65489161
65487434
65470817
65505787
65508209
65510129
65509869
65509486
65507979
65507842
65507654
65507352
65508568
65509945
65509342
65509073
65508891
65508740
65508670
65508588
65508330
65510245
65510117
65474540
65473309
65467006
65466539
65465708
65507953
65507653
65507388
65509546
65509782
65509313
65510086
65507044
65510141
65509929
65507434
65510033
65509374
65509314
65508851
65508410
65508095
65507876
65507756
65507558
65507355
65510562
65510150
65487608
65487027
65485917
65485136
65510200
65509958
65509520
65508802
65508400
65508205
65509684
65508545
65245935
65244842
65243820
65241935
65241037
65240323
65510543
65510251
65509861
65505609
65504793
65491813
65510413
65508322
65396698
65510449
65510047
65509648
65509274
65508426
65507856
65509208
65508089
65507925
65474733
65470131
65507665
65488706
65487365
65486633
65484967
65484249
65482746
65497662
65495358
65510305
65508122
65508194
65507865
65490106
65487126
65486231
65484725
65483471
65510465
65510016
65509772
65509103
65508487
65508225
65508051
65507586
65507093
64972443
65508744
65508393
65470781
65470103
65504026
65503319
65509303
65509098
65508074
65509568
65509326
65509183
65508633
65508466
65510273
65509792
65508679
65317897
65288594
65246396
65509531
65508609
65508427
65442607
65184946
65080328
65043790
64879218
65428917
65428570
65427817
65209584
65207825
65206602
65498010
65495339
65494191
65492381
65491002
65488382
65510509
65503629
65503032
65424462
65423912
65395085
64390711
64390549
64390273
64389961
64389820
64389510
64389213
64389038
64358665
64357790
64357339
64356396
64355890
64355272
64354868
64353815
65510488
65510194
65509832
65509473
65509239
65508931
65508690
65510638
65510058
65508993
65506557
65498153
65496865
65489906
65463245
65462387
65286519
65285813
65504092
65503641
65503128
65502149
65500395
65474401
65473603
65472113
65503146
65501777
65472164
65469233
65510322
65510162
65510771
65509278
65509002
65508772
65511311
65511081
65511156
65510803
65510608
65510365
65509928
65509570
65508431
65508059
65507802
65510287
65511312
65511476
65510894
65510440
65511054
65510774
65509137
65508218
65507950
65507823
65507344
65507150
65511589
65511149
65510686
65509507
65509062
65508796
65508519
65507417
65499266
65498253
65484772
65507572
65507423
65507005
65506620
65506270
65506846
65506688
65506457
65506007
65506600
65506254
65507483
65507338
65506291
65505947
65505374
65504788
65504308
65507213
65506059
65505567
65385612
65334400
65505754
65507026
65506025
65504111
65507285
65506517
65505362
65504114
65503349
65379720
65378199
65490907
65489441
65425615
65506476
65504417
65504076
65506156
65503984
65503451
65503081
65502336
65499050
65497284
65495934
65505589
65505239
65504849
65506304
65505884
65505317
65504499
65494771
65493666
65492198
65490290
65505266
65511519
65511051
65510564
65510142
65509036
65506491
65506245
65505687
65505046
65504749
65507820
65507661
65507123
65501390
65499777
65494724
65490925
65499466
65502958
65499021
65489988
65501469
65492308
65490502
65489457
65488354
65486923
65444675
65443362
65459589
65459245
65459106
65458891
65458547
65511808
65511252
65510839
65510152
65512677
65512179
65511610
65511052
65510837
65510381
65509660
65509385
65509149
65512837
65512183
65511569
65510441
65509920
65509627
65509065
65511348
65509987
65512552
65512052
65511654
65510657
65505953
65505036
65504077
64158427
64157611
64155817
64154283
65502497
65502013
65501210
65456601
65456277
65454887
65504392
65442590
65440901
65507040
65506694
65506358
65505258
65502827
65501927
65506985
65506426
65505904
65505404
65504808
65510707
65510330
65509739
65509357
65506892
65506645
65506300
65506056
65506329
65503391
65405050
65482483
65464556
65506560
65506400
65505343
65503950
65503555
65458494
65456252
65506795
65506102
65505421
65497722
65496118
65506372
65506136
65505693
65505608
65504421
65503900
65464920
65503586
65502792
65501846
65499254
65400871
65399914
65504552
65500111
65497667
65495893
65494179
65469404
65468517
65506345
65505761
65504691
65501954
65500469
65511696
65511360
65510965
65475610
65474912
65469439
65511603
65511106
65465404
65513246
65512650
65512073
65504956
65503500
65502585
65502199
65501527
65500928
65499785
65511895
65511247
65505737
65492626
65490829
65489458
65472269
65471106
65470293
65080754
64956566
64892598
65478609
65477934
65430697
65430322
65429600
65391332
65483844
65482663
65488259
65486364
65483171
65478925
65476122
65487659
65475933
65466815
65465974
65501523
65460336
65386287
65486134
65484835
65483354
65482539
65481815
65481173
65480074
65497200
65495418
65494483
65493522
65492632
65491260
65397024
65244708
65206171
65428655
65428217
65426751
65391242
65501232
65500230
65499342
65498001
65497041
65495393
65494118
65491117
65489943
65488851
65487704
65486323
65497861
65486215
65484716
65483869
65482088
65486051
65485233
65503413
65502474
65490985
65490044
65303095
65485931
65479702
65432979
65432094
65431703
65430838
65428374
65426855
65481962
65480674
65479924
65478646
65513412
65512778
65512264
65491562
65489579
65487748
65472956
65472539
65471911
65471058
65470059
65389489
65388404
65513670
65513211
65510952
65510447
65478337
65411739
65410899
65409618
65408710
65407669
65513472
65512921
65483503
65482142
65442405
65440510
65438761
65511208
65510616
65482471
65508641
65508498
65508332
65508038
65467333
65506883
65506507
65506249
65505681
65505357
65465172
65510091
65509855
65509664
65509440
65509217
65508941
65508761
65508662
65508437
65513344
65512299
65511283
65476591
63761984
63682112
63681738
63681363
63680598
63680141
63674929
65508980
65508530
65508372
65508147
65506875
65504580
65513928
65510073
65509700
65506526
65506100
65505111
65504853
65504198
65512000
65511133
65510275
65503596
65503163
65502223
65501741
65498994
65498272
65496682
65495621
65494229
65492520
65468790
65426598
65426026
65392313
65391609
65505154
65504195
65502897
65501912
65501068
65500424
65499671
65483949
65483250
65441846
65440208
65513751
65512969
65511180
65509898
65479991
65478665
65475057
65474030
65473434
65472329
65471740
65492966
65491797
65490810
65487807
65486559
65484751
65483249
65482030
65481333
65502522
65501610
65500946
65499619
65498318
65496038
65495257
65512509
65511544
65510623
65510114
65509802
65509509
65509215
65508938
65508806
65506649
65506423
65505984
65505440
65505109
65504483
65498237
65506438
65506127
65501150
65500575
65499343
65498943
65493317
65456919
65456269
65455492
65454736
65505516
65504911
65496159
65364289
65363650
65514518
65472577
65471673
65469598
65468487
65467405
65466635
65497139
65491699
65494916
65493879
65500058
65078707
65472082
65378021
65376347
65375430
65374617
65248748
65427585
65292520
65291171
65171038
65512880
65512396
65511788
65511401
65463215
65462708
65462457
65453375
65514306
65492009
65504225
65503783
65503183
65502706
65501930
65501487
65446541
65444324
65442681
65440676
65514329
65513618
65512925
65514828
65514217
65513978
65513059
65512637
65512102
65511688
65511147
65497629
65496024
65488016
65438129
65437144
65435930
65507155
65515084
65514394
65509328
65508961
65454787
65508342
65508241
65507961
65507692
65507532
65513019
65512693
65510806
65494428
65495478
65493772
65491980
65480207
65479356
65512367
65512024
65511479
65510999
65510785
65501933
65501222
65500502
65500038
65505085
65504220
65503546
65503003
65501022
65499939
65499086
65473686
65391495
65337714
65320523
65514764
65514330
65513600
65512865
65512441
65512026
65487158
65485716
65484813
65499315
65498324
65496777
65495433
65494071
65492421
65490473
65476755
65257640
65256871
65477890
65475767
65475217
65474502
65473467
65472362
65392874
65500878
65499788
65495286
65493564
65484402
65483199
65511810
65505332
65504644
65504230
65483713
65482516
65478250
65476867
65497487
65477284
65476286
65474009
65473417
65472698
65471756
65471148
65504960
65503747
65502063
65499992
65491184
65488145
65510685
65478366
65507809
65502721
65500986
65499186
65497769
65495333
65494392
65515681
65513724
65513176
65512475
65512168
65511824
65511447
65510626
65500255
65499729
65498450
65501646
65500241
65499166
65494988
65493183
65504887
65504379
65503839
65503238
65456761
65505208
65504745
65503920
65502521
65500587
65495546
65494519
65492846
65513663
65512681
65512084
65511484
65510745
65490256
65485635
65479852
65477457
65476816
65475785
65496124
65494291
65492627
65490924
65489083
65515260
65513443
65512798
65512216
65511702
65514833
65514128
65513743
65513303
65512544
65499796
65498446
65496910
65495248
65494588
65514194
65513482
65512987
65512408
65511814
65505141
65393939
65393202
65392512
65500546
65471626
65469046
65467513
65465986
65473498
65485700
65484239
65482836
65482116
65480981
65477918
65476996
65492920
65483589
65481986
65478166
65477454
65476969
65476071
65475096
65495398
65493579
65471652
65466589
65510166
65509254
65508830
65508284
65507824
65507604
65495465
65494052
65492769
65491009
65490211
65488718
65487523
65486744
65485501
65483785
65514267
65513755
65513248
65512897
65512258
65512045
65511790
65511332
65511032
65510548
65493216
65465480
65465099
65464500
65464144
65457309
65515422
65447254
65515784
65515408
65514960
65500509
65499591
65498613
65497760
65512743
65500023
65516084
65515312
65514715
65514087
65474319
65429088
65469522
65516107
65478469
65502561
65501369
65500210
65495461
65494793
65493320
65514528
65477606
65475580
65466272
65426127
65367125
65366416
65365240
65364125
65502565
65501911
65500072
65498562
65496989
65495597
65494799
65492758
65493186
65483862
65502600
65502056
65501234
65500453
65499150
65497079
65494294
65498472
65494501
65487580
65481644
65467425
65515700
65380018
65378531
65515621
65514938
65514517
65513582
65496287
65493011
65407558
65406202
65404703
65392209
65391717
65475560
65474667
65452720
65451580
65450096
